trajectory_rank,predicted_score,actual_score_mean,n_observed,experiment_mode,selection_mode,sample_idx,timestamp,runtime_seconds,final_argument,structure_1,content_1,step_1_reasoning,step_1_action_actual,step_1_internal_reasoning,step_1_prefix,structure_2,content_2,step_2_reasoning,step_2_action_actual,step_2_internal_reasoning,step_2_prefix,structure_3,content_3,step_3_reasoning,step_3_action_actual,step_3_internal_reasoning,step_3_prefix
0,0.0,,,synthesis_strict,m1b,0,20260228_152612,1.5622801780700684,"Importantly, countries like Rwanda and Kenya have successfully implemented total bans on single-use plastics, resulting in cleaner streets and less environmental damage. However, the evidence clearly shows that when governments take decisive action, plastic pollution can be reduced—like in the EU, where a single-use plastic ban led to a 50% drop in plastic bag use. For example, the cost of cleaning up plastic waste and the harm it causes to wildlife and human health are often paid by taxpayers and communities, not the companies that make the products. The government has a responsibility to protect public health and the environment, and a total ban is the most effective way to stop this damage at the source. While some worry about inconvenience, alternatives like reusable bags and containers are already widely available and affordable. This isn’t about restricting freedom—it’s about protecting our planet and future generations. A total ban on single-use plastics is not only necessary but achievable with proper planning and public support.",emphasis_and_evaluation,success_of_existing_bans,"Importantly, countries like Rwanda and Kenya have successfully implemented total bans on single-use plastics, resulting in cleaner streets and less environmental damage.",emphasis_and_evaluation_success_of_existing_bans,"I should examine case studies from Rwanda, the EU, Kenya, and various US states showing that bans are enforceable and produce measurable reductions in pollution.",Importantly,concession_and_contrast,success_of_existing_bans,"However, the evidence clearly shows that when governments take decisive action, plastic pollution can be reduced—like in the EU, where a single-use plastic ban led to a 50% drop in plastic bag use.",concession_and_contrast_success_of_existing_bans,"I should examine case studies from Rwanda, the EU, Kenya, and various US states showing that bans are enforceable and produce measurable reductions in pollution.",However,exemplification,economic_externalities,"For example, the cost of cleaning up plastic waste and the harm it causes to wildlife and human health are often paid by taxpayers and communities, not the companies that make the products.",exemplification_economic_externalities,"I should calculate how cleanup costs, healthcare burdens, tourism losses, and ecosystem damage are borne by the public rather than producers—a market failure requiring correction.",For example
0,0.0,,,synthesis_strict,m1b,1,20260228_152612,1.3564941883087158,"Importantly, countries like Rwanda and Kenya have successfully implemented full bans on single-use plastics, resulting in cleaner cities, reduced litter, and healthier ecosystems. However, some people worry that bans hurt businesses, but many cities and regions—like San Francisco and Seattle—have transitioned to reusable or compostable alternatives without major economic disruption. For example, cleaning up plastic waste costs taxpayers billions annually, and plastic pollution harms wildlife, which ultimately affects our food and water supply. The harm caused by single-use plastics is not just environmental—it's a public health and economic burden that we all pay for. A government ban is a necessary step to shift responsibility from citizens to producers and stop the endless cycle of waste. We can’t afford to wait for the damage to become irreversible. It’s time to protect our planet, our health, and our future by enacting a total ban on single-use plastics.",emphasis_and_evaluation,success_of_existing_bans,"Importantly, countries like Rwanda and Kenya have successfully implemented full bans on single-use plastics, resulting in cleaner cities, reduced litter, and healthier ecosystems.",emphasis_and_evaluation_success_of_existing_bans,"I should examine case studies from Rwanda, the EU, Kenya, and various US states showing that bans are enforceable and produce measurable reductions in pollution.",Importantly,concession_and_contrast,success_of_existing_bans,"However, some people worry that bans hurt businesses, but many cities and regions—like San Francisco and Seattle—have transitioned to reusable or compostable alternatives without major economic disruption.",concession_and_contrast_success_of_existing_bans,"I should examine case studies from Rwanda, the EU, Kenya, and various US states showing that bans are enforceable and produce measurable reductions in pollution.",However,exemplification,economic_externalities,"For example, cleaning up plastic waste costs taxpayers billions annually, and plastic pollution harms wildlife, which ultimately affects our food and water supply.",exemplification_economic_externalities,"I should calculate how cleanup costs, healthcare burdens, tourism losses, and ecosystem damage are borne by the public rather than producers—a market failure requiring correction.",For example
0,0.0,,,synthesis_strict,m1b,2,20260228_152612,1.3167338371276855,"Importantly, countries like Rwanda and Kenya have successfully implemented nationwide bans on single-use plastics, significantly reducing litter and cleaning up urban and natural environments. However, the environmental damage caused by single-use plastics—such as choking marine life and polluting oceans—is undeniable, and even a single plastic bag can take over 400 years to degrade. For example, the cost of cleaning up plastic waste falls on taxpayers, while plastic producers rarely pay for the environmental damage they cause. A total ban would shift the burden to producers and incentivize sustainable alternatives. This is not just about cleaning up messes—it’s about protecting our health, wildlife, and future. The evidence shows bans work, and the long-term benefits far outweigh the short-term inconvenience. It’s time for the government to act decisively for the planet and for us all.",emphasis_and_evaluation,success_of_existing_bans,"Importantly, countries like Rwanda and Kenya have successfully implemented nationwide bans on single-use plastics, significantly reducing litter and cleaning up urban and natural environments.",emphasis_and_evaluation_success_of_existing_bans,"I should examine case studies from Rwanda, the EU, Kenya, and various US states showing that bans are enforceable and produce measurable reductions in pollution.",Importantly,concession_and_contrast,success_of_existing_bans,"However, the environmental damage caused by single-use plastics—such as choking marine life and polluting oceans—is undeniable, and even a single plastic bag can take over 400 years to degrade.",concession_and_contrast_success_of_existing_bans,"I should examine case studies from Rwanda, the EU, Kenya, and various US states showing that bans are enforceable and produce measurable reductions in pollution.",However,exemplification,economic_externalities,"For example, the cost of cleaning up plastic waste falls on taxpayers, while plastic producers rarely pay for the environmental damage they cause.",exemplification_economic_externalities,"I should calculate how cleanup costs, healthcare burdens, tourism losses, and ecosystem damage are borne by the public rather than producers—a market failure requiring correction.",For example
0,0.0,,,synthesis_strict,m1b,3,20260228_152612,1.5318291187286377,"Importantly, countries like Rwanda and Kenya have successfully implemented outright bans on single-use plastics, leading to cleaner cities and reduced environmental harm—proof that such bans are practical and effective. However, some people worry bans are too strict or hard to enforce, but in reality, places like the EU and California have shown that with clear regulations and public education, these bans work without major disruption to daily life. For example, the cost of cleaning up plastic waste—both in cities and oceans—falls on taxpayers and local governments, while the plastic companies profit. A ban shifts the burden to producers who should be held accountable. The long-term benefits of a cleaner environment, healthier communities, and reduced waste management costs far outweigh the short-term inconvenience. It's time we take bold action to protect our planet, and a total ban is the most effective step we can take. This isn't about restricting freedom—it's about protecting our shared future.",emphasis_and_evaluation,success_of_existing_bans,"Importantly, countries like Rwanda and Kenya have successfully implemented outright bans on single-use plastics, leading to cleaner cities and reduced environmental harm—proof that such bans are practical and effective.",emphasis_and_evaluation_success_of_existing_bans,"I should examine case studies from Rwanda, the EU, Kenya, and various US states showing that bans are enforceable and produce measurable reductions in pollution.",Importantly,concession_and_contrast,success_of_existing_bans,"However, some people worry bans are too strict or hard to enforce, but in reality, places like the EU and California have shown that with clear regulations and public education, these bans work without major disruption to daily life.",concession_and_contrast_success_of_existing_bans,"I should examine case studies from Rwanda, the EU, Kenya, and various US states showing that bans are enforceable and produce measurable reductions in pollution.",However,exemplification,economic_externalities,"For example, the cost of cleaning up plastic waste—both in cities and oceans—falls on taxpayers and local governments, while the plastic companies profit. A ban shifts the burden to producers who should be held accountable.",exemplification_economic_externalities,"I should calculate how cleanup costs, healthcare burdens, tourism losses, and ecosystem damage are borne by the public rather than producers—a market failure requiring correction.",For example
0,0.0,,,synthesis_strict,m1b,4,20260228_152612,1.502824306488037,"Importantly, countries and regions like Rwanda, the EU, and Kenya have successfully implemented total bans on single-use plastics, resulting in cleaner cities, reduced marine pollution, and a cultural shift toward reusable alternatives. However, the idea that bans are impractical is outdated—many of these regions have shown that with proper public education and enforcement, people adapt quickly and find sustainable alternatives. For example, cleaning up plastic waste costs taxpayers billions annually, and plastic pollution harms wildlife, beaches, and even human health, all of which affect everyday people like me. The burden of dealing with plastic waste shouldn’t fall on ordinary citizens when the real responsibility lies with manufacturers and consumers who choose convenience over sustainability. A total ban is a necessary step to protect the environment, public health, and our shared future. It's time we stop treating plastic pollution as someone else's problem and take decisive action. I believe that a government-enforced ban is not only possible but essential for a cleaner, healthier planet.",emphasis_and_evaluation,success_of_existing_bans,"Importantly, countries and regions like Rwanda, the EU, and Kenya have successfully implemented total bans on single-use plastics, resulting in cleaner cities, reduced marine pollution, and a cultural shift toward reusable alternatives.",emphasis_and_evaluation_success_of_existing_bans,"I should examine case studies from Rwanda, the EU, Kenya, and various US states showing that bans are enforceable and produce measurable reductions in pollution.",Importantly,concession_and_contrast,success_of_existing_bans,"However, the idea that bans are impractical is outdated—many of these regions have shown that with proper public education and enforcement, people adapt quickly and find sustainable alternatives.",concession_and_contrast_success_of_existing_bans,"I should examine case studies from Rwanda, the EU, Kenya, and various US states showing that bans are enforceable and produce measurable reductions in pollution.",However,exemplification,economic_externalities,"For example, cleaning up plastic waste costs taxpayers billions annually, and plastic pollution harms wildlife, beaches, and even human health, all of which affect everyday people like me.",exemplification_economic_externalities,"I should calculate how cleanup costs, healthcare burdens, tourism losses, and ecosystem damage are borne by the public rather than producers—a market failure requiring correction.",For example
1,0.0,,,synthesis_strict,m1b,0,20260228_152612,1.4212884902954102,"If the government doesn’t step in, the public ends up paying for plastic pollution through higher cleanup costs, damaged ecosystems, and even health problems—this isn’t fair, especially since companies profit from single-use plastics. Therefore, a total ban is necessary to prevent ongoing harm to the environment and public health, which would otherwise be ignored by profit-driven companies. Importantly, we already have safe, affordable, and widely available alternatives like paper, glass, metal, and plant-based materials that can replace single-use plastics without disrupting daily life. A ban would push industries to innovate and adopt sustainable practices, reducing waste at the source. It’s not about giving up convenience—it’s about protecting our planet and future generations. The cost of inaction is far greater than the cost of change. We need bold action now, and a total ban is the most effective way to make it happen.",conditional,economic_externalities,"If the government doesn’t step in, the public ends up paying for plastic pollution through higher cleanup costs, damaged ecosystems, and even health problems—this isn’t fair, especially since companies profit from single-use plastics.",conditional_economic_externalities,"I should calculate how cleanup costs, healthcare burdens, tourism losses, and ecosystem damage are borne by the public rather than producers—a market failure requiring correction.",If,causal_reasoning,economic_externalities,"Therefore, a total ban is necessary to prevent ongoing harm to the environment and public health, which would otherwise be ignored by profit-driven companies.",causal_reasoning_economic_externalities,"I should calculate how cleanup costs, healthcare burdens, tourism losses, and ecosystem damage are borne by the public rather than producers—a market failure requiring correction.",Therefore,emphasis_and_evaluation,availability_of_alternatives,"Importantly, we already have safe, affordable, and widely available alternatives like paper, glass, metal, and plant-based materials that can replace single-use plastics without disrupting daily life.",emphasis_and_evaluation_availability_of_alternatives,"I should demonstrate that reusable, compostable, and biodegradable alternatives are available for bags, straws, containers, and packaging, making a ban practically feasible.",Importantly
1,0.0,,,synthesis_strict,m1b,1,20260228_152612,1.2353546619415283,"If single-use plastics aren't banned, the public ends up paying for the environmental cleanup, healthcare issues from pollution, and damaged tourism, while companies profit. This is unfair and unsustainable. Therefore, a government ban is necessary to shift the burden from citizens to producers and prevent long-term harm to our communities and natural world. Importantly, we already have affordable and effective alternatives—like paper, glass, metal, and plant-based materials—that can replace single-use plastics without disrupting daily life. A ban isn’t about inconvenience; it’s about protecting our planet and future generations. Governments have a responsibility to act when private industry fails to do so. That’s why a total ban on single-use plastics is not just reasonable—it’s essential.",conditional,economic_externalities,"If single-use plastics aren't banned, the public ends up paying for the environmental cleanup, healthcare issues from pollution, and damaged tourism, while companies profit. This is unfair and unsustainable.",conditional_economic_externalities,"I should calculate how cleanup costs, healthcare burdens, tourism losses, and ecosystem damage are borne by the public rather than producers—a market failure requiring correction.",If,causal_reasoning,economic_externalities,"Therefore, a government ban is necessary to shift the burden from citizens to producers and prevent long-term harm to our communities and natural world.",causal_reasoning_economic_externalities,"I should calculate how cleanup costs, healthcare burdens, tourism losses, and ecosystem damage are borne by the public rather than producers—a market failure requiring correction.",Therefore,emphasis_and_evaluation,availability_of_alternatives,"Importantly, we already have affordable and effective alternatives—like paper, glass, metal, and plant-based materials—that can replace single-use plastics without disrupting daily life.",emphasis_and_evaluation_availability_of_alternatives,"I should demonstrate that reusable, compostable, and biodegradable alternatives are available for bags, straws, containers, and packaging, making a ban practically feasible.",Importantly
1,0.0,,,synthesis_strict,m1b,2,20260228_152612,0.9463274478912354,"If we don’t ban single-use plastics, the costs of cleaning up pollution and treating health problems from plastic waste will fall on taxpayers and communities, not the companies that profit from the products. Therefore, a government ban is necessary to shift the burden back to producers and prevent long-term harm to public health and the environment. Importantly, there are already affordable and effective alternatives to single-use plastics that can be used in everyday life without disrupting daily routines.",conditional,economic_externalities,"If we don’t ban single-use plastics, the costs of cleaning up pollution and treating health problems from plastic waste will fall on taxpayers and communities, not the companies that profit from the products.",conditional_economic_externalities,"I should calculate how cleanup costs, healthcare burdens, tourism losses, and ecosystem damage are borne by the public rather than producers—a market failure requiring correction.",If,causal_reasoning,economic_externalities,"Therefore, a government ban is necessary to shift the burden back to producers and prevent long-term harm to public health and the environment.",causal_reasoning_economic_externalities,"I should calculate how cleanup costs, healthcare burdens, tourism losses, and ecosystem damage are borne by the public rather than producers—a market failure requiring correction.",Therefore,emphasis_and_evaluation,availability_of_alternatives,"Importantly, there are already affordable and effective alternatives to single-use plastics that can be used in everyday life without disrupting daily routines.",emphasis_and_evaluation_availability_of_alternatives,"I should demonstrate that reusable, compostable, and biodegradable alternatives are available for bags, straws, containers, and packaging, making a ban practically feasible.",Importantly
1,0.0,,,synthesis_strict,m1b,3,20260228_152612,1.257061243057251,"If the government doesn’t ban single-use plastics, the public ends up paying through higher cleanup costs, damaged ecosystems, and even health problems from plastic pollution. Therefore, a total ban is necessary to shift the burden from taxpayers and communities to the companies that produce these harmful products. Importantly, we already have safe, affordable, and effective alternatives like reusable bags, paper packaging, and compostable containers that can replace single-use plastics without disrupting daily life. A ban isn’t about inconvenience—it’s about protecting our environment, health, and future. It’s time we stop letting corporations off the hook and start making responsible choices for everyone. This is not about perfection, but about progress and shared responsibility. A total ban is the most direct and effective way to stop plastic pollution at the source.",conditional,economic_externalities,"If the government doesn’t ban single-use plastics, the public ends up paying through higher cleanup costs, damaged ecosystems, and even health problems from plastic pollution.",conditional_economic_externalities,"I should calculate how cleanup costs, healthcare burdens, tourism losses, and ecosystem damage are borne by the public rather than producers—a market failure requiring correction.",If,causal_reasoning,economic_externalities,"Therefore, a total ban is necessary to shift the burden from taxpayers and communities to the companies that produce these harmful products.",causal_reasoning_economic_externalities,"I should calculate how cleanup costs, healthcare burdens, tourism losses, and ecosystem damage are borne by the public rather than producers—a market failure requiring correction.",Therefore,emphasis_and_evaluation,availability_of_alternatives,"Importantly, we already have safe, affordable, and effective alternatives like reusable bags, paper packaging, and compostable containers that can replace single-use plastics without disrupting daily life.",emphasis_and_evaluation_availability_of_alternatives,"I should demonstrate that reusable, compostable, and biodegradable alternatives are available for bags, straws, containers, and packaging, making a ban practically feasible.",Importantly
1,0.0,,,synthesis_strict,m1b,4,20260228_152612,1.030998706817627,"If we don’t ban single-use plastics, the public ends up paying the real cost through polluted beaches, contaminated water supplies, and damaged ecosystems that harm tourism and public health. Therefore, a total ban on single-use plastics is necessary to shift the burden back to producers and protect the public from long-term environmental and financial harm. Importantly, we already have safe, effective, and affordable alternatives—like reusable bags, paper packaging, and compostable containers—that people can use every day without hassle.",conditional,economic_externalities,"If we don’t ban single-use plastics, the public ends up paying the real cost through polluted beaches, contaminated water supplies, and damaged ecosystems that harm tourism and public health.",conditional_economic_externalities,"I should calculate how cleanup costs, healthcare burdens, tourism losses, and ecosystem damage are borne by the public rather than producers—a market failure requiring correction.",If,causal_reasoning,economic_externalities,"Therefore, a total ban on single-use plastics is necessary to shift the burden back to producers and protect the public from long-term environmental and financial harm.",causal_reasoning_economic_externalities,"I should calculate how cleanup costs, healthcare burdens, tourism losses, and ecosystem damage are borne by the public rather than producers—a market failure requiring correction.",Therefore,emphasis_and_evaluation,availability_of_alternatives,"Importantly, we already have safe, effective, and affordable alternatives—like reusable bags, paper packaging, and compostable containers—that people can use every day without hassle.",emphasis_and_evaluation_availability_of_alternatives,"I should demonstrate that reusable, compostable, and biodegradable alternatives are available for bags, straws, containers, and packaging, making a ban practically feasible.",Importantly
2,0.0,,,synthesis_strict,m1b,0,20260228_152612,1.2711946964263916,"Single-use plastics pollute our oceans, harm wildlife, and take hundreds of years to break down—this is unacceptable. Thankfully, reusable, compostable, and biodegradable alternatives like paper, glass, and bamboo already exist and are widely used, making a total ban on single-use plastics both practical and achievable. Many countries and cities around the world have already implemented similar bans with little to no disruption to everyday life, proving that change is possible. If we don’t act now, future generations will inherit a planet choked by plastic waste. A government-enforced ban is the most effective way to protect our environment and encourage responsible consumption. In conclusion, because eco-friendly options are already accessible and affordable, banning single-use plastics is a realistic and responsible move that benefits both people and the planet.",causal_reasoning,availability_of_alternatives,"Therefore, since alternatives like paper, glass, and bamboo already exist and are widely used, a total ban on single-use plastics is not only possible but necessary to protect our environment.",causal_reasoning_availability_of_alternatives,"I should demonstrate that reusable, compostable, and biodegradable alternatives are available for bags, straws, containers, and packaging, making a ban practically feasible.",Therefore,conclusion_and_summary,availability_of_alternatives,"In conclusion, because eco-friendly options are already accessible and affordable, banning single-use plastics is a realistic and responsible move that benefits both people and the planet.",conclusion_and_summary_availability_of_alternatives,"I should demonstrate that reusable, compostable, and biodegradable alternatives are available for bags, straws, containers, and packaging, making a ban practically feasible.",In conclusion,addition_and_elaboration,availability_of_alternatives,"Moreover, many countries and cities have successfully implemented similar bans, proving that such policies can work without causing major disruptions to daily life.",addition_and_elaboration_availability_of_alternatives,"I should demonstrate that reusable, compostable, and biodegradable alternatives are available for bags, straws, containers, and packaging, making a ban practically feasible.",Moreover
2,0.0,,,synthesis_strict,m1b,1,20260228_152612,1.349259376525879,"A total ban on single-use plastics is necessary and achievable because eco-friendly alternatives like reusable bags, compostable containers, and biodegradable straws are already widely available and affordable. Many communities around the world have successfully implemented similar bans, resulting in cleaner public spaces, reduced marine pollution, and greater environmental responsibility among citizens. As a regular person who cares about the planet, I believe we can make a real difference by choosing sustainable options every day. It’s not just about convenience—it’s about protecting our oceans, wildlife, and future generations. A government ban would accelerate this shift and make sustainable living the norm, not the exception. The evidence shows that change is possible, and the time to act is now. In conclusion, the government should enforce a total ban on single-use plastics because it's not only possible with current technology but also essential to protect our environment.",causal_reasoning,availability_of_alternatives,"Therefore, a total ban on single-use plastics is practical because eco-friendly alternatives already exist for everyday items like shopping bags, food containers, and drinking straws.",causal_reasoning_availability_of_alternatives,"I should demonstrate that reusable, compostable, and biodegradable alternatives are available for bags, straws, containers, and packaging, making a ban practically feasible.",Therefore,conclusion_and_summary,availability_of_alternatives,"In conclusion, the government should enforce a total ban on single-use plastics because it's not only possible with current technology but also essential to protect our environment.",conclusion_and_summary_availability_of_alternatives,"I should demonstrate that reusable, compostable, and biodegradable alternatives are available for bags, straws, containers, and packaging, making a ban practically feasible.",In conclusion,addition_and_elaboration,availability_of_alternatives,"Moreover, many countries and cities that have already implemented such bans report positive results, including cleaner streets, less pollution in oceans, and increased public awareness about sustainability.",addition_and_elaboration_availability_of_alternatives,"I should demonstrate that reusable, compostable, and biodegradable alternatives are available for bags, straws, containers, and packaging, making a ban practically feasible.",Moreover
2,0.0,,,synthesis_strict,m1b,2,20260228_152612,1.1313674449920654,"Single-use plastics are a major source of pollution, clogging waterways, harming wildlife, and contributing to long-term environmental damage. Fortunately, there are already many practical alternatives available—like reusable bags, compostable containers, and biodegradable straws—that are accessible and affordable for everyday use. Many communities around the world have already adopted bans on single-use plastics with positive results, showing that such policies can work without disrupting daily life. A total government ban would create a clear, consistent standard that pushes businesses and consumers toward sustainable choices. It’s time we take decisive action to protect our planet for future generations. In conclusion, a total ban on single-use plastics is both practical and necessary to protect our environment and public health.",causal_reasoning,availability_of_alternatives,"Therefore, a total ban on single-use plastics is not only possible but already supported by viable alternatives that are widely available and affordable.",causal_reasoning_availability_of_alternatives,"I should demonstrate that reusable, compostable, and biodegradable alternatives are available for bags, straws, containers, and packaging, making a ban practically feasible.",Therefore,conclusion_and_summary,availability_of_alternatives,"In conclusion, a total ban on single-use plastics is both practical and necessary to protect our environment and public health.",conclusion_and_summary_availability_of_alternatives,"I should demonstrate that reusable, compostable, and biodegradable alternatives are available for bags, straws, containers, and packaging, making a ban practically feasible.",In conclusion,addition_and_elaboration,availability_of_alternatives,"Moreover, many countries and cities have already successfully implemented similar bans, proving that such policies can work without causing major disruptions to daily life.",addition_and_elaboration_availability_of_alternatives,"I should demonstrate that reusable, compostable, and biodegradable alternatives are available for bags, straws, containers, and packaging, making a ban practically feasible.",Moreover
2,0.0,,,synthesis_strict,m1b,3,20260228_152612,1.2529048919677734,"Single-use plastics are harmful to the environment and wildlife, and we already have viable alternatives like reusable bags, compostable containers, and biodegradable straws that can meet everyday needs. Cities and countries that have enacted bans have seen measurable improvements in cleanliness and reductions in plastic waste, proving that such policies work in practice. It’s not just about convenience—it’s about protecting our oceans, reducing pollution, and preserving natural resources for future generations. A total ban is a necessary step to create long-term environmental change. We can’t keep ignoring the damage caused by plastic that takes hundreds of years to break down. In my view, it’s time for the government to act decisively and enforce a ban that protects both people and the planet.",causal_reasoning,availability_of_alternatives,"Therefore, it's entirely realistic to phase out single-use plastics because we already have effective, eco-friendly alternatives that can handle everyday needs like grocery shopping, dining out, and food storage.",causal_reasoning_availability_of_alternatives,"I should demonstrate that reusable, compostable, and biodegradable alternatives are available for bags, straws, containers, and packaging, making a ban practically feasible.",Therefore,conclusion_and_summary,availability_of_alternatives,"In conclusion, a total ban on single-use plastics is not only possible but necessary to protect our environment, reduce pollution, and ensure a healthier planet for future generations.",conclusion_and_summary_availability_of_alternatives,"I should demonstrate that reusable, compostable, and biodegradable alternatives are available for bags, straws, containers, and packaging, making a ban practically feasible.",In conclusion,addition_and_elaboration,availability_of_alternatives,"Moreover, many countries and cities that have already implemented such bans report positive results, including cleaner streets, less marine pollution, and increased public awareness about sustainability.",addition_and_elaboration_availability_of_alternatives,"I should demonstrate that reusable, compostable, and biodegradable alternatives are available for bags, straws, containers, and packaging, making a ban practically feasible.",Moreover
2,0.0,,,synthesis_strict,m1b,4,20260228_152612,1.4358241558074951,"Single-use plastics are a major source of pollution, clogging our oceans, harming wildlife, and taking hundreds of years to break down. Fortunately, reusable, compostable, and biodegradable alternatives are already available for bags, straws, containers, and packaging, making a ban practically feasible. In fact, these alternatives are already being used successfully in many cities and countries, proving that a ban is not just idealistic but realistic. A total ban would significantly reduce plastic waste, protect ecosystems, and encourage innovation in sustainable materials. As someone who cares about the environment and wants a cleaner future, I believe the government has a responsibility to take strong action now. Therefore, it's entirely possible to eliminate single-use plastics without disrupting daily life, since eco-friendly alternatives already exist and are becoming more accessible. In conclusion, a total ban on single-use plastics is not only necessary but also achievable, and it’s something we can all support for the sake of our planet and future generations.",causal_reasoning,availability_of_alternatives,"Therefore, it's entirely possible to eliminate single-use plastics without disrupting daily life, since eco-friendly alternatives already exist and are becoming more accessible.",causal_reasoning_availability_of_alternatives,"I should demonstrate that reusable, compostable, and biodegradable alternatives are available for bags, straws, containers, and packaging, making a ban practically feasible.",Therefore,conclusion_and_summary,availability_of_alternatives,"In conclusion, a total ban on single-use plastics is not only necessary but also achievable, and it’s something we can all support for the sake of our planet and future generations.",conclusion_and_summary_availability_of_alternatives,"I should demonstrate that reusable, compostable, and biodegradable alternatives are available for bags, straws, containers, and packaging, making a ban practically feasible.",In conclusion,addition_and_elaboration,availability_of_alternatives,"Moreover, these alternatives are already being used successfully in many cities and countries, proving that a ban is not just idealistic but realistic.",addition_and_elaboration_availability_of_alternatives,"I should demonstrate that reusable, compostable, and biodegradable alternatives are available for bags, straws, containers, and packaging, making a ban practically feasible.",Moreover
3,0.0,,,synthesis_strict,m1b,0,20260228_152612,1.2205579280853271,"Single-use plastics pollute our environment, harm wildlife, and take hundreds of years to decompose. Fortunately, reusable, compostable, and biodegradable alternatives are already available for everyday items like bags, straws, and food containers. Therefore, a total ban on single-use plastics is both feasible and responsible, given that sustainable replacements are already widely available and in use. If we act now to eliminate single-use plastics, we can protect our oceans, reduce landfill waste, and prevent harm to wildlife—something every responsible person should support. In conclusion, banning single-use plastics is not only necessary but also achievable, as viable, eco-friendly alternatives already exist for everyday items like bags, straws, and food containers.",conclusion_and_summary,availability_of_alternatives,"In conclusion, banning single-use plastics is not only necessary but also achievable, as viable, eco-friendly alternatives already exist for everyday items like bags, straws, and food containers.",conclusion_and_summary_availability_of_alternatives,"I should demonstrate that reusable, compostable, and biodegradable alternatives are available for bags, straws, containers, and packaging, making a ban practically feasible.",In conclusion,causal_reasoning,availability_of_alternatives,"Therefore, a total ban on single-use plastics is both feasible and responsible, given that sustainable replacements are already widely available and in use.",causal_reasoning_availability_of_alternatives,"I should demonstrate that reusable, compostable, and biodegradable alternatives are available for bags, straws, containers, and packaging, making a ban practically feasible.",Therefore,conditional,availability_of_alternatives,"If we act now to eliminate single-use plastics, we can protect our oceans, reduce landfill waste, and prevent harm to wildlife—something every responsible person should support.",conditional_availability_of_alternatives,"I should demonstrate that reusable, compostable, and biodegradable alternatives are available for bags, straws, containers, and packaging, making a ban practically feasible.",If
3,0.0,,,synthesis_strict,m1b,1,20260228_152612,1.1898856163024902,"Single-use plastics are unnecessary and harmful, but we already have viable alternatives like reusable bags, compostable containers, and biodegradable packaging that can easily replace them in daily life. Therefore, a total ban on single-use plastics is not only possible but also necessary to protect our environment and public health. If we act now, we can prevent more plastic from polluting our oceans, harming wildlife, and entering our food chain. The transition to sustainable alternatives is already underway in many communities and businesses, proving that change is both practical and effective. By banning single-use plastics, we send a clear message that our planet matters more than convenience. This step is a simple, responsible choice that benefits everyone—now and in the future.",conclusion_and_summary,availability_of_alternatives,"In conclusion, single-use plastics are unnecessary and harmful, but we already have viable alternatives like reusable bags, compostable containers, and biodegradable packaging that can easily replace them in daily life.",conclusion_and_summary_availability_of_alternatives,"I should demonstrate that reusable, compostable, and biodegradable alternatives are available for bags, straws, containers, and packaging, making a ban practically feasible.",In conclusion,causal_reasoning,availability_of_alternatives,"Therefore, a total ban on single-use plastics is not only possible but also necessary to protect our environment and public health.",causal_reasoning_availability_of_alternatives,"I should demonstrate that reusable, compostable, and biodegradable alternatives are available for bags, straws, containers, and packaging, making a ban practically feasible.",Therefore,conditional,availability_of_alternatives,"If we act now, we can prevent more plastic from polluting our oceans, harming wildlife, and entering our food chain.",conditional_availability_of_alternatives,"I should demonstrate that reusable, compostable, and biodegradable alternatives are available for bags, straws, containers, and packaging, making a ban practically feasible.",If
3,0.0,,,synthesis_strict,m1b,2,20260228_152612,1.3314993381500244,"The government should enforce a total ban on single-use plastics because viable alternatives like reusable bags, paper straws, and compostable containers already exist and are widely accessible. If we act now, we can eliminate the pollution caused by single-use plastics, which clog our oceans, harm wildlife, and even end up in our food and water. These alternatives are not just eco-friendly—they’re practical, affordable, and already used by millions around the world. A ban would push industries to innovate and adopt sustainable practices, reducing long-term environmental damage. It’s time we stop treating the planet like a trash can and start taking responsibility for what we discard. In conclusion, banning single-use plastics is not only possible but also essential for protecting our environment and public health, and easily achievable with the wide availability of sustainable alternatives.",conclusion_and_summary,availability_of_alternatives,"In conclusion, banning single-use plastics is not only possible but also essential for protecting our environment and public health, and easily achievable with the wide availability of sustainable alternatives.",conclusion_and_summary_availability_of_alternatives,"I should demonstrate that reusable, compostable, and biodegradable alternatives are available for bags, straws, containers, and packaging, making a ban practically feasible.",In conclusion,causal_reasoning,availability_of_alternatives,"Therefore, the government should enforce a total ban on single-use plastics because viable alternatives like reusable bags, paper straws, and compostable containers already exist and are widely accessible.",causal_reasoning_availability_of_alternatives,"I should demonstrate that reusable, compostable, and biodegradable alternatives are available for bags, straws, containers, and packaging, making a ban practically feasible.",Therefore,conditional,availability_of_alternatives,"If we act now, we can eliminate the pollution caused by single-use plastics, which clog our oceans, harm wildlife, and even end up in our food and water.",conditional_availability_of_alternatives,"I should demonstrate that reusable, compostable, and biodegradable alternatives are available for bags, straws, containers, and packaging, making a ban practically feasible.",If
3,0.0,,,synthesis_strict,m1b,3,20260228_152612,1.20920729637146,"Single-use plastics are harmful to the environment and human health, but reusable and compostable alternatives already exist for everyday items like bags, straws, and food containers, making a total ban both realistic and necessary. Therefore, a total ban on single-use plastics is not only achievable but already supported by widespread availability of sustainable alternatives like paper bags, metal straws, and plant-based containers. If we can switch to reusable options in our daily lives—like bringing our own bottles, bags, and containers—then a government ban would simply accelerate that shift and protect our planet for future generations.",conclusion_and_summary,availability_of_alternatives,"In conclusion, single-use plastics are harmful to the environment and human health, but reusable and compostable alternatives already exist for everyday items like bags, straws, and food containers, making a total ban both realistic and necessary.",conclusion_and_summary_availability_of_alternatives,"I should demonstrate that reusable, compostable, and biodegradable alternatives are available for bags, straws, containers, and packaging, making a ban practically feasible.",In conclusion,causal_reasoning,availability_of_alternatives,"Therefore, a total ban on single-use plastics is not only achievable but already supported by widespread availability of sustainable alternatives like paper bags, metal straws, and plant-based containers.",causal_reasoning_availability_of_alternatives,"I should demonstrate that reusable, compostable, and biodegradable alternatives are available for bags, straws, containers, and packaging, making a ban practically feasible.",Therefore,conditional,availability_of_alternatives,"If we can switch to reusable options in our daily lives—like bringing our own bottles, bags, and containers—then a government ban would simply accelerate that shift and protect our planet for future generations.",conditional_availability_of_alternatives,"I should demonstrate that reusable, compostable, and biodegradable alternatives are available for bags, straws, containers, and packaging, making a ban practically feasible.",If
3,0.0,,,synthesis_strict,m1b,4,20260228_152612,1.5318851470947266,"Single-use plastics are harmful to the environment and human health, and since we already have viable alternatives like reusable bags, paper packaging, and compostable containers, a total ban is not only possible but necessary. Therefore, replacing single-use plastics with reusable or compostable options is not only doable but already happening in many places around the world, proving that a total ban is practical and achievable. If we can use reusable shopping bags, metal or bamboo straws, and plant-based food containers, then there's no reason to continue allowing plastic waste to pollute our oceans, streets, and landfills. A total ban would significantly reduce pollution, protect wildlife, and encourage innovation in sustainable materials. It’s time to stop treating plastic as disposable and start protecting our planet for future generations. The government has a responsibility to act now before the damage becomes irreversible. With simple changes and public support, a plastic-free future is within reach.",conclusion_and_summary,availability_of_alternatives,"In conclusion, single-use plastics are harmful to the environment and human health, and since we already have viable alternatives like reusable bags, paper packaging, and compostable containers, a total ban is not only possible but necessary.",conclusion_and_summary_availability_of_alternatives,"I should demonstrate that reusable, compostable, and biodegradable alternatives are available for bags, straws, containers, and packaging, making a ban practically feasible.",In conclusion,causal_reasoning,availability_of_alternatives,"Therefore, replacing single-use plastics with reusable or compostable options is not only doable but already happening in many places around the world, proving that a total ban is practical and achievable.",causal_reasoning_availability_of_alternatives,"I should demonstrate that reusable, compostable, and biodegradable alternatives are available for bags, straws, containers, and packaging, making a ban practically feasible.",Therefore,conditional,availability_of_alternatives,"If we can use reusable shopping bags, metal or bamboo straws, and plant-based food containers, then there's no reason to continue allowing plastic waste to pollute our oceans, streets, and landfills.",conditional_availability_of_alternatives,"I should demonstrate that reusable, compostable, and biodegradable alternatives are available for bags, straws, containers, and packaging, making a ban practically feasible.",If
4,0.0,,,synthesis_strict,m1b,0,20260228_152612,1.2866413593292236,"The government should enforce a total ban on single-use plastics because the environmental damage they cause—like ocean pollution and harm to wildlife—ultimately affects everyone through degraded ecosystems and higher cleanup costs. Moreover, the environmental damage caused by single-use plastics—like ocean pollution and wildlife harm—ultimately affects everyone through degraded ecosystems and higher cleanup costs. Therefore, banning single-use plastics is not only necessary but also realistic, since sustainable alternatives already exist and are widely used in many countries. For example, people can use reusable shopping bags, metal or bamboo straws, and compostable food containers—options that are convenient and already in use by everyday consumers. A ban would shift responsibility from the public to producers, encouraging innovation and reducing long-term harm. It's time we protect our planet and future generations by making this simple but impactful change.",addition_and_elaboration,economic_externalities,"Moreover, the environmental damage caused by single-use plastics—like ocean pollution and wildlife harm—ultimately affects everyone through degraded ecosystems and higher cleanup costs.",addition_and_elaboration_economic_externalities,"I should calculate how cleanup costs, healthcare burdens, tourism losses, and ecosystem damage are borne by the public rather than producers—a market failure requiring correction.",Moreover,causal_reasoning,availability_of_alternatives,"Therefore, banning single-use plastics is not only necessary but also realistic, since sustainable alternatives already exist and are widely used in many countries.",causal_reasoning_availability_of_alternatives,"I should demonstrate that reusable, compostable, and biodegradable alternatives are available for bags, straws, containers, and packaging, making a ban practically feasible.",Therefore,exemplification,availability_of_alternatives,"For example, people can use reusable shopping bags, metal or bamboo straws, and compostable food containers—options that are convenient and already in use by everyday consumers.",exemplification_availability_of_alternatives,"I should demonstrate that reusable, compostable, and biodegradable alternatives are available for bags, straws, containers, and packaging, making a ban practically feasible.",For example
4,0.0,,,synthesis_strict,m1b,1,20260228_152612,1.4861676692962646,"The government should enforce a total ban on single-use plastics because the environmental damage they cause is so widespread and severe that it affects everyone, even those who don’t use them directly—like people living near polluted rivers or beaches. Moreover, the cleanup costs, healthcare burdens, tourism losses, and ecosystem damage are all ultimately borne by the public, not the producers, which is a clear case of market failure that requires government action. Fortunately, viable alternatives already exist—such as cloth bags, metal or bamboo straws, and glass or paper containers—that are widely available and often just as convenient. Many countries and cities have already implemented similar bans with success, proving that a shift is not only possible but already underway. A total ban would encourage innovation, reduce litter, protect wildlife, and safeguard public health for future generations. The benefits far outweigh the minor inconvenience of adjusting to new habits. Therefore, a ban on single-use plastics is a necessary and responsible step for the long-term well-being of our planet and communities.",addition_and_elaboration,economic_externalities,"Moreover, the environmental damage from single-use plastics is so severe and widespread that it affects everyone, even those who don’t use them directly—like people living near polluted rivers or beaches.",addition_and_elaboration_economic_externalities,"I should calculate how cleanup costs, healthcare burdens, tourism losses, and ecosystem damage are borne by the public rather than producers—a market failure requiring correction.",Moreover,causal_reasoning,availability_of_alternatives,"Therefore, banning single-use plastics is not just possible—it's already happening in many places, proving that alternatives exist and can work for everyday needs.",causal_reasoning_availability_of_alternatives,"I should demonstrate that reusable, compostable, and biodegradable alternatives are available for bags, straws, containers, and packaging, making a ban practically feasible.",Therefore,exemplification,availability_of_alternatives,"For example, people can use cloth bags, metal or bamboo straws, and glass or paper containers, which are widely available and often just as convenient.",exemplification_availability_of_alternatives,"I should demonstrate that reusable, compostable, and biodegradable alternatives are available for bags, straws, containers, and packaging, making a ban practically feasible.",For example
4,0.0,,,synthesis_strict,m1b,2,20260228_152612,1.1713733673095703,"The government should enforce a total ban on single-use plastics because the environmental and public health costs are too high to ignore. Moreover, the financial burden of cleaning up plastic waste falls on taxpayers and local governments, not the companies that produce these harmful products. Therefore, banning single-use plastics is not only necessary but also achievable, as safe and effective alternatives already exist for everyday items. For example, many stores now offer reusable bags, paper or plant-based straws, and compostable food containers, proving a shift is already underway. A total ban would protect our oceans, reduce pollution, and encourage innovation in sustainable packaging. It’s time to put the planet ahead of convenience and hold producers accountable. This change is not only possible—it's essential.",addition_and_elaboration,economic_externalities,"Moreover, the financial burden of cleaning up plastic waste falls on taxpayers and local governments, not the companies that produce these harmful products.",addition_and_elaboration_economic_externalities,"I should calculate how cleanup costs, healthcare burdens, tourism losses, and ecosystem damage are borne by the public rather than producers—a market failure requiring correction.",Moreover,causal_reasoning,availability_of_alternatives,"Therefore, banning single-use plastics is not only necessary but also achievable, as safe and effective alternatives already exist for everyday items.",causal_reasoning_availability_of_alternatives,"I should demonstrate that reusable, compostable, and biodegradable alternatives are available for bags, straws, containers, and packaging, making a ban practically feasible.",Therefore,exemplification,availability_of_alternatives,"For example, many stores now offer reusable bags, paper or plant-based straws, and compostable food containers, proving a shift is already underway.",exemplification_availability_of_alternatives,"I should demonstrate that reusable, compostable, and biodegradable alternatives are available for bags, straws, containers, and packaging, making a ban practically feasible.",For example
4,0.0,,,synthesis_strict,m1b,3,20260228_152612,1.2332210540771484,"Moreover, single-use plastics pollute our oceans, harm wildlife, and contribute to long-term environmental damage that ultimately costs taxpayers money in cleanup and healthcare. Therefore, a ban is not only necessary but also realistic, since eco-friendly alternatives like paper, glass, and reusable materials are already widely available and affordable. For example, many grocery stores now offer reusable bags, and restaurants can easily switch to compostable takeout containers without significant cost or inconvenience. A total ban would push manufacturers and consumers toward sustainable choices, protecting our planet for future generations. It's time we stop treating the environment as a trash can and start taking responsibility for what we throw away. The government has a duty to protect public health and natural resources—this is a clear and necessary step in that direction.",addition_and_elaboration,economic_externalities,"Moreover, single-use plastics pollute our oceans, harm wildlife, and contribute to long-term environmental damage that ultimately costs taxpayers money in cleanup and healthcare.",addition_and_elaboration_economic_externalities,"I should calculate how cleanup costs, healthcare burdens, tourism losses, and ecosystem damage are borne by the public rather than producers—a market failure requiring correction.",Moreover,causal_reasoning,availability_of_alternatives,"Therefore, a ban is not only necessary but also realistic, since eco-friendly alternatives like paper, glass, and reusable materials are already widely available and affordable.",causal_reasoning_availability_of_alternatives,"I should demonstrate that reusable, compostable, and biodegradable alternatives are available for bags, straws, containers, and packaging, making a ban practically feasible.",Therefore,exemplification,availability_of_alternatives,"For example, many grocery stores now offer reusable bags, and restaurants can easily switch to compostable takeout containers without significant cost or inconvenience.",exemplification_availability_of_alternatives,"I should demonstrate that reusable, compostable, and biodegradable alternatives are available for bags, straws, containers, and packaging, making a ban practically feasible.",For example
4,0.0,,,synthesis_strict,m1b,4,20260228_152612,1.5066642761230469,"Moreover, single-use plastics are a massive burden on public resources, with governments spending billions annually on cleanup and waste management that could be redirected toward more productive uses. Therefore, a total ban is not only possible but already being successfully implemented in many countries, proving that alternatives like paper, glass, and reusable materials can meet everyday needs without compromise. For example, many cities and businesses have already switched to compostable takeout containers and reusable shopping bags with no significant disruption to daily life. The environmental damage caused by plastic pollution—harming wildlife, polluting waterways, and contributing to climate change—directly affects communities, especially coastal and rural areas. A ban would protect the environment, reduce health risks from microplastics in food and water, and encourage innovation in sustainable packaging. As a regular person who cares about clean streets, safe food, and a healthier planet, I believe the government has a responsibility to act decisively. A total ban on single-use plastics is not just necessary—it’s the responsible choice for our future.",addition_and_elaboration,economic_externalities,"Moreover, single-use plastics are a massive burden on public resources, with governments spending billions annually on cleanup and waste management that could be redirected toward more productive uses.",addition_and_elaboration_economic_externalities,"I should calculate how cleanup costs, healthcare burdens, tourism losses, and ecosystem damage are borne by the public rather than producers—a market failure requiring correction.",Moreover,causal_reasoning,availability_of_alternatives,"Therefore, a total ban is not only possible but already being successfully implemented in many countries, proving that alternatives like paper, glass, and reusable materials can meet everyday needs without compromise.",causal_reasoning_availability_of_alternatives,"I should demonstrate that reusable, compostable, and biodegradable alternatives are available for bags, straws, containers, and packaging, making a ban practically feasible.",Therefore,exemplification,availability_of_alternatives,"For example, many cities and businesses have already switched to compostable takeout containers and reusable shopping bags with no significant disruption to daily life.",exemplification_availability_of_alternatives,"I should demonstrate that reusable, compostable, and biodegradable alternatives are available for bags, straws, containers, and packaging, making a ban practically feasible.",For example
5,0.0,,,synthesis_strict,m1b,0,20260228_152612,1.110395908355713,"A total ban on single-use plastics is necessary because countries like Rwanda and Kenya have successfully eliminated plastic waste through strict bans, resulting in cleaner cities, healthier ecosystems, and reduced long-term environmental costs. The European Union’s single-use plastic ban led to a 60% reduction in plastic bag usage across member states, proving that such policies are both effective and enforceable. In conclusion, banning single-use plastics is a responsible and achievable step forward—reusable and eco-friendly alternatives already exist and are being used successfully in everyday life.",concession_and_contrast,success_of_existing_bans,"However, a total ban on single-use plastics is necessary because countries like Rwanda and Kenya have successfully eliminated plastic waste through strict bans, resulting in cleaner cities, healthier ecosystems, and reduced long-term environmental costs.",concession_and_contrast_success_of_existing_bans,"I should examine case studies from Rwanda, the EU, Kenya, and various US states showing that bans are enforceable and produce measurable reductions in pollution.",However,conclusion_and_summary,availability_of_alternatives,"In conclusion, banning single-use plastics is a responsible and achievable step forward—reusable and eco-friendly alternatives already exist and are being used successfully in everyday life.",conclusion_and_summary_availability_of_alternatives,"I should demonstrate that reusable, compostable, and biodegradable alternatives are available for bags, straws, containers, and packaging, making a ban practically feasible.",In conclusion,exemplification,success_of_existing_bans,"For example, the European Union’s single-use plastic ban led to a 60% reduction in plastic bag usage across member states, proving that such policies are both effective and enforceable.",exemplification_success_of_existing_bans,"I should examine case studies from Rwanda, the EU, Kenya, and various US states showing that bans are enforceable and produce measurable reductions in pollution.",For example
5,0.0,,,synthesis_strict,m1b,1,20260228_152612,1.4039866924285889,"However, real-world examples like Rwanda and Kenya prove that total bans on single-use plastics are not only possible but effective—Rwanda’s strict enforcement led to a dramatic reduction in plastic waste and made it one of the cleanest countries in Africa. For example, the European Union’s single-use plastic ban has already reduced plastic pollution in oceans by 30% in just a few years, and cities like San Francisco and Seattle have seen significant drops in plastic waste after implementing similar bans. In conclusion, banning single-use plastics is a necessary and achievable step toward protecting our planet—options like reusable bags, metal straws, and compostable packaging already exist and can easily replace plastic in everyday life.",concession_and_contrast,success_of_existing_bans,"However, real-world examples like Rwanda and Kenya prove that total bans on single-use plastics are not only possible but effective—Rwanda’s strict enforcement led to a dramatic reduction in plastic waste and made it one of the cleanest countries in Africa.",concession_and_contrast_success_of_existing_bans,"I should examine case studies from Rwanda, the EU, Kenya, and various US states showing that bans are enforceable and produce measurable reductions in pollution.",However,conclusion_and_summary,availability_of_alternatives,"In conclusion, banning single-use plastics is a necessary and achievable step toward protecting our planet—options like reusable bags, metal straws, and compostable packaging already exist and can easily replace plastic in everyday life.",conclusion_and_summary_availability_of_alternatives,"I should demonstrate that reusable, compostable, and biodegradable alternatives are available for bags, straws, containers, and packaging, making a ban practically feasible.",In conclusion,exemplification,success_of_existing_bans,"For example, the European Union’s single-use plastic ban has already reduced plastic pollution in oceans by 30% in just a few years, and cities like San Francisco and Seattle have seen significant drops in plastic waste after implementing similar bans.",exemplification_success_of_existing_bans,"I should examine case studies from Rwanda, the EU, Kenya, and various US states showing that bans are enforceable and produce measurable reductions in pollution.",For example
5,0.0,,,synthesis_strict,m1b,2,20260228_152612,1.6662349700927734,"A total ban on single-use plastics is a necessary and achievable step toward protecting our environment and public health. Countries like Rwanda, Kenya, and the EU have proven that such bans are enforceable and lead to dramatic reductions in plastic pollution—Rwanda is now one of the cleanest nations on Earth, and Kenya’s ban cut plastic waste by 70%. In the US, cities like San Francisco and Seattle have successfully transitioned to reusable alternatives without major disruption, showing that change is possible at scale. There are already affordable, compostable, and biodegradable options available for bags, straws, containers, and packaging, meaning a ban wouldn’t cause hardship—it would simply push us toward smarter, cleaner choices. The long-term benefits to wildlife, oceans, and human health far outweigh the short-term inconvenience. In conclusion, a total ban on single-use plastics is both realistic and necessary—there are already affordable, eco-friendly alternatives available for everyday use, and the environmental and health benefits far outweigh the minor inconvenience of change.",concession_and_contrast,success_of_existing_bans,"However, these examples show that banning single-use plastics is not only feasible but also effective—Rwanda's nationwide ban has made it one of the cleanest countries in Africa, and the EU’s ban has significantly reduced plastic waste in waterways.",concession_and_contrast_success_of_existing_bans,"I should examine case studies from Rwanda, the EU, Kenya, and various US states showing that bans are enforceable and produce measurable reductions in pollution.",However,conclusion_and_summary,availability_of_alternatives,"In conclusion, a total ban on single-use plastics is both realistic and necessary—there are already affordable, eco-friendly alternatives available for everyday use, and the environmental and health benefits far outweigh the minor inconvenience of change.",conclusion_and_summary_availability_of_alternatives,"I should demonstrate that reusable, compostable, and biodegradable alternatives are available for bags, straws, containers, and packaging, making a ban practically feasible.",In conclusion,exemplification,success_of_existing_bans,"For example, Kenya’s strict ban has led to a 70% drop in plastic bag litter, and cities like San Francisco and Seattle have successfully transitioned to reusable alternatives without major disruption.",exemplification_success_of_existing_bans,"I should examine case studies from Rwanda, the EU, Kenya, and various US states showing that bans are enforceable and produce measurable reductions in pollution.",For example
5,0.0,,,synthesis_strict,m1b,3,20260228_152612,1.4649198055267334,"The government should enforce a total ban on single-use plastics because countries like Rwanda and Kenya have successfully implemented and enforced such bans, resulting in dramatically cleaner streets and waterways. In conclusion, we already have viable alternatives—like paper, bamboo, and compostable materials—that can replace single-use plastics in everyday use without disrupting daily life. For example, Rwanda’s nationwide ban has made it one of the cleanest countries in Africa, and the EU’s plastic directive has already reduced plastic waste by over 30% in member states. These real-world examples prove that a ban is not only possible but also highly effective. Plastic pollution is harming our oceans, wildlife, and even our own health, and a total ban is the most direct way to stop it. With modern alternatives already available, there’s no reason to continue allowing such a harmful material to flood our environment. A ban is a necessary and achievable step toward protecting our planet for future generations.",concession_and_contrast,success_of_existing_bans,"However, it's important to note that countries like Rwanda and Kenya have successfully implemented and enforced total bans on single-use plastics, resulting in dramatically cleaner streets and waterways.",concession_and_contrast_success_of_existing_bans,"I should examine case studies from Rwanda, the EU, Kenya, and various US states showing that bans are enforceable and produce measurable reductions in pollution.",However,conclusion_and_summary,availability_of_alternatives,"In conclusion, we already have viable alternatives—like paper, bamboo, and compostable materials—that can replace single-use plastics in everyday use without disrupting daily life.",conclusion_and_summary_availability_of_alternatives,"I should demonstrate that reusable, compostable, and biodegradable alternatives are available for bags, straws, containers, and packaging, making a ban practically feasible.",In conclusion,exemplification,success_of_existing_bans,"For example, Rwanda’s nationwide ban has made it one of the cleanest countries in Africa, and the EU’s plastic directive has already reduced plastic waste by over 30% in member states.",exemplification_success_of_existing_bans,"I should examine case studies from Rwanda, the EU, Kenya, and various US states showing that bans are enforceable and produce measurable reductions in pollution.",For example
5,0.0,,,synthesis_strict,m1b,4,20260228_152612,1.132676362991333,"A total ban on single-use plastics is a necessary and practical step to protect our environment and public health. For example, Rwanda’s nationwide ban has made it one of the cleanest countries on Earth, and Kenya’s strict penalties have drastically reduced plastic waste in cities and waterways. These examples prove that bans are not just theoretical—they work in real-world conditions. In addition, reusable, compostable, and biodegradable alternatives are already available for bags, straws, containers, and packaging, making a ban practically feasible. The environmental and health benefits far outweigh the minor inconvenience of adjusting habits. In conclusion, a ban on single-use plastics is both necessary and achievable, with real alternatives already in use across the world.",concession_and_contrast,success_of_existing_bans,"However, these examples prove that bans are not just theoretical—they work in real-world conditions.",concession_and_contrast_success_of_existing_bans,"I should examine case studies from Rwanda, the EU, Kenya, and various US states showing that bans are enforceable and produce measurable reductions in pollution.",However,conclusion_and_summary,availability_of_alternatives,"In conclusion, a ban on single-use plastics is both necessary and achievable, with real alternatives already in use across the world.",conclusion_and_summary_availability_of_alternatives,"I should demonstrate that reusable, compostable, and biodegradable alternatives are available for bags, straws, containers, and packaging, making a ban practically feasible.",In conclusion,exemplification,success_of_existing_bans,"For example, Rwanda’s nationwide ban has made it one of the cleanest countries on Earth, and Kenya’s strict penalties have drastically reduced plastic waste in cities and waterways.",exemplification_success_of_existing_bans,"I should examine case studies from Rwanda, the EU, Kenya, and various US states showing that bans are enforceable and produce measurable reductions in pollution.",For example
6,0.0,,,synthesis_strict,m1b,0,20260228_152612,1.065173625946045,"However, evidence from Rwanda, the EU, Kenya, and multiple U.S. states demonstrates that banning single-use plastics is not only feasible but leads to significant reductions in plastic waste and pollution. If the government banned single-use plastics, we could easily switch to reusable bags, compostable straws, and biodegradable packaging—options that are already widely available and affordable. In conclusion, a total ban on single-use plastics is a necessary and achievable step to protect our environment, reduce pollution, and safeguard our health.",concession_and_contrast,success_of_existing_bans,"However, evidence from Rwanda, the EU, Kenya, and multiple U.S. states demonstrates that banning single-use plastics is not only feasible but leads to significant reductions in plastic waste and pollution.",concession_and_contrast_success_of_existing_bans,"I should examine case studies from Rwanda, the EU, Kenya, and various US states showing that bans are enforceable and produce measurable reductions in pollution.",However,conditional,availability_of_alternatives,"If the government banned single-use plastics, we could easily switch to reusable bags, compostable straws, and biodegradable packaging—options that are already widely available and affordable.",conditional_availability_of_alternatives,"I should demonstrate that reusable, compostable, and biodegradable alternatives are available for bags, straws, containers, and packaging, making a ban practically feasible.",If,conclusion_and_summary,availability_of_alternatives,"In conclusion, a total ban on single-use plastics is a necessary and achievable step to protect our environment, reduce pollution, and safeguard our health.",conclusion_and_summary_availability_of_alternatives,"I should demonstrate that reusable, compostable, and biodegradable alternatives are available for bags, straws, containers, and packaging, making a ban practically feasible.",In conclusion
6,0.0,,,synthesis_strict,m1b,1,20260228_152612,1.1869621276855469,"However, real-world examples prove that bans on single-use plastics are not only feasible but also effective—Rwanda’s nationwide ban has made it one of the cleanest countries in Africa, and the EU’s single-use plastic directive has significantly reduced marine litter. If we ban single-use plastics, we can shift to alternatives like reusable bags, paper straws, and compostable containers that are already widely available and cheaper in the long run. In conclusion, a total ban on single-use plastics is not only necessary to protect our environment but also achievable with existing technology and public cooperation.",concession_and_contrast,success_of_existing_bans,"However, real-world examples prove that bans on single-use plastics are not only feasible but also effective—Rwanda’s nationwide ban has made it one of the cleanest countries in Africa, and the EU’s single-use plastic directive has significantly reduced marine litter.",concession_and_contrast_success_of_existing_bans,"I should examine case studies from Rwanda, the EU, Kenya, and various US states showing that bans are enforceable and produce measurable reductions in pollution.",However,conditional,availability_of_alternatives,"If we ban single-use plastics, we can shift to alternatives like reusable bags, paper straws, and compostable containers that are already widely available and cheaper in the long run.",conditional_availability_of_alternatives,"I should demonstrate that reusable, compostable, and biodegradable alternatives are available for bags, straws, containers, and packaging, making a ban practically feasible.",If,conclusion_and_summary,availability_of_alternatives,"In conclusion, a total ban on single-use plastics is not only necessary to protect our environment but also achievable with existing technology and public cooperation.",conclusion_and_summary_availability_of_alternatives,"I should demonstrate that reusable, compostable, and biodegradable alternatives are available for bags, straws, containers, and packaging, making a ban practically feasible.",In conclusion
6,0.0,,,synthesis_strict,m1b,2,20260228_152612,1.367804765701294,"However, real-world examples prove that bans on single-use plastics can work: Rwanda has one of the cleanest cities in the world after banning plastic bags in 2008, and the European Union has significantly reduced plastic waste through its Single-Use Plastics Directive. If we can switch to paper bags, compostable containers, or reusable alternatives for everyday items like straws and bottles, then banning single-use plastics isn’t a hardship—it’s a simple shift that protects our environment and communities. In conclusion, a total government ban on single-use plastics is not only realistic but necessary to protect our oceans, wildlife, and future generations from the long-term damage of plastic waste.",concession_and_contrast,success_of_existing_bans,"However, real-world examples prove that bans on single-use plastics can work: Rwanda has one of the cleanest cities in the world after banning plastic bags in 2008, and the European Union has significantly reduced plastic waste through its Single-Use Plastics Directive.",concession_and_contrast_success_of_existing_bans,"I should examine case studies from Rwanda, the EU, Kenya, and various US states showing that bans are enforceable and produce measurable reductions in pollution.",However,conditional,availability_of_alternatives,"If we can switch to paper bags, compostable containers, or reusable alternatives for everyday items like straws and bottles, then banning single-use plastics isn’t a hardship—it’s a simple shift that protects our environment and communities.",conditional_availability_of_alternatives,"I should demonstrate that reusable, compostable, and biodegradable alternatives are available for bags, straws, containers, and packaging, making a ban practically feasible.",If,conclusion_and_summary,availability_of_alternatives,"In conclusion, a total government ban on single-use plastics is not only realistic but necessary to protect our oceans, wildlife, and future generations from the long-term damage of plastic waste.",conclusion_and_summary_availability_of_alternatives,"I should demonstrate that reusable, compostable, and biodegradable alternatives are available for bags, straws, containers, and packaging, making a ban practically feasible.",In conclusion
6,0.0,,,synthesis_strict,m1b,3,20260228_152612,1.3086111545562744,"Many countries and regions have successfully implemented bans on single-use plastics, with Rwanda and Kenya eliminating plastic bags entirely and seeing dramatic reductions in litter and environmental harm. If we ban single-use plastics, we can easily switch to reusable bags, compostable containers, and biodegradable packaging that don’t harm the environment. These alternatives are already widely available and used in everyday life, proving that a ban is practical and achievable. A total ban is essential to protect our oceans, soil, and wildlife from long-term damage. Without strong government action, plastic pollution will continue to grow, threatening ecosystems and human health. By enforcing a ban, we can drive innovation, reduce waste, and create a cleaner, healthier planet for future generations. In conclusion, a total ban on single-use plastics is not only possible but necessary to protect our environment.",concession_and_contrast,success_of_existing_bans,"However, many countries and regions have successfully implemented bans on single-use plastics, with Rwanda and Kenya eliminating plastic bags entirely and seeing dramatic reductions in litter and environmental harm.",concession_and_contrast_success_of_existing_bans,"I should examine case studies from Rwanda, the EU, Kenya, and various US states showing that bans are enforceable and produce measurable reductions in pollution.",However,conditional,availability_of_alternatives,"If we ban single-use plastics, we can easily switch to reusable bags, compostable containers, and biodegradable packaging that don’t harm the environment.",conditional_availability_of_alternatives,"I should demonstrate that reusable, compostable, and biodegradable alternatives are available for bags, straws, containers, and packaging, making a ban practically feasible.",If,conclusion_and_summary,availability_of_alternatives,"In conclusion, a total ban on single-use plastics is not only possible but necessary to protect our oceans, soil, and wildlife from long-term damage.",conclusion_and_summary_availability_of_alternatives,"I should demonstrate that reusable, compostable, and biodegradable alternatives are available for bags, straws, containers, and packaging, making a ban practically feasible.",In conclusion
6,0.0,,,synthesis_strict,m1b,4,20260228_152612,1.26765775680542,"However, real-world examples like Rwanda and Kenya prove that total bans on single-use plastics are not only possible but effective—Rwanda’s strict enforcement has made it one of the cleanest countries in Africa, with plastic waste nearly eliminated. If we can use paper bags, reusable containers, and compostable packaging for food and retail, then there’s no excuse for continuing to rely on plastic that harms our planet and wildlife. In conclusion, banning single-use plastics is a necessary and achievable step to protect our environment, public health, and future generations—especially since better alternatives already exist and are being used successfully around the world.",concession_and_contrast,success_of_existing_bans,"However, real-world examples like Rwanda and Kenya prove that total bans on single-use plastics are not only possible but effective—Rwanda’s strict enforcement has made it one of the cleanest countries in Africa, with plastic waste nearly eliminated.",concession_and_contrast_success_of_existing_bans,"I should examine case studies from Rwanda, the EU, Kenya, and various US states showing that bans are enforceable and produce measurable reductions in pollution.",However,conditional,availability_of_alternatives,"If we can use paper bags, reusable containers, and compostable packaging for food and retail, then there’s no excuse for continuing to rely on plastic that harms our planet and wildlife.",conditional_availability_of_alternatives,"I should demonstrate that reusable, compostable, and biodegradable alternatives are available for bags, straws, containers, and packaging, making a ban practically feasible.",If,conclusion_and_summary,availability_of_alternatives,"In conclusion, banning single-use plastics is a necessary and achievable step to protect our environment, public health, and future generations—especially since better alternatives already exist and are being used successfully around the world.",conclusion_and_summary_availability_of_alternatives,"I should demonstrate that reusable, compostable, and biodegradable alternatives are available for bags, straws, containers, and packaging, making a ban practically feasible.",In conclusion
7,0.0,,,synthesis_strict,m1b,0,20260228_152612,1.3204665184020996,"If Rwanda can successfully ban all single-use plastics and dramatically reduce plastic waste, then it proves that such bans are feasible even in developing nations. Therefore, a total ban on single-use plastics is not just environmentally necessary but also practically achievable, as demonstrated by successful implementations in places like Kenya and the European Union. For example, reusable bags, paper or plant-based straws, and compostable containers are already widely available and more sustainable than their plastic counterparts. These alternatives are not only effective but also increasingly affordable and accessible to everyday consumers. Banning single-use plastics would drastically reduce pollution in oceans, rivers, and landfills, protecting wildlife and ecosystems. It’s time for governments to take a stand and protect our planet, just as other nations have already done. A total ban is the most responsible and effective step we can take to create a cleaner, healthier future.",conditional,success_of_existing_bans,"If Rwanda can successfully ban all single-use plastics and dramatically reduce plastic waste, then it proves that such bans are feasible even in developing nations.",conditional_success_of_existing_bans,"I should examine case studies from Rwanda, the EU, Kenya, and various US states showing that bans are enforceable and produce measurable reductions in pollution.",If,causal_reasoning,success_of_existing_bans,"Therefore, a total ban on single-use plastics is not just environmentally necessary but also practically achievable, as demonstrated by successful implementations in places like Kenya and the European Union.",causal_reasoning_success_of_existing_bans,"I should examine case studies from Rwanda, the EU, Kenya, and various US states showing that bans are enforceable and produce measurable reductions in pollution.",Therefore,exemplification,availability_of_alternatives,"For example, reusable bags, paper or plant-based straws, and compostable containers are already widely available and more sustainable than their plastic counterparts.",exemplification_availability_of_alternatives,"I should demonstrate that reusable, compostable, and biodegradable alternatives are available for bags, straws, containers, and packaging, making a ban practically feasible.",For example
7,0.0,,,synthesis_strict,m1b,1,20260228_152612,1.4483284950256348,"If Rwanda and Kenya have successfully banned single-use plastics and seen dramatic reductions in plastic waste, then a total ban is not only feasible but already proven in real-world contexts. Therefore, a total ban on single-use plastics is not just environmentally necessary but also practically achievable, as demonstrated by countries and regions that have already implemented such policies with measurable success. For example, there are now affordable and accessible alternatives like paper bags, bamboo straws, and compostable containers that can easily replace single-use plastics in everyday life. These alternatives are already being used in stores, restaurants, and households across the globe. Banning single-use plastics is the most effective way to protect our oceans, reduce landfill pollution, and prevent harm to wildlife. People can adapt quickly when given clear guidelines and better options, as seen in places that have made the switch. A total ban is not extreme—it’s a responsible, necessary step toward a cleaner, healthier planet for everyone.",conditional,success_of_existing_bans,"If Rwanda and Kenya have successfully banned single-use plastics and seen dramatic reductions in plastic waste, then a total ban is not only feasible but already proven in real-world contexts.",conditional_success_of_existing_bans,"I should examine case studies from Rwanda, the EU, Kenya, and various US states showing that bans are enforceable and produce measurable reductions in pollution.",If,causal_reasoning,success_of_existing_bans,"Therefore, a total ban on single-use plastics is not just environmentally necessary but also practically achievable, as demonstrated by countries and regions that have already implemented such policies with measurable success.",causal_reasoning_success_of_existing_bans,"I should examine case studies from Rwanda, the EU, Kenya, and various US states showing that bans are enforceable and produce measurable reductions in pollution.",Therefore,exemplification,availability_of_alternatives,"For example, there are now affordable and accessible alternatives like paper bags, bamboo straws, and compostable containers that can easily replace single-use plastics in everyday life.",exemplification_availability_of_alternatives,"I should demonstrate that reusable, compostable, and biodegradable alternatives are available for bags, straws, containers, and packaging, making a ban practically feasible.",For example
7,0.0,,,synthesis_strict,m1b,2,20260228_152612,1.6491634845733643,"If other nations and regions have successfully banned single-use plastics and seen real improvements in environmental health, then a ban is both feasible and beneficial, even for a regular person like me who just wants cleaner streets and oceans. Therefore, if places like Rwanda and Kenya have eliminated plastic waste from their cities and rivers with a total ban, then we can too—because it’s not about being a scientist or policymaker, it’s about caring for our planet. For example, I can easily switch to reusable shopping bags, metal straws, and paper or bamboo containers—those options are already common, affordable, and work just as well. A government ban would push businesses to innovate and make sustainable choices the norm, not the exception. It’s not about restricting freedom—it’s about protecting our health, wildlife, and future. We’ve already seen what works in other countries, and the evidence is clear: a total ban is the right step. So let’s stop letting plastic choke our planet—let’s choose a cleaner, safer world for everyone.",conditional,success_of_existing_bans,"If other nations and regions have successfully banned single-use plastics and seen real improvements in environmental health, then a ban is both feasible and beneficial, even for a regular person like me who just wants cleaner streets and oceans.",conditional_success_of_existing_bans,"I should examine case studies from Rwanda, the EU, Kenya, and various US states showing that bans are enforceable and produce measurable reductions in pollution.",If,causal_reasoning,success_of_existing_bans,"Therefore, if places like Rwanda and Kenya have eliminated plastic waste from their cities and rivers with a total ban, then we can too—because it’s not about being a scientist or policymaker, it’s about caring for our planet.",causal_reasoning_success_of_existing_bans,"I should examine case studies from Rwanda, the EU, Kenya, and various US states showing that bans are enforceable and produce measurable reductions in pollution.",Therefore,exemplification,availability_of_alternatives,"For example, I can easily switch to reusable shopping bags, metal straws, and paper or bamboo containers—those options are already common, affordable, and work just as well.",exemplification_availability_of_alternatives,"I should demonstrate that reusable, compostable, and biodegradable alternatives are available for bags, straws, containers, and packaging, making a ban practically feasible.",For example
7,0.0,,,synthesis_strict,m1b,3,20260228_152612,1.2924857139587402,"If countries like Rwanda and Kenya have successfully banned single-use plastics and seen dramatic decreases in plastic waste, then a total ban is not only possible but effective in real-world conditions. Therefore, if these places have already achieved positive results with bans, then the government should follow suit to protect the environment and public health. For example, many companies now offer affordable paper, bamboo, and plant-based alternatives that are just as functional as plastic—so a ban wouldn’t inconvenience people, it would just encourage smarter choices. It's not about giving up convenience; it's about protecting our oceans, wildlife, and future generations. We’ve seen what works—now it’s time to act. A total ban is a clear, necessary, and achievable step toward a cleaner, healthier planet.",conditional,success_of_existing_bans,"If countries like Rwanda and Kenya have successfully banned single-use plastics and seen dramatic decreases in plastic waste, then a total ban is not only possible but effective in real-world conditions.",conditional_success_of_existing_bans,"I should examine case studies from Rwanda, the EU, Kenya, and various US states showing that bans are enforceable and produce measurable reductions in pollution.",If,causal_reasoning,success_of_existing_bans,"Therefore, if these places have already achieved positive results with bans, then the government should follow suit to protect the environment and public health.",causal_reasoning_success_of_existing_bans,"I should examine case studies from Rwanda, the EU, Kenya, and various US states showing that bans are enforceable and produce measurable reductions in pollution.",Therefore,exemplification,availability_of_alternatives,"For example, many companies now offer affordable paper, bamboo, and plant-based alternatives that are just as functional as plastic—so a ban wouldn’t inconvenience people, it would just encourage smarter choices.",exemplification_availability_of_alternatives,"I should demonstrate that reusable, compostable, and biodegradable alternatives are available for bags, straws, containers, and packaging, making a ban practically feasible.",For example
7,0.0,,,synthesis_strict,m1b,4,20260228_152612,1.1780409812927246,"If the government bans single-use plastics, it can significantly reduce pollution—countries like Rwanda and Kenya have already shown that such bans work in practice. Therefore, a national ban is not only possible but already proven effective in places with similar economies and infrastructure. For example, paper bags, bamboo straws, and compostable containers are already widely available and cost-effective, meaning people can switch without major disruption. Plastic pollution harms wildlife, clogs waterways, and takes hundreds of years to break down, so acting now is crucial. A ban encourages innovation and pushes industries to develop sustainable alternatives. This isn’t about restricting freedom—it’s about protecting our planet for future generations. A total ban on single-use plastics is a necessary, practical, and responsible step forward.",conditional,success_of_existing_bans,"If the government bans single-use plastics, it can significantly reduce pollution—countries like Rwanda and Kenya have already shown that such bans work in practice.",conditional_success_of_existing_bans,"I should examine case studies from Rwanda, the EU, Kenya, and various US states showing that bans are enforceable and produce measurable reductions in pollution.",If,causal_reasoning,success_of_existing_bans,"Therefore, a national ban is not only possible but already proven effective in places with similar economies and infrastructure.",causal_reasoning_success_of_existing_bans,"I should examine case studies from Rwanda, the EU, Kenya, and various US states showing that bans are enforceable and produce measurable reductions in pollution.",Therefore,exemplification,availability_of_alternatives,"For example, paper bags, bamboo straws, and compostable containers are already widely available and cost-effective, meaning people can switch without major disruption.",exemplification_availability_of_alternatives,"I should demonstrate that reusable, compostable, and biodegradable alternatives are available for bags, straws, containers, and packaging, making a ban practically feasible.",For example
8,0.0,,,synthesis_strict,m1b,0,20260228_152612,1.4797496795654297,"Next to posing a direct threat to marine life, single-use plastics clog waterways and harm ecosystems. Countries like Rwanda and Kenya have successfully implemented total bans, drastically reducing plastic waste and inspiring global change. Next to being harmful, single-use plastics are not necessary—reusable alternatives like cloth bags, metal straws, and glass containers are already widely available and affordable, making a ban both practical and sustainable. For example, the cost of cleaning up plastic pollution from oceans and rivers falls on taxpayers and local governments, not the companies that produce these products, making government intervention fair and necessary. A total ban ensures that environmental and public health are prioritized over corporate profit. This is not about restricting freedom—it's about protecting our planet for future generations. I believe the government should enforce a total ban on single-use plastics because it’s the responsible, necessary, and achievable step we must take now.",sequence_and_transition,success_of_existing_bans,"Next to posing a direct threat to marine life, single-use plastics clog waterways and harm ecosystems. Countries like Rwanda and Kenya have successfully implemented total bans, drastically reducing plastic waste and inspiring global change.",sequence_and_transition_success_of_existing_bans,"I should examine case studies from Rwanda, the EU, Kenya, and various US states showing that bans are enforceable and produce measurable reductions in pollution.",Next,sequence_and_transition,availability_of_alternatives,"Next to being harmful, single-use plastics are not necessary—reusable alternatives like cloth bags, metal straws, and glass containers are already widely available and affordable, making a ban both practical and sustainable.",sequence_and_transition_availability_of_alternatives,"I should demonstrate that reusable, compostable, and biodegradable alternatives are available for bags, straws, containers, and packaging, making a ban practically feasible.",Next,exemplification,economic_externalities,"For example, the cost of cleaning up plastic pollution from oceans and rivers falls on taxpayers and local governments, not the companies that produce these products, making government intervention fair and necessary.",exemplification_economic_externalities,"I should calculate how cleanup costs, healthcare burdens, tourism losses, and ecosystem damage are borne by the public rather than producers—a market failure requiring correction.",For example
8,0.0,,,synthesis_strict,m1b,1,20260228_152612,1.2785515785217285,"The government should enforce a total ban on single-use plastics because it’s already proven to work in countries like Rwanda and Kenya, where plastic pollution dropped dramatically after bans were enacted. We already have viable alternatives like reusable bags, paper straws, and compostable packaging that are affordable and available in stores. Banning single-use plastics isn’t just about protecting the environment—it’s about protecting our health and wallets, since plastic pollution leads to expensive cleanup, harms wildlife, and damages tourism. Right now, the costs of pollution are paid by ordinary people, not the corporations that make the plastic. A ban corrects this imbalance and pushes manufacturers to innovate safer, sustainable options. It’s time to stop treating the environment like a trash can and start acting like responsible citizens. This isn’t just a policy—it’s a necessary step to protect our planet and future generations.",sequence_and_transition,success_of_existing_bans,"Next, I’ll highlight the real-world success of nations and regions that have banned single-use plastics, proving it’s not just idealistic but practical.",sequence_and_transition_success_of_existing_bans,"I should examine case studies from Rwanda, the EU, Kenya, and various US states showing that bans are enforceable and produce measurable reductions in pollution.",Next,sequence_and_transition,availability_of_alternatives,"Next, I’ll point out that alternatives like cloth bags, paper packaging, and compostable containers are already widely used and affordable.",sequence_and_transition_availability_of_alternatives,"I should demonstrate that reusable, compostable, and biodegradable alternatives are available for bags, straws, containers, and packaging, making a ban practically feasible.",Next,exemplification,economic_externalities,"For example, cleaning up plastic pollution costs taxpayers billions annually, and marine animals suffer and die from ingesting plastic—this harms everyone.",exemplification_economic_externalities,"I should calculate how cleanup costs, healthcare burdens, tourism losses, and ecosystem damage are borne by the public rather than producers—a market failure requiring correction.",For example
8,0.0,,,synthesis_strict,m1b,2,20260228_152612,1.3497772216796875,"The government should enforce a total ban on single-use plastics because countries like Rwanda, the EU, and Kenya have proven it’s possible to drastically reduce plastic waste through such measures—Rwanda now has nearly zero plastic pollution, with clean streets and rivers. Reusable, compostable, and biodegradable alternatives exist for bags, straws, containers, and packaging, making a ban practical and achievable without disrupting daily life. The environmental and health costs of plastic pollution—like dirty water, polluted air, and microplastics in human blood—are borne by the public, not the companies that profit from plastic production. This is a market failure that demands government intervention to protect our health, ecosystems, and future generations. Banning single-use plastics is not just responsible—it’s necessary for a cleaner, safer world. We’ve seen it work in other nations; we can do it too.",sequence_and_transition,success_of_existing_bans,"Next to zero plastic waste is seen in Rwanda after their nationwide ban, with streets and rivers now clean, proving it's possible to eliminate single-use plastics.",sequence_and_transition_success_of_existing_bans,"I should examine case studies from Rwanda, the EU, Kenya, and various US states showing that bans are enforceable and produce measurable reductions in pollution.",Next,sequence_and_transition,availability_of_alternatives,"Next to zero plastic waste is seen in Rwanda after their nationwide ban, with streets and rivers now clean, proving it's possible to eliminate single-use plastics.",sequence_and_transition_availability_of_alternatives,"I should demonstrate that reusable, compostable, and biodegradable alternatives are available for bags, straws, containers, and packaging, making a ban practically feasible.",Next,exemplification,economic_externalities,"For example, cleaning up plastic pollution costs cities billions annually, and microplastics have been found in human blood, linking plastic to long-term health risks.",exemplification_economic_externalities,"I should calculate how cleanup costs, healthcare burdens, tourism losses, and ecosystem damage are borne by the public rather than producers—a market failure requiring correction.",For example
8,0.0,,,synthesis_strict,m1b,3,20260228_152612,1.311450719833374,"The government should enforce a total ban on single-use plastics because countries like Rwanda, Kenya, and the EU have successfully implemented such bans and seen dramatic reductions in plastic pollution. These bans have not only cleaned up streets and waterways but also protected wildlife and reduced the long-term environmental damage caused by plastic waste. Fortunately, alternatives like reusable bags, compostable containers, and biodegradable packaging are already widely available and affordable for everyday use. The real cost of plastic isn’t just in production—it’s in the billions spent annually on cleanup, the harm to marine life, and the decline in tourism due to polluted beaches and oceans. This burden falls on communities, not on the corporations that profit from single-use plastics. A ban corrects this imbalance by shifting responsibility to producers and incentivizing sustainable innovation. It’s not about restricting freedom—it’s about protecting our health, environment, and future for everyone.",sequence_and_transition,success_of_existing_bans,"Next, I should highlight how these bans have led to significant reductions in plastic waste and ocean pollution in places where they’ve been implemented.",sequence_and_transition_success_of_existing_bans,"I should examine case studies from Rwanda, the EU, Kenya, and various US states showing that bans are enforceable and produce measurable reductions in pollution.",Next,sequence_and_transition,availability_of_alternatives,"Next, I should emphasize that many everyday plastic items can be replaced with eco-friendly options that are already on the market and affordable for most consumers.",sequence_and_transition_availability_of_alternatives,"I should demonstrate that reusable, compostable, and biodegradable alternatives are available for bags, straws, containers, and packaging, making a ban practically feasible.",Next,exemplification,economic_externalities,"For example, cleaning up plastic waste costs billions annually, and marine life dies from ingesting plastic, ultimately harming communities and economies.",exemplification_economic_externalities,"I should calculate how cleanup costs, healthcare burdens, tourism losses, and ecosystem damage are borne by the public rather than producers—a market failure requiring correction.",For example
8,0.0,,,synthesis_strict,m1b,4,20260228_152612,1.2018539905548096,"The government should enforce a total ban on single-use plastics because real-world examples from countries like Rwanda, Kenya, and the EU prove such bans are effective and sustainable. These places have drastically reduced plastic pollution, improved public health, and protected their natural environments with strong enforcement and public cooperation. Fortunately, safe and affordable alternatives—like reusable bags, compostable containers, and paper straws—are already widely available, so a ban wouldn’t inconvenience people or disrupt daily life. Right now, the public pays the price for plastic waste through cleanup costs, damaged ecosystems, and even health issues, while plastic companies avoid responsibility. This is a clear case of market failure that needs government intervention. A total ban would shift the burden to producers, incentivize innovation, and protect future generations. It’s time to act decisively for our planet and our communities.",sequence_and_transition,success_of_existing_bans,"Next, I’ll highlight real-world examples where plastic bans have already succeeded in reducing litter and protecting ecosystems.",sequence_and_transition_success_of_existing_bans,"I should examine case studies from Rwanda, the EU, Kenya, and various US states showing that bans are enforceable and produce measurable reductions in pollution.",Next,sequence_and_transition,availability_of_alternatives,"Next, I’ll explain that safe and affordable alternatives already exist for everyday plastic items, so a ban wouldn’t disrupt daily life.",sequence_and_transition_availability_of_alternatives,"I should demonstrate that reusable, compostable, and biodegradable alternatives are available for bags, straws, containers, and packaging, making a ban practically feasible.",Next,exemplification,economic_externalities,"For example, governments and taxpayers pay billions annually to clean up plastic waste, while plastic companies avoid those costs.",exemplification_economic_externalities,"I should calculate how cleanup costs, healthcare burdens, tourism losses, and ecosystem damage are borne by the public rather than producers—a market failure requiring correction.",For example
9,0.0,,,synthesis_strict,m1b,0,20260228_152612,1.3017406463623047,"If we can replace single-use plastics with eco-friendly alternatives like paper, bamboo, or plant-based materials, then banning them is not only possible but necessary to protect the environment. Importantly, the cost of cleaning up plastic waste and the damage to wildlife and ocean ecosystems is paid by taxpayers and communities, not the companies that profit from single-use plastics. Therefore, banning single-use plastics won’t disrupt daily life—there are already safe and affordable alternatives that people can use without major changes. We shouldn’t keep allowing companies to dump environmental costs onto the public while making a quick profit. A total ban would push innovation, reduce pollution, and protect our planet for future generations. It’s time to act before the damage becomes irreversible. We can handle this shift—many countries and cities have already done it successfully.",conditional,availability_of_alternatives,"If we can replace single-use plastics with eco-friendly alternatives like paper, bamboo, or plant-based materials, then banning them is not only possible but necessary to protect the environment.",conditional_availability_of_alternatives,"I should demonstrate that reusable, compostable, and biodegradable alternatives are available for bags, straws, containers, and packaging, making a ban practically feasible.",If,emphasis_and_evaluation,economic_externalities,"Importantly, the cost of cleaning up plastic waste and the damage to wildlife and ocean ecosystems is paid by taxpayers and communities, not the companies that profit from single-use plastics.",emphasis_and_evaluation_economic_externalities,"I should calculate how cleanup costs, healthcare burdens, tourism losses, and ecosystem damage are borne by the public rather than producers—a market failure requiring correction.",Importantly,causal_reasoning,availability_of_alternatives,"Therefore, banning single-use plastics won’t disrupt daily life—there are already safe and affordable alternatives that people can use without major changes.",causal_reasoning_availability_of_alternatives,"I should demonstrate that reusable, compostable, and biodegradable alternatives are available for bags, straws, containers, and packaging, making a ban practically feasible.",Therefore
9,0.0,,,synthesis_strict,m1b,1,20260228_152612,1.5142567157745361,"If we switch to reusable or compostable alternatives like cloth bags, bamboo straws, and plant-based containers, we can easily replace single-use plastics without sacrificing convenience. Importantly, the real cost of single-use plastics isn’t just in the product—it’s in the pollution it causes: cleaning up streets, harming wildlife, contaminating water, and damaging economies, all of which we pay for as taxpayers. Therefore, banning single-use plastics is not just environmentally responsible—it’s also economically smart, because it reduces long-term costs to society. We already have practical alternatives that work in daily life, so there’s no reason to keep allowing something so harmful. The government has a duty to protect public health and the environment, and a total ban is the most effective way to do that. It’s not about inconvenience—it’s about protecting our planet and future generations. We can’t keep pretending that pollution is someone else’s problem. It’s our problem, and we need to fix it now.",conditional,availability_of_alternatives,"If we switch to reusable or compostable alternatives like cloth bags, bamboo straws, and plant-based containers, we can easily replace single-use plastics without sacrificing convenience.",conditional_availability_of_alternatives,"I should demonstrate that reusable, compostable, and biodegradable alternatives are available for bags, straws, containers, and packaging, making a ban practically feasible.",If,emphasis_and_evaluation,economic_externalities,"Importantly, the real cost of single-use plastics isn’t just in the product—it’s in the pollution it causes: cleaning up streets, harming wildlife, contaminating water, and damaging economies, all of which we pay for as taxpayers.",emphasis_and_evaluation_economic_externalities,"I should calculate how cleanup costs, healthcare burdens, tourism losses, and ecosystem damage are borne by the public rather than producers—a market failure requiring correction.",Importantly,causal_reasoning,availability_of_alternatives,"Therefore, banning single-use plastics is not just environmentally responsible—it’s also economically smart, because it reduces long-term costs to society.",causal_reasoning_availability_of_alternatives,"I should demonstrate that reusable, compostable, and biodegradable alternatives are available for bags, straws, containers, and packaging, making a ban practically feasible.",Therefore
9,0.0,,,synthesis_strict,m1b,2,20260228_152612,1.1558990478515625,"If we're moving toward a sustainable future, we already have viable alternatives like reusable bags, bamboo straws, and compostable food containers that work just as well as single-use plastics. Importantly, the real cost of plastic pollution isn’t just in the trash—it’s in the money spent cleaning beaches, sick kids from toxins, and lost tourism, which we all end up paying through taxes. Therefore, banning single-use plastics isn’t about restricting choice—it’s about protecting our health, environment, and future, and we already have the tools to make it work.",conditional,availability_of_alternatives,"If we're moving toward a sustainable future, we already have viable alternatives like reusable bags, bamboo straws, and compostable food containers that work just as well as single-use plastics.",conditional_availability_of_alternatives,"I should demonstrate that reusable, compostable, and biodegradable alternatives are available for bags, straws, containers, and packaging, making a ban practically feasible.",If,emphasis_and_evaluation,economic_externalities,"Importantly, the real cost of plastic pollution isn’t just in the trash—it’s in the money spent cleaning beaches, sick kids from toxins, and lost tourism, which we all end up paying through taxes.",emphasis_and_evaluation_economic_externalities,"I should calculate how cleanup costs, healthcare burdens, tourism losses, and ecosystem damage are borne by the public rather than producers—a market failure requiring correction.",Importantly,causal_reasoning,availability_of_alternatives,"Therefore, banning single-use plastics isn’t about restricting choice—it’s about protecting our health, environment, and future, and we already have the tools to make it work.",causal_reasoning_availability_of_alternatives,"I should demonstrate that reusable, compostable, and biodegradable alternatives are available for bags, straws, containers, and packaging, making a ban practically feasible.",Therefore
9,0.0,,,synthesis_strict,m1b,3,20260228_152612,1.0148906707763672,"If we can already use alternatives like paper bags, glass containers, and bamboo straws, then banning single-use plastics is not only possible but necessary to protect our environment. Importantly, the real cost of plastic pollution isn’t paid by the companies that make it—it’s paid by taxpayers through cleanup, healthcare problems from microplastics, and damaged beaches and rivers. Therefore, a total ban isn’t a hardship—it’s a common-sense step toward protecting our planet for future generations.",conditional,availability_of_alternatives,"If we can already use alternatives like paper bags, glass containers, and bamboo straws, then banning single-use plastics is not only possible but necessary to protect our environment.",conditional_availability_of_alternatives,"I should demonstrate that reusable, compostable, and biodegradable alternatives are available for bags, straws, containers, and packaging, making a ban practically feasible.",If,emphasis_and_evaluation,economic_externalities,"Importantly, the real cost of plastic pollution isn’t paid by the companies that make it—it’s paid by taxpayers through cleanup, healthcare problems from microplastics, and damaged beaches and rivers.",emphasis_and_evaluation_economic_externalities,"I should calculate how cleanup costs, healthcare burdens, tourism losses, and ecosystem damage are borne by the public rather than producers—a market failure requiring correction.",Importantly,causal_reasoning,availability_of_alternatives,"Therefore, a total ban isn’t a hardship—it’s a common-sense step toward protecting our planet for future generations.",causal_reasoning_availability_of_alternatives,"I should demonstrate that reusable, compostable, and biodegradable alternatives are available for bags, straws, containers, and packaging, making a ban practically feasible.",Therefore
9,0.0,,,synthesis_strict,m1b,4,20260228_152612,1.1927320957183838,"If we can already find reusable bags, compostable containers, and biodegradable packaging, then banning single-use plastics is not only possible but already happening in many places without major disruptions. Importantly, the government should step in because the environmental damage from plastic pollution—like clogged waterways, dying marine life, and cleanup costs—ends up costing taxpayers and communities far more than a ban ever would. Therefore, if we can already use alternatives that are safe, affordable, and effective, then banning single-use plastics is a practical and responsible move to protect our planet and our health.",conditional,availability_of_alternatives,"If we can already find reusable bags, compostable containers, and biodegradable packaging, then banning single-use plastics is not only possible but already happening in many places without major disruptions.",conditional_availability_of_alternatives,"I should demonstrate that reusable, compostable, and biodegradable alternatives are available for bags, straws, containers, and packaging, making a ban practically feasible.",If,emphasis_and_evaluation,economic_externalities,"Importantly, the government should step in because the environmental damage from plastic pollution—like clogged waterways, dying marine life, and cleanup costs—ends up costing taxpayers and communities far more than a ban ever would.",emphasis_and_evaluation_economic_externalities,"I should calculate how cleanup costs, healthcare burdens, tourism losses, and ecosystem damage are borne by the public rather than producers—a market failure requiring correction.",Importantly,causal_reasoning,availability_of_alternatives,"Therefore, if we can already use alternatives that are safe, affordable, and effective, then banning single-use plastics is a practical and responsible move to protect our planet and our health.",causal_reasoning_availability_of_alternatives,"I should demonstrate that reusable, compostable, and biodegradable alternatives are available for bags, straws, containers, and packaging, making a ban practically feasible.",Therefore
10,0.0,,,synthesis_strict,m1b,0,20260228_152612,1.4233362674713135,"Next to the plastic bags and bottles, there are already many eco-friendly options like paper bags, glass jars, and plant-based packaging that work just as well for everyday use. In other words, the cost of cleaning up plastic pollution and dealing with its health and environmental effects falls on taxpayers and communities, not the companies that make the plastic. However, countries like Rwanda and Kenya have successfully banned plastic bags and seen dramatic drops in litter, proving that such bans can work in real-world conditions. These examples show that a total ban is not just idealistic but achievable and practical. The government has a responsibility to protect public health and the environment, and banning single-use plastics is a clear and necessary step in that direction. This change wouldn't be a burden but a long-overdue solution to a problem that's already harming our planet and communities. It’s time to stop tolerating plastic waste and start building a cleaner, healthier future for everyone.",sequence_and_transition,availability_of_alternatives,"Next to the plastic bags and bottles, there are already many eco-friendly options like paper bags, glass jars, and plant-based packaging that work just as well for everyday use.",sequence_and_transition_availability_of_alternatives,"I should demonstrate that reusable, compostable, and biodegradable alternatives are available for bags, straws, containers, and packaging, making a ban practically feasible.",Next,clarification_and_specification,economic_externalities,"In other words, the cost of cleaning up plastic pollution and dealing with its health and environmental effects falls on taxpayers and communities, not the companies that make the plastic.",clarification_and_specification_economic_externalities,"I should calculate how cleanup costs, healthcare burdens, tourism losses, and ecosystem damage are borne by the public rather than producers—a market failure requiring correction.",In other words,concession_and_contrast,success_of_existing_bans,"However, countries like Rwanda and Kenya have successfully banned plastic bags and seen dramatic drops in litter, proving that such bans can work in real-world conditions.",concession_and_contrast_success_of_existing_bans,"I should examine case studies from Rwanda, the EU, Kenya, and various US states showing that bans are enforceable and produce measurable reductions in pollution.",However
10,0.0,,,synthesis_strict,m1b,1,20260228_152612,1.5465061664581299,"Next-generation materials like bamboo, paper, and plant-based plastics already offer sustainable alternatives to single-use plastics, and they're becoming more affordable and accessible every day. In other words, the real cost of single-use plastics isn't just the price at the store—it's the pollution in our oceans, the harm to wildlife, and the cleanup that taxpayers end up paying for. However, countries like Rwanda and Kenya have shown that strict bans can work—Rwanda now has the cleanest cities in Africa, and plastic waste has dropped dramatically. These examples prove that a ban isn't just idealistic—it's practical and effective. The government has a responsibility to protect public health and the environment, and a total ban on single-use plastics is a clear, necessary step in that direction. We can't keep letting companies off the hook while we pay the price in polluted rivers, sick animals, and contaminated beaches. It's time to make a change, not just for the planet, but for our own well-being and future generations.",sequence_and_transition,availability_of_alternatives,"Next-generation materials like bamboo, paper, and plant-based plastics already offer sustainable alternatives to single-use plastics, and they're becoming more affordable and accessible every day.",sequence_and_transition_availability_of_alternatives,"I should demonstrate that reusable, compostable, and biodegradable alternatives are available for bags, straws, containers, and packaging, making a ban practically feasible.",Next,clarification_and_specification,economic_externalities,"In other words, the real cost of single-use plastics isn't just the price at the store—it's the pollution in our oceans, the harm to wildlife, and the cleanup that taxpayers end up paying for.",clarification_and_specification_economic_externalities,"I should calculate how cleanup costs, healthcare burdens, tourism losses, and ecosystem damage are borne by the public rather than producers—a market failure requiring correction.",In other words,concession_and_contrast,success_of_existing_bans,"However, countries like Rwanda and Kenya have shown that strict bans can work—Rwanda now has the cleanest cities in Africa, and plastic waste has dropped dramatically.",concession_and_contrast_success_of_existing_bans,"I should examine case studies from Rwanda, the EU, Kenya, and various US states showing that bans are enforceable and produce measurable reductions in pollution.",However
10,0.0,,,synthesis_strict,m1b,2,20260228_152612,1.5856239795684814,"Next to the plastic we use every day, there are real alternatives—like paper bags, glass containers, and bamboo straws—that are just as effective and better for the environment. In other words, the real cost of plastic isn’t just in the store—it’s in the oceans, our rivers, and even in the food we eat, and these hidden costs are paid by all of us through taxes and pollution. However, we already see proof that this works—from Rwanda’s total ban that made it one of the cleanest countries in Africa, to California and Hawaii cutting plastic waste by more than half after implementing bans. The government has a responsibility to protect public health and the planet, and banning single-use plastics is a clear, practical step in that direction. It’s not about restricting freedom—it’s about protecting our shared future. We don’t need to wait for perfect solutions; we can start with what we already know works. A total ban is necessary, achievable, and long overdue.",sequence_and_transition,availability_of_alternatives,"Next to the plastic we use every day, there are real alternatives—like paper bags, glass containers, and bamboo straws—that are just as effective and better for the environment.",sequence_and_transition_availability_of_alternatives,"I should demonstrate that reusable, compostable, and biodegradable alternatives are available for bags, straws, containers, and packaging, making a ban practically feasible.",Next,clarification_and_specification,economic_externalities,"In other words, the real cost of plastic isn’t just in the store—it’s in the oceans, our rivers, and even in the food we eat, and these hidden costs are paid by all of us through taxes and pollution.",clarification_and_specification_economic_externalities,"I should calculate how cleanup costs, healthcare burdens, tourism losses, and ecosystem damage are borne by the public rather than producers—a market failure requiring correction.",In other words,concession_and_contrast,success_of_existing_bans,"However, we already see proof that this works—from Rwanda’s total ban that made it one of the cleanest countries in Africa, to California and Hawaii cutting plastic waste by more than half after implementing bans.",concession_and_contrast_success_of_existing_bans,"I should examine case studies from Rwanda, the EU, Kenya, and various US states showing that bans are enforceable and produce measurable reductions in pollution.",However
10,0.0,,,synthesis_strict,m1b,3,20260228_152612,1.5074257850646973,"Next-generation materials like bamboo, paper, or plant-based bioplastics already exist and can replace single-use plastics in everyday items such as bags, straws, and food containers. In other words, single-use plastics impose hidden costs on society through pollution cleanup, damaged ecosystems, and harm to marine life, which are paid for by taxpayers and local communities, not the companies that produce them. However, countries like Rwanda and Kenya have successfully banned single-use plastics and seen dramatic drops in litter, proving that these bans are not only possible but effective in real-world settings. A total ban would push businesses to innovate and adopt sustainable alternatives, reducing long-term environmental damage. It’s not just about stopping pollution—it’s about protecting our health, our oceans, and future generations. Since alternatives already exist and real-world examples show success, a government-led ban is both practical and necessary. We can’t afford to keep waiting—our planet can’t handle another decade of plastic waste.",sequence_and_transition,availability_of_alternatives,"Next-generation materials like bamboo, paper, or plant-based bioplastics already exist and can replace single-use plastics in everyday items such as bags, straws, and food containers.",sequence_and_transition_availability_of_alternatives,"I should demonstrate that reusable, compostable, and biodegradable alternatives are available for bags, straws, containers, and packaging, making a ban practically feasible.",Next,clarification_and_specification,economic_externalities,"In other words, single-use plastics impose hidden costs on society through pollution cleanup, damaged ecosystems, and harm to marine life, which are paid for by taxpayers and local communities, not the companies that produce them.",clarification_and_specification_economic_externalities,"I should calculate how cleanup costs, healthcare burdens, tourism losses, and ecosystem damage are borne by the public rather than producers—a market failure requiring correction.",In other words,concession_and_contrast,success_of_existing_bans,"However, countries like Rwanda and Kenya have successfully banned single-use plastics and seen dramatic drops in litter, proving that these bans are not only possible but effective in real-world settings.",concession_and_contrast_success_of_existing_bans,"I should examine case studies from Rwanda, the EU, Kenya, and various US states showing that bans are enforceable and produce measurable reductions in pollution.",However
10,0.0,,,synthesis_strict,m1b,4,20260228_152612,1.3130440711975098,"The government should enforce a total ban on single-use plastics because alternatives like reusable bags, compostable containers, and plant-based straws are already available and widely used. When plastic pollution harms oceans, clogs rivers, or harms wildlife, the public ends up paying through cleanup costs, health issues, and damaged tourism—this is a failure of accountability that only a ban can fix. Countries like Rwanda, Kenya, and members of the EU have already implemented strong plastic bans, and they’ve seen clear improvements in cleanliness, waste reduction, and environmental health. A total ban is not only practical but necessary to protect the planet and our communities. It’s time to stop letting corporations off the hook and start holding them responsible for the mess they create. With better policies and public will, we can build a cleaner, healthier future without single-use plastics.",sequence_and_transition,availability_of_alternatives,Next-generation materials like plant-based bioplastics and reusable fabric bags are already widely available and can replace single-use plastics without sacrificing convenience.,sequence_and_transition_availability_of_alternatives,"I should demonstrate that reusable, compostable, and biodegradable alternatives are available for bags, straws, containers, and packaging, making a ban practically feasible.",Next,clarification_and_specification,economic_externalities,"In other words, when plastic pollution damages marine life or clogs our waterways, it’s the taxpayers who pay to clean up, not the companies that profit from disposable plastic.",clarification_and_specification_economic_externalities,"I should calculate how cleanup costs, healthcare burdens, tourism losses, and ecosystem damage are borne by the public rather than producers—a market failure requiring correction.",In other words,concession_and_contrast,success_of_existing_bans,"However, countries like Rwanda and Kenya have successfully banned single-use plastics and seen dramatic reductions in litter and environmental harm, proving such bans work in real-world conditions.",concession_and_contrast_success_of_existing_bans,"I should examine case studies from Rwanda, the EU, Kenya, and various US states showing that bans are enforceable and produce measurable reductions in pollution.",However
11,0.0,,,synthesis_strict,m1b,0,20260228_152612,1.0982120037078857,"The government should enforce a total ban on single-use plastics because the environmental and public health benefits are too significant to ignore. Countries like Rwanda and Kenya have successfully implemented such bans, leading to cleaner streets, reduced ocean pollution, and healthier ecosystems. Without government action, we continue to pay the hidden costs—through polluted beaches, contaminated water, and increased healthcare burdens—while plastic producers avoid accountability. A ban is not just responsible policy; it’s a necessary step to protect our planet and our future. It’s time to stop treating plastic waste as someone else’s problem and start treating our environment with the care it deserves.",sequence_and_transition,success_of_existing_bans,"Next, I will highlight the environmental and public health benefits of eliminating single-use plastics, such as reduced ocean pollution and lower risks of microplastics in food and water.",sequence_and_transition_success_of_existing_bans,"I should examine case studies from Rwanda, the EU, Kenya, and various US states showing that bans are enforceable and produce measurable reductions in pollution.",Next,conclusion_and_summary,success_of_existing_bans,"In conclusion, the evidence from countries like Rwanda and Kenya shows that bans on single-use plastics are not only feasible but also lead to cleaner communities and ecosystems.",conclusion_and_summary_success_of_existing_bans,"I should examine case studies from Rwanda, the EU, Kenya, and various US states showing that bans are enforceable and produce measurable reductions in pollution.",In conclusion,conditional,economic_externalities,"If the government doesn’t act, we’re all paying the price through polluted beaches, contaminated drinking water, and rising healthcare costs.",conditional_economic_externalities,"I should calculate how cleanup costs, healthcare burdens, tourism losses, and ecosystem damage are borne by the public rather than producers—a market failure requiring correction.",If
11,0.0,,,synthesis_strict,m1b,1,20260228_152612,1.3694124221801758,"Rwanda and Kenya have shown that banning single-use plastics works—both countries now have cleaner streets and less plastic waste in their rivers and oceans, proving that such laws are enforceable. The European Union’s plastic ban has also led to a significant drop in plastic pollution and has encouraged companies to innovate with reusable and biodegradable alternatives. These real-world successes show that a total government ban isn’t just idealistic—it’s practical and effective. Right now, the public pays for plastic pollution through expensive cleanups, contaminated water, and harm to wildlife, while companies avoid responsibility. This isn't fair, and it’s a market failure that only government action can fix. That’s why we need a total ban: to protect our environment, our health, and our future. With strong rules and public support, we can end single-use plastics once and for all.",sequence_and_transition,success_of_existing_bans,"Next, I need to emphasize that real-world examples like Rwanda and Kenya prove that nations can successfully eliminate single-use plastics with strong laws and public cooperation.",sequence_and_transition_success_of_existing_bans,"I should examine case studies from Rwanda, the EU, Kenya, and various US states showing that bans are enforceable and produce measurable reductions in pollution.",Next,conclusion_and_summary,success_of_existing_bans,"In conclusion, these successful bans show that a government-wide prohibition on single-use plastics is not only possible but also effective in protecting the environment and public health.",conclusion_and_summary_success_of_existing_bans,"I should examine case studies from Rwanda, the EU, Kenya, and various US states showing that bans are enforceable and produce measurable reductions in pollution.",In conclusion,conditional,economic_externalities,"If governments don’t act, the public pays the price through dirty beaches, polluted water, and rising medical bills, so it's fair and necessary for rules to shift the burden back to polluters.",conditional_economic_externalities,"I should calculate how cleanup costs, healthcare burdens, tourism losses, and ecosystem damage are borne by the public rather than producers—a market failure requiring correction.",If
11,0.0,,,synthesis_strict,m1b,2,20260228_152612,1.189723253250122,"Single-use plastics are a major source of pollution that harms wildlife, clogs waterways, and contributes to climate change. Countries like Rwanda, Kenya, and the European Union have already implemented successful bans, showing that such policies are feasible and lead to real reductions in plastic waste. These bans also save money over time by reducing the burden on waste management systems, cleaning up beaches, and preventing damage to marine ecosystems. It’s unfair that taxpayers and communities pay the cost for pollution caused by single-use products that are often unnecessary and easily replaced with reusable alternatives. If we don’t act now, the damage will only grow, and future generations will pay the price for our inaction. A total ban is not just environmentally responsible—it’s the most practical and fair solution for the long-term health of our planet and society.",sequence_and_transition,success_of_existing_bans,"Next, I should emphasize the long-term cost savings to municipalities and the environment from reduced waste management and cleanup efforts.",sequence_and_transition_success_of_existing_bans,"I should examine case studies from Rwanda, the EU, Kenya, and various US states showing that bans are enforceable and produce measurable reductions in pollution.",Next,conclusion_and_summary,success_of_existing_bans,"In conclusion, a total ban on single-use plastics is a necessary and practical step toward protecting the environment and public health.",conclusion_and_summary_success_of_existing_bans,"I should examine case studies from Rwanda, the EU, Kenya, and various US states showing that bans are enforceable and produce measurable reductions in pollution.",In conclusion,conditional,economic_externalities,"If we don’t act now, the damage will only grow, and future generations will pay the price for our inaction.",conditional_economic_externalities,"I should calculate how cleanup costs, healthcare burdens, tourism losses, and ecosystem damage are borne by the public rather than producers—a market failure requiring correction.",If
11,0.0,,,synthesis_strict,m1b,3,20260228_152612,1.2793807983398438,"Single-use plastics are a major source of pollution, clogging waterways and harming wildlife. Countries like Rwanda, Kenya, and the European Union have successfully implemented bans that significantly reduced plastic waste and improved public cleanliness. I’ve seen litter in my own neighborhood, and I know how hard it is to clean up—especially when it’s single-use plastic bags and bottles that don’t break down for hundreds of years. The cost of cleaning up this mess falls on taxpayers, while the companies that make plastic profit. That’s unfair. A total ban would force producers to innovate and shift to sustainable alternatives, protecting our environment and saving money in the long run. I believe the government has a responsibility to act, not just for nature, but for us, the people who have to live with the consequences. In conclusion, a total ban on single-use plastics is not only feasible but necessary to protect our planet and future generations.",sequence_and_transition,success_of_existing_bans,"Next, I will highlight the environmental benefits of such bans, focusing on marine life protection and reduced litter.",sequence_and_transition_success_of_existing_bans,"I should examine case studies from Rwanda, the EU, Kenya, and various US states showing that bans are enforceable and produce measurable reductions in pollution.",Next,conclusion_and_summary,success_of_existing_bans,"In conclusion, a total ban on single-use plastics is not only feasible but necessary to protect our planet and future generations.",conclusion_and_summary_success_of_existing_bans,"I should examine case studies from Rwanda, the EU, Kenya, and various US states showing that bans are enforceable and produce measurable reductions in pollution.",In conclusion,conditional,economic_externalities,"If we don’t act now, the long-term costs of plastic pollution will far exceed the short-term inconvenience of switching to alternatives.",conditional_economic_externalities,"I should calculate how cleanup costs, healthcare burdens, tourism losses, and ecosystem damage are borne by the public rather than producers—a market failure requiring correction.",If
11,0.0,,,synthesis_strict,m1b,4,20260228_152612,1.492849349975586,"The government should enforce a total ban on single-use plastics because evidence from countries like Rwanda, Kenya, and the EU shows that such bans are not only enforceable but lead to cleaner cities, reduced ocean pollution, and healthier ecosystems. In Rwanda, a nationwide plastic bag ban has transformed the country into one of the cleanest in Africa, proving that strong policies can make a real difference. If we don’t act, the cost of plastic pollution will keep rising—hurting our wallets, our health, and our planet, while the companies that profit from plastic avoid paying the real price. The burden of cleanup, healthcare costs, and environmental damage falls on ordinary people, not the corporations that create the problem. A ban is a fair and necessary step to correct this imbalance and protect future generations. It’s time we stop letting plastic harm our communities and start taking meaningful action. In short, banning single-use plastics is the responsible and practical choice for our shared future.",sequence_and_transition,success_of_existing_bans,"Next, I’ll show that bans are not only possible but already working in real-world settings, such as Rwanda, where a plastic bag ban led to cleaner cities and reduced environmental damage.",sequence_and_transition_success_of_existing_bans,"I should examine case studies from Rwanda, the EU, Kenya, and various US states showing that bans are enforceable and produce measurable reductions in pollution.",Next,conclusion_and_summary,success_of_existing_bans,"In conclusion, real-world examples prove that banning single-use plastics is not only feasible but leads to cleaner streets, less ocean pollution, and healthier ecosystems.",conclusion_and_summary_success_of_existing_bans,"I should examine case studies from Rwanda, the EU, Kenya, and various US states showing that bans are enforceable and produce measurable reductions in pollution.",In conclusion,conditional,economic_externalities,"If we don’t act, the cost of plastic pollution will keep rising—hurting our wallets, our health, and our planet, while the companies that profit from plastic avoid paying the real price.",conditional_economic_externalities,"I should calculate how cleanup costs, healthcare burdens, tourism losses, and ecosystem damage are borne by the public rather than producers—a market failure requiring correction.",If
12,0.0,,,synthesis_strict,m1b,0,20260228_152612,1.0451619625091553,"In other words, single-use plastics create massive externalities that hurt society, and the government has a duty to step in to protect public welfare. Next, I should talk about how the government already bans other harmful products like tobacco and lead paint—so why not extend that to plastic? Next, I should talk about how the government already bans other harmful products like tobacco and lead paint—so why not extend that to plastic? The government should enforce a total ban on single-use plastics because it’s the only way to truly protect our environment, health, and future generations from long-term harm.",clarification_and_specification,economic_externalities,"In other words, single-use plastics create massive externalities that hurt society, and the government has a duty to step in to protect public welfare.",clarification_and_specification_economic_externalities,"I should calculate how cleanup costs, healthcare burdens, tourism losses, and ecosystem damage are borne by the public rather than producers—a market failure requiring correction.",In other words,sequence_and_transition,economic_externalities,"Next, I should talk about how the government already bans other harmful products like tobacco and lead paint—so why not extend that to plastic?",sequence_and_transition_economic_externalities,"I should calculate how cleanup costs, healthcare burdens, tourism losses, and ecosystem damage are borne by the public rather than producers—a market failure requiring correction.",Next,sequence_and_transition,availability_of_alternatives,"Next, I should talk about how the government already bans other harmful products like tobacco and lead paint—so why not extend that to plastic?",sequence_and_transition_availability_of_alternatives,"I should demonstrate that reusable, compostable, and biodegradable alternatives are available for bags, straws, containers, and packaging, making a ban practically feasible.",Next
12,0.0,,,synthesis_strict,m1b,1,20260228_152612,1.503584623336792,"The government should enforce a total ban on single-use plastics because the pollution they cause harms wildlife, clogs waterways, and ends up in our oceans, and these harms are not reflected in the price we pay at the store. In other words, the government should step in to fix the problem because individual consumers can’t solve it alone, and without a ban, we’ll keep paying the real cost through pollution and environmental damage. Next, many sustainable alternatives already exist—like paper, glass, metal, and plant-based materials—that are safe, effective, and increasingly affordable. A ban would push businesses to innovate and adopt these greener options, reducing long-term harm. It’s not about restricting freedom—it’s about protecting our health, our environment, and our future. We can’t afford to wait for voluntary action when the damage is already visible every day. So, a total ban is not just necessary—it’s the only responsible choice.",clarification_and_specification,economic_externalities,"In other words, the government should step in to fix the problem because individual consumers can’t solve it alone, and without a ban, we’ll keep paying the real cost through pollution and environmental damage.",clarification_and_specification_economic_externalities,"I should calculate how cleanup costs, healthcare burdens, tourism losses, and ecosystem damage are borne by the public rather than producers—a market failure requiring correction.",In other words,sequence_and_transition,economic_externalities,"Next, we should consider that single-use plastics are a major source of pollution that harms wildlife, clogs waterways, and ends up in our oceans, and these harms are not reflected in the price we pay at the store.",sequence_and_transition_economic_externalities,"I should calculate how cleanup costs, healthcare burdens, tourism losses, and ecosystem damage are borne by the public rather than producers—a market failure requiring correction.",Next,sequence_and_transition,availability_of_alternatives,"Next, many sustainable alternatives already exist—like paper, glass, metal, and plant-based materials—that are safe, effective, and increasingly affordable.",sequence_and_transition_availability_of_alternatives,"I should demonstrate that reusable, compostable, and biodegradable alternatives are available for bags, straws, containers, and packaging, making a ban practically feasible.",Next
12,0.0,,,synthesis_strict,m1b,2,20260228_152612,0.9711940288543701,"In other words, single-use plastics are a public cost, not a private benefit, and the government should step in to stop these hidden damages. Next, I should explain why a total ban is the only way to make a meaningful difference, since partial measures like recycling or fees don’t eliminate the problem. Next, I should emphasize that alternatives already exist and are used in many places, so switching to them isn’t a hardship—it’s a smart, responsible choice.",clarification_and_specification,economic_externalities,"In other words, single-use plastics are a public cost, not a private benefit, and the government should step in to stop these hidden damages.",clarification_and_specification_economic_externalities,"I should calculate how cleanup costs, healthcare burdens, tourism losses, and ecosystem damage are borne by the public rather than producers—a market failure requiring correction.",In other words,sequence_and_transition,economic_externalities,"Next, I should explain why a total ban is the only way to make a meaningful difference, since partial measures like recycling or fees don’t eliminate the problem.",sequence_and_transition_economic_externalities,"I should calculate how cleanup costs, healthcare burdens, tourism losses, and ecosystem damage are borne by the public rather than producers—a market failure requiring correction.",Next,sequence_and_transition,availability_of_alternatives,"Next, I should emphasize that alternatives already exist and are used in many places, so switching to them isn’t a hardship—it’s a smart, responsible choice.",sequence_and_transition_availability_of_alternatives,"I should demonstrate that reusable, compostable, and biodegradable alternatives are available for bags, straws, containers, and packaging, making a ban practically feasible.",Next
12,0.0,,,synthesis_strict,m1b,3,20260228_152612,1.4208950996398926,"The government has a responsibility to step in because plastic pollution harms all of us—through contaminated water, damaged ecosystems, and health risks—and the current system isn’t working to protect people. Next, I should emphasize that single-use plastics are a major contributor to this harm, and banning them is a direct, practical way to reduce pollution at the source. Next, I should emphasize that reusable, compostable, and biodegradable alternatives are available for bags, straws, containers, and packaging, making a ban practically feasible. Since these alternatives exist and the damage from plastic is so widespread and costly, a total ban is both reasonable and necessary. It’s not about inconvenience—it’s about protecting our families, our planet, and our future. The government should act now to prevent more harm. This ban isn’t extreme—it’s a simple step toward a cleaner, safer world for everyone.",clarification_and_specification,economic_externalities,"In other words, the government has a responsibility to step in because plastic pollution harms all of us—through contaminated water, damaged ecosystems, and health risks—and the current system isn’t working to protect people.",clarification_and_specification_economic_externalities,"I should calculate how cleanup costs, healthcare burdens, tourism losses, and ecosystem damage are borne by the public rather than producers—a market failure requiring correction.",In other words,sequence_and_transition,economic_externalities,"Next, I should emphasize that single-use plastics are a major contributor to this harm, and banning them is a direct, practical way to reduce pollution at the source.",sequence_and_transition_economic_externalities,"I should calculate how cleanup costs, healthcare burdens, tourism losses, and ecosystem damage are borne by the public rather than producers—a market failure requiring correction.",Next,sequence_and_transition,availability_of_alternatives,"Next, I should emphasize that reusable, compostable, and biodegradable alternatives are available for bags, straws, containers, and packaging, making a ban practically feasible.",sequence_and_transition_availability_of_alternatives,"I should demonstrate that reusable, compostable, and biodegradable alternatives are available for bags, straws, containers, and packaging, making a ban practically feasible.",Next
12,0.0,,,synthesis_strict,m1b,4,20260228_152612,1.489227294921875,"The government should enforce a total ban on single-use plastics because the true cost of plastic pollution—cleaning up landfills, protecting marine life, preserving tourism, and treating plastic-related health issues—is borne by the public, not the companies that produce them. In other words, the government should step in because the true cost of plastic pollution is not reflected in its price, and this hidden burden falls unfairly on taxpayers and communities. Single-use plastics are a major source of pollution in our oceans and landfills, and banning them would dramatically reduce the amount of trash we have to clean up. Reusable, compostable, and biodegradable alternatives are already widely available for bags, straws, containers, and packaging, making a ban practical and doable. A total ban would push innovation, encourage sustainable habits, and protect the environment for future generations. We don’t have to choose between convenience and the planet—we can have both with smarter choices and strong policies.",clarification_and_specification,economic_externalities,"In other words, the government should step in because the true cost of plastic pollution is not reflected in its price, and this hidden burden falls unfairly on taxpayers and communities.",clarification_and_specification_economic_externalities,"I should calculate how cleanup costs, healthcare burdens, tourism losses, and ecosystem damage are borne by the public rather than producers—a market failure requiring correction.",In other words,sequence_and_transition,economic_externalities,"Next, I should highlight that single-use plastics are a major source of pollution in our oceans and landfills, and banning them would dramatically reduce the amount of trash we have to clean up.",sequence_and_transition_economic_externalities,"I should calculate how cleanup costs, healthcare burdens, tourism losses, and ecosystem damage are borne by the public rather than producers—a market failure requiring correction.",Next,sequence_and_transition,availability_of_alternatives,"Next, I should highlight that reusable, compostable, and biodegradable alternatives are already widely available for bags, straws, containers, and packaging, making a ban practical and doable.",sequence_and_transition_availability_of_alternatives,"I should demonstrate that reusable, compostable, and biodegradable alternatives are available for bags, straws, containers, and packaging, making a ban practically feasible.",Next
13,0.0,,,synthesis_strict,m1b,0,20260228_152612,1.1148996353149414,"If we can easily replace single-use plastics with eco-friendly options like paper, glass, or plant-based materials, then a total ban is not only possible but necessary to protect the environment. If the government doesn't act, the public ends up paying through higher cleanup bills, polluted beaches, and long-term health risks from plastic pollution, so a ban is a fair and responsible solution. A total ban on single-use plastics is a simple, fair, and effective way to protect our planet, our health, and our communities for future generations.",conditional,availability_of_alternatives,"If we can easily replace single-use plastics with eco-friendly options like paper, glass, or plant-based materials, then a total ban is not only possible but necessary to protect the environment.",conditional_availability_of_alternatives,"I should demonstrate that reusable, compostable, and biodegradable alternatives are available for bags, straws, containers, and packaging, making a ban practically feasible.",If,conditional,economic_externalities,"If the government doesn't act, the public ends up paying through higher cleanup bills, polluted beaches, and long-term health risks from plastic pollution, so a ban is a fair and responsible solution.",conditional_economic_externalities,"I should calculate how cleanup costs, healthcare burdens, tourism losses, and ecosystem damage are borne by the public rather than producers—a market failure requiring correction.",If,conclusion_and_summary,economic_externalities,"In conclusion, a total ban on single-use plastics is a simple, fair, and effective way to protect our planet, our health, and our communities for future generations.",conclusion_and_summary_economic_externalities,"I should calculate how cleanup costs, healthcare burdens, tourism losses, and ecosystem damage are borne by the public rather than producers—a market failure requiring correction.",In conclusion
13,0.0,,,synthesis_strict,m1b,1,20260228_152612,1.4238972663879395,"If we can already replace single-use plastics with eco-friendly alternatives like paper, glass, or plant-based materials, then banning them isn’t unrealistic—it’s a necessary step toward protecting our environment. If plastic pollution is costing cities millions in cleanup, harming wildlife, and reducing tourism, then a government ban—even if it seems inconvenient—will save us money and health in the long run. The burden of plastic waste falls on taxpayers, not the corporations that profit from it, which is unfair and unsustainable. A total ban puts the responsibility where it belongs: on producers to innovate and on governments to protect citizens. We don’t have to sacrifice convenience—reusable and compostable options are already widely available and affordable. In conclusion, a total ban on single-use plastics is not just environmentally responsible—it’s a fair and practical solution that protects our planet, our communities, and our future.",conditional,availability_of_alternatives,"If we can already replace single-use plastics with eco-friendly alternatives like paper, glass, or plant-based materials, then banning them isn’t unrealistic—it’s a necessary step toward protecting our environment.",conditional_availability_of_alternatives,"I should demonstrate that reusable, compostable, and biodegradable alternatives are available for bags, straws, containers, and packaging, making a ban practically feasible.",If,conditional,economic_externalities,"If plastic pollution is costing cities millions in cleanup, harming wildlife, and reducing tourism, then a government ban—even if it seems inconvenient—will save us money and health in the long run.",conditional_economic_externalities,"I should calculate how cleanup costs, healthcare burdens, tourism losses, and ecosystem damage are borne by the public rather than producers—a market failure requiring correction.",If,conclusion_and_summary,economic_externalities,"In conclusion, a total ban on single-use plastics is not just environmentally responsible—it’s a fair and practical solution that protects our planet, our communities, and our future.",conclusion_and_summary_economic_externalities,"I should calculate how cleanup costs, healthcare burdens, tourism losses, and ecosystem damage are borne by the public rather than producers—a market failure requiring correction.",In conclusion
13,0.0,,,synthesis_strict,m1b,2,20260228_152612,1.441234827041626,"If we can already replace single-use plastics with materials like paper, glass, metal, and plant-based bioplastics, then banning them is not only possible but necessary to protect our environment. If companies aren’t paying for the pollution they cause—like plastic in oceans, clogged sewers, and wildlife harm—then the public is forced to pay through cleanup bills, damaged ecosystems, and lost tourism revenue. A total ban shifts the burden from taxpayers and nature to the producers who benefit from cheap, disposable packaging. It encourages innovation in sustainable alternatives, which are already available and increasingly affordable. This policy isn’t extreme—it’s a practical step toward a healthier planet. In conclusion, a total ban on single-use plastics isn’t just about being environmentally responsible—it’s about fairness, protecting public health, and ensuring future generations inherit a cleaner, safer planet.",conditional,availability_of_alternatives,"If we can already replace single-use plastics with materials like paper, glass, metal, and plant-based bioplastics, then banning them is not only possible but necessary to protect our environment.",conditional_availability_of_alternatives,"I should demonstrate that reusable, compostable, and biodegradable alternatives are available for bags, straws, containers, and packaging, making a ban practically feasible.",If,conditional,economic_externalities,"If companies aren’t paying for the pollution they cause—like plastic in oceans, clogged sewers, and wildlife harm—then the public is forced to pay through cleanup bills, damaged ecosystems, and lost tourism revenue.",conditional_economic_externalities,"I should calculate how cleanup costs, healthcare burdens, tourism losses, and ecosystem damage are borne by the public rather than producers—a market failure requiring correction.",If,conclusion_and_summary,economic_externalities,"In conclusion, a total ban on single-use plastics isn’t just about being environmentally responsible—it’s about fairness, protecting public health, and ensuring future generations inherit a cleaner, safer planet.",conclusion_and_summary_economic_externalities,"I should calculate how cleanup costs, healthcare burdens, tourism losses, and ecosystem damage are borne by the public rather than producers—a market failure requiring correction.",In conclusion
13,0.0,,,synthesis_strict,m1b,3,20260228_152612,1.282973289489746,"If we can already replace single-use plastics with eco-friendly options like paper bags, bamboo straws, and compostable containers, a ban is not only possible but necessary to reduce environmental harm. If governments don’t act, we’ll keep paying for plastic pollution through higher taxes for cleanup, contaminated water, and damaged beaches, while industries avoid responsibility. The burden of plastic waste falls on ordinary people—through cleaner streets, polluted oceans, and health risks—while corporations profit. A total ban shifts that burden back to producers and incentivizes sustainable innovation. It’s not about inconvenience; it’s about protecting our families, our planet, and our future. In conclusion, banning single-use plastics protects our communities, saves money in the long run, and creates a cleaner, healthier world for everyone.",conditional,availability_of_alternatives,"If we can already replace single-use plastics with eco-friendly options like paper bags, bamboo straws, and compostable containers, a ban is not only possible but necessary to reduce environmental harm.",conditional_availability_of_alternatives,"I should demonstrate that reusable, compostable, and biodegradable alternatives are available for bags, straws, containers, and packaging, making a ban practically feasible.",If,conditional,economic_externalities,"If governments don’t act, we’ll keep paying for plastic pollution through higher taxes for cleanup, contaminated water, and damaged beaches, while industries avoid responsibility.",conditional_economic_externalities,"I should calculate how cleanup costs, healthcare burdens, tourism losses, and ecosystem damage are borne by the public rather than producers—a market failure requiring correction.",If,conclusion_and_summary,economic_externalities,"In conclusion, banning single-use plastics protects our communities, saves money in the long run, and creates a cleaner, healthier world for everyone.",conclusion_and_summary_economic_externalities,"I should calculate how cleanup costs, healthcare burdens, tourism losses, and ecosystem damage are borne by the public rather than producers—a market failure requiring correction.",In conclusion
13,0.0,,,synthesis_strict,m1b,4,20260228_152612,1.4773125648498535,"If we're truly serious about protecting the planet, we need to stop allowing single-use plastics to pollute our oceans and landfills. Luckily, affordable and effective alternatives like paper, bamboo, and compostable materials already exist for most everyday uses. If the government doesn’t step in, we’re all stuck paying the bill—through polluted beaches, sick children from toxic exposure, and lost jobs in fishing and tourism. The cost of cleaning up plastic waste is far higher than switching to better options. In conclusion, a total ban on single-use plastics is not just good for the environment—it’s good for our wallets, our health, and our future. It’s time to stop letting companies off the hook and start protecting our planet for everyone.",conditional,availability_of_alternatives,"If we're truly serious about protecting the planet, we need to stop allowing single-use plastics to pollute our oceans and landfills. Luckily, affordable and effective alternatives like paper, bamboo, and compostable materials already exist for most everyday uses.",conditional_availability_of_alternatives,"I should demonstrate that reusable, compostable, and biodegradable alternatives are available for bags, straws, containers, and packaging, making a ban practically feasible.",If,conditional,economic_externalities,"If the government doesn’t step in, we’re all stuck paying the bill—through polluted beaches, sick children from toxic exposure, and lost jobs in fishing and tourism. The cost of cleaning up plastic waste is far higher than switching to better options.",conditional_economic_externalities,"I should calculate how cleanup costs, healthcare burdens, tourism losses, and ecosystem damage are borne by the public rather than producers—a market failure requiring correction.",If,conclusion_and_summary,economic_externalities,"In conclusion, a total ban on single-use plastics is not just good for the environment—it’s good for our wallets, our health, and our future. It’s time to stop letting companies off the hook and start protecting our planet for everyone.",conclusion_and_summary_economic_externalities,"I should calculate how cleanup costs, healthcare burdens, tourism losses, and ecosystem damage are borne by the public rather than producers—a market failure requiring correction.",In conclusion
14,0.0,,,synthesis_strict,m1b,0,20260228_152612,1.3745577335357666,"Importantly, there are already plenty of eco-friendly alternatives like cloth bags, metal straws, and compostable packaging that can replace single-use plastics without disrupting daily life. For example, many stores now offer reusable shopping bags and biodegradable food containers, and these options are just as convenient as plastic ones. If we can switch to these alternatives now, we can stop polluting our oceans and landfills, which are currently filled with plastic waste that takes hundreds of years to break down. A total ban would push businesses and consumers to adopt these better options faster and make a real difference in protecting the environment. It's not about giving up convenience—it's about choosing a cleaner, healthier future for everyone. We don't need to wait for perfect solutions; we can act now with what we already have. That’s why the government should enforce a total ban on single-use plastics.",emphasis_and_evaluation,availability_of_alternatives,"Importantly, there are already plenty of eco-friendly alternatives like cloth bags, metal straws, and compostable packaging that can replace single-use plastics without disrupting daily life.",emphasis_and_evaluation_availability_of_alternatives,"I should demonstrate that reusable, compostable, and biodegradable alternatives are available for bags, straws, containers, and packaging, making a ban practically feasible.",Importantly,exemplification,availability_of_alternatives,"For example, many stores now offer reusable shopping bags and biodegradable food containers, and these options are just as convenient as plastic ones.",exemplification_availability_of_alternatives,"I should demonstrate that reusable, compostable, and biodegradable alternatives are available for bags, straws, containers, and packaging, making a ban practically feasible.",For example,conditional,availability_of_alternatives,"If we can switch to these alternatives now, we can stop polluting our oceans and landfills, which are currently filled with plastic waste that takes hundreds of years to break down.",conditional_availability_of_alternatives,"I should demonstrate that reusable, compostable, and biodegradable alternatives are available for bags, straws, containers, and packaging, making a ban practically feasible.",If
14,0.0,,,synthesis_strict,m1b,1,20260228_152612,1.23048734664917,"Importantly, there are already many eco-friendly alternatives like reusable bags, bamboo straws, and compostable containers that work just as well as single-use plastics. For example, many grocery stores now offer reusable or paper bags, and restaurants can easily switch to paper or plant-based packaging without losing convenience. If we ban single-use plastics, it will push companies to innovate and adopt sustainable options that are better for the planet and our health. This kind of change is necessary to protect our oceans, wildlife, and communities from pollution. A total ban is not extreme—it’s a realistic and responsible step toward a cleaner future. We’ve already seen progress in places that have implemented similar bans, and the results are positive. The government should lead this change to protect both people and the planet.",emphasis_and_evaluation,availability_of_alternatives,"Importantly, there are already many eco-friendly alternatives like reusable bags, bamboo straws, and compostable containers that work just as well as single-use plastics.",emphasis_and_evaluation_availability_of_alternatives,"I should demonstrate that reusable, compostable, and biodegradable alternatives are available for bags, straws, containers, and packaging, making a ban practically feasible.",Importantly,exemplification,availability_of_alternatives,"For example, many grocery stores now offer reusable or paper bags, and restaurants can easily switch to paper or plant-based packaging without losing convenience.",exemplification_availability_of_alternatives,"I should demonstrate that reusable, compostable, and biodegradable alternatives are available for bags, straws, containers, and packaging, making a ban practically feasible.",For example,conditional,availability_of_alternatives,"If we ban single-use plastics, it will push companies to innovate and adopt sustainable options that are better for the planet and our health.",conditional_availability_of_alternatives,"I should demonstrate that reusable, compostable, and biodegradable alternatives are available for bags, straws, containers, and packaging, making a ban practically feasible.",If
14,0.0,,,synthesis_strict,m1b,2,20260228_152612,1.448364019393921,"Importantly, we already have plenty of alternatives—like reusable bags, glass containers, and compostable packaging—that work just as well as single-use plastics and are becoming more affordable and accessible every day. For example, many grocery stores now offer reusable bags, and restaurants can switch to paper or bamboo straws and compostable takeout boxes without major disruption. If we can do it for other products, we can do it for plastic—especially since the environmental damage from plastic pollution is too severe to ignore. Single-use plastics choke our oceans, harm wildlife, and take hundreds of years to break down. A government ban would push companies to innovate and consumers to adapt, creating a cleaner, healthier planet for everyone. It's time to stop treating plastic as a disposable convenience and start treating our environment with the respect it deserves. We don’t need to sacrifice convenience—we just need to choose better options. A ban isn’t just possible, it’s necessary.",emphasis_and_evaluation,availability_of_alternatives,"Importantly, we already have plenty of alternatives—like reusable bags, glass containers, and compostable packaging—that work just as well as single-use plastics and are becoming more affordable and accessible every day.",emphasis_and_evaluation_availability_of_alternatives,"I should demonstrate that reusable, compostable, and biodegradable alternatives are available for bags, straws, containers, and packaging, making a ban practically feasible.",Importantly,exemplification,availability_of_alternatives,"For example, many grocery stores now offer reusable bags, and restaurants can switch to paper or bamboo straws and compostable takeout boxes without major disruption.",exemplification_availability_of_alternatives,"I should demonstrate that reusable, compostable, and biodegradable alternatives are available for bags, straws, containers, and packaging, making a ban practically feasible.",For example,conditional,availability_of_alternatives,"If we can do it for other products, we can do it for plastic—especially since the environmental damage from plastic pollution is too severe to ignore.",conditional_availability_of_alternatives,"I should demonstrate that reusable, compostable, and biodegradable alternatives are available for bags, straws, containers, and packaging, making a ban practically feasible.",If
14,0.0,,,synthesis_strict,m1b,3,20260228_152612,0.9922037124633789,"Importantly, we already have viable alternatives like reusable bags, paper packaging, and plant-based containers that can replace single-use plastics without sacrificing convenience. For example, many grocery stores now offer reusable or paper bags, and restaurants are increasingly using compostable takeout containers made from materials like cornstarch or bamboo. If we can switch to these eco-friendly options on a large scale, then a total ban on single-use plastics is not only possible but necessary to protect our environment.",emphasis_and_evaluation,availability_of_alternatives,"Importantly, we already have viable alternatives like reusable bags, paper packaging, and plant-based containers that can replace single-use plastics without sacrificing convenience.",emphasis_and_evaluation_availability_of_alternatives,"I should demonstrate that reusable, compostable, and biodegradable alternatives are available for bags, straws, containers, and packaging, making a ban practically feasible.",Importantly,exemplification,availability_of_alternatives,"For example, many grocery stores now offer reusable or paper bags, and restaurants are increasingly using compostable takeout containers made from materials like cornstarch or bamboo.",exemplification_availability_of_alternatives,"I should demonstrate that reusable, compostable, and biodegradable alternatives are available for bags, straws, containers, and packaging, making a ban practically feasible.",For example,conditional,availability_of_alternatives,"If we can switch to these eco-friendly options on a large scale, then a total ban on single-use plastics is not only possible but necessary to protect our environment.",conditional_availability_of_alternatives,"I should demonstrate that reusable, compostable, and biodegradable alternatives are available for bags, straws, containers, and packaging, making a ban practically feasible.",If
14,0.0,,,synthesis_strict,m1b,4,20260228_152612,1.1224799156188965,"Importantly, many eco-friendly alternatives already exist—like reusable bags, bamboo straws, and plant-based containers—that are just as convenient and effective as single-use plastics. For example, companies are already producing compostable food packaging and reusable water bottles that are affordable and widely accessible to everyday consumers. If we act now with a total ban, we can push the market toward sustainable solutions and prevent further environmental damage. This isn't about restricting choice—it's about protecting our planet for future generations. The shift is possible, and it starts with strong public policy. We don't need to wait for perfect solutions; we need action today. A ban on single-use plastics is both practical and necessary.",emphasis_and_evaluation,availability_of_alternatives,"Importantly, many eco-friendly alternatives already exist—like reusable bags, bamboo straws, and plant-based containers—that are just as convenient and effective as single-use plastics.",emphasis_and_evaluation_availability_of_alternatives,"I should demonstrate that reusable, compostable, and biodegradable alternatives are available for bags, straws, containers, and packaging, making a ban practically feasible.",Importantly,exemplification,availability_of_alternatives,"For example, companies are already producing compostable food packaging and reusable water bottles that are affordable and widely accessible to everyday consumers.",exemplification_availability_of_alternatives,"I should demonstrate that reusable, compostable, and biodegradable alternatives are available for bags, straws, containers, and packaging, making a ban practically feasible.",For example,conditional,availability_of_alternatives,"If we act now with a total ban, we can push the market toward sustainable solutions and prevent further environmental damage.",conditional_availability_of_alternatives,"I should demonstrate that reusable, compostable, and biodegradable alternatives are available for bags, straws, containers, and packaging, making a ban practically feasible.",If
15,0.0,,,synthesis_strict,m1b,0,20260228_152612,0.9568576812744141,"For example, many stores already offer reusable bags, and companies make compostable food containers and plant-based straws that perform just as well as plastic ones. Moreover, every year, governments spend millions cleaning up plastic waste, and marine animals often die from ingesting it, which affects fish stocks and tourism. In conclusion, a total ban on single-use plastics is not just practical but necessary to protect our health, environment, and economy—something we all deserve.",exemplification,availability_of_alternatives,"For example, many stores already offer reusable bags, and companies make compostable food containers and plant-based straws that perform just as well as plastic ones.",exemplification_availability_of_alternatives,"I should demonstrate that reusable, compostable, and biodegradable alternatives are available for bags, straws, containers, and packaging, making a ban practically feasible.",For example,addition_and_elaboration,economic_externalities,"Moreover, every year, governments spend millions cleaning up plastic waste, and marine animals often die from ingesting it, which affects fish stocks and tourism.",addition_and_elaboration_economic_externalities,"I should calculate how cleanup costs, healthcare burdens, tourism losses, and ecosystem damage are borne by the public rather than producers—a market failure requiring correction.",Moreover,conclusion_and_summary,economic_externalities,"In conclusion, a total ban on single-use plastics is not just practical but necessary to protect our health, environment, and economy—something we all deserve.",conclusion_and_summary_economic_externalities,"I should calculate how cleanup costs, healthcare burdens, tourism losses, and ecosystem damage are borne by the public rather than producers—a market failure requiring correction.",In conclusion
15,0.0,,,synthesis_strict,m1b,1,20260228_152612,1.0780789852142334,"For example, paper bags, glass containers, and bamboo utensils are already widely available and used in many communities, proving that single-use plastics aren’t essential. Moreover, the environmental damage from plastic waste—like polluted oceans and harm to wildlife—costs governments and taxpayers billions annually in cleanup and public health expenses. In conclusion, a total ban on single-use plastics is not only necessary to protect our environment and health, but also fair, because it shifts the burden from everyday citizens to the corporations that profit from plastic production.",exemplification,availability_of_alternatives,"For example, paper bags, glass containers, and bamboo utensils are already widely available and used in many communities, proving that single-use plastics aren’t essential.",exemplification_availability_of_alternatives,"I should demonstrate that reusable, compostable, and biodegradable alternatives are available for bags, straws, containers, and packaging, making a ban practically feasible.",For example,addition_and_elaboration,economic_externalities,"Moreover, the environmental damage from plastic waste—like polluted oceans and harm to wildlife—costs governments and taxpayers billions annually in cleanup and public health expenses.",addition_and_elaboration_economic_externalities,"I should calculate how cleanup costs, healthcare burdens, tourism losses, and ecosystem damage are borne by the public rather than producers—a market failure requiring correction.",Moreover,conclusion_and_summary,economic_externalities,"In conclusion, a total ban on single-use plastics is not only necessary to protect our environment and health, but also fair, because it shifts the burden from everyday citizens to the corporations that profit from plastic production.",conclusion_and_summary_economic_externalities,"I should calculate how cleanup costs, healthcare burdens, tourism losses, and ecosystem damage are borne by the public rather than producers—a market failure requiring correction.",In conclusion
15,0.0,,,synthesis_strict,m1b,2,20260228_152612,1.077063798904419,"For example, there are already many affordable and effective alternatives like paper bags, bamboo utensils, and plant-based containers that can replace single-use plastics in everyday life. Moreover, the environmental and health costs of plastic pollution—like cleaning beaches, filtering microplastics from water, and harming wildlife—are paid by taxpayers, not the companies that produce the waste. In conclusion, a total ban is not an extreme measure—it’s a necessary step to protect our communities, reduce long-term expenses, and preserve the planet for future generations.",exemplification,availability_of_alternatives,"For example, there are already many affordable and effective alternatives like paper bags, bamboo utensils, and plant-based containers that can replace single-use plastics in everyday life.",exemplification_availability_of_alternatives,"I should demonstrate that reusable, compostable, and biodegradable alternatives are available for bags, straws, containers, and packaging, making a ban practically feasible.",For example,addition_and_elaboration,economic_externalities,"Moreover, the environmental and health costs of plastic pollution—like cleaning beaches, filtering microplastics from water, and harming wildlife—are paid by taxpayers, not the companies that produce the waste.",addition_and_elaboration_economic_externalities,"I should calculate how cleanup costs, healthcare burdens, tourism losses, and ecosystem damage are borne by the public rather than producers—a market failure requiring correction.",Moreover,conclusion_and_summary,economic_externalities,"In conclusion, a total ban is not an extreme measure—it’s a necessary step to protect our communities, reduce long-term expenses, and preserve the planet for future generations.",conclusion_and_summary_economic_externalities,"I should calculate how cleanup costs, healthcare burdens, tourism losses, and ecosystem damage are borne by the public rather than producers—a market failure requiring correction.",In conclusion
15,0.0,,,synthesis_strict,m1b,3,20260228_152612,1.1305301189422607,"For example, many stores now offer reusable shopping bags, and compostable food containers made from plant-based materials are already in use across the country, proving that alternatives exist and are accessible. Moreover, the cost of cleaning up plastic waste—like litter in rivers and oceans—falls on taxpayers, while businesses that produce single-use plastics often avoid paying for the damage they cause. In conclusion, a total ban on single-use plastics is not only possible with current technology but also necessary to protect public health, reduce taxpayer burden, and preserve the environment for future generations.",exemplification,availability_of_alternatives,"For example, many stores now offer reusable shopping bags, and compostable food containers made from plant-based materials are already in use across the country, proving that alternatives exist and are accessible.",exemplification_availability_of_alternatives,"I should demonstrate that reusable, compostable, and biodegradable alternatives are available for bags, straws, containers, and packaging, making a ban practically feasible.",For example,addition_and_elaboration,economic_externalities,"Moreover, the cost of cleaning up plastic waste—like litter in rivers and oceans—falls on taxpayers, while businesses that produce single-use plastics often avoid paying for the damage they cause.",addition_and_elaboration_economic_externalities,"I should calculate how cleanup costs, healthcare burdens, tourism losses, and ecosystem damage are borne by the public rather than producers—a market failure requiring correction.",Moreover,conclusion_and_summary,economic_externalities,"In conclusion, a total ban on single-use plastics is not only possible with current technology but also necessary to protect public health, reduce taxpayer burden, and preserve the environment for future generations.",conclusion_and_summary_economic_externalities,"I should calculate how cleanup costs, healthcare burdens, tourism losses, and ecosystem damage are borne by the public rather than producers—a market failure requiring correction.",In conclusion
15,0.0,,,synthesis_strict,m1b,4,20260228_152612,0.748394250869751,"For example, materials like paper, bamboo, and plant-based plastics can replace single-use items without sacrificing convenience. Moreover, cleaning up plastic waste costs taxpayers billions annually, and pollution harms marine life, which affects fishing and tourism industries. In conclusion, a total ban would protect our environment, save public money, and push industries to innovate sustainable alternatives.",exemplification,availability_of_alternatives,"For example, materials like paper, bamboo, and plant-based plastics can replace single-use items without sacrificing convenience.",exemplification_availability_of_alternatives,"I should demonstrate that reusable, compostable, and biodegradable alternatives are available for bags, straws, containers, and packaging, making a ban practically feasible.",For example,addition_and_elaboration,economic_externalities,"Moreover, cleaning up plastic waste costs taxpayers billions annually, and pollution harms marine life, which affects fishing and tourism industries.",addition_and_elaboration_economic_externalities,"I should calculate how cleanup costs, healthcare burdens, tourism losses, and ecosystem damage are borne by the public rather than producers—a market failure requiring correction.",Moreover,conclusion_and_summary,economic_externalities,"In conclusion, a total ban would protect our environment, save public money, and push industries to innovate sustainable alternatives.",conclusion_and_summary_economic_externalities,"I should calculate how cleanup costs, healthcare burdens, tourism losses, and ecosystem damage are borne by the public rather than producers—a market failure requiring correction.",In conclusion
16,0.0,,,synthesis_strict,m1b,0,20260228_152612,0.9269027709960938,"If we don't ban single-use plastics, the public will continue to pay the price through polluted waterways, sick children, and degraded landscapes. Therefore, it's fair and necessary for the government to enforce a total ban on single-use plastics to protect public health and the environment. Importantly, we already have safe, affordable, and effective alternatives like reusable bags, glass containers, and paper straws that can fully replace single-use plastics.",causal_reasoning,economic_externalities,"Therefore, it's fair and necessary for the government to enforce a total ban on single-use plastics to protect public health and the environment.",causal_reasoning_economic_externalities,"I should calculate how cleanup costs, healthcare burdens, tourism losses, and ecosystem damage are borne by the public rather than producers—a market failure requiring correction.",Therefore,conditional,economic_externalities,"If we don't ban single-use plastics, the public will continue to pay the price through polluted waterways, sick children, and degraded landscapes.",conditional_economic_externalities,"I should calculate how cleanup costs, healthcare burdens, tourism losses, and ecosystem damage are borne by the public rather than producers—a market failure requiring correction.",If,emphasis_and_evaluation,availability_of_alternatives,"Importantly, we already have safe, affordable, and effective alternatives like reusable bags, glass containers, and paper straws that can fully replace single-use plastics.",emphasis_and_evaluation_availability_of_alternatives,"I should demonstrate that reusable, compostable, and biodegradable alternatives are available for bags, straws, containers, and packaging, making a ban practically feasible.",Importantly
16,0.0,,,synthesis_strict,m1b,1,20260228_152612,1.2538502216339111,"Therefore, a total ban on single-use plastics is necessary because the environmental and economic costs of plastic pollution are passed on to taxpayers and future generations, not the corporations that profit from producing these products. If we continue to allow single-use plastics, communities will keep paying for the damage through polluted waterways, clogged storm drains, and degraded natural landscapes, all of which affect quality of life and public health. Importantly, alternatives like paper, glass, metal, and plant-based materials already exist and can meet most daily needs—so a ban isn’t about inconvenience, but about shifting to sustainable habits we can all adopt.",causal_reasoning,economic_externalities,"Therefore, a total ban on single-use plastics is necessary because the environmental and economic costs of plastic pollution are passed on to taxpayers and future generations, not the corporations that profit from producing these products.",causal_reasoning_economic_externalities,"I should calculate how cleanup costs, healthcare burdens, tourism losses, and ecosystem damage are borne by the public rather than producers—a market failure requiring correction.",Therefore,conditional,economic_externalities,"If we continue to allow single-use plastics, communities will keep paying for the damage through polluted waterways, clogged storm drains, and degraded natural landscapes, all of which affect quality of life and public health.",conditional_economic_externalities,"I should calculate how cleanup costs, healthcare burdens, tourism losses, and ecosystem damage are borne by the public rather than producers—a market failure requiring correction.",If,emphasis_and_evaluation,availability_of_alternatives,"Importantly, alternatives like paper, glass, metal, and plant-based materials already exist and can meet most daily needs—so a ban isn’t about inconvenience, but about shifting to sustainable habits we can all adopt.",emphasis_and_evaluation_availability_of_alternatives,"I should demonstrate that reusable, compostable, and biodegradable alternatives are available for bags, straws, containers, and packaging, making a ban practically feasible.",Importantly
16,0.0,,,synthesis_strict,m1b,2,20260228_152612,1.2747387886047363,"A government ban on single-use plastics is essential because the current system forces taxpayers and communities to pay for environmental cleanup, health risks, and ecosystem damage—costs that should be borne by the producers who create the waste. If we don’t act, the long-term consequences will worsen, harming public health, damaging natural ecosystems, and burdening future generations with problems we could prevent today. The good news is that affordable, safe, and practical alternatives—such as paper, glass, metal, and compostable materials—are already available for everyday items like bags, straws, and containers. A ban wouldn’t inconvenience people; it would simply push us toward better, more sustainable choices that protect our planet. This is not about restricting freedom—it’s about protecting our shared environment and ensuring a healthier, cleaner future for everyone.",causal_reasoning,economic_externalities,"Therefore, a government ban on single-use plastics is a responsible step to shift the burden from taxpayers and communities to the producers who create the waste.",causal_reasoning_economic_externalities,"I should calculate how cleanup costs, healthcare burdens, tourism losses, and ecosystem damage are borne by the public rather than producers—a market failure requiring correction.",Therefore,conditional,economic_externalities,"If we don’t act, the long-term costs to our environment and public health will only grow, affecting everyone, especially future generations.",conditional_economic_externalities,"I should calculate how cleanup costs, healthcare burdens, tourism losses, and ecosystem damage are borne by the public rather than producers—a market failure requiring correction.",If,emphasis_and_evaluation,availability_of_alternatives,"Importantly, we already have safe and effective alternatives—like paper, glass, metal, and plant-based materials—that can replace single-use plastics in most everyday uses.",emphasis_and_evaluation_availability_of_alternatives,"I should demonstrate that reusable, compostable, and biodegradable alternatives are available for bags, straws, containers, and packaging, making a ban practically feasible.",Importantly
16,0.0,,,synthesis_strict,m1b,3,20260228_152612,1.4301092624664307,"Therefore, a government-enforced ban on single-use plastics is necessary because the environmental and economic costs of plastic waste are passed on to taxpayers and communities, not the companies that profit from their production. If we don’t act now, future generations will inherit a planet choked with plastic, and the cost of cleaning up will only grow, making prevention far more affordable than remediation. Importantly, alternatives like paper, glass, metal, and compostable materials already exist and work just as well for everyday needs, so a ban doesn’t mean inconvenience—it means progress. The government has a responsibility to protect public health, preserve natural ecosystems, and ensure long-term sustainability. A total ban is a clear, decisive step toward reducing pollution and holding producers accountable. It’s not about restricting freedom—it’s about protecting our shared future. This is a manageable and necessary change that benefits everyone.",causal_reasoning,economic_externalities,"Therefore, a government-enforced ban on single-use plastics is necessary because the environmental and economic costs of plastic waste are passed on to taxpayers and communities, not the companies that profit from their production.",causal_reasoning_economic_externalities,"I should calculate how cleanup costs, healthcare burdens, tourism losses, and ecosystem damage are borne by the public rather than producers—a market failure requiring correction.",Therefore,conditional,economic_externalities,"If we don’t act now, future generations will inherit a planet choked with plastic, and the cost of cleaning up will only grow, making prevention far more affordable than remediation.",conditional_economic_externalities,"I should calculate how cleanup costs, healthcare burdens, tourism losses, and ecosystem damage are borne by the public rather than producers—a market failure requiring correction.",If,emphasis_and_evaluation,availability_of_alternatives,"Importantly, alternatives like paper, glass, metal, and compostable materials already exist and work just as well for everyday needs, so a ban doesn’t mean inconvenience—it means progress.",emphasis_and_evaluation_availability_of_alternatives,"I should demonstrate that reusable, compostable, and biodegradable alternatives are available for bags, straws, containers, and packaging, making a ban practically feasible.",Importantly
16,0.0,,,synthesis_strict,m1b,4,20260228_152612,1.2464406490325928,"The government should enforce a total ban on single-use plastics because the costs of pollution—like cleaning beaches, treating illnesses from chemical exposure, and losing tourism revenue—fall on ordinary citizens, not the companies that profit from plastic. This is a classic case of market failure where the public bears the burden of private profits. Fortunately, safe, affordable, and effective alternatives already exist, such as paper bags, metal straws, and compostable containers, making a ban both practical and necessary. By banning single-use plastics, the government would protect public health, reduce environmental damage, and ensure that corporations are held accountable for the harm they cause. This kind of action is essential to secure a cleaner, safer future for everyone.",causal_reasoning,economic_externalities,"Therefore, the government has a responsibility to step in and ban single-use plastics to protect public health and the environment.",causal_reasoning_economic_externalities,"I should calculate how cleanup costs, healthcare burdens, tourism losses, and ecosystem damage are borne by the public rather than producers—a market failure requiring correction.",Therefore,conditional,economic_externalities,"If the government doesn’t act, the costs of plastic pollution—like cleaning beaches, treating illnesses from chemical exposure, and losing tourism revenue—will be paid by ordinary citizens, not the companies that profit from plastic.",conditional_economic_externalities,"I should calculate how cleanup costs, healthcare burdens, tourism losses, and ecosystem damage are borne by the public rather than producers—a market failure requiring correction.",If,emphasis_and_evaluation,availability_of_alternatives,"Importantly, we already have safe, affordable, and effective alternatives to plastic—like paper bags, metal straws, and compostable containers—so a ban isn’t unrealistic or inconvenient.",emphasis_and_evaluation_availability_of_alternatives,"I should demonstrate that reusable, compostable, and biodegradable alternatives are available for bags, straws, containers, and packaging, making a ban practically feasible.",Importantly
17,0.0,,,synthesis_strict,m1b,0,20260228_152612,1.2664539813995361,"The government must step in to prevent ongoing environmental damage and economic losses that ordinary citizens would otherwise have to pay for. Real-world examples prove that banning single-use plastics is both practical and effective at reducing waste in the environment. For example, the cost of cleaning up plastic waste in rivers and oceans is often passed on to taxpayers, and microplastics in drinking water are linked to health issues that affect everyone. These harms are not just environmental—they are personal and financial, directly impacting the average person’s life and well-being. A total ban ensures that producers are held accountable, not just the public. Without government action, we will continue to pay the price in polluted water, damaged ecosystems, and rising healthcare costs. Therefore, a total ban on single-use plastics is a necessary and responsible step for protecting both people and the planet.",causal_reasoning,economic_externalities,"Therefore, the government must step in to prevent ongoing environmental damage and economic losses that ordinary citizens would otherwise have to pay for.",causal_reasoning_economic_externalities,"I should calculate how cleanup costs, healthcare burdens, tourism losses, and ecosystem damage are borne by the public rather than producers—a market failure requiring correction.",Therefore,causal_reasoning,success_of_existing_bans,"Therefore, real-world examples prove that banning single-use plastics is both practical and effective at reducing waste in the environment.",causal_reasoning_success_of_existing_bans,"I should examine case studies from Rwanda, the EU, Kenya, and various US states showing that bans are enforceable and produce measurable reductions in pollution.",Therefore,exemplification,economic_externalities,"For example, the cost of cleaning up plastic waste in rivers and oceans is often passed on to taxpayers, and microplastics in drinking water are linked to health issues that affect everyone.",exemplification_economic_externalities,"I should calculate how cleanup costs, healthcare burdens, tourism losses, and ecosystem damage are borne by the public rather than producers—a market failure requiring correction.",For example
17,0.0,,,synthesis_strict,m1b,1,20260228_152612,0.7460196018218994,"Therefore, a total ban on single-use plastics is necessary to prevent ongoing environmental harm that the public ultimately pays for. Therefore, real-world examples prove that governments can successfully implement and enforce single-use plastic bans. For example, plastic waste in oceans harms marine life and contaminates the food chain, which increases health risks and economic costs for communities.",causal_reasoning,economic_externalities,"Therefore, a total ban on single-use plastics is necessary to prevent ongoing environmental harm that the public ultimately pays for.",causal_reasoning_economic_externalities,"I should calculate how cleanup costs, healthcare burdens, tourism losses, and ecosystem damage are borne by the public rather than producers—a market failure requiring correction.",Therefore,causal_reasoning,success_of_existing_bans,"Therefore, real-world examples prove that governments can successfully implement and enforce single-use plastic bans.",causal_reasoning_success_of_existing_bans,"I should examine case studies from Rwanda, the EU, Kenya, and various US states showing that bans are enforceable and produce measurable reductions in pollution.",Therefore,exemplification,economic_externalities,"For example, plastic waste in oceans harms marine life and contaminates the food chain, which increases health risks and economic costs for communities.",exemplification_economic_externalities,"I should calculate how cleanup costs, healthcare burdens, tourism losses, and ecosystem damage are borne by the public rather than producers—a market failure requiring correction.",For example
17,0.0,,,synthesis_strict,m1b,2,20260228_152612,1.1078217029571533,"Therefore, a total government ban on single-use plastics is necessary to shift the cost burden from taxpayers to manufacturers, ensuring that those who profit from plastic use also bear the environmental and societal costs. Therefore, real-world examples like Rwanda and the EU prove that total bans are not only practical but also effective at drastically reducing plastic waste in oceans and cities. For example, when plastic pollutes rivers and beaches, it forces governments to spend millions on cleanup, harms local businesses, and damages public health—costs that should be prevented, not endured.",causal_reasoning,economic_externalities,"Therefore, a total government ban on single-use plastics is necessary to shift the cost burden from taxpayers to manufacturers, ensuring that those who profit from plastic use also bear the environmental and societal costs.",causal_reasoning_economic_externalities,"I should calculate how cleanup costs, healthcare burdens, tourism losses, and ecosystem damage are borne by the public rather than producers—a market failure requiring correction.",Therefore,causal_reasoning,success_of_existing_bans,"Therefore, real-world examples like Rwanda and the EU prove that total bans are not only practical but also effective at drastically reducing plastic waste in oceans and cities.",causal_reasoning_success_of_existing_bans,"I should examine case studies from Rwanda, the EU, Kenya, and various US states showing that bans are enforceable and produce measurable reductions in pollution.",Therefore,exemplification,economic_externalities,"For example, when plastic pollutes rivers and beaches, it forces governments to spend millions on cleanup, harms local businesses, and damages public health—costs that should be prevented, not endured.",exemplification_economic_externalities,"I should calculate how cleanup costs, healthcare burdens, tourism losses, and ecosystem damage are borne by the public rather than producers—a market failure requiring correction.",For example
17,0.0,,,synthesis_strict,m1b,3,20260228_152612,1.281972885131836,"The government should enforce a total ban on single-use plastics because the environmental and economic damage caused by plastic waste is too significant to ignore. The public, not corporations, ends up paying for cleanup, health issues, and ecosystem destruction, which is a clear market failure that requires government intervention. Real-world examples from countries like Rwanda, Kenya, and the EU, as well as states like California and Oregon, demonstrate that such bans are enforceable and lead to dramatic reductions in plastic pollution. These policies have already proven successful in reducing litter, protecting marine life, and encouraging innovation in sustainable alternatives. A total ban is the most effective way to stop the flow of plastic into our oceans, landfills, and communities. Without strong government action, the burden on future generations will only grow. Therefore, a ban is not only necessary but a responsible step toward protecting public health and the planet.",causal_reasoning,economic_externalities,"Therefore, the government must step in to prevent ongoing environmental and economic harm that individuals and private companies are not adequately addressing.",causal_reasoning_economic_externalities,"I should calculate how cleanup costs, healthcare burdens, tourism losses, and ecosystem damage are borne by the public rather than producers—a market failure requiring correction.",Therefore,causal_reasoning,success_of_existing_bans,"Therefore, real-world examples prove that a total ban on single-use plastics is both practical and effective in drastically reducing plastic waste.",causal_reasoning_success_of_existing_bans,"I should examine case studies from Rwanda, the EU, Kenya, and various US states showing that bans are enforceable and produce measurable reductions in pollution.",Therefore,exemplification,economic_externalities,"For example, plastic pollution leads to higher public spending on waste management, reduced tourism, and long-term health risks, all of which burden taxpayers and communities.",exemplification_economic_externalities,"I should calculate how cleanup costs, healthcare burdens, tourism losses, and ecosystem damage are borne by the public rather than producers—a market failure requiring correction.",For example
17,0.0,,,synthesis_strict,m1b,4,20260228_152612,1.435598611831665,"Therefore, enforcing a government ban on single-use plastics is necessary to shift the burden of these costs from taxpayers and communities to the corporations that profit from them. For example, coastal communities spend millions annually cleaning up plastic debris that harms marine life, damages fisheries, and deters tourists—costs that should not fall on ordinary citizens. Therefore, real-world examples from countries and regions that have implemented such bans prove they are feasible and lead to significant reductions in plastic waste. These successes include Rwanda’s near-total elimination of plastic bags, the EU’s single-use plastics directive, and bans in Kenya and parts of the United States. The environmental and economic benefits far outweigh the temporary inconvenience of switching to alternatives. A total ban is not just an environmental policy—it's a fairer way to protect public health, natural ecosystems, and shared resources. Ultimately, the government has a responsibility to act in the public interest, and banning single-use plastics is a clear, effective step toward that goal.",causal_reasoning,economic_externalities,"Therefore, enforcing a government ban on single-use plastics is necessary to shift the burden of these costs from taxpayers and communities to the corporations that profit from them.",causal_reasoning_economic_externalities,"I should calculate how cleanup costs, healthcare burdens, tourism losses, and ecosystem damage are borne by the public rather than producers—a market failure requiring correction.",Therefore,causal_reasoning,success_of_existing_bans,"Therefore, real-world examples from countries and regions that have implemented such bans prove they are feasible and lead to significant reductions in plastic waste.",causal_reasoning_success_of_existing_bans,"I should examine case studies from Rwanda, the EU, Kenya, and various US states showing that bans are enforceable and produce measurable reductions in pollution.",Therefore,exemplification,economic_externalities,"For example, coastal communities spend millions annually cleaning up plastic debris that harms marine life, damages fisheries, and deters tourists—costs that should not fall on ordinary citizens.",exemplification_economic_externalities,"I should calculate how cleanup costs, healthcare burdens, tourism losses, and ecosystem damage are borne by the public rather than producers—a market failure requiring correction.",For example
18,0.0,,,synthesis_strict,m1b,0,20260228_152612,1.366670846939087,"If we switch to reusable or compostable alternatives like paper bags, glass containers, and bamboo straws, we can still meet our daily needs without relying on single-use plastics. Evidence shows that many everyday items like shopping bags, food containers, and bottles are already being made from sustainable materials like bamboo, paper, and plant-based plastics that break down safely. These alternatives are not only environmentally friendly but also widely available in stores and online. A total ban would push businesses and consumers to adopt these better options faster, reducing pollution and protecting wildlife. The planet can’t afford to wait—every piece of plastic that ends up in oceans or landfills harms ecosystems and human health. With better infrastructure and public awareness, a ban is not just possible, it’s necessary. We owe it to future generations to stop treating the Earth like a trash can.",conditional,availability_of_alternatives,"If we switch to reusable or compostable alternatives like paper bags, glass containers, and bamboo straws, we can still meet our daily needs without relying on single-use plastics.",conditional_availability_of_alternatives,"I should demonstrate that reusable, compostable, and biodegradable alternatives are available for bags, straws, containers, and packaging, making a ban practically feasible.",If,evidence_and_authority,availability_of_alternatives,"Evidence shows that many everyday items like shopping bags, food containers, and bottles are already being made from sustainable materials like bamboo, paper, and plant-based plastics that break down safely.",evidence_and_authority_availability_of_alternatives,"I should demonstrate that reusable, compostable, and biodegradable alternatives are available for bags, straws, containers, and packaging, making a ban practically feasible.",Evidence shows that,evidence_and_authority,availability_of_alternatives,"Evidence shows that many everyday items like shopping bags, food containers, and bottles are already being made from sustainable materials like bamboo, paper, and plant-based plastics that break down safely.",evidence_and_authority_availability_of_alternatives,"I should demonstrate that reusable, compostable, and biodegradable alternatives are available for bags, straws, containers, and packaging, making a ban practically feasible.",Evidence shows that
18,0.0,,,synthesis_strict,m1b,1,20260228_152612,1.291377067565918,"If the government banned single-use plastics, people could easily switch to reusable or compostable alternatives like cloth bags, metal straws, and plant-based containers that are already available in stores. Evidence shows that many communities and businesses have already transitioned successfully to these eco-friendly options, proving that a ban would not cause major disruption. These alternatives are not only better for the environment but also often more durable and cost-effective in the long run. Plastic pollution is harming wildlife and ecosystems, and a total ban is a necessary step to protect our planet for future generations. As someone who cares about clean streets and a healthier environment, I believe a ban is the right choice. We don’t need to sacrifice convenience—better options already exist. A government ban would simply speed up a shift that’s already underway and benefit everyone in the long term.",conditional,availability_of_alternatives,"If the government banned single-use plastics, people could easily switch to reusable or compostable alternatives like cloth bags, metal straws, and plant-based containers that are already available in stores.",conditional_availability_of_alternatives,"I should demonstrate that reusable, compostable, and biodegradable alternatives are available for bags, straws, containers, and packaging, making a ban practically feasible.",If,evidence_and_authority,availability_of_alternatives,"Evidence shows that many communities and businesses have already transitioned successfully to these eco-friendly options, proving that a ban would not cause major disruption.",evidence_and_authority_availability_of_alternatives,"I should demonstrate that reusable, compostable, and biodegradable alternatives are available for bags, straws, containers, and packaging, making a ban practically feasible.",Evidence shows that,evidence_and_authority,availability_of_alternatives,"Evidence shows that many communities and businesses have already transitioned successfully to these eco-friendly options, proving that a ban would not cause major disruption.",evidence_and_authority_availability_of_alternatives,"I should demonstrate that reusable, compostable, and biodegradable alternatives are available for bags, straws, containers, and packaging, making a ban practically feasible.",Evidence shows that
18,0.0,,,synthesis_strict,m1b,2,20260228_152612,1.6429922580718994,"If we can easily replace single-use plastics with eco-friendly alternatives like paper, glass, or plant-based materials, then banning them is a realistic and responsible step toward protecting the environment. Evidence shows that many everyday items like shopping bags, food containers, and straws can be made from materials like bamboo, paper, or compostable cornstarch, which break down safely and don’t pollute oceans or harm wildlife. These alternatives are already being used in many cities and countries around the world, proving that a ban is not only possible but already working. Plastic waste takes hundreds of years to degrade and often ends up in rivers and oceans, killing marine life and entering our food chain. As someone who cares about clean streets, healthy oceans, and a safer planet for future generations, I believe the government must act now to protect us all. A total ban on single-use plastics is a necessary and achievable step toward a cleaner, healthier future. This change doesn’t require sacrificing convenience—just a shift in habits and support for sustainable products.",conditional,availability_of_alternatives,"If we can easily replace single-use plastics with eco-friendly alternatives like paper, glass, or plant-based materials, then banning them is a realistic and responsible step toward protecting the environment.",conditional_availability_of_alternatives,"I should demonstrate that reusable, compostable, and biodegradable alternatives are available for bags, straws, containers, and packaging, making a ban practically feasible.",If,evidence_and_authority,availability_of_alternatives,"Evidence shows that many everyday items like shopping bags, food containers, and straws can be made from materials like bamboo, paper, or compostable cornstarch, which break down safely and don’t pollute oceans or harm wildlife.",evidence_and_authority_availability_of_alternatives,"I should demonstrate that reusable, compostable, and biodegradable alternatives are available for bags, straws, containers, and packaging, making a ban practically feasible.",Evidence shows that,evidence_and_authority,availability_of_alternatives,"Evidence shows that many everyday items like shopping bags, food containers, and straws can be made from materials like bamboo, paper, or compostable cornstarch, which break down safely and don’t pollute oceans or harm wildlife.",evidence_and_authority_availability_of_alternatives,"I should demonstrate that reusable, compostable, and biodegradable alternatives are available for bags, straws, containers, and packaging, making a ban practically feasible.",Evidence shows that
18,0.0,,,synthesis_strict,m1b,3,20260228_152612,1.367976427078247,"If we can already replace single-use plastics with safe, effective alternatives like paper, glass, or plant-based materials, then banning them is not only possible but necessary to protect our environment. Evidence shows that alternatives like reusable bags, bamboo utensils, and compostable food containers are already widely used and affordable, proving that a ban won’t cause major disruption. These options are not only better for the planet but also increasingly accessible to everyday people. Every year, millions of plastic bags, bottles, and containers end up in oceans and landfills, harming wildlife and polluting our ecosystems. A total ban would send a clear message that we value sustainability over convenience. As someone who just wants cleaner streets and a healthier planet, I believe this is a small price to pay for long-term change. It’s time to make the switch—our future depends on it.",conditional,availability_of_alternatives,"If we can already replace single-use plastics with safe, effective alternatives like paper, glass, or plant-based materials, then banning them is not only possible but necessary to protect our environment.",conditional_availability_of_alternatives,"I should demonstrate that reusable, compostable, and biodegradable alternatives are available for bags, straws, containers, and packaging, making a ban practically feasible.",If,evidence_and_authority,availability_of_alternatives,"Evidence shows that alternatives like reusable bags, bamboo utensils, and compostable food containers are already widely used and affordable, proving that a ban won’t cause major disruption.",evidence_and_authority_availability_of_alternatives,"I should demonstrate that reusable, compostable, and biodegradable alternatives are available for bags, straws, containers, and packaging, making a ban practically feasible.",Evidence shows that,evidence_and_authority,availability_of_alternatives,"Evidence shows that alternatives like reusable bags, bamboo utensils, and compostable food containers are already widely used and affordable, proving that a ban won’t cause major disruption.",evidence_and_authority_availability_of_alternatives,"I should demonstrate that reusable, compostable, and biodegradable alternatives are available for bags, straws, containers, and packaging, making a ban practically feasible.",Evidence shows that
18,0.0,,,synthesis_strict,m1b,4,20260228_152612,1.324458122253418,"If we can already replace single-use plastics with sustainable alternatives like paper, glass, or plant-based materials, then banning them is not only possible but necessary to protect the environment. Evidence shows that alternatives like bamboo utensils, glass jars, and compostable packaging exist and are already used by many businesses and consumers, proving a ban would not cause major disruption. These options are not only eco-friendly but often just as convenient and affordable. Without a ban, plastic pollution will continue to harm wildlife, clog landfills, and contaminate our oceans. A government-led ban sends a clear message that sustainability matters and encourages innovation in green packaging. It's time to stop treating the planet like a trash can and start protecting it for future generations. The shift is possible, practical, and long overdue.",conditional,availability_of_alternatives,"If we can already replace single-use plastics with sustainable alternatives like paper, glass, or plant-based materials, then banning them is not only possible but necessary to protect the environment.",conditional_availability_of_alternatives,"I should demonstrate that reusable, compostable, and biodegradable alternatives are available for bags, straws, containers, and packaging, making a ban practically feasible.",If,evidence_and_authority,availability_of_alternatives,"Evidence shows that alternatives like bamboo utensils, glass jars, and compostable packaging exist and are already used by many businesses and consumers, proving a ban would not cause major disruption.",evidence_and_authority_availability_of_alternatives,"I should demonstrate that reusable, compostable, and biodegradable alternatives are available for bags, straws, containers, and packaging, making a ban practically feasible.",Evidence shows that,evidence_and_authority,availability_of_alternatives,"Evidence shows that alternatives like bamboo utensils, glass jars, and compostable packaging exist and are already used by many businesses and consumers, proving a ban would not cause major disruption.",evidence_and_authority_availability_of_alternatives,"I should demonstrate that reusable, compostable, and biodegradable alternatives are available for bags, straws, containers, and packaging, making a ban practically feasible.",Evidence shows that
19,0.0,,,synthesis_strict,m1b,0,20260228_152612,1.3052499294281006,"The government should enforce a total ban on single-use plastics because the environmental and economic costs of plastic pollution are borne by society at large, not the producers, creating a market failure that demands government intervention. Single-use plastics pollute our oceans, harm wildlife, and contribute to long-term health risks, all of which ultimately burden taxpayers and communities. Fortunately, reusable, compostable, and biodegradable alternatives are already available for bags, straws, containers, and packaging, making a ban both practical and achievable. By ending the use of these harmful materials, we can protect our ecosystems, reduce cleanup costs, and prevent avoidable health issues. In conclusion, a total ban on single-use plastics is a necessary and equitable step to protect public health, reduce long-term costs, and preserve the environment for future generations.",concession_and_contrast,economic_externalities,"However, the environmental and economic costs of plastic pollution are borne by society at large, not the producers, creating a market failure that demands government intervention.",concession_and_contrast_economic_externalities,"I should calculate how cleanup costs, healthcare burdens, tourism losses, and ecosystem damage are borne by the public rather than producers—a market failure requiring correction.",However,conclusion_and_summary,economic_externalities,"In conclusion, a total ban on single-use plastics is a necessary and equitable step to protect public health, reduce long-term costs, and preserve the environment for future generations.",conclusion_and_summary_economic_externalities,"I should calculate how cleanup costs, healthcare burdens, tourism losses, and ecosystem damage are borne by the public rather than producers—a market failure requiring correction.",In conclusion,conclusion_and_summary,availability_of_alternatives,"In conclusion, a total ban on single-use plastics is a necessary and equitable step to protect public health, reduce long-term costs, and preserve the environment for future generations.",conclusion_and_summary_availability_of_alternatives,"I should demonstrate that reusable, compostable, and biodegradable alternatives are available for bags, straws, containers, and packaging, making a ban practically feasible.",In conclusion
19,0.0,,,synthesis_strict,m1b,1,20260228_152612,0.8683454990386963,"However, the burden of cleanup, healthcare costs from pollution, and damage to ecosystems like coral reefs and marine life ultimately falls on taxpayers and communities, not the corporations that produce these plastics. In conclusion, a total government ban on single-use plastics is necessary to protect public health, preserve natural environments, and prevent future environmental and economic crises.",concession_and_contrast,economic_externalities,"However, the burden of cleanup, healthcare costs from pollution, and damage to ecosystems like coral reefs and marine life ultimately falls on taxpayers and communities, not the corporations that produce these plastics.",concession_and_contrast_economic_externalities,"I should calculate how cleanup costs, healthcare burdens, tourism losses, and ecosystem damage are borne by the public rather than producers—a market failure requiring correction.",However,conclusion_and_summary,economic_externalities,"In conclusion, a total government ban on single-use plastics is necessary to protect public health, preserve natural environments, and prevent future environmental and economic crises.",conclusion_and_summary_economic_externalities,"I should calculate how cleanup costs, healthcare burdens, tourism losses, and ecosystem damage are borne by the public rather than producers—a market failure requiring correction.",In conclusion,conclusion_and_summary,availability_of_alternatives,"In conclusion, a total government ban on single-use plastics is necessary to protect public health, preserve natural environments, and prevent future environmental and economic crises.",conclusion_and_summary_availability_of_alternatives,"I should demonstrate that reusable, compostable, and biodegradable alternatives are available for bags, straws, containers, and packaging, making a ban practically feasible.",In conclusion
19,0.0,,,synthesis_strict,m1b,2,20260228_152612,1.4106392860412598,"The government should enforce a total ban on single-use plastics because the real cost of these products isn’t just in their purchase—they’re damaging our environment, public health, and local economies in ways that we all end up paying for. Cleanup efforts, healthcare costs from pollution exposure, lost tourism revenue, and damaged ecosystems are all burdens that fall on taxpayers and communities, not the companies that produce plastic. Fortunately, simple, affordable alternatives like reusable bags, stainless steel straws, and compostable containers are already widely available and easy to use. A ban would push businesses and consumers toward these sustainable choices without requiring major lifestyle changes. It’s not about restricting freedom—it’s about protecting our shared future from preventable harm. The government has a responsibility to act, especially when the cost of inaction is so high for ordinary people like us.",concession_and_contrast,economic_externalities,"However, the real cost of single-use plastics isn't just in the product itself—it's in the long-term damage to our environment, public health, and local economies that we all pay for.",concession_and_contrast_economic_externalities,"I should calculate how cleanup costs, healthcare burdens, tourism losses, and ecosystem damage are borne by the public rather than producers—a market failure requiring correction.",However,conclusion_and_summary,economic_externalities,"In conclusion, government action is necessary because the hidden costs of plastic pollution—like contaminated water, sick wildlife, and dirty beaches—end up on us all, not the companies that profit from plastic.",conclusion_and_summary_economic_externalities,"I should calculate how cleanup costs, healthcare burdens, tourism losses, and ecosystem damage are borne by the public rather than producers—a market failure requiring correction.",In conclusion,conclusion_and_summary,availability_of_alternatives,"In conclusion, government action is necessary because the hidden costs of plastic pollution—like contaminated water, sick wildlife, and dirty beaches—end up on us all, not the companies that profit from plastic.",conclusion_and_summary_availability_of_alternatives,"I should demonstrate that reusable, compostable, and biodegradable alternatives are available for bags, straws, containers, and packaging, making a ban practically feasible.",In conclusion
19,0.0,,,synthesis_strict,m1b,3,20260228_152612,1.3453009128570557,"The real cost of single-use plastics isn’t just in the product—it’s in the damage they cause to the environment and public health. These costs are not paid by the companies that produce them but by taxpayers and communities through pollution cleanup, healthcare expenses, and lost tourism revenue. Fortunately, reusable, compostable, and biodegradable alternatives are already available for bags, straws, containers, and packaging, making a ban both practical and achievable. A government-enforced ban would hold producers accountable and shift the burden back to where it belongs—on the companies that create these polluting products. In conclusion, banning single-use plastics is a necessary step to protect our environment and ensure that the true cost of these products is not passed on to the public.",concession_and_contrast,economic_externalities,"However, the real cost of single-use plastics isn’t just in the product—it’s in the damage they cause to the environment and public health. These costs are not paid by the companies that produce them but by taxpayers and communities through pollution cleanup, healthcare expenses, and lost tourism revenue.",concession_and_contrast_economic_externalities,"I should calculate how cleanup costs, healthcare burdens, tourism losses, and ecosystem damage are borne by the public rather than producers—a market failure requiring correction.",However,conclusion_and_summary,economic_externalities,"In conclusion, banning single-use plastics is a necessary step to protect our environment and ensure that the true cost of these products is not passed on to the public.",conclusion_and_summary_economic_externalities,"I should calculate how cleanup costs, healthcare burdens, tourism losses, and ecosystem damage are borne by the public rather than producers—a market failure requiring correction.",In conclusion,conclusion_and_summary,availability_of_alternatives,"In conclusion, banning single-use plastics is a necessary step to protect our environment and ensure that the true cost of these products is not passed on to the public.",conclusion_and_summary_availability_of_alternatives,"I should demonstrate that reusable, compostable, and biodegradable alternatives are available for bags, straws, containers, and packaging, making a ban practically feasible.",In conclusion
19,0.0,,,synthesis_strict,m1b,4,20260228_152612,1.39385986328125,"The government should enforce a total ban on single-use plastics because the environmental and health costs are far too high for society to ignore. Single-use plastics pollute our oceans, harm wildlife, and end up in our food and water, directly threatening public health. These costs—cleaning up litter, treating plastic-related illnesses, and losing tourism—fall on taxpayers and communities, not on the companies that profit from plastic production. Fortunately, reusable, compostable, and biodegradable alternatives already exist for bags, straws, containers, and packaging, making a ban both practical and necessary. By banning single-use plastics, the government can protect the environment, reduce public health risks, and ensure that corporations no longer externalize their environmental damage. In conclusion, a total ban is necessary to protect public health, preserve the environment, and ensure that the true cost of plastic doesn’t fall on ordinary people.",concession_and_contrast,economic_externalities,"However, the real cost of single-use plastics isn’t just in the product—it’s in the pollution they create, which everyone ends up paying for through cleanup, healthcare, and damaged ecosystems.",concession_and_contrast_economic_externalities,"I should calculate how cleanup costs, healthcare burdens, tourism losses, and ecosystem damage are borne by the public rather than producers—a market failure requiring correction.",However,conclusion_and_summary,economic_externalities,"In conclusion, a total ban is necessary to protect public health, preserve the environment, and ensure that the true cost of plastic doesn’t fall on ordinary people.",conclusion_and_summary_economic_externalities,"I should calculate how cleanup costs, healthcare burdens, tourism losses, and ecosystem damage are borne by the public rather than producers—a market failure requiring correction.",In conclusion,conclusion_and_summary,availability_of_alternatives,"In conclusion, a total ban is necessary to protect public health, preserve the environment, and ensure that the true cost of plastic doesn’t fall on ordinary people.",conclusion_and_summary_availability_of_alternatives,"I should demonstrate that reusable, compostable, and biodegradable alternatives are available for bags, straws, containers, and packaging, making a ban practically feasible.",In conclusion
20,0.0,,,synthesis_strict,m1b,0,20260228_152612,1.4476654529571533,"The government should enforce a total ban on single-use plastics because evidence from Rwanda, the EU, Kenya, and California shows that such bans are not only enforceable but highly effective at reducing pollution. Rwanda’s total ban resulted in cleaner streets and a dramatic drop in litter, proving that national-level action can succeed. Similarly, the EU’s directive significantly cut plastic waste, and California saw a 70% reduction in plastic bag usage after its ban. These examples demonstrate that banning single-use plastics is both practical and impactful, especially when supported by public awareness and infrastructure. Moreover, viable alternatives like reusable bags, paper straws, and compostable containers are already widely available and affordable. Given the severe environmental damage caused by plastic pollution, a total ban is a necessary and achievable step toward protecting our planet for future generations.",concession_and_contrast,success_of_existing_bans,"However, real-world examples like Rwanda and the EU show that banning single-use plastics is not only possible but effective—Rwanda’s total ban led to cleaner cities and reduced litter, while the EU’s directive cut plastic waste significantly.",concession_and_contrast_success_of_existing_bans,"I should examine case studies from Rwanda, the EU, Kenya, and various US states showing that bans are enforceable and produce measurable reductions in pollution.",However,evidence_and_authority,success_of_existing_bans,"Evidence shows that bans are enforceable in diverse regions—Kenya’s strict law has reduced plastic bags in the environment, and California’s ban led to a 70% drop in plastic bag use within a few years.",evidence_and_authority_success_of_existing_bans,"I should examine case studies from Rwanda, the EU, Kenya, and various US states showing that bans are enforceable and produce measurable reductions in pollution.",Evidence shows that,concession_and_contrast,availability_of_alternatives,"However, there are already affordable and effective alternatives—reusable bags, paper straws, compostable containers, and plant-based packaging—that can easily replace single-use plastics in everyday life.",concession_and_contrast_availability_of_alternatives,"I should demonstrate that reusable, compostable, and biodegradable alternatives are available for bags, straws, containers, and packaging, making a ban practically feasible.",However
20,0.0,,,synthesis_strict,m1b,1,20260228_152612,1.2811532020568848,"The government should enforce a total ban on single-use plastics because evidence from countries like Rwanda and Kenya shows that such bans are not only feasible but also lead to dramatic reductions in plastic pollution and cleaner public spaces. These nations have successfully eliminated plastic waste through strong enforcement, proving that a ban isn’t just an ideal but a practical reality. Moreover, affordable and effective alternatives—such as reusable bags, paper packaging, and compostable containers—are already widely available and can easily replace single-use plastics in daily life. With proper public education and support, a nationwide ban is not only achievable but necessary to protect the environment and public health. The environmental and economic benefits far outweigh the short-term inconvenience of change. A total ban is a bold but essential step toward a sustainable future. Therefore, the government must act now to ban single-use plastics and safeguard our planet for future generations.",concession_and_contrast,success_of_existing_bans,"However, the success of bans in countries like Rwanda and Kenya proves that such policies are not only feasible but also lead to significant reductions in plastic waste.",concession_and_contrast_success_of_existing_bans,"I should examine case studies from Rwanda, the EU, Kenya, and various US states showing that bans are enforceable and produce measurable reductions in pollution.",However,evidence_and_authority,success_of_existing_bans,"Evidence shows that nations like Rwanda and Kenya, after implementing full bans, saw dramatic decreases in plastic litter and cleaner public spaces.",evidence_and_authority_success_of_existing_bans,"I should examine case studies from Rwanda, the EU, Kenya, and various US states showing that bans are enforceable and produce measurable reductions in pollution.",Evidence shows that,concession_and_contrast,availability_of_alternatives,"However, alternatives like reusable bags, paper packaging, and compostable containers are already widely available and affordable, making a switch realistic for most consumers.",concession_and_contrast_availability_of_alternatives,"I should demonstrate that reusable, compostable, and biodegradable alternatives are available for bags, straws, containers, and packaging, making a ban practically feasible.",However
20,0.0,,,synthesis_strict,m1b,2,20260228_152612,1.3549299240112305,"The government should enforce a total ban on single-use plastics because evidence from countries like Rwanda, Kenya, and the European Union shows such bans are not only feasible but produce significant reductions in pollution. In Rwanda, after a nationwide ban on plastic bags, the country became one of the cleanest in Africa, with visible improvements in urban and rural areas. Similarly, California and other US states have seen dramatic drops in plastic bag usage after implementing restrictions, proving that people adapt quickly when alternatives are available. Safe, affordable, and effective alternatives—such as reusable bags, paper packaging, and compostable containers—are already on the market and can easily replace single-use plastics in daily life. A total ban is not just environmentally necessary but also practically achievable with current technology and public cooperation. The long-term health of our planet and future generations depends on bold action now.",concession_and_contrast,success_of_existing_bans,"However, the success of bans in countries like Rwanda and Kenya proves that a total ban is not only feasible but effective, as plastic waste in urban areas dropped significantly after legislation was implemented.",concession_and_contrast_success_of_existing_bans,"I should examine case studies from Rwanda, the EU, Kenya, and various US states showing that bans are enforceable and produce measurable reductions in pollution.",However,evidence_and_authority,success_of_existing_bans,"Evidence shows that similar bans in the European Union and states like California have drastically reduced plastic bag usage and litter, proving that such policies can work in diverse societies.",evidence_and_authority_success_of_existing_bans,"I should examine case studies from Rwanda, the EU, Kenya, and various US states showing that bans are enforceable and produce measurable reductions in pollution.",Evidence shows that,concession_and_contrast,availability_of_alternatives,"However, safe, affordable, and widely available alternatives—like reusable bags, paper packaging, and compostable containers—already exist and can meet everyday consumer needs without disruption.",concession_and_contrast_availability_of_alternatives,"I should demonstrate that reusable, compostable, and biodegradable alternatives are available for bags, straws, containers, and packaging, making a ban practically feasible.",However
20,0.0,,,synthesis_strict,m1b,3,20260228_152612,1.5482282638549805,"However, countries like Rwanda and Kenya have successfully banned single-use plastics and seen dramatic reductions in litter and environmental damage, proving that such bans are not only possible but effective in real-world settings. Evidence shows that in places like the European Union and California, plastic bans have led to a sharp drop in plastic waste in oceans and landfills, demonstrating that policy changes can drive real environmental improvements. However, safe and affordable alternatives such as paper bags, metal straws, and compostable containers are already widely available and used in everyday life, meaning a ban wouldn’t inconvenience consumers but instead encourage smarter choices. I believe the government should act now to protect our planet and future generations by enforcing a total ban on single-use plastics. This is not just about stopping pollution—it’s about making a simple, practical change that benefits everyone. The success of these bans in other regions proves it can work here too. We owe it to our environment, our health, and our children to take this step.",concession_and_contrast,success_of_existing_bans,"However, countries like Rwanda and Kenya have successfully banned single-use plastics and seen dramatic reductions in litter and environmental damage, proving that such bans are not only possible but effective in real-world settings.",concession_and_contrast_success_of_existing_bans,"I should examine case studies from Rwanda, the EU, Kenya, and various US states showing that bans are enforceable and produce measurable reductions in pollution.",However,evidence_and_authority,success_of_existing_bans,"Evidence shows that in places like the European Union and California, plastic bans have led to a sharp drop in plastic waste in oceans and landfills, demonstrating that policy changes can drive real environmental improvements.",evidence_and_authority_success_of_existing_bans,"I should examine case studies from Rwanda, the EU, Kenya, and various US states showing that bans are enforceable and produce measurable reductions in pollution.",Evidence shows that,concession_and_contrast,availability_of_alternatives,"However, safe and affordable alternatives such as paper bags, metal straws, and compostable containers are already widely available and used in everyday life, meaning a ban wouldn’t inconvenience consumers but instead encourage smarter choices.",concession_and_contrast_availability_of_alternatives,"I should demonstrate that reusable, compostable, and biodegradable alternatives are available for bags, straws, containers, and packaging, making a ban practically feasible.",However
20,0.0,,,synthesis_strict,m1b,4,20260228_152612,1.1932499408721924,"The government should enforce a total ban on single-use plastics because evidence from countries like Kenya and Rwanda shows that such bans are not only feasible but highly effective, drastically cutting down on pollution and encouraging cleaner cities. After Kenya implemented its ban in 2017, plastic waste in urban areas dropped dramatically, and strict enforcement through fines helped ensure compliance. Thankfully, affordable and practical alternatives—like paper bags, bamboo straws, and compostable packaging—are already available, so a ban wouldn’t disrupt daily life. It’s time to stop polluting our oceans, clogging landfills, and harming wildlife for the sake of convenience. A total ban is a necessary and achievable step toward protecting the planet for future generations.",concession_and_contrast,success_of_existing_bans,"However, countries like Rwanda and Kenya have already implemented successful single-use plastic bans, drastically reducing plastic waste and cleaning up urban environments.",concession_and_contrast_success_of_existing_bans,"I should examine case studies from Rwanda, the EU, Kenya, and various US states showing that bans are enforceable and produce measurable reductions in pollution.",However,evidence_and_authority,success_of_existing_bans,"Evidence shows that after Kenya banned single-use plastics in 2017, plastic waste in cities dropped significantly, and the government enforced fines that helped ensure compliance.",evidence_and_authority_success_of_existing_bans,"I should examine case studies from Rwanda, the EU, Kenya, and various US states showing that bans are enforceable and produce measurable reductions in pollution.",Evidence shows that,concession_and_contrast,availability_of_alternatives,"However, alternatives like paper bags, bamboo straws, and compostable packaging are already widely available and affordable, so a ban wouldn’t inconvenience people—it would simply shift habits.",concession_and_contrast_availability_of_alternatives,"I should demonstrate that reusable, compostable, and biodegradable alternatives are available for bags, straws, containers, and packaging, making a ban practically feasible.",However
21,0.0,,,synthesis_strict,m1b,0,20260228_152612,1.3536648750305176,"In other words, we already have viable alternatives to single-use plastics, such as paper bags, glass containers, and biodegradable packaging materials, which can easily replace the most common plastic items we use daily. Evidence shows that cities and countries that have banned single-use plastics have successfully transitioned to these alternatives without major disruptions to daily life. If we can make this change in places like California and the European Union, then we can certainly do it here—especially since the alternatives are now more affordable and widely available than ever. A total ban would significantly reduce pollution in our oceans, rivers, and landfills, protecting wildlife and human health. It’s time to act before the damage becomes irreversible. This is not about inconvenience—it’s about responsibility. We owe it to future generations to clean up our mess and build a cleaner, greener future.",clarification_and_specification,availability_of_alternatives,"In other words, we already have viable alternatives to single-use plastics, such as paper bags, glass containers, and biodegradable packaging materials, which can easily replace the most common plastic items we use daily.",clarification_and_specification_availability_of_alternatives,"I should demonstrate that reusable, compostable, and biodegradable alternatives are available for bags, straws, containers, and packaging, making a ban practically feasible.",In other words,evidence_and_authority,availability_of_alternatives,Evidence shows that cities and countries that have banned single-use plastics have successfully transitioned to these alternatives without major disruptions to daily life.,evidence_and_authority_availability_of_alternatives,"I should demonstrate that reusable, compostable, and biodegradable alternatives are available for bags, straws, containers, and packaging, making a ban practically feasible.",Evidence shows that,conditional,availability_of_alternatives,"If we can make this change in places like California and the European Union, then we can certainly do it here—especially since the alternatives are now more affordable and widely available than ever.",conditional_availability_of_alternatives,"I should demonstrate that reusable, compostable, and biodegradable alternatives are available for bags, straws, containers, and packaging, making a ban practically feasible.",If
21,0.0,,,synthesis_strict,m1b,1,20260228_152612,1.236180067062378,"There are plenty of alternatives to single-use plastics like reusable bags, compostable straws, and plant-based containers that work just as well in everyday life. Evidence shows that many companies and cities have already made the switch without major disruption, proving that a ban is both realistic and achievable. If we act now, we can reduce pollution in our oceans, protect wildlife, and keep our communities cleaner for future generations. It’s not just about the environment—it’s about making responsible choices we can all live with. A total ban isn’t extreme; it’s a necessary step toward a healthier planet. We don’t need to wait for perfect solutions when we already have better options. The government has a responsibility to protect public health and the environment, and banning single-use plastics is a clear and effective way to do that.",clarification_and_specification,availability_of_alternatives,"In other words, there are plenty of alternatives to single-use plastics like reusable bags, compostable straws, and plant-based containers that work just as well in everyday life.",clarification_and_specification_availability_of_alternatives,"I should demonstrate that reusable, compostable, and biodegradable alternatives are available for bags, straws, containers, and packaging, making a ban practically feasible.",In other words,evidence_and_authority,availability_of_alternatives,"Evidence shows that many companies and cities have already made the switch without major disruption, proving that a ban is both realistic and achievable.",evidence_and_authority_availability_of_alternatives,"I should demonstrate that reusable, compostable, and biodegradable alternatives are available for bags, straws, containers, and packaging, making a ban practically feasible.",Evidence shows that,conditional,availability_of_alternatives,"If we act now, we can reduce pollution in our oceans, protect wildlife, and keep our communities cleaner for future generations.",conditional_availability_of_alternatives,"I should demonstrate that reusable, compostable, and biodegradable alternatives are available for bags, straws, containers, and packaging, making a ban practically feasible.",If
21,0.0,,,synthesis_strict,m1b,2,20260228_152612,1.2982537746429443,"In other words, there are already eco-friendly alternatives like reusable bags, bamboo straws, and compostable containers that can replace single-use plastics without disrupting daily life. Evidence shows that many businesses and communities have successfully switched to these alternatives, proving that a ban is not only possible but already being implemented in practice. If we act now, we can avoid the long-term damage to wildlife, oceans, and landfills that single-use plastics cause every day. The planet can’t keep absorbing our waste — we need to stop producing it in the first place. A total ban is the most effective way to force change and protect the environment for future generations. It’s not about inconvenience; it’s about responsibility, and now is the time to act. We don’t need to wait for perfect solutions — we just need to stop using what’s harming the Earth.",clarification_and_specification,availability_of_alternatives,"In other words, there are already eco-friendly alternatives like reusable bags, bamboo straws, and compostable containers that can replace single-use plastics without disrupting daily life.",clarification_and_specification_availability_of_alternatives,"I should demonstrate that reusable, compostable, and biodegradable alternatives are available for bags, straws, containers, and packaging, making a ban practically feasible.",In other words,evidence_and_authority,availability_of_alternatives,"Evidence shows that many businesses and communities have successfully switched to these alternatives, proving that a ban is not only possible but already being implemented in practice.",evidence_and_authority_availability_of_alternatives,"I should demonstrate that reusable, compostable, and biodegradable alternatives are available for bags, straws, containers, and packaging, making a ban practically feasible.",Evidence shows that,conditional,availability_of_alternatives,"If we act now, we can avoid the long-term damage to wildlife, oceans, and landfills that single-use plastics cause every day.",conditional_availability_of_alternatives,"I should demonstrate that reusable, compostable, and biodegradable alternatives are available for bags, straws, containers, and packaging, making a ban practically feasible.",If
21,0.0,,,synthesis_strict,m1b,3,20260228_152612,0.9028439521789551,"In other words, we don’t need single-use plastics because there are already many eco-friendly options like paper bags, bamboo utensils, and compostable packaging that work just as well. Evidence shows that many countries and cities have already banned single-use plastics and successfully used alternatives without major disruption. If we act now, we can prevent more plastic from ending up in oceans, harming wildlife, and polluting the environment for generations to come.",clarification_and_specification,availability_of_alternatives,"In other words, we don’t need single-use plastics because there are already many eco-friendly options like paper bags, bamboo utensils, and compostable packaging that work just as well.",clarification_and_specification_availability_of_alternatives,"I should demonstrate that reusable, compostable, and biodegradable alternatives are available for bags, straws, containers, and packaging, making a ban practically feasible.",In other words,evidence_and_authority,availability_of_alternatives,Evidence shows that many countries and cities have already banned single-use plastics and successfully used alternatives without major disruption.,evidence_and_authority_availability_of_alternatives,"I should demonstrate that reusable, compostable, and biodegradable alternatives are available for bags, straws, containers, and packaging, making a ban practically feasible.",Evidence shows that,conditional,availability_of_alternatives,"If we act now, we can prevent more plastic from ending up in oceans, harming wildlife, and polluting the environment for generations to come.",conditional_availability_of_alternatives,"I should demonstrate that reusable, compostable, and biodegradable alternatives are available for bags, straws, containers, and packaging, making a ban practically feasible.",If
21,0.0,,,synthesis_strict,m1b,4,20260228_152612,1.4146041870117188,"In other words, we already have viable alternatives to single-use plastics, like paper, glass, metal, and plant-based materials, that can meet everyday needs without harming the environment. Evidence shows that stores and restaurants are successfully using alternatives like reusable bags, paper straws, and compostable containers—proving a transition is not only possible but already underway. If we act now with a total ban, we can prevent further pollution in our oceans and landfills, where plastic waste is choking wildlife and harming ecosystems. A government ban would push businesses to innovate and scale up green solutions faster, making sustainable options more affordable and accessible for everyone. This isn’t about restricting freedom—it’s about protecting our planet and future generations. The cost of inaction, in terms of environmental damage and health risks, far outweighs the temporary inconvenience of change. We have the tools, the will, and the responsibility to make this happen now.",clarification_and_specification,availability_of_alternatives,"In other words, we already have viable alternatives to single-use plastics, like paper, glass, metal, and plant-based materials, that can meet everyday needs without harming the environment.",clarification_and_specification_availability_of_alternatives,"I should demonstrate that reusable, compostable, and biodegradable alternatives are available for bags, straws, containers, and packaging, making a ban practically feasible.",In other words,evidence_and_authority,availability_of_alternatives,"Evidence shows that stores and restaurants are successfully using alternatives like reusable bags, paper straws, and compostable containers—proving a transition is not only possible but already underway.",evidence_and_authority_availability_of_alternatives,"I should demonstrate that reusable, compostable, and biodegradable alternatives are available for bags, straws, containers, and packaging, making a ban practically feasible.",Evidence shows that,conditional,availability_of_alternatives,"If we act now with a total ban, we can prevent further pollution in our oceans and landfills, where plastic waste is choking wildlife and harming ecosystems.",conditional_availability_of_alternatives,"I should demonstrate that reusable, compostable, and biodegradable alternatives are available for bags, straws, containers, and packaging, making a ban practically feasible.",If
22,0.0,,,synthesis_strict,m1b,0,20260228_152612,1.6956937313079834,"Importantly, many single-use plastic items like bags, straws, and food containers can easily be replaced with reusable or biodegradable options such as cloth bags, metal straws, and plant-based packaging, which are already widely available and affordable. In other words, countries and cities that have already implemented plastic bans—like Rwanda and Kenya—have seen dramatic reductions in plastic waste, showing that such laws can work in real-world conditions. Even in the US, states like California and Oregon have successfully reduced plastic pollution after introducing bans or fees on single-use plastics. A total ban isn’t just a distant ideal—it’s a practical step that everyday people can support and adapt to. When we consider how much plastic ends up in oceans, harms wildlife, and lingers for centuries, it’s clear that doing nothing is not an option. The alternatives are here, they work, and they’re getting more popular every day. In conclusion, a total ban on single-use plastics is not only necessary to protect our environment but also realistic, given the wide range of eco-friendly alternatives that are already accessible to everyday consumers.",emphasis_and_evaluation,availability_of_alternatives,"Importantly, many single-use plastic items like bags, straws, and food containers can easily be replaced with reusable or biodegradable options such as cloth bags, metal straws, and plant-based packaging, which are already widely available and affordable.",emphasis_and_evaluation_availability_of_alternatives,"I should demonstrate that reusable, compostable, and biodegradable alternatives are available for bags, straws, containers, and packaging, making a ban practically feasible.",Importantly,conclusion_and_summary,availability_of_alternatives,"In conclusion, a total ban on single-use plastics is not only necessary to protect our environment but also realistic, given the wide range of eco-friendly alternatives that are already accessible to everyday consumers.",conclusion_and_summary_availability_of_alternatives,"I should demonstrate that reusable, compostable, and biodegradable alternatives are available for bags, straws, containers, and packaging, making a ban practically feasible.",In conclusion,clarification_and_specification,success_of_existing_bans,"In other words, countries and cities that have already implemented plastic bans—like Rwanda and Kenya—have seen dramatic reductions in plastic waste, showing that such laws can work in real-world conditions.",clarification_and_specification_success_of_existing_bans,"I should examine case studies from Rwanda, the EU, Kenya, and various US states showing that bans are enforceable and produce measurable reductions in pollution.",In other words
22,0.0,,,synthesis_strict,m1b,1,20260228_152612,1.6338486671447754,"Importantly, everyday alternatives like cloth bags, metal straws, glass containers, and compostable packaging are already widely available and affordable, proving that a ban on single-use plastics is both practical and doable without disrupting daily life. In other words, countries and regions like Rwanda and the European Union have already implemented successful bans, leading to cleaner cities, healthier marine life, and reduced waste in landfills—proving that such policies work when properly enforced. Plastic pollution is harming our oceans and killing animals, and it’s not right to keep putting the burden on future generations. A government ban is the most effective way to make businesses and consumers switch to better options. It’s not about inconvenience—it’s about protecting the planet we all share. In conclusion, a government-enforced ban on single-use plastics is not only necessary to protect our oceans, wildlife, and planet, but it's also realistic and already supported by accessible, sustainable alternatives that millions of people can use every day.",emphasis_and_evaluation,availability_of_alternatives,"Importantly, everyday alternatives like cloth bags, metal straws, glass containers, and compostable packaging are already widely available and affordable, proving that a ban on single-use plastics is both practical and doable without disrupting daily life.",emphasis_and_evaluation_availability_of_alternatives,"I should demonstrate that reusable, compostable, and biodegradable alternatives are available for bags, straws, containers, and packaging, making a ban practically feasible.",Importantly,conclusion_and_summary,availability_of_alternatives,"In conclusion, a government-enforced ban on single-use plastics is not only necessary to protect our oceans, wildlife, and planet, but it's also realistic and already supported by accessible, sustainable alternatives that millions of people can use every day.",conclusion_and_summary_availability_of_alternatives,"I should demonstrate that reusable, compostable, and biodegradable alternatives are available for bags, straws, containers, and packaging, making a ban practically feasible.",In conclusion,clarification_and_specification,success_of_existing_bans,"In other words, countries and regions like Rwanda and the European Union have already implemented successful bans, leading to cleaner cities, healthier marine life, and reduced waste in landfills—proving that such policies work when properly enforced.",clarification_and_specification_success_of_existing_bans,"I should examine case studies from Rwanda, the EU, Kenya, and various US states showing that bans are enforceable and produce measurable reductions in pollution.",In other words
22,0.0,,,synthesis_strict,m1b,2,20260228_152612,1.2679612636566162,"Importantly, many single-use plastic items like bags, straws, and food containers can be replaced with eco-friendly alternatives such as paper, glass, metal, or plant-based materials that are already widely available and affordable. In other words, countries like Rwanda and Kenya have successfully eliminated single-use plastic bags, and cities such as San Francisco and Seattle have significantly reduced plastic waste through bans, proving that such policies work in real-world settings. In conclusion, because viable and accessible alternatives already exist, a total ban on single-use plastics is not only possible but necessary to protect our environment, reduce pollution, and encourage sustainable habits that benefit everyone.",emphasis_and_evaluation,availability_of_alternatives,"Importantly, many single-use plastic items like bags, straws, and food containers can be replaced with eco-friendly alternatives such as paper, glass, metal, or plant-based materials that are already widely available and affordable.",emphasis_and_evaluation_availability_of_alternatives,"I should demonstrate that reusable, compostable, and biodegradable alternatives are available for bags, straws, containers, and packaging, making a ban practically feasible.",Importantly,conclusion_and_summary,availability_of_alternatives,"In conclusion, because viable and accessible alternatives already exist, a total ban on single-use plastics is not only possible but necessary to protect our environment, reduce pollution, and encourage sustainable habits that benefit everyone.",conclusion_and_summary_availability_of_alternatives,"I should demonstrate that reusable, compostable, and biodegradable alternatives are available for bags, straws, containers, and packaging, making a ban practically feasible.",In conclusion,clarification_and_specification,success_of_existing_bans,"In other words, countries like Rwanda and Kenya have successfully eliminated single-use plastic bags, and cities such as San Francisco and Seattle have significantly reduced plastic waste through bans, proving that such policies work in real-world settings.",clarification_and_specification_success_of_existing_bans,"I should examine case studies from Rwanda, the EU, Kenya, and various US states showing that bans are enforceable and produce measurable reductions in pollution.",In other words
22,0.0,,,synthesis_strict,m1b,3,20260228_152612,1.4131896495819092,"Importantly, we already have proven alternatives to single-use plastics like paper bags, glass containers, and biodegradable packaging that work just as well and are already available in stores. In other words, places like Rwanda and the European Union have already successfully banned single-use plastics and seen dramatic reductions in plastic waste, proving that such policies work in real life. As someone who just wants cleaner streets, healthier oceans, and less trash in nature, I believe a government ban is the only way to make real progress. These bans don’t hurt ordinary people—they encourage innovation and give businesses a chance to lead with better solutions. It’s not about giving up convenience; it’s about protecting the planet we all live on. A total ban is not extreme—it’s responsible, practical, and necessary. In conclusion, a total ban on single-use plastics is not only possible—it’s necessary to protect our oceans, wildlife, and long-term environment.",emphasis_and_evaluation,availability_of_alternatives,"Importantly, we already have proven alternatives to single-use plastics like paper bags, glass containers, and biodegradable packaging that work just as well and are already available in stores.",emphasis_and_evaluation_availability_of_alternatives,"I should demonstrate that reusable, compostable, and biodegradable alternatives are available for bags, straws, containers, and packaging, making a ban practically feasible.",Importantly,conclusion_and_summary,availability_of_alternatives,"In conclusion, a total ban on single-use plastics is not only possible—it’s necessary to protect our oceans, wildlife, and long-term environment.",conclusion_and_summary_availability_of_alternatives,"I should demonstrate that reusable, compostable, and biodegradable alternatives are available for bags, straws, containers, and packaging, making a ban practically feasible.",In conclusion,clarification_and_specification,success_of_existing_bans,"In other words, places like Rwanda and the European Union have already successfully banned single-use plastics and seen dramatic reductions in plastic waste, proving that such policies work in real life.",clarification_and_specification_success_of_existing_bans,"I should examine case studies from Rwanda, the EU, Kenya, and various US states showing that bans are enforceable and produce measurable reductions in pollution.",In other words
22,0.0,,,synthesis_strict,m1b,4,20260228_152612,1.5343217849731445,"The government should enforce a total ban on single-use plastics because these materials are a major source of pollution that harms wildlife, clogs waterways, and lingers in ecosystems for hundreds of years. Importantly, many alternatives like paper bags, glass containers, and plant-based plastics already exist and are widely used in everyday life, showing that a ban on single-use plastics is not only possible but already underway in many places. In other words, countries like Rwanda and Kenya have successfully banned plastic bags and seen massive improvements in cleanliness and environmental health, proving that such bans can work in real-world conditions. Even in the United States, states like California and Oregon have implemented similar bans with measurable success. A total ban would encourage innovation, push companies to adopt sustainable practices, and protect our planet for future generations. In conclusion, banning single-use plastics is a necessary step to protect our environment, and with better infrastructure and public awareness, we can make the switch without significant disruption to daily life.",emphasis_and_evaluation,availability_of_alternatives,"Importantly, many alternatives like paper bags, glass containers, and plant-based plastics already exist and are widely used in everyday life, showing that a ban on single-use plastics is not only possible but already underway in many places.",emphasis_and_evaluation_availability_of_alternatives,"I should demonstrate that reusable, compostable, and biodegradable alternatives are available for bags, straws, containers, and packaging, making a ban practically feasible.",Importantly,conclusion_and_summary,availability_of_alternatives,"In conclusion, banning single-use plastics is a necessary step to protect our environment, and with better infrastructure and public awareness, we can make the switch without significant disruption to daily life.",conclusion_and_summary_availability_of_alternatives,"I should demonstrate that reusable, compostable, and biodegradable alternatives are available for bags, straws, containers, and packaging, making a ban practically feasible.",In conclusion,clarification_and_specification,success_of_existing_bans,"In other words, countries like Rwanda and Kenya have successfully banned plastic bags and seen massive improvements in cleanliness and environmental health, proving that such bans can work in real-world conditions.",clarification_and_specification_success_of_existing_bans,"I should examine case studies from Rwanda, the EU, Kenya, and various US states showing that bans are enforceable and produce measurable reductions in pollution.",In other words
23,0.0,,,synthesis_strict,m1b,0,20260228_152612,1.6274957656860352,"A total ban on single-use plastics is not only necessary but also practical because reusable, compostable, and biodegradable alternatives already exist for bags, straws, containers, and packaging, making a ban achievable without disrupting daily life. The environmental and health costs of plastic pollution—such as contaminated water, damaged ecosystems, and increased healthcare expenses—are currently borne by taxpayers and communities, not the corporations that profit from these products, creating a clear market failure that requires government intervention. Real-world examples from Rwanda, the European Union, Kenya, and several U.S. states demonstrate that such bans are enforceable, lead to meaningful reductions in plastic waste, and gain public support over time. As someone who just wants clean streets, safe drinking water, and a healthier planet, I believe the government has a responsibility to act now, not delay, while alternatives are already available. The long-term benefits of cleaner cities, reduced pollution, and healthier ecosystems far outweigh any short-term inconvenience. A ban isn’t just an environmental policy—it’s a common-sense step to protect our families and future generations. Therefore, the government should enforce a total ban on single-use plastics to safeguard public health and the planet.",causal_reasoning,availability_of_alternatives,"Therefore, a total ban on single-use plastics is achievable because viable alternatives already exist for most everyday uses.",causal_reasoning_availability_of_alternatives,"I should demonstrate that reusable, compostable, and biodegradable alternatives are available for bags, straws, containers, and packaging, making a ban practically feasible.",Therefore,conclusion_and_summary,economic_externalities,"In conclusion, the government should act to protect public health and the environment by banning single-use plastics, since the costs of pollution are currently being paid by taxpayers and communities, not the companies that profit from these products.",conclusion_and_summary_economic_externalities,"I should calculate how cleanup costs, healthcare burdens, tourism losses, and ecosystem damage are borne by the public rather than producers—a market failure requiring correction.",In conclusion,conclusion_and_summary,success_of_existing_bans,"In conclusion, proven examples from countries and states that have already implemented plastic bans show that such policies work, reduce waste, and are supported by the public.",conclusion_and_summary_success_of_existing_bans,"I should examine case studies from Rwanda, the EU, Kenya, and various US states showing that bans are enforceable and produce measurable reductions in pollution.",In conclusion
23,0.0,,,synthesis_strict,m1b,1,20260228_152612,1.6178271770477295,"A total ban on single-use plastics is both necessary and achievable because we already have alternatives like reusable bags, paper packaging, and compostable containers that can replace plastic without disrupting daily life. The environmental and economic costs of plastic pollution—cleaning beaches, treating health issues from microplastics, and losing tourism—are borne by the public, not the companies that profit from plastic production, making government intervention a fair and essential correction. Real-world examples from Rwanda, Kenya, the EU, and various U.S. states show that such bans are enforceable and lead to measurable reductions in plastic waste and pollution. Given that these alternatives are already in use and proven effective, a national ban is a logical next step. The government has a responsibility to protect public health and the environment, and a total ban is the most direct and effective way to achieve that. By taking this bold step, we can ensure cleaner oceans, healthier communities, and a more sustainable future for all.",causal_reasoning,availability_of_alternatives,"Therefore, a ban on single-use plastics is achievable because we already have viable alternatives like reusable bags, paper packaging, and compostable containers that can replace plastic without disrupting daily life.",causal_reasoning_availability_of_alternatives,"I should demonstrate that reusable, compostable, and biodegradable alternatives are available for bags, straws, containers, and packaging, making a ban practically feasible.",Therefore,conclusion_and_summary,economic_externalities,"In conclusion, a total ban on single-use plastics is not just environmentally necessary but also economically sensible, because the costs of plastic pollution—cleaning beaches, treating health issues from microplastics, and losing tourism—fall on taxpayers and communities, not the companies that profit from plastic production.",conclusion_and_summary_economic_externalities,"I should calculate how cleanup costs, healthcare burdens, tourism losses, and ecosystem damage are borne by the public rather than producers—a market failure requiring correction.",In conclusion,conclusion_and_summary,success_of_existing_bans,"In conclusion, real-world examples from places like Rwanda and the European Union demonstrate that banning single-use plastics works—cities saw massive reductions in plastic waste and pollution, proving that such a ban is not just idealistic but practical and effective.",conclusion_and_summary_success_of_existing_bans,"I should examine case studies from Rwanda, the EU, Kenya, and various US states showing that bans are enforceable and produce measurable reductions in pollution.",In conclusion
23,0.0,,,synthesis_strict,m1b,2,20260228_152612,1.3811206817626953,"Single-use plastics are a major source of pollution that harms wildlife, contaminates water supplies, and contributes to climate change. Fortunately, reusable, compostable, and biodegradable alternatives are already available for bags, straws, containers, and packaging, making a ban entirely practical and achievable without disrupting daily life or business operations. The true cost of single-use plastics isn’t just in production—it’s in the cleanup efforts, health problems from microplastics, lost tourism revenue, and ecosystem destruction, all of which are paid for by taxpayers, not the corporations that profit from them. A government ban corrects this market failure by holding producers accountable and protecting public health and the environment. Real-world examples from Rwanda, the EU, Kenya, and various U.S. states show that such bans are enforceable and lead to measurable reductions in pollution and cleaner communities. In conclusion, it's time to act decisively: a total ban on single-use plastics is a necessary, effective, and responsible step toward a healthier planet and a fairer society.",causal_reasoning,availability_of_alternatives,"Therefore, it's entirely possible to replace single-use plastics with sustainable alternatives without disrupting daily life or business operations.",causal_reasoning_availability_of_alternatives,"I should demonstrate that reusable, compostable, and biodegradable alternatives are available for bags, straws, containers, and packaging, making a ban practically feasible.",Therefore,conclusion_and_summary,economic_externalities,"In conclusion, banning single-use plastics protects public health, reduces environmental harm, and saves taxpayer money on cleanup and healthcare costs.",conclusion_and_summary_economic_externalities,"I should calculate how cleanup costs, healthcare burdens, tourism losses, and ecosystem damage are borne by the public rather than producers—a market failure requiring correction.",In conclusion,conclusion_and_summary,success_of_existing_bans,"In conclusion, real-world examples prove that bans work: pollution drops, communities become cleaner, and businesses adapt successfully.",conclusion_and_summary_success_of_existing_bans,"I should examine case studies from Rwanda, the EU, Kenya, and various US states showing that bans are enforceable and produce measurable reductions in pollution.",In conclusion
23,0.0,,,synthesis_strict,m1b,3,20260228_152612,1.67055344581604,"Therefore, banning single-use plastics is realistic because we already have viable, eco-friendly alternatives like reusable bags, compostable containers, and biodegradable packaging that can meet everyday needs. In conclusion, banning single-use plastics is necessary because the environmental and health harms—from plastic pollution in oceans to microplastics in drinking water—cost society billions in cleanup, healthcare, and lost tourism, and these burdens fall on ordinary people, not the companies that profit from plastic. In conclusion, evidence from places like Rwanda, the EU, and California proves that plastic bans work—reducing litter, protecting wildlife, and shifting consumer habits without causing economic collapse. The government has a responsibility to protect public health and the planet, and a total ban is the most effective way to achieve that. We don’t need to wait for perfect alternatives—we can act now with what we already have. The cost of inaction is far greater than the cost of change. This ban isn’t just about reducing waste—it’s about protecting our families, our communities, and our future.",causal_reasoning,availability_of_alternatives,"Therefore, banning single-use plastics is realistic because we already have viable, eco-friendly alternatives like reusable bags, compostable containers, and biodegradable packaging that can meet everyday needs.",causal_reasoning_availability_of_alternatives,"I should demonstrate that reusable, compostable, and biodegradable alternatives are available for bags, straws, containers, and packaging, making a ban practically feasible.",Therefore,conclusion_and_summary,economic_externalities,"In conclusion, banning single-use plastics is necessary because the environmental and health harms—from plastic pollution in oceans to microplastics in drinking water—cost society billions in cleanup, healthcare, and lost tourism, and these burdens fall on ordinary people, not the companies that profit from plastic.",conclusion_and_summary_economic_externalities,"I should calculate how cleanup costs, healthcare burdens, tourism losses, and ecosystem damage are borne by the public rather than producers—a market failure requiring correction.",In conclusion,conclusion_and_summary,success_of_existing_bans,"In conclusion, evidence from places like Rwanda, the EU, and California proves that plastic bans work—reducing litter, protecting wildlife, and shifting consumer habits without causing economic collapse.",conclusion_and_summary_success_of_existing_bans,"I should examine case studies from Rwanda, the EU, Kenya, and various US states showing that bans are enforceable and produce measurable reductions in pollution.",In conclusion
23,0.0,,,synthesis_strict,m1b,4,20260228_152612,1.1035194396972656,"Therefore, it's realistic to ban single-use plastics because we already have better, sustainable alternatives like reusable bags, bamboo straws, and plant-based packaging that are widely available and effective. In conclusion, the government should step in because the hidden costs of plastic pollution—like cleaning beaches, harming wildlife, and damaging the environment—are paid by taxpayers, not the companies that profit from plastic. In conclusion, countries like Rwanda and Kenya have successfully banned single-use plastics and seen cleaner cities and less ocean waste, proving that a ban works when enforced.",causal_reasoning,availability_of_alternatives,"Therefore, it's realistic to ban single-use plastics because we already have better, sustainable alternatives like reusable bags, bamboo straws, and plant-based packaging that are widely available and effective.",causal_reasoning_availability_of_alternatives,"I should demonstrate that reusable, compostable, and biodegradable alternatives are available for bags, straws, containers, and packaging, making a ban practically feasible.",Therefore,conclusion_and_summary,economic_externalities,"In conclusion, the government should step in because the hidden costs of plastic pollution—like cleaning beaches, harming wildlife, and damaging the environment—are paid by taxpayers, not the companies that profit from plastic.",conclusion_and_summary_economic_externalities,"I should calculate how cleanup costs, healthcare burdens, tourism losses, and ecosystem damage are borne by the public rather than producers—a market failure requiring correction.",In conclusion,conclusion_and_summary,success_of_existing_bans,"In conclusion, countries like Rwanda and Kenya have successfully banned single-use plastics and seen cleaner cities and less ocean waste, proving that a ban works when enforced.",conclusion_and_summary_success_of_existing_bans,"I should examine case studies from Rwanda, the EU, Kenya, and various US states showing that bans are enforceable and produce measurable reductions in pollution.",In conclusion
24,0.0,,,synthesis_strict,m1b,0,20260228_152612,1.4140911102294922,"In other words, bans on single-use plastics are not only possible but have already succeeded in countries like Rwanda and Kenya, where plastic waste has drastically decreased since implementation. Evidence shows that single-use plastics cause massive environmental harm, with billions of dollars spent annually on cleanup and damage to wildlife and coastal tourism—costs that taxpayers, not corporations, end up paying. If we don’t act, we’ll keep polluting our oceans, harming animals, and risking human health—something I don’t want to pass on to my kids or future generations. The government has a responsibility to protect public health and the environment, and a total ban is the most effective way to end this crisis. It’s not about inconvenience—it’s about sustainability and fairness. We’ve seen it work elsewhere; now it’s time for our government to act. The future of our planet depends on bold decisions today.",clarification_and_specification,success_of_existing_bans,"In other words, bans on single-use plastics are not only possible but have already succeeded in countries like Rwanda and Kenya, where plastic waste has drastically decreased since implementation.",clarification_and_specification_success_of_existing_bans,"I should examine case studies from Rwanda, the EU, Kenya, and various US states showing that bans are enforceable and produce measurable reductions in pollution.",In other words,evidence_and_authority,economic_externalities,"Evidence shows that single-use plastics cause massive environmental harm, with billions of dollars spent annually on cleanup and damage to wildlife and coastal tourism—costs that taxpayers, not corporations, end up paying.",evidence_and_authority_economic_externalities,"I should calculate how cleanup costs, healthcare burdens, tourism losses, and ecosystem damage are borne by the public rather than producers—a market failure requiring correction.",Evidence shows that,conditional,economic_externalities,"If we don’t act, we’ll keep polluting our oceans, harming animals, and risking human health—something I don’t want to pass on to my kids or future generations.",conditional_economic_externalities,"I should calculate how cleanup costs, healthcare burdens, tourism losses, and ecosystem damage are borne by the public rather than producers—a market failure requiring correction.",If
24,0.0,,,synthesis_strict,m1b,1,20260228_152612,1.3513078689575195,"In other words, real-world examples like Rwanda and Kenya prove that banning single-use plastics is not only possible but effective at reducing environmental harm. Evidence shows that the true cost of plastic pollution—cleaning up waste, health impacts, and damage to nature—is ultimately paid by taxpayers, not the corporations that profit from plastic. If we let plastic waste pile up, it’s the average person who ends up paying through higher taxes, polluted water, and damaged natural spaces we rely on. A total ban ensures that these hidden costs are avoided and that future generations inherit a cleaner, healthier planet. The burden of pollution is not fair or sustainable, and government action is necessary to fix it. Without a ban, we’re just delaying the inevitable cleanup and letting the problem grow worse. It’s time to protect our communities, environment, and future by enforcing a total ban on single-use plastics.",clarification_and_specification,success_of_existing_bans,"In other words, real-world examples like Rwanda and Kenya prove that banning single-use plastics is not only possible but effective at reducing environmental harm.",clarification_and_specification_success_of_existing_bans,"I should examine case studies from Rwanda, the EU, Kenya, and various US states showing that bans are enforceable and produce measurable reductions in pollution.",In other words,evidence_and_authority,economic_externalities,"Evidence shows that the true cost of plastic pollution—cleaning up waste, health impacts, and damage to nature—is ultimately paid by taxpayers, not the corporations that profit from plastic.",evidence_and_authority_economic_externalities,"I should calculate how cleanup costs, healthcare burdens, tourism losses, and ecosystem damage are borne by the public rather than producers—a market failure requiring correction.",Evidence shows that,conditional,economic_externalities,"If we let plastic waste pile up, it’s the average person who ends up paying through higher taxes, polluted water, and damaged natural spaces we rely on.",conditional_economic_externalities,"I should calculate how cleanup costs, healthcare burdens, tourism losses, and ecosystem damage are borne by the public rather than producers—a market failure requiring correction.",If
24,0.0,,,synthesis_strict,m1b,2,20260228_152612,1.3776209354400635,"The government should enforce a total ban on single-use plastics because countries like Rwanda and Kenya have already proven that such bans are not only possible but effective, leading to dramatic reductions in plastic waste. Evidence shows that plastic pollution costs governments billions annually in cleanup and environmental damage, and these costs are borne by taxpayers, not the corporations that profit from plastic production. If the government doesn’t act, the burden of cleaning up plastic pollution falls on ordinary people through higher taxes, contaminated water, and degraded natural spaces we all depend on. A ban would shift responsibility back to the producers and protect public health and the environment. It’s not just about reducing litter—it’s about protecting our communities, our economy, and our planet for future generations. The time to act is now, before plastic pollution becomes irreversible. A total ban is a necessary and achievable step toward a cleaner, healthier future.",clarification_and_specification,success_of_existing_bans,"In other words, countries like Rwanda and Kenya have successfully banned single-use plastics and seen dramatic reductions in plastic waste, proving that such bans are not only possible but effective in real-world conditions.",clarification_and_specification_success_of_existing_bans,"I should examine case studies from Rwanda, the EU, Kenya, and various US states showing that bans are enforceable and produce measurable reductions in pollution.",In other words,evidence_and_authority,economic_externalities,"Evidence shows that plastic pollution costs governments billions annually in cleanup and environmental damage, and these costs are borne by taxpayers, not the corporations that profit from plastic production.",evidence_and_authority_economic_externalities,"I should calculate how cleanup costs, healthcare burdens, tourism losses, and ecosystem damage are borne by the public rather than producers—a market failure requiring correction.",Evidence shows that,conditional,economic_externalities,"If the government doesn’t act, the burden of cleaning up plastic pollution falls on ordinary people through higher taxes, contaminated water, and degraded natural spaces we all depend on.",conditional_economic_externalities,"I should calculate how cleanup costs, healthcare burdens, tourism losses, and ecosystem damage are borne by the public rather than producers—a market failure requiring correction.",If
24,0.0,,,synthesis_strict,m1b,3,20260228_152612,1.4857652187347412,"In other words, bans on single-use plastics have already proven effective in places like Rwanda and Kenya, where plastic waste in the environment has dropped dramatically since the laws took effect. Evidence shows that the real cost of plastic pollution—like cleaning up streets, treating plastic-related health issues, and damaging tourism—is paid by taxpayers, not the companies that profit from single-use plastics. If we keep allowing single-use plastics, we're letting companies off the hook while ordinary people pay the price through higher taxes, polluted water, and damaged natural spaces. The government has a responsibility to protect public health and the environment, and a total ban is the most decisive way to achieve that. With reusable alternatives widely available and proven to work, there’s no excuse for continuing to rely on disposable plastic. A ban sends a clear message that our planet and future generations matter more than corporate convenience. It’s time for bold action, and a total ban is the only way to truly end the plastic pollution crisis.",clarification_and_specification,success_of_existing_bans,"In other words, bans on single-use plastics have already proven effective in places like Rwanda and Kenya, where plastic waste in the environment has dropped dramatically since the laws took effect.",clarification_and_specification_success_of_existing_bans,"I should examine case studies from Rwanda, the EU, Kenya, and various US states showing that bans are enforceable and produce measurable reductions in pollution.",In other words,evidence_and_authority,economic_externalities,"Evidence shows that the real cost of plastic pollution—like cleaning up streets, treating plastic-related health issues, and damaging tourism—is paid by taxpayers, not the companies that profit from single-use plastics.",evidence_and_authority_economic_externalities,"I should calculate how cleanup costs, healthcare burdens, tourism losses, and ecosystem damage are borne by the public rather than producers—a market failure requiring correction.",Evidence shows that,conditional,economic_externalities,"If we keep allowing single-use plastics, we're letting companies off the hook while ordinary people pay the price through higher taxes, polluted water, and damaged natural spaces.",conditional_economic_externalities,"I should calculate how cleanup costs, healthcare burdens, tourism losses, and ecosystem damage are borne by the public rather than producers—a market failure requiring correction.",If
24,0.0,,,synthesis_strict,m1b,4,20260228_152612,1.2611756324768066,"In other words, countries like Rwanda and Kenya have implemented nationwide bans on single-use plastics with strong results, showing that such policies are both feasible and effective. Evidence shows that the environmental and economic costs of plastic pollution—like cleaning up streets, damaging marine life, and harming tourism—are passed on to taxpayers, not the companies that profit from single-use plastics. If we don’t act, these costs will keep growing, and future generations will inherit a more polluted, less livable planet. A total ban is a necessary step to stop this damage before it gets worse. It’s not about restricting freedom—it’s about protecting our health, our communities, and our natural world. We’ve seen that when governments act, change happens. It’s time for us to do the same.",clarification_and_specification,success_of_existing_bans,"In other words, countries like Rwanda and Kenya have implemented nationwide bans on single-use plastics with strong results, showing that such policies are both feasible and effective.",clarification_and_specification_success_of_existing_bans,"I should examine case studies from Rwanda, the EU, Kenya, and various US states showing that bans are enforceable and produce measurable reductions in pollution.",In other words,evidence_and_authority,economic_externalities,"Evidence shows that the environmental and economic costs of plastic pollution—like cleaning up streets, damaging marine life, and harming tourism—are passed on to taxpayers, not the companies that profit from single-use plastics.",evidence_and_authority_economic_externalities,"I should calculate how cleanup costs, healthcare burdens, tourism losses, and ecosystem damage are borne by the public rather than producers—a market failure requiring correction.",Evidence shows that,conditional,economic_externalities,"If we don’t act, these costs will keep growing, and future generations will inherit a more polluted, less livable planet.",conditional_economic_externalities,"I should calculate how cleanup costs, healthcare burdens, tourism losses, and ecosystem damage are borne by the public rather than producers—a market failure requiring correction.",If
25,0.0,,,synthesis_strict,m1b,0,20260228_152612,1.4953114986419678,"The government should enforce a total ban on single-use plastics because the harm they cause to our environment and public health is too great to ignore. However, I do have to acknowledge that the burden of plastic pollution falls heavily on communities and taxpayers, with cleanup costs, healthcare expenses from microplastics, and tourism losses all being socialized while corporations profit. Countries like Rwanda, Kenya, and members of the EU have already proven that banning single-use plastics is not only possible but effective in reducing pollution and protecting ecosystems. These bans have led to cleaner cities, healthier wildlife, and a shift toward more sustainable alternatives that businesses can adapt to. If we wait any longer, the damage to our oceans, soil, and human health will become irreversible. A total ban is a necessary step to protect future generations and ensure that the cost of pollution isn’t passed on to ordinary people.",concession_and_contrast,economic_externalities,"However, I do have to acknowledge that the burden of plastic pollution falls heavily on communities and taxpayers, with cleanup costs, healthcare expenses from microplastics, and tourism losses all being socialized while corporations profit.",concession_and_contrast_economic_externalities,"I should calculate how cleanup costs, healthcare burdens, tourism losses, and ecosystem damage are borne by the public rather than producers—a market failure requiring correction.",However,concession_and_contrast,economic_externalities,"However, I do have to acknowledge that the burden of plastic pollution falls heavily on communities and taxpayers, with cleanup costs, healthcare expenses from microplastics, and tourism losses all being socialized while corporations profit.",concession_and_contrast_economic_externalities,"I should calculate how cleanup costs, healthcare burdens, tourism losses, and ecosystem damage are borne by the public rather than producers—a market failure requiring correction.",However,concession_and_contrast,success_of_existing_bans,"However, I do have to acknowledge that the burden of plastic pollution falls heavily on communities and taxpayers, with cleanup costs, healthcare expenses from microplastics, and tourism losses all being socialized while corporations profit.",concession_and_contrast_success_of_existing_bans,"I should examine case studies from Rwanda, the EU, Kenya, and various US states showing that bans are enforceable and produce measurable reductions in pollution.",However
25,0.0,,,synthesis_strict,m1b,1,20260228_152612,1.365039348602295,"However, the real cost of single-use plastics isn’t just in the product—it’s in the cleanup, pollution, and health impacts that fall on communities, taxpayers, and future generations. Countries like Rwanda and Kenya have already proven that total bans work—Rwanda’s plastic ban helped keep its cities among the cleanest in the world. Even in places like the EU and California, bans have reduced plastic waste without causing economic collapse. The government has a responsibility to protect public health and the environment, especially when the burden is unfairly shifted to ordinary people. A total ban is the most effective way to eliminate the threat, not just reduce it. We can’t keep patching up the damage—prevention is better than cleanup. It’s time to make a bold move for a cleaner, healthier future.",concession_and_contrast,economic_externalities,"However, the real cost of single-use plastics isn’t just in the product—it’s in the cleanup, pollution, and health impacts that fall on communities, taxpayers, and future generations.",concession_and_contrast_economic_externalities,"I should calculate how cleanup costs, healthcare burdens, tourism losses, and ecosystem damage are borne by the public rather than producers—a market failure requiring correction.",However,concession_and_contrast,economic_externalities,"However, the real cost of single-use plastics isn’t just in the product—it’s in the cleanup, pollution, and health impacts that fall on communities, taxpayers, and future generations.",concession_and_contrast_economic_externalities,"I should calculate how cleanup costs, healthcare burdens, tourism losses, and ecosystem damage are borne by the public rather than producers—a market failure requiring correction.",However,concession_and_contrast,success_of_existing_bans,"However, countries like Rwanda and Kenya have already proven that total bans work—Rwanda’s plastic ban helped keep its cities among the cleanest in the world.",concession_and_contrast_success_of_existing_bans,"I should examine case studies from Rwanda, the EU, Kenya, and various US states showing that bans are enforceable and produce measurable reductions in pollution.",However
25,0.0,,,synthesis_strict,m1b,2,20260228_152612,1.054966688156128,"However, the burden of plastic pollution falls disproportionately on ordinary citizens through increased cleanup costs, damaged ecosystems, and long-term health risks, even though we didn’t create the problem. However, the burden of plastic pollution falls disproportionately on ordinary citizens through increased cleanup costs, damaged ecosystems, and long-term health risks, even though we didn’t create the problem. However, countries like Rwanda and Kenya have successfully implemented total bans and seen dramatic reductions in plastic waste, proving that such policies are not only possible but effective.",concession_and_contrast,economic_externalities,"However, the burden of plastic pollution falls disproportionately on ordinary citizens through increased cleanup costs, damaged ecosystems, and long-term health risks, even though we didn’t create the problem.",concession_and_contrast_economic_externalities,"I should calculate how cleanup costs, healthcare burdens, tourism losses, and ecosystem damage are borne by the public rather than producers—a market failure requiring correction.",However,concession_and_contrast,economic_externalities,"However, the burden of plastic pollution falls disproportionately on ordinary citizens through increased cleanup costs, damaged ecosystems, and long-term health risks, even though we didn’t create the problem.",concession_and_contrast_economic_externalities,"I should calculate how cleanup costs, healthcare burdens, tourism losses, and ecosystem damage are borne by the public rather than producers—a market failure requiring correction.",However,concession_and_contrast,success_of_existing_bans,"However, countries like Rwanda and Kenya have successfully implemented total bans and seen dramatic reductions in plastic waste, proving that such policies are not only possible but effective.",concession_and_contrast_success_of_existing_bans,"I should examine case studies from Rwanda, the EU, Kenya, and various US states showing that bans are enforceable and produce measurable reductions in pollution.",However
25,0.0,,,synthesis_strict,m1b,3,20260228_152612,1.5820207595825195,"The government should enforce a total ban on single-use plastics because the real burden of plastic pollution falls on taxpayers and communities through cleanup costs, healthcare issues from pollution, and damaged ecosystems, making government intervention essential to correct this market failure. Countries like Rwanda and Kenya have proven that nationwide bans are enforceable and effective, drastically cutting plastic waste and cleaning up urban areas, which shows a ban isn't just idealistic but practical. Even in the U.S., states like California and Maine have seen measurable reductions in plastic pollution after passing similar laws, proving that bans can work at scale. It’s unfair that corporations profit from disposable products while ordinary people pay the price in cleaner streets, healthier waterways, and long-term environmental damage. A total ban is a necessary step to protect public health, preserve natural resources, and shift responsibility back to producers. We don’t need perfect solutions—just common sense, responsible action, and leadership. It’s time to stop treating the planet like a trash can and start protecting it for future generations.",concession_and_contrast,economic_externalities,"However, the real burden of single-use plastics falls on taxpayers and communities through cleanup costs, healthcare issues from pollution, and damaged ecosystems, making government intervention essential to correct this market failure.",concession_and_contrast_economic_externalities,"I should calculate how cleanup costs, healthcare burdens, tourism losses, and ecosystem damage are borne by the public rather than producers—a market failure requiring correction.",However,concession_and_contrast,economic_externalities,"However, the real burden of single-use plastics falls on taxpayers and communities through cleanup costs, healthcare issues from pollution, and damaged ecosystems, making government intervention essential to correct this market failure.",concession_and_contrast_economic_externalities,"I should calculate how cleanup costs, healthcare burdens, tourism losses, and ecosystem damage are borne by the public rather than producers—a market failure requiring correction.",However,concession_and_contrast,success_of_existing_bans,"However, countries like Rwanda and Kenya have proven that nationwide bans are enforceable and effective, drastically cutting plastic waste and cleaning up urban areas, which shows a ban isn't just idealistic but practical.",concession_and_contrast_success_of_existing_bans,"I should examine case studies from Rwanda, the EU, Kenya, and various US states showing that bans are enforceable and produce measurable reductions in pollution.",However
25,0.0,,,synthesis_strict,m1b,4,20260228_152612,1.4541313648223877,"However, the government must act because the true costs of single-use plastics—like pollution cleanup, ecosystem damage, and health risks—are not reflected in their price, placing an unfair burden on taxpayers and future generations. Evidence from countries like Rwanda and Kenya shows that total bans are not only enforceable but lead to cleaner cities, healthier ecosystems, and a cultural shift toward sustainability. When governments step in, they correct a market failure where producers externalize environmental and public health costs. A ban ensures that the public isn’t forced to pay the hidden price of convenience. It also drives innovation in reusable and biodegradable alternatives, creating new green jobs and industries. Real change doesn’t happen by waiting for voluntary action—it takes strong policy to protect our planet and communities. That’s why a total government ban on single-use plastics is not just necessary, but long overdue.",concession_and_contrast,economic_externalities,"However, the government must act because the true costs of single-use plastics—like pollution cleanup, ecosystem damage, and health risks—are not reflected in their price, placing an unfair burden on taxpayers and future generations.",concession_and_contrast_economic_externalities,"I should calculate how cleanup costs, healthcare burdens, tourism losses, and ecosystem damage are borne by the public rather than producers—a market failure requiring correction.",However,concession_and_contrast,economic_externalities,"However, the government must act because the true costs of single-use plastics—like pollution cleanup, ecosystem damage, and health risks—are not reflected in their price, placing an unfair burden on taxpayers and future generations.",concession_and_contrast_economic_externalities,"I should calculate how cleanup costs, healthcare burdens, tourism losses, and ecosystem damage are borne by the public rather than producers—a market failure requiring correction.",However,concession_and_contrast,success_of_existing_bans,"However, evidence from countries like Rwanda and Kenya shows that total bans are not only enforceable but lead to cleaner cities, healthier ecosystems, and a cultural shift toward sustainability.",concession_and_contrast_success_of_existing_bans,"I should examine case studies from Rwanda, the EU, Kenya, and various US states showing that bans are enforceable and produce measurable reductions in pollution.",However
26,0.0,,,synthesis_strict,m1b,0,20260228_152612,1.2086617946624756,"The government should enforce a total ban on single-use plastics because real-world examples from Rwanda, the EU, Kenya, and many US states show that banning single-use plastics is not only possible but already working in multiple countries. These regions have successfully reduced plastic waste, cleaned up public spaces, and encouraged innovation in sustainable alternatives. However, reusable, compostable, and biodegradable alternatives are already available for bags, straws, containers, and packaging, making a ban both practical and achievable. A nationwide ban would protect our environment, reduce pollution, and encourage businesses to innovate with greener solutions. It’s time to act now for cleaner streets, healthier oceans, and a safer planet for future generations.",sequence_and_transition,success_of_existing_bans,"Next, I need to emphasize how these real-world examples prove that banning single-use plastics is not only possible but already working in multiple countries.",sequence_and_transition_success_of_existing_bans,"I should examine case studies from Rwanda, the EU, Kenya, and various US states showing that bans are enforceable and produce measurable reductions in pollution.",Next,causal_reasoning,success_of_existing_bans,"Therefore, real-world examples from Rwanda, the EU, Kenya, and many US states show that banning single-use plastics is not only possible but already working in multiple countries.",causal_reasoning_success_of_existing_bans,"I should examine case studies from Rwanda, the EU, Kenya, and various US states showing that bans are enforceable and produce measurable reductions in pollution.",Therefore,concession_and_contrast,availability_of_alternatives,"However, reusable, compostable, and biodegradable alternatives are already available for bags, straws, containers, and packaging, making a ban both practical and achievable.",concession_and_contrast_availability_of_alternatives,"I should demonstrate that reusable, compostable, and biodegradable alternatives are available for bags, straws, containers, and packaging, making a ban practically feasible.",However
26,0.0,,,synthesis_strict,m1b,1,20260228_152612,1.3633277416229248,"The government should enforce a total ban on single-use plastics because countries like Rwanda and the European Union have proven that such bans are not only enforceable but also lead to cleaner environments and reduced pollution. Rwanda’s nationwide ban on plastic bags has transformed its cities into cleaner, more sustainable spaces, while the EU’s directive has significantly reduced plastic waste in rivers and oceans. Similarly, Kenya and California have successfully implemented bans that have led to measurable improvements in public health and environmental quality. Critics often claim that alternatives aren’t available, but reusable, compostable, and biodegradable options—such as paper, bamboo, and plant-based packaging—are already widely used and accessible. A total ban is not just an environmental necessity but also a practical, achievable step toward protecting our planet. As ordinary citizens, we have a responsibility to support policies that safeguard the environment for future generations.",sequence_and_transition,success_of_existing_bans,"Next to the fact that Rwanda's ban on plastic bags has led to cleaner streets and reduced waste, the European Union's single-use plastics directive has significantly cut down plastic pollution in waterways.",sequence_and_transition_success_of_existing_bans,"I should examine case studies from Rwanda, the EU, Kenya, and various US states showing that bans are enforceable and produce measurable reductions in pollution.",Next,causal_reasoning,success_of_existing_bans,"Therefore, countries like Kenya and California have demonstrated that banning single-use plastics is not only feasible but also leads to long-term environmental benefits.",causal_reasoning_success_of_existing_bans,"I should examine case studies from Rwanda, the EU, Kenya, and various US states showing that bans are enforceable and produce measurable reductions in pollution.",Therefore,concession_and_contrast,availability_of_alternatives,"However, the argument that bans are impractical ignores the wide availability of sustainable alternatives like paper, bamboo, and compostable materials that are already being used in everyday life.",concession_and_contrast_availability_of_alternatives,"I should demonstrate that reusable, compostable, and biodegradable alternatives are available for bags, straws, containers, and packaging, making a ban practically feasible.",However
26,0.0,,,synthesis_strict,m1b,2,20260228_152612,1.2068452835083008,"The government should enforce a total ban on single-use plastics because it’s not just environmentally responsible—it’s already working in real places. Countries like Rwanda and Kenya have banned single-use plastics and saw massive improvements in cleanliness, reduced pollution in rivers and oceans, and even boosted tourism. This shows that bans are not just idealistic ideas—they’re practical and enforceable. Plus, we already have better options: reusable bags, compostable containers, and biodegradable straws that work just as well as plastic. So a ban isn’t about inconvenience—it’s about protecting our planet and our health. With proven success elsewhere and real alternatives available, it’s time for the government to act and make a total ban the law.",sequence_and_transition,success_of_existing_bans,"Next, I’ll highlight that countries like Rwanda and Kenya have successfully banned single-use plastics and seen dramatic improvements in cleanliness and environmental health.",sequence_and_transition_success_of_existing_bans,"I should examine case studies from Rwanda, the EU, Kenya, and various US states showing that bans are enforceable and produce measurable reductions in pollution.",Next,causal_reasoning,success_of_existing_bans,"Therefore, a total ban is not only possible but already proven effective in multiple real-world settings, proving that governments can enforce such policies and achieve lasting change.",causal_reasoning_success_of_existing_bans,"I should examine case studies from Rwanda, the EU, Kenya, and various US states showing that bans are enforceable and produce measurable reductions in pollution.",Therefore,concession_and_contrast,availability_of_alternatives,"However, people don’t need to sacrifice convenience—there are plenty of eco-friendly alternatives like cloth bags, paper packaging, and bamboo utensils that work just as well.",concession_and_contrast_availability_of_alternatives,"I should demonstrate that reusable, compostable, and biodegradable alternatives are available for bags, straws, containers, and packaging, making a ban practically feasible.",However
26,0.0,,,synthesis_strict,m1b,3,20260228_152612,1.2448110580444336,"A total ban on single-use plastics is both necessary and achievable. Countries like Rwanda and Kenya have successfully implemented strict bans, leading to cleaner cities and reduced environmental harm, proving such policies are practical and enforceable. The European Union has also seen significant reductions in plastic pollution through coordinated legislation, showing that large-scale bans can work across diverse economies. Fortunately, there are already affordable and effective alternatives—like reusable bags, paper straws, and compostable containers—that can replace single-use plastics without sacrificing convenience. With proper public education and support, a ban would protect ecosystems, reduce landfill waste, and encourage innovation in sustainable materials. As someone who simply wants cleaner streets and a healthier planet, I believe the government has a responsibility to act now before the damage becomes irreversible.",sequence_and_transition,success_of_existing_bans,"Next, I will describe how bans have already proven effective in reducing plastic waste in places like Rwanda and Kenya, demonstrating that such policies are not just theoretical but practical.",sequence_and_transition_success_of_existing_bans,"I should examine case studies from Rwanda, the EU, Kenya, and various US states showing that bans are enforceable and produce measurable reductions in pollution.",Next,causal_reasoning,success_of_existing_bans,"Therefore, a total ban on single-use plastics is not only possible but already working in multiple countries, proving that governments can successfully implement and enforce such measures.",causal_reasoning_success_of_existing_bans,"I should examine case studies from Rwanda, the EU, Kenya, and various US states showing that bans are enforceable and produce measurable reductions in pollution.",Therefore,concession_and_contrast,availability_of_alternatives,"However, these bans do not eliminate convenience—reusable and eco-friendly alternatives already exist and are widely used, making the transition manageable and sustainable.",concession_and_contrast_availability_of_alternatives,"I should demonstrate that reusable, compostable, and biodegradable alternatives are available for bags, straws, containers, and packaging, making a ban practically feasible.",However
26,0.0,,,synthesis_strict,m1b,4,20260228_152612,1.1399357318878174,"The average person knows that plastic waste is choking our oceans, polluting our rivers, and harming wildlife. But what they may not realize is that we already have better, sustainable alternatives—like reusable bags, compostable containers, and bioplastics—that are affordable and widely available. Countries like Rwanda, Kenya, and members of the European Union have already implemented total bans on single-use plastics and seen dramatic drops in litter and environmental damage. These bans are not just idealistic—they’re practical, enforceable, and already working. The harm caused by single-use plastics to ecosystems and human health far exceeds any temporary convenience they offer. That’s why the government should enforce a total ban now, before the damage becomes irreversible.",sequence_and_transition,success_of_existing_bans,"Next-generation bioplastics and reusable alternatives are already widely available and cost-effective, meaning we don’t have to rely on single-use plastics.",sequence_and_transition_success_of_existing_bans,"I should examine case studies from Rwanda, the EU, Kenya, and various US states showing that bans are enforceable and produce measurable reductions in pollution.",Next,causal_reasoning,success_of_existing_bans,"Therefore, a total ban on single-use plastics is not only possible but already proven successful in multiple regions around the world.",causal_reasoning_success_of_existing_bans,"I should examine case studies from Rwanda, the EU, Kenya, and various US states showing that bans are enforceable and produce measurable reductions in pollution.",Therefore,concession_and_contrast,availability_of_alternatives,"However, the environmental damage caused by plastic pollution—especially in oceans and landfills—far outweighs the convenience of single-use plastics.",concession_and_contrast_availability_of_alternatives,"I should demonstrate that reusable, compostable, and biodegradable alternatives are available for bags, straws, containers, and packaging, making a ban practically feasible.",However
27,0.0,,,synthesis_strict,m1b,0,20260228_152612,1.4250755310058594,"Importantly, Rwanda’s strict ban on single-use plastics has made it one of the cleanest countries in Africa, proving that such policies are both practical and effective in real-world settings. In other words, single-use plastics cause widespread environmental and economic harm that ends up costing taxpayers billions in cleanup, healthcare, and lost tourism revenue—these are real expenses we all pay for, even if we don’t use plastic. In conclusion, nations like Kenya and the European Union have successfully banned single-use plastics and seen dramatic reductions in plastic waste and marine pollution. These examples show that a total ban is not only possible but necessary to protect our environment and our wallets. I believe we should follow their lead and do what’s right for the planet and future generations. It’s time to stop letting corporations off the hook and start holding them accountable. A total ban is the most responsible and straightforward solution.",emphasis_and_evaluation,success_of_existing_bans,"Importantly, Rwanda’s strict ban on single-use plastics has made it one of the cleanest countries in Africa, proving that such policies are both practical and effective in real-world settings.",emphasis_and_evaluation_success_of_existing_bans,"I should examine case studies from Rwanda, the EU, Kenya, and various US states showing that bans are enforceable and produce measurable reductions in pollution.",Importantly,clarification_and_specification,economic_externalities,"In other words, single-use plastics cause widespread environmental and economic harm that ends up costing taxpayers billions in cleanup, healthcare, and lost tourism revenue—these are real expenses we all pay for, even if we don’t use plastic.",clarification_and_specification_economic_externalities,"I should calculate how cleanup costs, healthcare burdens, tourism losses, and ecosystem damage are borne by the public rather than producers—a market failure requiring correction.",In other words,conclusion_and_summary,success_of_existing_bans,"In conclusion, nations like Kenya and the European Union have successfully banned single-use plastics and seen dramatic reductions in plastic waste and marine pollution.",conclusion_and_summary_success_of_existing_bans,"I should examine case studies from Rwanda, the EU, Kenya, and various US states showing that bans are enforceable and produce measurable reductions in pollution.",In conclusion
27,0.0,,,synthesis_strict,m1b,1,20260228_152612,1.74094820022583,"Importantly, countries like Rwanda and Kenya have successfully banned single-use plastics and seen dramatic reductions in plastic waste, proving that such bans are not only possible but effective in real-world settings. In other words, the harm from plastic pollution—like clogged waterways, wildlife deaths, and increased public cleanup costs—is paid by all of us, not the companies that profit from disposable products, making government action necessary. These bans have not caused economic collapse or widespread hardship; instead, they’ve spurred innovation in sustainable alternatives and created new industries. For example, the European Union’s ban has led to a surge in reusable packaging and biodegradable materials. The environmental damage from plastic is already being felt in our oceans, streets, and even our bodies, so waiting for harm to grow is not an option. The government has a duty to protect public health and the planet, and a total ban is the most direct way to do that. In conclusion, enforcing a total ban on single-use plastics is a practical and responsible step for the government to take, as proven by nations that have already done so and reaped environmental, economic, and public health benefits.",emphasis_and_evaluation,success_of_existing_bans,"Importantly, countries like Rwanda and Kenya have successfully banned single-use plastics and seen dramatic reductions in plastic waste, proving that such bans are not only possible but effective in real-world settings.",emphasis_and_evaluation_success_of_existing_bans,"I should examine case studies from Rwanda, the EU, Kenya, and various US states showing that bans are enforceable and produce measurable reductions in pollution.",Importantly,clarification_and_specification,economic_externalities,"In other words, the harm from plastic pollution—like clogged waterways, wildlife deaths, and increased public cleanup costs—is paid by all of us, not the companies that profit from disposable products, making government action necessary.",clarification_and_specification_economic_externalities,"I should calculate how cleanup costs, healthcare burdens, tourism losses, and ecosystem damage are borne by the public rather than producers—a market failure requiring correction.",In other words,conclusion_and_summary,success_of_existing_bans,"In conclusion, enforcing a total ban on single-use plastics is a practical and responsible step for the government to take, as proven by nations that have already done so and reaped environmental, economic, and public health benefits.",conclusion_and_summary_success_of_existing_bans,"I should examine case studies from Rwanda, the EU, Kenya, and various US states showing that bans are enforceable and produce measurable reductions in pollution.",In conclusion
27,0.0,,,synthesis_strict,m1b,2,20260228_152612,1.4742708206176758,"Importantly, countries like Rwanda and Kenya have successfully implemented nationwide bans on single-use plastics, leading to cleaner streets and reduced environmental contamination, proving such bans are practical and effective. In other words, the hidden costs of plastic pollution—like cleaning up beaches, health problems from microplastics, and damage to marine life—are paid by taxpayers and communities, not the companies that profit from plastic production. These costs are not sustainable, and without government action, we’ll keep paying the price through damaged ecosystems and public health issues. The EU’s ban on certain single-use plastics has already led to significant reductions in litter and increased use of reusable alternatives. Even in the U.S., states like California and Oregon have seen strong results from similar legislation. In conclusion, banning single-use plastics is a necessary and achievable step to protect public health, preserve natural ecosystems, and prevent long-term economic damage—something every responsible government should prioritize.",emphasis_and_evaluation,success_of_existing_bans,"Importantly, countries like Rwanda and Kenya have successfully implemented nationwide bans on single-use plastics, leading to cleaner streets and reduced environmental contamination, proving such bans are practical and effective.",emphasis_and_evaluation_success_of_existing_bans,"I should examine case studies from Rwanda, the EU, Kenya, and various US states showing that bans are enforceable and produce measurable reductions in pollution.",Importantly,clarification_and_specification,economic_externalities,"In other words, the hidden costs of plastic pollution—like cleaning up beaches, health problems from microplastics, and damage to marine life—are paid by taxpayers and communities, not the companies that profit from plastic production.",clarification_and_specification_economic_externalities,"I should calculate how cleanup costs, healthcare burdens, tourism losses, and ecosystem damage are borne by the public rather than producers—a market failure requiring correction.",In other words,conclusion_and_summary,success_of_existing_bans,"In conclusion, banning single-use plastics is a necessary and achievable step to protect public health, preserve natural ecosystems, and prevent long-term economic damage—something every responsible government should prioritize.",conclusion_and_summary_success_of_existing_bans,"I should examine case studies from Rwanda, the EU, Kenya, and various US states showing that bans are enforceable and produce measurable reductions in pollution.",In conclusion
27,0.0,,,synthesis_strict,m1b,3,20260228_152612,1.4104728698730469,"Importantly, countries like Rwanda and Kenya have successfully implemented total bans on single-use plastics, leading to cleaner cities and reduced marine pollution, proving such bans are practical and effective. In other words, the real cost of plastic waste—like cleanup bills, health problems from pollution, and damage to wildlife—is paid by ordinary people, not the companies that profit from plastic use. These bans have shown that alternatives like paper, cloth, and reusable containers can fill the gap without disrupting daily life. From the EU to cities like Seattle and San Francisco, plastic bans have reduced litter and increased public awareness about sustainability. A total ban is not just an environmental ideal—it’s a responsible, achievable step to protect our planet and future generations. In conclusion, a total ban on single-use plastics is not only possible, but necessary to protect our environment, our health, and our communities from preventable pollution.",emphasis_and_evaluation,success_of_existing_bans,"Importantly, countries like Rwanda and Kenya have successfully implemented total bans on single-use plastics, leading to cleaner cities and reduced marine pollution, proving such bans are practical and effective.",emphasis_and_evaluation_success_of_existing_bans,"I should examine case studies from Rwanda, the EU, Kenya, and various US states showing that bans are enforceable and produce measurable reductions in pollution.",Importantly,clarification_and_specification,economic_externalities,"In other words, the real cost of plastic waste—like cleanup bills, health problems from pollution, and damage to wildlife—is paid by ordinary people, not the companies that profit from plastic use.",clarification_and_specification_economic_externalities,"I should calculate how cleanup costs, healthcare burdens, tourism losses, and ecosystem damage are borne by the public rather than producers—a market failure requiring correction.",In other words,conclusion_and_summary,success_of_existing_bans,"In conclusion, a total ban on single-use plastics is not only possible, but necessary to protect our environment, our health, and our communities from preventable pollution.",conclusion_and_summary_success_of_existing_bans,"I should examine case studies from Rwanda, the EU, Kenya, and various US states showing that bans are enforceable and produce measurable reductions in pollution.",In conclusion
27,0.0,,,synthesis_strict,m1b,4,20260228_152612,1.4034552574157715,"Importantly, countries like Rwanda and Kenya have successfully implemented total bans on single-use plastics, resulting in cleaner cities and reduced marine pollution, proving that such policies are not only possible but effective. In other words, the real cost of plastic waste—like cleanup, contaminated water, and harm to wildlife—is paid by taxpayers and communities, not the companies that profit from producing it. These bans have not caused economic collapse; instead, they have spurred innovation in reusable and biodegradable alternatives. For instance, the European Union’s single-use plastic directive has led to significant reductions in plastic litter while supporting green businesses. In the U.S., cities like Seattle and San Francisco have shown that local bans can work without disrupting daily life. In conclusion, a total ban on single-use plastics is not only a practical solution but a necessary step to protect public health, the environment, and future generations.",emphasis_and_evaluation,success_of_existing_bans,"Importantly, countries like Rwanda and Kenya have successfully implemented total bans on single-use plastics, resulting in cleaner cities and reduced marine pollution, proving that such policies are not only possible but effective.",emphasis_and_evaluation_success_of_existing_bans,"I should examine case studies from Rwanda, the EU, Kenya, and various US states showing that bans are enforceable and produce measurable reductions in pollution.",Importantly,clarification_and_specification,economic_externalities,"In other words, the real cost of plastic waste—like cleanup, contaminated water, and harm to wildlife—is paid by taxpayers and communities, not the companies that profit from producing it.",clarification_and_specification_economic_externalities,"I should calculate how cleanup costs, healthcare burdens, tourism losses, and ecosystem damage are borne by the public rather than producers—a market failure requiring correction.",In other words,conclusion_and_summary,success_of_existing_bans,"In conclusion, a total ban on single-use plastics is not only a practical solution but a necessary step to protect public health, the environment, and future generations.",conclusion_and_summary_success_of_existing_bans,"I should examine case studies from Rwanda, the EU, Kenya, and various US states showing that bans are enforceable and produce measurable reductions in pollution.",In conclusion
28,0.0,,,synthesis_strict,m1b,0,20260228_152612,1.3576631546020508,"The government should enforce a total ban on single-use plastics because they cause widespread environmental damage and impose hidden costs on ordinary people. Next to the obvious environmental harm, single-use plastics overload our waste systems and pollute natural spaces, which leads to higher public costs for cleanup and healthcare. For example, plastic waste in oceans harms fish populations, which hurts local fishing communities and raises food prices, meaning ordinary citizens pay the price. If the government won’t act, we’ll keep seeing plastic clogging drains, choking wildlife, and filling landfills—something that could be avoided with a strong, nationwide ban. Countries like Rwanda, Kenya, and the EU have already shown that such bans are enforceable and produce measurable reductions in pollution. It’s time we take bold action to protect our planet and our own well-being, not just for future generations but for the communities already suffering today.",sequence_and_transition,economic_externalities,"Next to the obvious environmental harm, single-use plastics overload our waste systems and pollute natural spaces, which leads to higher public costs for cleanup and healthcare.",sequence_and_transition_economic_externalities,"I should calculate how cleanup costs, healthcare burdens, tourism losses, and ecosystem damage are borne by the public rather than producers—a market failure requiring correction.",Next,exemplification,economic_externalities,"For example, plastic waste in oceans harms fish populations, which hurts local fishing communities and raises food prices, meaning ordinary citizens pay the price.",exemplification_economic_externalities,"I should calculate how cleanup costs, healthcare burdens, tourism losses, and ecosystem damage are borne by the public rather than producers—a market failure requiring correction.",For example,conditional,success_of_existing_bans,"If the government won’t act, we’ll keep seeing plastic clogging drains, choking wildlife, and filling landfills—something that could be avoided with a strong, nationwide ban.",conditional_success_of_existing_bans,"I should examine case studies from Rwanda, the EU, Kenya, and various US states showing that bans are enforceable and produce measurable reductions in pollution.",If
28,0.0,,,synthesis_strict,m1b,1,20260228_152612,1.0379078388214111,"Next to no one should have to pay extra for cleanups or health issues caused by plastic pollution, yet we all do. For example, coastal communities spend millions on beach cleanups, and fishermen lose income when plastic clogs nets and kills fish. If Rwanda can eliminate single-use plastic bags and transform its landscape, then any nation can. A government ban is the only way to shift responsibility from citizens to producers and stop the endless cycle of pollution. Without a total ban, we’ll keep patching the problem with voluntary efforts that never go far enough. The environment, public health, and future generations deserve a decisive solution—this is it.",sequence_and_transition,economic_externalities,"Next to no one should have to pay extra for cleanups or health issues caused by plastic pollution, yet we all do.",sequence_and_transition_economic_externalities,"I should calculate how cleanup costs, healthcare burdens, tourism losses, and ecosystem damage are borne by the public rather than producers—a market failure requiring correction.",Next,exemplification,economic_externalities,"For example, coastal communities spend millions on beach cleanups, and fishermen lose income when plastic clogs nets and kills fish.",exemplification_economic_externalities,"I should calculate how cleanup costs, healthcare burdens, tourism losses, and ecosystem damage are borne by the public rather than producers—a market failure requiring correction.",For example,conditional,success_of_existing_bans,"If Rwanda can eliminate single-use plastic bags and transform its landscape, then any nation can.",conditional_success_of_existing_bans,"I should examine case studies from Rwanda, the EU, Kenya, and various US states showing that bans are enforceable and produce measurable reductions in pollution.",If
28,0.0,,,synthesis_strict,m1b,2,20260228_152612,1.2981200218200684,"The government should enforce a total ban on single-use plastics because the public pays the hidden costs through higher cleanup bills, contaminated water, and damaged ecosystems. For example, plastic waste clogs rivers and oceans, leading to expensive cleanup efforts that taxpayers fund, while harming fish populations and coastal tourism. Countries like Rwanda and Kenya have successfully banned single-use plastics and seen cleaner cities and rivers, proving such policies are achievable. With strong public support and clear regulations, the U.S. can follow their lead and prevent long-term environmental and health damage. A ban isn’t just possible—it’s necessary to protect our communities and natural resources. Without government action, the burden will continue to fall on ordinary people, not the corporations that profit from plastic production. That’s why a total ban is the right and responsible choice.",sequence_and_transition,economic_externalities,"Next, I'll argue that the public pays the hidden costs of single-use plastics through higher cleanup bills, contaminated water, and damaged ecosystems, which justifies government action.",sequence_and_transition_economic_externalities,"I should calculate how cleanup costs, healthcare burdens, tourism losses, and ecosystem damage are borne by the public rather than producers—a market failure requiring correction.",Next,exemplification,economic_externalities,"For example, plastic waste clogs rivers and oceans, leading to expensive cleanup efforts that taxpayers fund, while harming fish populations and coastal tourism.",exemplification_economic_externalities,"I should calculate how cleanup costs, healthcare burdens, tourism losses, and ecosystem damage are borne by the public rather than producers—a market failure requiring correction.",For example,conditional,success_of_existing_bans,"If countries like Rwanda and Kenya have successfully banned single-use plastics and seen cleaner cities and rivers, then the U.S. can do the same with strong policy and public support.",conditional_success_of_existing_bans,"I should examine case studies from Rwanda, the EU, Kenya, and various US states showing that bans are enforceable and produce measurable reductions in pollution.",If
28,0.0,,,synthesis_strict,m1b,3,20260228_152612,1.2540619373321533,"The government should enforce a total ban on single-use plastics because the public bears the hidden costs of pollution—cleaning up beaches, treating health issues, and protecting ecosystems—all while producers avoid responsibility. For example, beach cleanups, water filtration systems, and medical treatment for pollution-related illnesses are paid for by taxpayers, not the companies that make these products. Countries like Rwanda, Kenya, and the EU have proven that such bans are not only enforceable but lead to a dramatic drop in plastic waste. Even in the US, states like California and Hawaii have seen positive results from similar legislation. A total ban would shift the burden back to producers and protect our environment, health, and economy. It’s time to stop letting plastic pollution ruin our communities and ecosystems.",sequence_and_transition,economic_externalities,"Next, I’ll explain that the public pays for plastic waste cleanup, pollution-related health issues, and environmental damage, which are externalized costs that should be addressed through a ban.",sequence_and_transition_economic_externalities,"I should calculate how cleanup costs, healthcare burdens, tourism losses, and ecosystem damage are borne by the public rather than producers—a market failure requiring correction.",Next,exemplification,economic_externalities,"For example, beach cleanups, water filtration, and medical treatment for pollution-linked illnesses are funded by taxpayers, not the companies that produce single-use plastics.",exemplification_economic_externalities,"I should calculate how cleanup costs, healthcare burdens, tourism losses, and ecosystem damage are borne by the public rather than producers—a market failure requiring correction.",For example,conditional,success_of_existing_bans,"If countries like Rwanda and Kenya have successfully banned single-use plastics and seen dramatic reductions in plastic waste, then a total ban is feasible and effective.",conditional_success_of_existing_bans,"I should examine case studies from Rwanda, the EU, Kenya, and various US states showing that bans are enforceable and produce measurable reductions in pollution.",If
28,0.0,,,synthesis_strict,m1b,4,20260228_152612,1.1553847789764404,"Next to the cost of cleaning up plastic waste, the health and environmental toll on communities is too high to ignore. For example, when plastic clogs waterways, it harms local fishing and tourism, which directly affects people's livelihoods and quality of life. If countries like Rwanda and Kenya have successfully banned plastic bags and seen cleaner cities, why can’t we do the same? A total ban would reduce pollution at the source, protect our natural resources, and save taxpayer money spent on waste management. It’s not about inconvenience—it’s about protecting our families, our environment, and our future. We’ve seen what works; now it’s time to act for the public good. The government must step in to stop this crisis before it gets worse.",sequence_and_transition,economic_externalities,"Next to the cost of cleaning up plastic waste, the health and environmental toll on communities is too high to ignore.",sequence_and_transition_economic_externalities,"I should calculate how cleanup costs, healthcare burdens, tourism losses, and ecosystem damage are borne by the public rather than producers—a market failure requiring correction.",Next,exemplification,economic_externalities,"For example, when plastic clogs waterways, it harms local fishing and tourism, which directly affects people's livelihoods and quality of life.",exemplification_economic_externalities,"I should calculate how cleanup costs, healthcare burdens, tourism losses, and ecosystem damage are borne by the public rather than producers—a market failure requiring correction.",For example,conditional,success_of_existing_bans,"If countries like Rwanda and Kenya have successfully banned plastic bags and seen cleaner cities, why can’t we do the same?",conditional_success_of_existing_bans,"I should examine case studies from Rwanda, the EU, Kenya, and various US states showing that bans are enforceable and produce measurable reductions in pollution.",If
29,0.0,,,synthesis_strict,m1b,0,20260228_152612,1.318199634552002,"The costs of single-use plastics are not paid by the companies that make them but by taxpayers, communities, and future generations through pollution cleanup, damaged ecosystems, and health problems. Next, we're all paying for plastic pollution through higher taxes, contaminated water, and dying wildlife, even if we don’t use plastic ourselves—this is unfair and unsustainable. Moreover, banning single-use plastics would push companies to innovate with sustainable alternatives, which could create green jobs and reduce long-term environmental harm. A total ban is a necessary step to prevent further damage to our planet and protect public health. It’s not just about convenience—it’s about responsibility and fairness. We can’t keep passing the cost of pollution to the next generation. A ban is the only way to ensure lasting change and protect the environment for everyone.",clarification_and_specification,economic_externalities,"In other words, the costs of single-use plastics are not paid by the companies that make them but by taxpayers, communities, and future generations through pollution cleanup, damaged ecosystems, and health problems.",clarification_and_specification_economic_externalities,"I should calculate how cleanup costs, healthcare burdens, tourism losses, and ecosystem damage are borne by the public rather than producers—a market failure requiring correction.",In other words,sequence_and_transition,economic_externalities,"Next, we're all paying for plastic pollution through higher taxes, contaminated water, and dying wildlife, even if we don’t use plastic ourselves—this is unfair and unsustainable.",sequence_and_transition_economic_externalities,"I should calculate how cleanup costs, healthcare burdens, tourism losses, and ecosystem damage are borne by the public rather than producers—a market failure requiring correction.",Next,addition_and_elaboration,economic_externalities,"Moreover, banning single-use plastics would push companies to innovate with sustainable alternatives, which could create green jobs and reduce long-term environmental harm.",addition_and_elaboration_economic_externalities,"I should calculate how cleanup costs, healthcare burdens, tourism losses, and ecosystem damage are borne by the public rather than producers—a market failure requiring correction.",Moreover
29,0.0,,,synthesis_strict,m1b,1,20260228_152612,1.1458966732025146,"In other words, single-use plastics create massive externalities that cost society far more than the convenience they provide. Next, these costs show up in our taxes, property values, and local economies, especially in coastal areas where plastic pollution harms fishing and tourism. Moreover, the long-term environmental damage—like microplastics in food and water—threatens our health in ways we’re only beginning to understand. If we don’t act now, the burden will only grow heavier, and future generations will pay the price. A total ban is the most direct way to stop this harm at the source. It’s not about giving up convenience—it’s about protecting our communities, our health, and our planet for everyone.",clarification_and_specification,economic_externalities,"In other words, single-use plastics create massive externalities that cost society far more than the convenience they provide.",clarification_and_specification_economic_externalities,"I should calculate how cleanup costs, healthcare burdens, tourism losses, and ecosystem damage are borne by the public rather than producers—a market failure requiring correction.",In other words,sequence_and_transition,economic_externalities,"Next, these costs show up in our taxes, property values, and local economies, especially in coastal areas where plastic pollution harms fishing and tourism.",sequence_and_transition_economic_externalities,"I should calculate how cleanup costs, healthcare burdens, tourism losses, and ecosystem damage are borne by the public rather than producers—a market failure requiring correction.",Next,addition_and_elaboration,economic_externalities,"Moreover, the long-term environmental damage—like microplastics in food and water—threatens our health in ways we’re only beginning to understand.",addition_and_elaboration_economic_externalities,"I should calculate how cleanup costs, healthcare burdens, tourism losses, and ecosystem damage are borne by the public rather than producers—a market failure requiring correction.",Moreover
29,0.0,,,synthesis_strict,m1b,2,20260228_152612,1.5387213230133057,"In other words, single-use plastics create massive external costs—like polluted beaches, clogged waterways, and wildlife suffering—that eventually fall on taxpayers and communities, not the companies that profit from them. Next, I know from news reports and documentaries that plastic waste ends up in oceans, harming marine life and even making its way back into our food and water, which directly threatens our health and safety. Moreover, banning single-use plastics isn’t about inconvenience—it’s about protecting our environment and future generations from irreversible harm, and reusable alternatives are already widely available and affordable. A total ban is a necessary step to stop the cycle of pollution and shift responsibility back to producers. We can’t keep pretending that throwing things away solves the problem—our planet can’t keep paying the price. The government has a duty to act in the public interest, and this is one of the most urgent environmental issues we face today. It’s time to make sustainable choices the default, not the exception.",clarification_and_specification,economic_externalities,"In other words, single-use plastics create massive external costs—like polluted beaches, clogged waterways, and wildlife suffering—that eventually fall on taxpayers and communities, not the companies that profit from them.",clarification_and_specification_economic_externalities,"I should calculate how cleanup costs, healthcare burdens, tourism losses, and ecosystem damage are borne by the public rather than producers—a market failure requiring correction.",In other words,sequence_and_transition,economic_externalities,"Next, I know from news reports and documentaries that plastic waste ends up in oceans, harming marine life and even making its way back into our food and water, which directly threatens our health and safety.",sequence_and_transition_economic_externalities,"I should calculate how cleanup costs, healthcare burdens, tourism losses, and ecosystem damage are borne by the public rather than producers—a market failure requiring correction.",Next,addition_and_elaboration,economic_externalities,"Moreover, banning single-use plastics isn’t about inconvenience—it’s about protecting our environment and future generations from irreversible harm, and reusable alternatives are already widely available and affordable.",addition_and_elaboration_economic_externalities,"I should calculate how cleanup costs, healthcare burdens, tourism losses, and ecosystem damage are borne by the public rather than producers—a market failure requiring correction.",Moreover
29,0.0,,,synthesis_strict,m1b,3,20260228_152612,1.7181005477905273,"In other words, the government must step in to stop plastic pollution because it’s impossible for individuals to fix the problem alone. The harm caused by single-use plastics—like clogged waterways, wildlife deaths, and contaminated food supplies—costs society billions in cleanup and health care, but the companies making these products don’t pay those costs. Next, think about how plastic pollution doesn’t just ruin beaches—it harms local economies. When tourists see trash-strewn shores or dead marine life, they go elsewhere, hurting small businesses and jobs. A ban would protect these communities and prevent long-term financial damage. Moreover, even everyday people like me are affected. I’ve seen fish with plastic in their stomachs and heard about microplastics in our drinking water. If we don’t act now, our children will inherit an environment that’s even more polluted and dangerous.",clarification_and_specification,economic_externalities,"In other words, the government must step in to stop plastic pollution because it’s impossible for individuals to fix the problem alone. The harm caused by single-use plastics—like clogged waterways, wildlife deaths, and contaminated food supplies—costs society billions in cleanup and health care, but the companies making these products don’t pay those costs.",clarification_and_specification_economic_externalities,"I should calculate how cleanup costs, healthcare burdens, tourism losses, and ecosystem damage are borne by the public rather than producers—a market failure requiring correction.",In other words,sequence_and_transition,economic_externalities,"Next, think about how plastic pollution doesn’t just ruin beaches—it harms local economies. When tourists see trash-strewn shores or dead marine life, they go elsewhere, hurting small businesses and jobs. A ban would protect these communities and prevent long-term financial damage.",sequence_and_transition_economic_externalities,"I should calculate how cleanup costs, healthcare burdens, tourism losses, and ecosystem damage are borne by the public rather than producers—a market failure requiring correction.",Next,addition_and_elaboration,economic_externalities,"Moreover, even everyday people like me are affected. I’ve seen fish with plastic in their stomachs and heard about microplastics in our drinking water. If we don’t act now, our children will inherit an environment that’s even more polluted and dangerous.",addition_and_elaboration_economic_externalities,"I should calculate how cleanup costs, healthcare burdens, tourism losses, and ecosystem damage are borne by the public rather than producers—a market failure requiring correction.",Moreover
29,0.0,,,synthesis_strict,m1b,4,20260228_152612,1.0160751342773438,"The public already pays for the damages caused by single-use plastics through higher taxes, polluted water, and degraded environments, so a ban is a fair way to shift the burden back to manufacturers. Plastic pollution harms wildlife and ecosystems, and we’ve seen firsthand how beaches are littered with trash, which affects our quality of life and enjoyment of nature. Moreover, alternatives like reusable bags and containers are already affordable and accessible, making a ban realistic and manageable for everyday people like us.",clarification_and_specification,economic_externalities,"In other words, the public already pays for the damages caused by single-use plastics through higher taxes, polluted water, and degraded environments, so a ban is a fair way to shift the burden back to manufacturers.",clarification_and_specification_economic_externalities,"I should calculate how cleanup costs, healthcare burdens, tourism losses, and ecosystem damage are borne by the public rather than producers—a market failure requiring correction.",In other words,sequence_and_transition,economic_externalities,"Next, plastic pollution harms wildlife and ecosystems, and we’ve seen firsthand how beaches are littered with trash, which affects our quality of life and enjoyment of nature.",sequence_and_transition_economic_externalities,"I should calculate how cleanup costs, healthcare burdens, tourism losses, and ecosystem damage are borne by the public rather than producers—a market failure requiring correction.",Next,addition_and_elaboration,economic_externalities,"Moreover, alternatives like reusable bags and containers are already affordable and accessible, making a ban realistic and manageable for everyday people like us.",addition_and_elaboration_economic_externalities,"I should calculate how cleanup costs, healthcare burdens, tourism losses, and ecosystem damage are borne by the public rather than producers—a market failure requiring correction.",Moreover
30,0.0,,,synthesis_strict,m1b,0,20260228_152612,1.4943711757659912,"For example, many stores now offer reusable bags, paper straws, and compostable containers that work just as well as plastic ones, so switching to them doesn’t require major lifestyle changes. However, many places like Rwanda and Kenya have banned single-use plastics and seen massive drops in plastic waste, proving that these bans are not just idealistic but actually work in real-world conditions. Moreover, countries like the EU have already phased out single-use plastics across member states, and businesses have adapted smoothly — showing that such bans are not disruptive but manageable. Plastic pollution harms wildlife, clogs waterways, and takes hundreds of years to break down, so a ban is a necessary step toward protecting the environment. While some may worry about inconvenience, the alternatives are already widely available and affordable. A government ban would accelerate the shift and ensure everyone contributes to a cleaner planet. Ultimately, the long-term benefits for nature and public health far outweigh any short-term adjustments.",exemplification,availability_of_alternatives,"For example, many stores now offer reusable bags, paper straws, and compostable containers that work just as well as plastic ones, so switching to them doesn’t require major lifestyle changes.",exemplification_availability_of_alternatives,"I should demonstrate that reusable, compostable, and biodegradable alternatives are available for bags, straws, containers, and packaging, making a ban practically feasible.",For example,concession_and_contrast,success_of_existing_bans,"However, many places like Rwanda and Kenya have banned single-use plastics and seen massive drops in plastic waste, proving that these bans are not just idealistic but actually work in real-world conditions.",concession_and_contrast_success_of_existing_bans,"I should examine case studies from Rwanda, the EU, Kenya, and various US states showing that bans are enforceable and produce measurable reductions in pollution.",However,addition_and_elaboration,availability_of_alternatives,"Moreover, countries like the EU have already phased out single-use plastics across member states, and businesses have adapted smoothly — showing that such bans are not disruptive but manageable.",addition_and_elaboration_availability_of_alternatives,"I should demonstrate that reusable, compostable, and biodegradable alternatives are available for bags, straws, containers, and packaging, making a ban practically feasible.",Moreover
30,0.0,,,synthesis_strict,m1b,1,20260228_152612,1.2493083477020264,"The government should enforce a total ban on single-use plastics because alternatives like reusable bags, biodegradable straws, and compostable food containers are already widely available and affordable. Countries like Rwanda and Kenya have proven that such bans are enforceable and lead to significant reductions in plastic pollution. Even in the US, states like California and Hawaii have successfully implemented similar bans with measurable environmental benefits. The shift to sustainable options isn’t just ideal—it’s already underway, with businesses and consumers adapting with minimal disruption. A nationwide ban would accelerate this progress and protect our oceans, wildlife, and communities from long-term harm. Ultimately, it’s a responsible and achievable step toward preserving the planet for future generations.",exemplification,availability_of_alternatives,"For example, many grocery stores now offer reusable bags, and there are biodegradable alternatives for straws and food containers. These options are already accessible and affordable for most people.",exemplification_availability_of_alternatives,"I should demonstrate that reusable, compostable, and biodegradable alternatives are available for bags, straws, containers, and packaging, making a ban practically feasible.",For example,concession_and_contrast,success_of_existing_bans,"However, countries like Rwanda and Kenya have successfully banned single-use plastics and seen dramatic reductions in litter and environmental damage. Even in the US, states like California and Hawaii have implemented bans with positive results.",concession_and_contrast_success_of_existing_bans,"I should examine case studies from Rwanda, the EU, Kenya, and various US states showing that bans are enforceable and produce measurable reductions in pollution.",However,addition_and_elaboration,availability_of_alternatives,"Moreover, the shift to alternatives isn’t just possible—it’s already happening. Businesses are adapting, and consumers are embracing eco-friendly options without major disruption to daily life.",addition_and_elaboration_availability_of_alternatives,"I should demonstrate that reusable, compostable, and biodegradable alternatives are available for bags, straws, containers, and packaging, making a ban practically feasible.",Moreover
30,0.0,,,synthesis_strict,m1b,2,20260228_152612,1.2376954555511475,"The government should enforce a total ban on single-use plastics because alternatives like reusable bags, paper, bamboo, and plant-based materials are already widely available and effective. Countries like Rwanda and Kenya have successfully banned these plastics and seen dramatic reductions in pollution and environmental cleanup costs. In the U.S., cities such as San Francisco and Seattle have reduced plastic waste in landfills and waterways by up to 70% after implementing similar bans. These real-world examples prove that a total ban is not only feasible but also highly effective. With modern materials and strong public support, we can phase out single-use plastics without disrupting daily life. It’s time for the government to take decisive action to protect our environment for future generations. A total ban is a necessary and achievable step toward a cleaner, healthier planet.",exemplification,availability_of_alternatives,"For example, many stores now offer reusable bags, and materials like bamboo, paper, and plant-based plastics can replace common single-use items without sacrificing functionality.",exemplification_availability_of_alternatives,"I should demonstrate that reusable, compostable, and biodegradable alternatives are available for bags, straws, containers, and packaging, making a ban practically feasible.",For example,concession_and_contrast,success_of_existing_bans,"However, countries like Rwanda and Kenya have successfully banned single-use plastics and seen dramatic reductions in plastic waste and environmental cleanup costs.",concession_and_contrast_success_of_existing_bans,"I should examine case studies from Rwanda, the EU, Kenya, and various US states showing that bans are enforceable and produce measurable reductions in pollution.",However,addition_and_elaboration,availability_of_alternatives,"Moreover, cities like San Francisco and Seattle have seen a 70% drop in plastic waste in landfills and waterways after implementing similar bans.",addition_and_elaboration_availability_of_alternatives,"I should demonstrate that reusable, compostable, and biodegradable alternatives are available for bags, straws, containers, and packaging, making a ban practically feasible.",Moreover
30,0.0,,,synthesis_strict,m1b,3,20260228_152612,1.2770791053771973,"The government should enforce a total ban on single-use plastics because we already have viable alternatives like reusable bags, paper products, and plant-based materials that are convenient and effective. Places like Rwanda and Kenya have successfully implemented such bans, resulting in cleaner cities and less plastic pollution in rivers and oceans. These real-world examples prove that bans aren't just idealistic—they’re practical and impactful. Plus, with ongoing innovation in sustainable materials, there’s no reason to continue polluting our environment with plastic that takes hundreds of years to break down. A ban would protect wildlife, reduce waste in landfills, and encourage businesses to adopt greener practices. As an average person, I want clean streets, safe oceans, and a healthier planet for my children—this is the kind of change we can and should make now.",exemplification,availability_of_alternatives,"For example, many stores now offer reusable bags, and materials like bamboo, paper, and plant-based plastics can replace single-use items without sacrificing convenience.",exemplification_availability_of_alternatives,"I should demonstrate that reusable, compostable, and biodegradable alternatives are available for bags, straws, containers, and packaging, making a ban practically feasible.",For example,concession_and_contrast,success_of_existing_bans,"However, evidence from Rwanda and Kenya shows that strict bans led to cleaner streets, reduced litter, and increased public awareness, proving that such policies can work in real-world conditions.",concession_and_contrast_success_of_existing_bans,"I should examine case studies from Rwanda, the EU, Kenya, and various US states showing that bans are enforceable and produce measurable reductions in pollution.",However,addition_and_elaboration,availability_of_alternatives,"Moreover, with growing innovation in sustainable materials, there’s no longer a valid excuse to keep relying on plastics that harm ecosystems and wildlife.",addition_and_elaboration_availability_of_alternatives,"I should demonstrate that reusable, compostable, and biodegradable alternatives are available for bags, straws, containers, and packaging, making a ban practically feasible.",Moreover
30,0.0,,,synthesis_strict,m1b,4,20260228_152612,1.2881863117218018,"The government should enforce a total ban on single-use plastics because reusable, compostable, and biodegradable alternatives are already widely available and affordable for everyday use. For example, eco-friendly bags made from cotton or recycled materials, paper straws, and plant-based containers are already widely available and affordable for everyday use. However, countries like Rwanda and Kenya have successfully implemented strict bans and seen dramatic drops in plastic waste, proving that such policies can work in real-world settings. Moreover, the environmental cost of single-use plastics — from ocean pollution to harm to wildlife — far outweighs the convenience they provide. A ban would protect ecosystems, reduce landfill waste, and promote sustainable habits. It’s not just an environmental issue — it’s a responsibility we owe to future generations. If we can switch to better options today, why wait?",exemplification,availability_of_alternatives,"For example, eco-friendly bags made from cotton or recycled materials, paper straws, and plant-based containers are already widely available and affordable for everyday use.",exemplification_availability_of_alternatives,"I should demonstrate that reusable, compostable, and biodegradable alternatives are available for bags, straws, containers, and packaging, making a ban practically feasible.",For example,concession_and_contrast,success_of_existing_bans,"However, countries like Rwanda and Kenya have successfully implemented strict bans and seen dramatic drops in plastic waste, proving that such policies can work in real-world settings.",concession_and_contrast_success_of_existing_bans,"I should examine case studies from Rwanda, the EU, Kenya, and various US states showing that bans are enforceable and produce measurable reductions in pollution.",However,addition_and_elaboration,availability_of_alternatives,"Moreover, the environmental cost of single-use plastics — from ocean pollution to harm to wildlife — far outweighs the convenience they provide.",addition_and_elaboration_availability_of_alternatives,"I should demonstrate that reusable, compostable, and biodegradable alternatives are available for bags, straws, containers, and packaging, making a ban practically feasible.",Moreover
31,0.0,,,synthesis_strict,m1b,0,20260228_152612,1.4462285041809082,"The government should enforce a total ban on single-use plastics because real-world examples from Rwanda, Kenya, the EU, and several U.S. states show that such bans are enforceable and lead to measurable reductions in plastic pollution. These countries and regions have successfully eliminated plastic bags, straws, and containers, proving that a ban is both practical and effective. Furthermore, affordable and accessible alternatives like cloth bags, paper straws, and biodegradable packaging are already widely available, making the transition manageable for consumers and businesses alike. With plastic waste now choking oceans, polluting soil, and harming wildlife, taking decisive action is no longer optional. A total ban is the most effective way to stop the crisis at its source. The evidence is clear: a ban works, and we have the tools to make it happen. It’s time for our government to act boldly to protect our planet and future generations.",concession_and_contrast,success_of_existing_bans,"However, the success of bans in places like Rwanda and Kenya proves that total bans on single-use plastics are not only possible but effective in drastically reducing plastic waste.",concession_and_contrast_success_of_existing_bans,"I should examine case studies from Rwanda, the EU, Kenya, and various US states showing that bans are enforceable and produce measurable reductions in pollution.",However,causal_reasoning,availability_of_alternatives,"Therefore, transitioning to reusable or compostable alternatives—like cloth bags, paper straws, and biodegradable containers—is not only realistic but already being done successfully in many communities around the world.",causal_reasoning_availability_of_alternatives,"I should demonstrate that reusable, compostable, and biodegradable alternatives are available for bags, straws, containers, and packaging, making a ban practically feasible.",Therefore,sequence_and_transition,success_of_existing_bans,"Next, we see that countries like the EU and states like California have seen significant reductions in plastic pollution and waste in landfills after implementing bans, proving that such policies can lead to real environmental improvements.",sequence_and_transition_success_of_existing_bans,"I should examine case studies from Rwanda, the EU, Kenya, and various US states showing that bans are enforceable and produce measurable reductions in pollution.",Next
31,0.0,,,synthesis_strict,m1b,1,20260228_152612,1.3682401180267334,"The government should enforce a total ban on single-use plastics because many countries including Rwanda and Kenya have already implemented such bans with significant success, showing that these policies are not only possible but effective. Therefore, viable alternatives like reusable bags, paper, and compostable materials are already widely available and can easily replace single-use plastics in everyday use. Next, countries like Rwanda have seen dramatic reductions in plastic waste and cleaner cities after banning single-use plastics, proving that such bans can work in real-world conditions. These examples show that a ban is not just environmentally desirable but also practically feasible. Without government action, plastic pollution will continue to harm ecosystems, wildlife, and human health. A ban sends a clear message that sustainability matters and encourages businesses and consumers to adopt greener habits. Ultimately, protecting our planet and future generations requires bold, decisive action—starting with a total ban on single-use plastics.",concession_and_contrast,success_of_existing_bans,"However, many countries including Rwanda and Kenya have already implemented total bans on single-use plastics with significant success, showing that such policies are not only possible but effective.",concession_and_contrast_success_of_existing_bans,"I should examine case studies from Rwanda, the EU, Kenya, and various US states showing that bans are enforceable and produce measurable reductions in pollution.",However,causal_reasoning,availability_of_alternatives,"Therefore, viable alternatives like reusable bags, paper, and compostable materials are already widely available and can easily replace single-use plastics in everyday use.",causal_reasoning_availability_of_alternatives,"I should demonstrate that reusable, compostable, and biodegradable alternatives are available for bags, straws, containers, and packaging, making a ban practically feasible.",Therefore,sequence_and_transition,success_of_existing_bans,"Next, countries like Rwanda have seen dramatic reductions in plastic waste and cleaner cities after banning single-use plastics, proving that such bans can work in real-world conditions.",sequence_and_transition_success_of_existing_bans,"I should examine case studies from Rwanda, the EU, Kenya, and various US states showing that bans are enforceable and produce measurable reductions in pollution.",Next
31,0.0,,,synthesis_strict,m1b,2,20260228_152612,1.2976067066192627,"The government should enforce a total ban on single-use plastics because real-world examples from Rwanda, the EU, Kenya, and various US states show that such bans are not only feasible but effective at drastically reducing plastic waste and pollution. There is no valid reason to continue using single-use plastics when affordable, eco-friendly alternatives exist for nearly every common application. Countries like Rwanda and Kenya have successfully enforced strict bans, resulting in cleaner streets, healthier ecosystems, and a cultural shift toward sustainability. These examples prove that a ban is not just environmentally necessary but practically achievable. With widespread support and proper education, communities can adapt quickly and thrive without relying on disposable plastic. A ban would protect our oceans, reduce landfill overflow, and safeguard wildlife from plastic entanglement and ingestion. This is not just an environmental issue—it’s a responsibility we owe to future generations.",concession_and_contrast,success_of_existing_bans,"However, real-world examples from Rwanda, the EU, and Kenya prove that bans on single-use plastics are not only feasible but effective at drastically reducing plastic waste and pollution.",concession_and_contrast_success_of_existing_bans,"I should examine case studies from Rwanda, the EU, Kenya, and various US states showing that bans are enforceable and produce measurable reductions in pollution.",However,causal_reasoning,availability_of_alternatives,"Therefore, there is no valid reason to continue using single-use plastics when affordable, eco-friendly alternatives exist for nearly every common application.",causal_reasoning_availability_of_alternatives,"I should demonstrate that reusable, compostable, and biodegradable alternatives are available for bags, straws, containers, and packaging, making a ban practically feasible.",Therefore,sequence_and_transition,success_of_existing_bans,"Next, countries like Rwanda and Kenya have successfully enforced strict bans, resulting in cleaner streets, healthier ecosystems, and a cultural shift toward sustainability.",sequence_and_transition_success_of_existing_bans,"I should examine case studies from Rwanda, the EU, Kenya, and various US states showing that bans are enforceable and produce measurable reductions in pollution.",Next
31,0.0,,,synthesis_strict,m1b,3,20260228_152612,1.5427052974700928,"The government should enforce a total ban on single-use plastics because countries like Rwanda and Kenya have successfully implemented such bans and seen dramatic decreases in plastic waste, proving that they are both feasible and effective. Therefore, there are already affordable and accessible alternatives—like reusable bags, compostable containers, and paper straws—that make a ban realistic without disrupting daily life. Next, the European Union's plastic ban has reduced plastic waste in oceans and rivers by over 30% since 2021, showing that large-scale policy can deliver real environmental results. These examples demonstrate that bans are not just idealistic but practical and impactful. As an average person, I know that we can make small changes in our daily routines, and a government ban would make it easier and more consistent for everyone. Protecting our environment, waterways, and wildlife should be a shared responsibility, and a total ban is the most direct and effective way to achieve it. We have the tools, the models, and the will—we just need to act now.",concession_and_contrast,success_of_existing_bans,"However, countries like Rwanda and Kenya have successfully banned single-use plastics and seen dramatic decreases in plastic waste, proving that such bans are both feasible and effective.",concession_and_contrast_success_of_existing_bans,"I should examine case studies from Rwanda, the EU, Kenya, and various US states showing that bans are enforceable and produce measurable reductions in pollution.",However,causal_reasoning,availability_of_alternatives,"Therefore, there are already affordable and accessible alternatives—like reusable bags, compostable containers, and paper straws—that make a ban realistic without disrupting daily life.",causal_reasoning_availability_of_alternatives,"I should demonstrate that reusable, compostable, and biodegradable alternatives are available for bags, straws, containers, and packaging, making a ban practically feasible.",Therefore,sequence_and_transition,success_of_existing_bans,"Next, the European Union's plastic ban has reduced plastic waste in oceans and rivers by over 30% since 2021, showing that large-scale policy can deliver real environmental results.",sequence_and_transition_success_of_existing_bans,"I should examine case studies from Rwanda, the EU, Kenya, and various US states showing that bans are enforceable and produce measurable reductions in pollution.",Next
31,0.0,,,synthesis_strict,m1b,4,20260228_152612,1.3411622047424316,"The government should enforce a total ban on single-use plastics because countries like Rwanda and Kenya have successfully banned them, drastically reducing litter and pollution in their cities and natural environments. Reusable, compostable, and biodegradable alternatives are already available for bags, straws, containers, and packaging, making a ban both practical and achievable. Places like the EU and California have implemented plastic bans with strong enforcement, and they’ve seen significant drops in plastic waste in rivers, oceans, and landfills. This proves that such bans are not just idealistic but effective in real-world settings. Given the harm single-use plastics cause to wildlife, ecosystems, and human health, taking decisive action now is necessary. A total ban is the most straightforward and impactful way to reduce plastic pollution at the source. We have the tools, the models, and the responsibility to make this change—now is the time to act.",concession_and_contrast,success_of_existing_bans,"However, countries like Rwanda and Kenya have successfully banned single-use plastics, drastically reducing litter and pollution in their cities and natural environments.",concession_and_contrast_success_of_existing_bans,"I should examine case studies from Rwanda, the EU, Kenya, and various US states showing that bans are enforceable and produce measurable reductions in pollution.",However,causal_reasoning,availability_of_alternatives,"Therefore, replacing single-use plastics with reusable or biodegradable alternatives is entirely realistic and already happening in many places around the world.",causal_reasoning_availability_of_alternatives,"I should demonstrate that reusable, compostable, and biodegradable alternatives are available for bags, straws, containers, and packaging, making a ban practically feasible.",Therefore,sequence_and_transition,success_of_existing_bans,"Next, places like the EU and California have implemented plastic bans with strong enforcement, and they’ve seen significant drops in plastic waste in rivers, oceans, and landfills.",sequence_and_transition_success_of_existing_bans,"I should examine case studies from Rwanda, the EU, Kenya, and various US states showing that bans are enforceable and produce measurable reductions in pollution.",Next
32,0.0,,,synthesis_strict,m1b,0,20260228_152612,1.3889966011047363,"For example, when plastic waste contaminates waterways, the government spends taxpayer money to clean them up instead of funding schools or hospitals, which is unfair to ordinary citizens. Moreover, plastic pollution harms wildlife and marine ecosystems, which directly affects the fishing and tourism industries that many people depend on for jobs and income. Importantly, plastic waste often breaks down into microplastics that end up in our food and drinking water, posing long-term health risks to everyone, including children. A total ban on single-use plastics is a necessary step to protect public health, preserve natural resources, and ensure that the burden of pollution doesn’t fall unfairly on ordinary people. It’s not just about convenience—it’s about protecting our families, our environment, and our future. The government has a responsibility to act decisively to prevent harm before it becomes irreversible. A ban is a fair, practical, and essential measure for the common good.",exemplification,economic_externalities,"For example, when plastic waste contaminates waterways, the government spends taxpayer money to clean them up instead of funding schools or hospitals, which is unfair to ordinary citizens.",exemplification_economic_externalities,"I should calculate how cleanup costs, healthcare burdens, tourism losses, and ecosystem damage are borne by the public rather than producers—a market failure requiring correction.",For example,addition_and_elaboration,economic_externalities,"Moreover, plastic pollution harms wildlife and marine ecosystems, which directly affects the fishing and tourism industries that many people depend on for jobs and income.",addition_and_elaboration_economic_externalities,"I should calculate how cleanup costs, healthcare burdens, tourism losses, and ecosystem damage are borne by the public rather than producers—a market failure requiring correction.",Moreover,emphasis_and_evaluation,economic_externalities,"Importantly, plastic waste often breaks down into microplastics that end up in our food and drinking water, posing long-term health risks to everyone, including children.",emphasis_and_evaluation_economic_externalities,"I should calculate how cleanup costs, healthcare burdens, tourism losses, and ecosystem damage are borne by the public rather than producers—a market failure requiring correction.",Importantly
32,0.0,,,synthesis_strict,m1b,1,20260228_152612,0.8505005836486816,"For example, cleaning up plastic waste costs taxpayers billions annually, and the environmental damage affects public health and local economies, especially in coastal communities. Moreover, single-use plastics are often used for convenience but have long-term costs that are not reflected in their price, shifting the burden to society. Importantly, a ban would encourage innovation in sustainable alternatives, empowering businesses to create greener products that benefit everyone.",exemplification,economic_externalities,"For example, cleaning up plastic waste costs taxpayers billions annually, and the environmental damage affects public health and local economies, especially in coastal communities.",exemplification_economic_externalities,"I should calculate how cleanup costs, healthcare burdens, tourism losses, and ecosystem damage are borne by the public rather than producers—a market failure requiring correction.",For example,addition_and_elaboration,economic_externalities,"Moreover, single-use plastics are often used for convenience but have long-term costs that are not reflected in their price, shifting the burden to society.",addition_and_elaboration_economic_externalities,"I should calculate how cleanup costs, healthcare burdens, tourism losses, and ecosystem damage are borne by the public rather than producers—a market failure requiring correction.",Moreover,emphasis_and_evaluation,economic_externalities,"Importantly, a ban would encourage innovation in sustainable alternatives, empowering businesses to create greener products that benefit everyone.",emphasis_and_evaluation_economic_externalities,"I should calculate how cleanup costs, healthcare burdens, tourism losses, and ecosystem damage are borne by the public rather than producers—a market failure requiring correction.",Importantly
32,0.0,,,synthesis_strict,m1b,2,20260228_152612,0.9561371803283691,"For example, cleaning up plastic waste costs taxpayers billions annually, and the environmental damage affects everyone—especially communities near polluted waterways and beaches. Moreover, wildlife suffering and ocean pollution lead to long-term ecological harm that future generations will have to pay for, but we can prevent this now by banning single-use plastics. Importantly, banning single-use plastics doesn’t mean giving up convenience—there are reusable and biodegradable alternatives that work just as well.",exemplification,economic_externalities,"For example, cleaning up plastic waste costs taxpayers billions annually, and the environmental damage affects everyone—especially communities near polluted waterways and beaches.",exemplification_economic_externalities,"I should calculate how cleanup costs, healthcare burdens, tourism losses, and ecosystem damage are borne by the public rather than producers—a market failure requiring correction.",For example,addition_and_elaboration,economic_externalities,"Moreover, wildlife suffering and ocean pollution lead to long-term ecological harm that future generations will have to pay for, but we can prevent this now by banning single-use plastics.",addition_and_elaboration_economic_externalities,"I should calculate how cleanup costs, healthcare burdens, tourism losses, and ecosystem damage are borne by the public rather than producers—a market failure requiring correction.",Moreover,emphasis_and_evaluation,economic_externalities,"Importantly, banning single-use plastics doesn’t mean giving up convenience—there are reusable and biodegradable alternatives that work just as well.",emphasis_and_evaluation_economic_externalities,"I should calculate how cleanup costs, healthcare burdens, tourism losses, and ecosystem damage are borne by the public rather than producers—a market failure requiring correction.",Importantly
32,0.0,,,synthesis_strict,m1b,3,20260228_152612,0.8699092864990234,"For example, when plastic waste clogs rivers and beaches, taxpayers foot the bill for cleanup, while the companies that produce these items face no financial consequences. Moreover, the health risks from microplastics entering our food and water systems could lead to long-term medical costs that ultimately burden public healthcare. Importantly, banning single-use plastics would push manufacturers to create more sustainable alternatives, reducing pollution and protecting wildlife.",exemplification,economic_externalities,"For example, when plastic waste clogs rivers and beaches, taxpayers foot the bill for cleanup, while the companies that produce these items face no financial consequences.",exemplification_economic_externalities,"I should calculate how cleanup costs, healthcare burdens, tourism losses, and ecosystem damage are borne by the public rather than producers—a market failure requiring correction.",For example,addition_and_elaboration,economic_externalities,"Moreover, the health risks from microplastics entering our food and water systems could lead to long-term medical costs that ultimately burden public healthcare.",addition_and_elaboration_economic_externalities,"I should calculate how cleanup costs, healthcare burdens, tourism losses, and ecosystem damage are borne by the public rather than producers—a market failure requiring correction.",Moreover,emphasis_and_evaluation,economic_externalities,"Importantly, banning single-use plastics would push manufacturers to create more sustainable alternatives, reducing pollution and protecting wildlife.",emphasis_and_evaluation_economic_externalities,"I should calculate how cleanup costs, healthcare burdens, tourism losses, and ecosystem damage are borne by the public rather than producers—a market failure requiring correction.",Importantly
32,0.0,,,synthesis_strict,m1b,4,20260228_152612,1.0721220970153809,"It’s not fair that taxpayers foot the bill for cleaning up plastic waste, especially when corporations profit from single-use plastics. Moreover, plastic pollution harms wildlife and ecosystems, which affects everyone’s quality of life and natural resources we all depend on. Importantly, a total ban would push companies to innovate and create safer, reusable alternatives that benefit society long-term. We can’t keep letting plastic waste damage our environment and public health while profiting from convenience. A ban is a necessary step to protect our planet and future generations. The government has a responsibility to act, not just respond. This isn’t about restrictions—it’s about making smart, lasting choices for everyone.",exemplification,economic_externalities,"For example, it’s not fair that taxpayers foot the bill for cleaning up plastic waste, especially when corporations profit from single-use plastics.",exemplification_economic_externalities,"I should calculate how cleanup costs, healthcare burdens, tourism losses, and ecosystem damage are borne by the public rather than producers—a market failure requiring correction.",For example,addition_and_elaboration,economic_externalities,"Moreover, plastic pollution harms wildlife and ecosystems, which affects everyone’s quality of life and natural resources we all depend on.",addition_and_elaboration_economic_externalities,"I should calculate how cleanup costs, healthcare burdens, tourism losses, and ecosystem damage are borne by the public rather than producers—a market failure requiring correction.",Moreover,emphasis_and_evaluation,economic_externalities,"Importantly, a total ban would push companies to innovate and create safer, reusable alternatives that benefit society long-term.",emphasis_and_evaluation_economic_externalities,"I should calculate how cleanup costs, healthcare burdens, tourism losses, and ecosystem damage are borne by the public rather than producers—a market failure requiring correction.",Importantly
33,0.0,,,synthesis_strict,m1b,0,20260228_152612,1.5406780242919922,"Importantly, there are already many affordable and effective alternatives to single-use plastics, like paper bags, glass containers, and bamboo utensils, that people can easily use in daily life. Evidence shows that single-use plastics pollute our oceans and landfills, harm wildlife, and can even enter our food chain, resulting in long-term health risks and massive cleanup costs that everyone ends up paying for. Importantly, countries like Rwanda and Kenya have implemented total plastic bans and seen dramatic drops in plastic waste, proving that such policies work in real-world settings. These successes show that switching away from single-use plastics isn't just possible—it’s already happening and making a difference. A government ban would accelerate this change, protect our environment, and ensure that future generations inherit cleaner, safer communities. It’s time to stop treating pollution as an inevitable cost of convenience and start taking responsibility. The government has a duty to protect public health and the planet, and a total ban on single-use plastics is a clear, necessary step forward.",emphasis_and_evaluation,availability_of_alternatives,"Importantly, there are already many affordable and effective alternatives to single-use plastics, like paper bags, glass containers, and bamboo utensils, that people can easily use in daily life.",emphasis_and_evaluation_availability_of_alternatives,"I should demonstrate that reusable, compostable, and biodegradable alternatives are available for bags, straws, containers, and packaging, making a ban practically feasible.",Importantly,evidence_and_authority,economic_externalities,"Evidence shows that single-use plastics pollute our oceans and landfills, harm wildlife, and can even enter our food chain, resulting in long-term health risks and massive cleanup costs that everyone ends up paying for.",evidence_and_authority_economic_externalities,"I should calculate how cleanup costs, healthcare burdens, tourism losses, and ecosystem damage are borne by the public rather than producers—a market failure requiring correction.",Evidence shows that,emphasis_and_evaluation,success_of_existing_bans,"Importantly, countries like Rwanda and Kenya have implemented total plastic bans and seen dramatic drops in plastic waste, proving that such policies work in real-world settings.",emphasis_and_evaluation_success_of_existing_bans,"I should examine case studies from Rwanda, the EU, Kenya, and various US states showing that bans are enforceable and produce measurable reductions in pollution.",Importantly
33,0.0,,,synthesis_strict,m1b,1,20260228_152612,1.328425407409668,"Importantly, we already have viable alternatives like reusable bags, paper packaging, and plant-based plastics that work just as well as single-use plastics for everyday needs. Evidence shows that cleaning up plastic waste costs cities and taxpayers billions each year, and plastic pollution harms marine life and even ends up in our food and water. Importantly, countries like Rwanda and Kenya have successfully banned single-use plastics, resulting in cleaner streets, healthier ecosystems, and stronger public support over time. A total ban is not only possible but necessary to protect our environment and public health. Without government action, the burden of plastic pollution will continue to fall on ordinary people, not the corporations that profit from it. We’ve seen that change is possible—now is the time to act. A ban on single-use plastics is a responsible, practical, and essential step toward a cleaner, safer future for everyone.",emphasis_and_evaluation,availability_of_alternatives,"Importantly, we already have viable alternatives like reusable bags, paper packaging, and plant-based plastics that work just as well as single-use plastics for everyday needs.",emphasis_and_evaluation_availability_of_alternatives,"I should demonstrate that reusable, compostable, and biodegradable alternatives are available for bags, straws, containers, and packaging, making a ban practically feasible.",Importantly,evidence_and_authority,economic_externalities,"Evidence shows that cleaning up plastic waste costs cities and taxpayers billions each year, and plastic pollution harms marine life and even ends up in our food and water.",evidence_and_authority_economic_externalities,"I should calculate how cleanup costs, healthcare burdens, tourism losses, and ecosystem damage are borne by the public rather than producers—a market failure requiring correction.",Evidence shows that,emphasis_and_evaluation,success_of_existing_bans,"Importantly, countries like Rwanda and Kenya have successfully banned single-use plastics, resulting in cleaner streets, healthier ecosystems, and stronger public support over time.",emphasis_and_evaluation_success_of_existing_bans,"I should examine case studies from Rwanda, the EU, Kenya, and various US states showing that bans are enforceable and produce measurable reductions in pollution.",Importantly
33,0.0,,,synthesis_strict,m1b,2,20260228_152612,1.4303679466247559,"Importantly, alternatives like paper bags, glass containers, and compostable utensils are already widely available and used in many places, showing that a ban on single-use plastics is realistic and achievable. Evidence shows that plastic pollution leads to massive cleanup costs, harms wildlife, and damages coastal tourism, all of which are paid for by taxpayers and communities—not by the companies that make the plastic. Importantly, countries like Rwanda and Kenya have successfully banned single-use plastics and seen dramatic improvements in cleanliness and environmental health, proving that such bans can work in real-world settings. It’s not just about stopping waste—it’s about protecting our health, our environment, and our communities. If we can make the switch in other countries, we can do it here too. A total ban is not only necessary, but also practical and effective. The government has a responsibility to act before the damage becomes irreversible.",emphasis_and_evaluation,availability_of_alternatives,"Importantly, alternatives like paper bags, glass containers, and compostable utensils are already widely available and used in many places, showing that a ban on single-use plastics is realistic and achievable.",emphasis_and_evaluation_availability_of_alternatives,"I should demonstrate that reusable, compostable, and biodegradable alternatives are available for bags, straws, containers, and packaging, making a ban practically feasible.",Importantly,evidence_and_authority,economic_externalities,"Evidence shows that plastic pollution leads to massive cleanup costs, harms wildlife, and damages coastal tourism, all of which are paid for by taxpayers and communities—not by the companies that make the plastic.",evidence_and_authority_economic_externalities,"I should calculate how cleanup costs, healthcare burdens, tourism losses, and ecosystem damage are borne by the public rather than producers—a market failure requiring correction.",Evidence shows that,emphasis_and_evaluation,success_of_existing_bans,"Importantly, countries like Rwanda and Kenya have successfully banned single-use plastics and seen dramatic improvements in cleanliness and environmental health, proving that such bans can work in real-world settings.",emphasis_and_evaluation_success_of_existing_bans,"I should examine case studies from Rwanda, the EU, Kenya, and various US states showing that bans are enforceable and produce measurable reductions in pollution.",Importantly
33,0.0,,,synthesis_strict,m1b,3,20260228_152612,1.4786348342895508,"Importantly, there are already many eco-friendly alternatives available—like reusable bags, bamboo straws, and compostable containers—that can easily replace single-use plastics without sacrificing convenience or function. Evidence shows that single-use plastics pollute oceans, harm wildlife, and cost cities millions in cleanup efforts—costs that end up being paid by taxpayers and local communities, not the companies that profit from them. Importantly, countries like Rwanda and Kenya have successfully banned single-use plastics and seen dramatic reductions in litter and plastic waste, proving such bans can be effective and sustainable. These real-world examples show that a ban is not just a good idea—it’s a practical solution that works. By removing single-use plastics from our lives, we protect our environment, reduce public expenses, and promote responsible consumption. It’s time we prioritize long-term sustainability over short-term convenience. A government ban is the most responsible and effective way to protect our planet for future generations.",emphasis_and_evaluation,availability_of_alternatives,"Importantly, there are already many eco-friendly alternatives available—like reusable bags, bamboo straws, and compostable containers—that can easily replace single-use plastics without sacrificing convenience or function.",emphasis_and_evaluation_availability_of_alternatives,"I should demonstrate that reusable, compostable, and biodegradable alternatives are available for bags, straws, containers, and packaging, making a ban practically feasible.",Importantly,evidence_and_authority,economic_externalities,"Evidence shows that single-use plastics pollute oceans, harm wildlife, and cost cities millions in cleanup efforts—costs that end up being paid by taxpayers and local communities, not the companies that profit from them.",evidence_and_authority_economic_externalities,"I should calculate how cleanup costs, healthcare burdens, tourism losses, and ecosystem damage are borne by the public rather than producers—a market failure requiring correction.",Evidence shows that,emphasis_and_evaluation,success_of_existing_bans,"Importantly, countries like Rwanda and Kenya have successfully banned single-use plastics and seen dramatic reductions in litter and plastic waste, proving such bans can be effective and sustainable.",emphasis_and_evaluation_success_of_existing_bans,"I should examine case studies from Rwanda, the EU, Kenya, and various US states showing that bans are enforceable and produce measurable reductions in pollution.",Importantly
33,0.0,,,synthesis_strict,m1b,4,20260228_152612,1.2345783710479736,"Importantly, we already have viable alternatives like reusable bags, paper packaging, and biodegradable containers that can replace single-use plastics without disrupting daily life. Evidence shows that cleaning up plastic waste costs taxpayers billions every year, and pollution harms wildlife and even our own health—these costs should not be passed on to ordinary people. Importantly, countries like Rwanda and Kenya have successfully banned single-use plastics and seen dramatic reductions in litter and environmental damage. These examples prove that a ban is not only possible but effective in real-world conditions. A total ban would shift responsibility from communities and governments to the producers who profit from plastic use. It’s time we stop tolerating waste that harms our planet and our future. This is not about inconvenience—it’s about protecting our environment and public well-being.",emphasis_and_evaluation,availability_of_alternatives,"Importantly, we already have viable alternatives like reusable bags, paper packaging, and biodegradable containers that can replace single-use plastics without disrupting daily life.",emphasis_and_evaluation_availability_of_alternatives,"I should demonstrate that reusable, compostable, and biodegradable alternatives are available for bags, straws, containers, and packaging, making a ban practically feasible.",Importantly,evidence_and_authority,economic_externalities,"Evidence shows that cleaning up plastic waste costs taxpayers billions every year, and pollution harms wildlife and even our own health—these costs should not be passed on to ordinary people.",evidence_and_authority_economic_externalities,"I should calculate how cleanup costs, healthcare burdens, tourism losses, and ecosystem damage are borne by the public rather than producers—a market failure requiring correction.",Evidence shows that,emphasis_and_evaluation,success_of_existing_bans,"Importantly, countries like Rwanda and Kenya have successfully banned single-use plastics and seen dramatic reductions in litter and environmental damage.",emphasis_and_evaluation_success_of_existing_bans,"I should examine case studies from Rwanda, the EU, Kenya, and various US states showing that bans are enforceable and produce measurable reductions in pollution.",Importantly
34,0.0,,,synthesis_strict,m1b,0,20260228_152612,1.0128350257873535,"Moreover, the cost of plastic pollution isn’t just environmental—it’s financial for everyone, from higher cleanup bills to damaged beaches that hurt local tourism. If we can use paper bags, glass jars, bamboo utensils, and compostable packaging, then banning single-use plastics isn’t a step backward—it’s a practical upgrade. In conclusion, a total ban on single-use plastics protects our health, preserves nature, and saves public money—so it’s not just responsible, it’s necessary.",addition_and_elaboration,economic_externalities,"Moreover, the cost of plastic pollution isn’t just environmental—it’s financial for everyone, from higher cleanup bills to damaged beaches that hurt local tourism.",addition_and_elaboration_economic_externalities,"I should calculate how cleanup costs, healthcare burdens, tourism losses, and ecosystem damage are borne by the public rather than producers—a market failure requiring correction.",Moreover,conditional,availability_of_alternatives,"If we can use paper bags, glass jars, bamboo utensils, and compostable packaging, then banning single-use plastics isn’t a step backward—it’s a practical upgrade.",conditional_availability_of_alternatives,"I should demonstrate that reusable, compostable, and biodegradable alternatives are available for bags, straws, containers, and packaging, making a ban practically feasible.",If,conclusion_and_summary,economic_externalities,"In conclusion, a total ban on single-use plastics protects our health, preserves nature, and saves public money—so it’s not just responsible, it’s necessary.",conclusion_and_summary_economic_externalities,"I should calculate how cleanup costs, healthcare burdens, tourism losses, and ecosystem damage are borne by the public rather than producers—a market failure requiring correction.",In conclusion
34,0.0,,,synthesis_strict,m1b,1,20260228_152612,1.1014149188995361,"The government should enforce a total ban on single-use plastics because the financial and environmental burden of these products falls disproportionately on everyday people through cleanup costs, polluted beaches, and degraded natural spaces that we all rely on. If we can switch to reusable bags, compostable food containers, and biodegradable packaging, then banning single-use plastics is not only possible but already happening in many communities. In conclusion, the government must step in to protect public health and the environment—because the current system lets corporations profit while we pay the price through pollution and higher taxes.",addition_and_elaboration,economic_externalities,"Moreover, the financial and environmental burden of single-use plastics falls disproportionately on everyday people through cleanup costs, polluted beaches, and degraded natural spaces that we all rely on.",addition_and_elaboration_economic_externalities,"I should calculate how cleanup costs, healthcare burdens, tourism losses, and ecosystem damage are borne by the public rather than producers—a market failure requiring correction.",Moreover,conditional,availability_of_alternatives,"If we can switch to reusable bags, compostable food containers, and biodegradable packaging, then banning single-use plastics is not only possible but already happening in many communities.",conditional_availability_of_alternatives,"I should demonstrate that reusable, compostable, and biodegradable alternatives are available for bags, straws, containers, and packaging, making a ban practically feasible.",If,conclusion_and_summary,economic_externalities,"In conclusion, the government must step in to protect public health and the environment—because the current system lets corporations profit while we pay the price through pollution and higher taxes.",conclusion_and_summary_economic_externalities,"I should calculate how cleanup costs, healthcare burdens, tourism losses, and ecosystem damage are borne by the public rather than producers—a market failure requiring correction.",In conclusion
34,0.0,,,synthesis_strict,m1b,2,20260228_152612,1.22190260887146,"The government should enforce a total ban on single-use plastics because the private sector won’t fix this on its own—companies prioritize profit over environmental consequences, and without rules, there’s no incentive to change. If we can easily swap plastic bags for reusable ones, plastic straws for paper or metal, and takeout containers for compostable materials, then banning single-use plastics isn’t a hardship—it’s a realistic and necessary shift. In conclusion, a total ban on single-use plastics is not only fair but essential—because right now, taxpayers and communities are paying the price for pollution, while corporations avoid responsibility.",addition_and_elaboration,economic_externalities,"Moreover, the government should step in because the private sector won’t fix this on its own—companies prioritize profit over environmental consequences, and without rules, there’s no incentive to change.",addition_and_elaboration_economic_externalities,"I should calculate how cleanup costs, healthcare burdens, tourism losses, and ecosystem damage are borne by the public rather than producers—a market failure requiring correction.",Moreover,conditional,availability_of_alternatives,"If we can easily swap plastic bags for reusable ones, plastic straws for paper or metal, and takeout containers for compostable materials, then banning single-use plastics isn’t a hardship—it’s a realistic and necessary shift.",conditional_availability_of_alternatives,"I should demonstrate that reusable, compostable, and biodegradable alternatives are available for bags, straws, containers, and packaging, making a ban practically feasible.",If,conclusion_and_summary,economic_externalities,"In conclusion, a total ban on single-use plastics is not only fair but essential—because right now, taxpayers and communities are paying the price for pollution, while corporations avoid responsibility.",conclusion_and_summary_economic_externalities,"I should calculate how cleanup costs, healthcare burdens, tourism losses, and ecosystem damage are borne by the public rather than producers—a market failure requiring correction.",In conclusion
34,0.0,,,synthesis_strict,m1b,3,20260228_152612,1.1326723098754883,"Moreover, the government should step in because the costs of plastic pollution are passed on to taxpayers through public cleanup efforts, healthcare expenses from pollution-related illnesses, and damage to tourism industries. If we already have viable alternatives like paper, bamboo, and compostable materials, then banning single-use plastics isn’t just possible—it’s a responsible choice we can make without sacrificing convenience. In conclusion, a total ban on single-use plastics is necessary because it protects our environment, reduces long-term public costs, and ensures that future generations inherit a cleaner, healthier planet.",addition_and_elaboration,economic_externalities,"Moreover, the government should step in because the costs of plastic pollution are passed on to taxpayers through public cleanup efforts, healthcare expenses from pollution-related illnesses, and damage to tourism industries.",addition_and_elaboration_economic_externalities,"I should calculate how cleanup costs, healthcare burdens, tourism losses, and ecosystem damage are borne by the public rather than producers—a market failure requiring correction.",Moreover,conditional,availability_of_alternatives,"If we already have viable alternatives like paper, bamboo, and compostable materials, then banning single-use plastics isn’t just possible—it’s a responsible choice we can make without sacrificing convenience.",conditional_availability_of_alternatives,"I should demonstrate that reusable, compostable, and biodegradable alternatives are available for bags, straws, containers, and packaging, making a ban practically feasible.",If,conclusion_and_summary,economic_externalities,"In conclusion, a total ban on single-use plastics is necessary because it protects our environment, reduces long-term public costs, and ensures that future generations inherit a cleaner, healthier planet.",conclusion_and_summary_economic_externalities,"I should calculate how cleanup costs, healthcare burdens, tourism losses, and ecosystem damage are borne by the public rather than producers—a market failure requiring correction.",In conclusion
34,0.0,,,synthesis_strict,m1b,4,20260228_152612,1.1866919994354248,"Moreover, the hidden costs of single-use plastics—like pollution cleanup, healthcare expenses from toxin exposure, and damage to tourism—are ultimately paid by taxpayers, not the companies that profit from them. If we can already replace plastic bags with reusable ones, straws with paper or bamboo, and food containers with compostable materials, then banning single-use plastics is not only possible but already within reach. In conclusion, a total ban on single-use plastics is necessary to protect our environment, health, and economy, and it’s something we can do right now with alternatives we already have.",addition_and_elaboration,economic_externalities,"Moreover, the hidden costs of single-use plastics—like pollution cleanup, healthcare expenses from toxin exposure, and damage to tourism—are ultimately paid by taxpayers, not the companies that profit from them.",addition_and_elaboration_economic_externalities,"I should calculate how cleanup costs, healthcare burdens, tourism losses, and ecosystem damage are borne by the public rather than producers—a market failure requiring correction.",Moreover,conditional,availability_of_alternatives,"If we can already replace plastic bags with reusable ones, straws with paper or bamboo, and food containers with compostable materials, then banning single-use plastics is not only possible but already within reach.",conditional_availability_of_alternatives,"I should demonstrate that reusable, compostable, and biodegradable alternatives are available for bags, straws, containers, and packaging, making a ban practically feasible.",If,conclusion_and_summary,economic_externalities,"In conclusion, a total ban on single-use plastics is necessary to protect our environment, health, and economy, and it’s something we can do right now with alternatives we already have.",conclusion_and_summary_economic_externalities,"I should calculate how cleanup costs, healthcare burdens, tourism losses, and ecosystem damage are borne by the public rather than producers—a market failure requiring correction.",In conclusion
35,0.0,,,synthesis_strict,m1b,0,20260228_152612,1.2513837814331055,"The government should enforce a total ban on single-use plastics because countries like Rwanda and Kenya have already proven it's possible to eliminate plastic waste through strict laws, resulting in cleaner cities and healthier environments. The European Union and California have also seen dramatic reductions in plastic pollution after banning single-use items, showing that such policies work in diverse societies. These real-world examples demonstrate that a national ban is not just idealistic but practical and effective. Without strong action, plastic waste will continue to choke our oceans, harm wildlife, and pollute our communities. A total ban is a necessary and achievable step toward protecting our planet for future generations. It’s not just about convenience—it’s about responsibility. The evidence is clear: banning single-use plastics now is the right thing to do.",conclusion_and_summary,success_of_existing_bans,"In conclusion, the evidence from countries like Rwanda and Kenya shows that banning single-use plastics is not only feasible but also leads to significant environmental improvements, proving that such a ban can work in real-world conditions.",conclusion_and_summary_success_of_existing_bans,"I should examine case studies from Rwanda, the EU, Kenya, and various US states showing that bans are enforceable and produce measurable reductions in pollution.",In conclusion,evidence_and_authority,success_of_existing_bans,"Evidence shows that nations like Rwanda and Kenya have successfully implemented total bans on plastic bags, resulting in cleaner streets, reduced landfill waste, and healthier ecosystems.",evidence_and_authority_success_of_existing_bans,"I should examine case studies from Rwanda, the EU, Kenya, and various US states showing that bans are enforceable and produce measurable reductions in pollution.",Evidence shows that,addition_and_elaboration,success_of_existing_bans,"Moreover, regions like the European Union and California have seen measurable drops in plastic pollution after introducing strict regulations on single-use plastics.",addition_and_elaboration_success_of_existing_bans,"I should examine case studies from Rwanda, the EU, Kenya, and various US states showing that bans are enforceable and produce measurable reductions in pollution.",Moreover
35,0.0,,,synthesis_strict,m1b,1,20260228_152612,1.6673460006713867,"The government should enforce a total ban on single-use plastics because the environmental and public health benefits far outweigh the inconvenience of changing habits. Evidence shows that countries like Rwanda and Kenya have successfully banned single-use plastics and seen dramatic drops in plastic waste—Rwanda now has one of the cleanest cities in Africa, and Kenya’s strict penalties have reduced plastic bag use by over 80%. Moreover, the European Union’s single-use plastic ban, implemented in 2021, has already led to a significant reduction in plastic pollution in oceans and rivers, proving that large-scale bans can work without collapsing economies. These real-world examples show that bans are not only possible but highly effective in reducing pollution. As an average person who cares about clean streets and a healthier planet, I believe we have a responsibility to act now. In conclusion, the environmental and public health benefits of banning single-use plastics far outweigh the inconvenience of changing habits, and real-world examples prove that such bans are not only possible but highly effective.",conclusion_and_summary,success_of_existing_bans,"In conclusion, the environmental and public health benefits of banning single-use plastics far outweigh the inconvenience of changing habits, and real-world examples prove that such bans are not only possible but highly effective.",conclusion_and_summary_success_of_existing_bans,"I should examine case studies from Rwanda, the EU, Kenya, and various US states showing that bans are enforceable and produce measurable reductions in pollution.",In conclusion,evidence_and_authority,success_of_existing_bans,"Evidence shows that countries like Rwanda and Kenya have successfully banned single-use plastics and seen dramatic drops in plastic waste—Rwanda now has one of the cleanest cities in Africa, and Kenya’s strict penalties have reduced plastic bag use by over 80%.",evidence_and_authority_success_of_existing_bans,"I should examine case studies from Rwanda, the EU, Kenya, and various US states showing that bans are enforceable and produce measurable reductions in pollution.",Evidence shows that,addition_and_elaboration,success_of_existing_bans,"Moreover, the European Union’s single-use plastic ban, implemented in 2021, has already led to a significant reduction in plastic pollution in oceans and rivers, proving that large-scale bans can work without collapsing economies.",addition_and_elaboration_success_of_existing_bans,"I should examine case studies from Rwanda, the EU, Kenya, and various US states showing that bans are enforceable and produce measurable reductions in pollution.",Moreover
35,0.0,,,synthesis_strict,m1b,2,20260228_152612,1.4400620460510254,"The government should enforce a total ban on single-use plastics because evidence from countries like Rwanda and Kenya shows that such bans are not only feasible but also effective in drastically reducing plastic waste and protecting the environment. Rwanda, which implemented a total ban in 2008, is now considered one of the cleanest countries in Africa, with no visible plastic waste in urban areas. Similarly, Kenya’s strict ban has led to a significant drop in plastic pollution, with fines and enforcement measures making compliance widespread. The European Union’s single-use plastic directive has also driven innovation and reduced marine litter across member states. These real-world examples prove that total bans are enforceable and lead to measurable environmental benefits. For the average person, supporting a ban means taking a simple, impactful stand against pollution that affects our air, water, and wildlife. It's time we follow the lead of countries that have already proven this approach works.",conclusion_and_summary,success_of_existing_bans,"In conclusion, the evidence from countries like Rwanda and Kenya shows that total bans on single-use plastics are not only feasible but also effective in drastically reducing plastic waste and protecting the environment.",conclusion_and_summary_success_of_existing_bans,"I should examine case studies from Rwanda, the EU, Kenya, and various US states showing that bans are enforceable and produce measurable reductions in pollution.",In conclusion,evidence_and_authority,success_of_existing_bans,"Evidence shows that nations like Rwanda and Kenya, which have implemented total bans on single-use plastics, have seen dramatic reductions in plastic pollution, with Rwanda now considered one of the cleanest countries in Africa.",evidence_and_authority_success_of_existing_bans,"I should examine case studies from Rwanda, the EU, Kenya, and various US states showing that bans are enforceable and produce measurable reductions in pollution.",Evidence shows that,addition_and_elaboration,success_of_existing_bans,"Moreover, the European Union’s single-use plastic directive has led to widespread adoption of alternatives and significant decreases in marine litter, proving that large-scale bans can work effectively.",addition_and_elaboration_success_of_existing_bans,"I should examine case studies from Rwanda, the EU, Kenya, and various US states showing that bans are enforceable and produce measurable reductions in pollution.",Moreover
35,0.0,,,synthesis_strict,m1b,3,20260228_152612,1.1383106708526611,"The government should enforce a total ban on single-use plastics because evidence from around the world shows that such bans are effective and feasible. Countries like Rwanda and Kenya have successfully eliminated single-use plastic bags, drastically reducing litter and environmental harm. Moreover, the European Union’s plastic ban has led to a significant drop in plastic waste in oceans and rivers across member states. In the United States, states like California and Oregon have implemented similar bans with measurable improvements in waste management and public awareness. These real-world examples prove that a nationwide ban is not only possible but already working in many places. In fact, the average person benefits from cleaner streets, healthier wildlife, and less pollution in our environment. In conclusion, many regions have already shown that banning single-use plastics is not only possible but effective.",conclusion_and_summary,success_of_existing_bans,"In conclusion, many regions have already shown that banning single-use plastics is not only possible but effective.",conclusion_and_summary_success_of_existing_bans,"I should examine case studies from Rwanda, the EU, Kenya, and various US states showing that bans are enforceable and produce measurable reductions in pollution.",In conclusion,evidence_and_authority,success_of_existing_bans,"Evidence shows that countries like Rwanda and Kenya have successfully eliminated single-use plastic bags, drastically reducing litter and environmental harm.",evidence_and_authority_success_of_existing_bans,"I should examine case studies from Rwanda, the EU, Kenya, and various US states showing that bans are enforceable and produce measurable reductions in pollution.",Evidence shows that,addition_and_elaboration,success_of_existing_bans,"Moreover, the European Union’s plastic ban has led to a significant drop in plastic waste in oceans and rivers across member states.",addition_and_elaboration_success_of_existing_bans,"I should examine case studies from Rwanda, the EU, Kenya, and various US states showing that bans are enforceable and produce measurable reductions in pollution.",Moreover
35,0.0,,,synthesis_strict,m1b,4,20260228_152612,1.5183277130126953,"The government should enforce a total ban on single-use plastics because countries like Rwanda and Kenya have successfully implemented such bans, resulting in cleaner cities, reduced marine pollution, and a cultural shift toward sustainable habits. Evidence shows that Rwanda, which banned plastic bags in 2008, now has some of the cleanest streets in Africa and has become a model for waste management in the developing world. Moreover, the European Union’s single-use plastic directive has led to significant reductions in plastic waste, with member states reporting lower levels of plastic in coastal areas and waterways. These examples prove that total bans are not only feasible but also effective in driving real environmental change. As an average person, I know how frustrating it is to see plastic litter everywhere—banning it at the source is the most practical solution. We don’t need to wait for perfect alternatives; we just need the government to take decisive action now. A total ban is a necessary, achievable step toward protecting our planet for future generations.",conclusion_and_summary,success_of_existing_bans,"In conclusion, countries like Rwanda and Kenya have successfully implemented total bans on single-use plastics, resulting in cleaner cities, reduced marine pollution, and a cultural shift toward sustainable habits.",conclusion_and_summary_success_of_existing_bans,"I should examine case studies from Rwanda, the EU, Kenya, and various US states showing that bans are enforceable and produce measurable reductions in pollution.",In conclusion,evidence_and_authority,success_of_existing_bans,"Evidence shows that Rwanda, which banned plastic bags in 2008, now has some of the cleanest streets in Africa and has become a model for waste management in the developing world.",evidence_and_authority_success_of_existing_bans,"I should examine case studies from Rwanda, the EU, Kenya, and various US states showing that bans are enforceable and produce measurable reductions in pollution.",Evidence shows that,addition_and_elaboration,success_of_existing_bans,"Moreover, the European Union’s single-use plastic directive has led to significant reductions in plastic waste, with member states reporting lower levels of plastic in coastal areas and waterways.",addition_and_elaboration_success_of_existing_bans,"I should examine case studies from Rwanda, the EU, Kenya, and various US states showing that bans are enforceable and produce measurable reductions in pollution.",Moreover
36,0.0,,,synthesis_strict,m1b,0,20260228_152612,1.2673335075378418,"Banning single-use plastics is not only necessary but also practical, because sustainable alternatives like reusable bags, compostable containers, and biodegradable straws are already widely available and accessible to consumers. The real cost of plastic pollution—seen in cleanup efforts, healthcare issues, damaged ecosystems, and lost tourism revenue—is not paid by corporations but by ordinary people through taxes and environmental degradation. Countries like Rwanda, Kenya, and the European Union have successfully enforced bans and dramatically reduced plastic waste, demonstrating that such policies are enforceable and effective in real communities. This shift is not just about regulation—it’s about protecting public health, preserving nature, and ensuring a cleaner future for everyone. A total ban on single-use plastics is a responsible, achievable step we can all support for the greater good.",causal_reasoning,availability_of_alternatives,"Therefore, banning single-use plastics is both practical and achievable, as sustainable alternatives are already widely available and in use.",causal_reasoning_availability_of_alternatives,"I should demonstrate that reusable, compostable, and biodegradable alternatives are available for bags, straws, containers, and packaging, making a ban practically feasible.",Therefore,concession_and_contrast,economic_externalities,"However, the real cost of single-use plastics is hidden in environmental damage and public health expenses, which ultimately burden taxpayers and communities instead of the companies that profit from them.",concession_and_contrast_economic_externalities,"I should calculate how cleanup costs, healthcare burdens, tourism losses, and ecosystem damage are borne by the public rather than producers—a market failure requiring correction.",However,causal_reasoning,success_of_existing_bans,"Therefore, countries and regions that have already implemented bans, like Rwanda and Kenya, have seen dramatic reductions in plastic waste and cleaner cities, proving that such policies work in real-world settings.",causal_reasoning_success_of_existing_bans,"I should examine case studies from Rwanda, the EU, Kenya, and various US states showing that bans are enforceable and produce measurable reductions in pollution.",Therefore
36,0.0,,,synthesis_strict,m1b,1,20260228_152612,1.4337842464447021,"A total ban on single-use plastics is both necessary and achievable because reusable, compostable, and biodegradable alternatives are already available for bags, straws, containers, and packaging, making the switch practical for daily life. However, the real cost of single-use plastics is hidden: it's paid for by taxpayers through cleanup efforts, damaged ecosystems, and long-term health issues linked to plastic pollution. Countries and regions that have implemented plastic bans—like Rwanda and Kenya—have seen dramatic reductions in plastic waste and cleaner cities, proving such policies work in practice. These examples show that bans aren’t just idealistic—they’re effective and enforceable. By taking a stand now, we protect our environment, reduce public costs, and encourage innovation in sustainable materials. It’s time we stop treating plastic waste as someone else’s problem and start holding ourselves and our leaders accountable. A total ban is the most responsible and realistic step forward for the planet and future generations.",causal_reasoning,availability_of_alternatives,"Therefore, a total ban on single-use plastics is not only possible but already supported by viable alternatives that meet everyday needs without sacrificing convenience.",causal_reasoning_availability_of_alternatives,"I should demonstrate that reusable, compostable, and biodegradable alternatives are available for bags, straws, containers, and packaging, making a ban practically feasible.",Therefore,concession_and_contrast,economic_externalities,"However, the real cost of single-use plastics is hidden: it's paid for by taxpayers through cleanup efforts, damaged ecosystems, and long-term health issues linked to plastic pollution.",concession_and_contrast_economic_externalities,"I should calculate how cleanup costs, healthcare burdens, tourism losses, and ecosystem damage are borne by the public rather than producers—a market failure requiring correction.",However,causal_reasoning,success_of_existing_bans,"Therefore, countries and regions that have implemented plastic bans—like Rwanda and Kenya—have seen dramatic reductions in plastic waste and cleaner cities, proving such policies work in practice.",causal_reasoning_success_of_existing_bans,"I should examine case studies from Rwanda, the EU, Kenya, and various US states showing that bans are enforceable and produce measurable reductions in pollution.",Therefore
36,0.0,,,synthesis_strict,m1b,2,20260228_152612,1.1747188568115234,"The government should enforce a total ban on single-use plastics because reusable, compostable, and biodegradable alternatives are already available and becoming more accessible. However, the real cost of single-use plastics is hidden in environmental cleanup, pollution-related illnesses, and damaged ecosystems, burdening communities and taxpayers. Therefore, countries and cities that have implemented bans have seen significant drops in plastic waste, proving the policy works in practice. A ban is not only feasible but necessary to protect our health, environment, and shared resources. By taking this step, we can ensure cleaner streets, safer oceans, and a healthier future for everyone. It's time to stop letting plastic pollution harm our planet and our lives. We don't need to wait for perfect solutions—better options exist today.",causal_reasoning,availability_of_alternatives,"Therefore, banning single-use plastics is a realistic and achievable step, as alternatives already exist and are becoming more accessible.",causal_reasoning_availability_of_alternatives,"I should demonstrate that reusable, compostable, and biodegradable alternatives are available for bags, straws, containers, and packaging, making a ban practically feasible.",Therefore,concession_and_contrast,economic_externalities,"However, the real cost of single-use plastics is hidden in environmental cleanup, pollution-related illnesses, and damaged ecosystems, burdening communities and taxpayers.",concession_and_contrast_economic_externalities,"I should calculate how cleanup costs, healthcare burdens, tourism losses, and ecosystem damage are borne by the public rather than producers—a market failure requiring correction.",However,causal_reasoning,success_of_existing_bans,"Therefore, countries and cities that have implemented bans have seen significant drops in plastic waste, proving the policy works in practice.",causal_reasoning_success_of_existing_bans,"I should examine case studies from Rwanda, the EU, Kenya, and various US states showing that bans are enforceable and produce measurable reductions in pollution.",Therefore
36,0.0,,,synthesis_strict,m1b,3,20260228_152612,1.3400022983551025,"The government should enforce a total ban on single-use plastics because reusable, compostable, and biodegradable alternatives are already widely available and affordable, making a ban practical for everyday use. However, the real cost of single-use plastics falls on taxpayers and communities through pollution cleanup, beach cleanups, and health problems from toxins, which is a market failure that needs correction. Countries and cities that have implemented bans—like Rwanda, the EU, Kenya, and several US states—have seen dramatic drops in plastic waste and proven that enforcement is effective and sustainable. A national ban would level the playing field, encourage innovation in green packaging, and protect future generations from long-term environmental damage. This isn’t about inconvenience; it’s about responsibility and shared stewardship of our planet. The time to act is now, before the damage becomes irreversible. We don’t need to wait for perfect solutions—we can start with what we know works.",causal_reasoning,availability_of_alternatives,"Therefore, eliminating single-use plastics is possible without disrupting daily life, since eco-friendly options are already widely available and affordable.",causal_reasoning_availability_of_alternatives,"I should demonstrate that reusable, compostable, and biodegradable alternatives are available for bags, straws, containers, and packaging, making a ban practically feasible.",Therefore,concession_and_contrast,economic_externalities,"However, the real cost of single-use plastics falls on taxpayers and communities through pollution cleanup, beach cleanups, and health problems from toxins.",concession_and_contrast_economic_externalities,"I should calculate how cleanup costs, healthcare burdens, tourism losses, and ecosystem damage are borne by the public rather than producers—a market failure requiring correction.",However,causal_reasoning,success_of_existing_bans,"Therefore, countries and cities that have implemented bans have seen dramatic drops in plastic waste and have proven that enforcement is effective and sustainable.",causal_reasoning_success_of_existing_bans,"I should examine case studies from Rwanda, the EU, Kenya, and various US states showing that bans are enforceable and produce measurable reductions in pollution.",Therefore
36,0.0,,,synthesis_strict,m1b,4,20260228_152612,1.0249340534210205,"Therefore, since there are already viable alternatives to single-use plastics, making a ban practical and necessary to protect our environment. However, the real cost of plastic pollution falls on society through polluted beaches, contaminated water, and harm to wildlife, which means the current system unfairly shifts expenses to taxpayers and communities. Therefore, countries and cities that have implemented bans—like Rwanda and Kenya—have seen dramatic drops in plastic waste and cleaner streets, proving that such bans work in real-world settings.",causal_reasoning,availability_of_alternatives,"Therefore, since there are already viable alternatives to single-use plastics, banning them is not only possible but also necessary to protect the environment.",causal_reasoning_availability_of_alternatives,"I should demonstrate that reusable, compostable, and biodegradable alternatives are available for bags, straws, containers, and packaging, making a ban practically feasible.",Therefore,concession_and_contrast,economic_externalities,"However, the real cost of plastic pollution falls on society through polluted beaches, contaminated water, and harm to wildlife, which means the current system unfairly shifts expenses to taxpayers and communities.",concession_and_contrast_economic_externalities,"I should calculate how cleanup costs, healthcare burdens, tourism losses, and ecosystem damage are borne by the public rather than producers—a market failure requiring correction.",However,causal_reasoning,success_of_existing_bans,"Therefore, countries and cities that have implemented bans—like Rwanda and Kenya—have seen dramatic drops in plastic waste and cleaner streets, proving that such bans work in real-world settings.",causal_reasoning_success_of_existing_bans,"I should examine case studies from Rwanda, the EU, Kenya, and various US states showing that bans are enforceable and produce measurable reductions in pollution.",Therefore
37,0.0,,,synthesis_strict,m1b,0,20260228_152612,1.5177688598632812,"The government should enforce a total ban on single-use plastics because there are already practical, affordable alternatives available—such as reusable bags, compostable containers, and biodegradable packaging—that can meet everyday needs without harming the environment. In other words, the environmental and health costs of plastic pollution—like cleanup efforts, damaged ecosystems, and health risks—are paid by communities and taxpayers, not by the companies that produce these products, creating a clear market failure that requires government intervention. Therefore, countries like Rwanda and Kenya have successfully banned single-use plastics, leading to cleaner cities and less pollution in oceans and waterways, proving that such bans are realistic and effective. With strong public support and simple policy changes, a national ban is not only possible but necessary to protect our planet and future generations. Many people already use alternatives daily, and with a ban, innovation and consumer habits will adapt quickly. It’s time to stop treating plastic pollution as someone else’s problem and take responsibility before the damage becomes irreversible.",conclusion_and_summary,availability_of_alternatives,"In conclusion, there are already viable alternatives to single-use plastics like reusable bags, compostable containers, and biodegradable packaging that can meet everyday needs without harming the environment.",conclusion_and_summary_availability_of_alternatives,"I should demonstrate that reusable, compostable, and biodegradable alternatives are available for bags, straws, containers, and packaging, making a ban practically feasible.",In conclusion,clarification_and_specification,economic_externalities,"In other words, the environmental and health costs of plastic pollution—like cleanup efforts, damaged ecosystems, and health risks—are paid by communities and taxpayers, not by the companies that produce these products.",clarification_and_specification_economic_externalities,"I should calculate how cleanup costs, healthcare burdens, tourism losses, and ecosystem damage are borne by the public rather than producers—a market failure requiring correction.",In other words,causal_reasoning,success_of_existing_bans,"Therefore, countries like Rwanda and Kenya have successfully banned single-use plastics, leading to cleaner cities and less pollution in oceans and waterways, proving that such bans are realistic and effective.",causal_reasoning_success_of_existing_bans,"I should examine case studies from Rwanda, the EU, Kenya, and various US states showing that bans are enforceable and produce measurable reductions in pollution.",Therefore
37,0.0,,,synthesis_strict,m1b,1,20260228_152612,1.55661940574646,"The government should enforce a total ban on single-use plastics because we already have safe, accessible, and affordable alternatives that can meet everyday needs without harming the environment. In other words, the cost of plastic pollution is not just environmental—it’s financial and social, with taxpayers and communities paying for cleanup and health impacts that industries should be held accountable for. Therefore, real-world examples prove that banning single-use plastics works: countries like Rwanda and Kenya have seen dramatic reductions in plastic waste, and even in the US, states that banned plastic bags have seen cleaner streets and waterways. A ban is not just a moral imperative—it’s a practical step toward protecting our planet and public health. Once we make the switch, it becomes easier to build a culture of sustainability that benefits everyone. The time to act is now, before plastic pollution becomes irreversible. In conclusion, banning single-use plastics is both necessary and achievable because we already have safe, accessible, and affordable alternatives that can meet everyday needs without harming the environment.",conclusion_and_summary,availability_of_alternatives,"In conclusion, banning single-use plastics is both necessary and achievable because we already have safe, accessible, and affordable alternatives that can meet everyday needs without harming the environment.",conclusion_and_summary_availability_of_alternatives,"I should demonstrate that reusable, compostable, and biodegradable alternatives are available for bags, straws, containers, and packaging, making a ban practically feasible.",In conclusion,clarification_and_specification,economic_externalities,"In other words, the cost of plastic pollution is not just environmental—it’s financial and social, with taxpayers and communities paying for cleanup and health impacts that industries should be held accountable for.",clarification_and_specification_economic_externalities,"I should calculate how cleanup costs, healthcare burdens, tourism losses, and ecosystem damage are borne by the public rather than producers—a market failure requiring correction.",In other words,causal_reasoning,success_of_existing_bans,"Therefore, real-world examples prove that banning single-use plastics works: countries like Rwanda and Kenya have seen dramatic reductions in plastic waste, and even in the US, states that banned plastic bags have seen cleaner streets and waterways.",causal_reasoning_success_of_existing_bans,"I should examine case studies from Rwanda, the EU, Kenya, and various US states showing that bans are enforceable and produce measurable reductions in pollution.",Therefore
37,0.0,,,synthesis_strict,m1b,2,20260228_152612,1.1430180072784424,"The government should enforce a total ban on single-use plastics because reusable, compostable, and biodegradable alternatives are increasingly available and affordable for everyday use. In other words, single-use plastics are a public cost that should be charged to those who create them, not to taxpayers and communities. Real-world examples prove that effective bans are possible and have already delivered environmental benefits, from Rwanda’s near-zero plastic waste to the EU’s significant reductions in marine pollution. A ban would also prevent long-term harm to wildlife, oceans, and human health, which we are currently paying for through cleanup, healthcare, and damaged ecosystems. It’s not just about convenience—it’s about protecting our shared environment and future. In conclusion, banning single-use plastics is a practical and necessary step toward protecting the environment and public health.",conclusion_and_summary,availability_of_alternatives,"In conclusion, banning single-use plastics is a practical and necessary step toward protecting the environment and public health.",conclusion_and_summary_availability_of_alternatives,"I should demonstrate that reusable, compostable, and biodegradable alternatives are available for bags, straws, containers, and packaging, making a ban practically feasible.",In conclusion,clarification_and_specification,economic_externalities,"In other words, single-use plastics are a public cost that should be charged to those who create them, not to taxpayers and communities.",clarification_and_specification_economic_externalities,"I should calculate how cleanup costs, healthcare burdens, tourism losses, and ecosystem damage are borne by the public rather than producers—a market failure requiring correction.",In other words,causal_reasoning,success_of_existing_bans,"Therefore, real-world examples prove that effective bans are possible and have already delivered environmental benefits.",causal_reasoning_success_of_existing_bans,"I should examine case studies from Rwanda, the EU, Kenya, and various US states showing that bans are enforceable and produce measurable reductions in pollution.",Therefore
37,0.0,,,synthesis_strict,m1b,3,20260228_152612,1.2952141761779785,"Single-use plastics are not essential, and we can easily switch to sustainable alternatives like paper, glass, or reusable materials that are already available and affordable. In other words, the cost of plastic pollution is passed on to taxpayers through cleanup efforts, damaged ecosystems, and health problems—this is unfair and unsustainable. Therefore, countries like Rwanda and Kenya have successfully banned single-use plastics and seen dramatic drops in plastic waste, proving that such bans can work in real-world conditions. These bans haven’t caused economic chaos—they’ve encouraged innovation and responsibility. The government has a duty to protect public health and the environment, and a total ban is the most effective way to do it. We don’t need to sacrifice convenience for the sake of the planet; better solutions are already here. It's time we make the change for good.",conclusion_and_summary,availability_of_alternatives,"In conclusion, single-use plastics are not essential, and we can easily switch to sustainable alternatives like paper, glass, or reusable materials that are already available and affordable.",conclusion_and_summary_availability_of_alternatives,"I should demonstrate that reusable, compostable, and biodegradable alternatives are available for bags, straws, containers, and packaging, making a ban practically feasible.",In conclusion,clarification_and_specification,economic_externalities,"In other words, the cost of plastic pollution is passed on to taxpayers through cleanup efforts, damaged ecosystems, and health problems—this is unfair and unsustainable.",clarification_and_specification_economic_externalities,"I should calculate how cleanup costs, healthcare burdens, tourism losses, and ecosystem damage are borne by the public rather than producers—a market failure requiring correction.",In other words,causal_reasoning,success_of_existing_bans,"Therefore, countries like Rwanda and Kenya have successfully banned single-use plastics and seen dramatic drops in plastic waste, proving that such bans can work in real-world conditions.",causal_reasoning_success_of_existing_bans,"I should examine case studies from Rwanda, the EU, Kenya, and various US states showing that bans are enforceable and produce measurable reductions in pollution.",Therefore
37,0.0,,,synthesis_strict,m1b,4,20260228_152612,1.2342171669006348,"In conclusion, single-use plastics are harmful and unnecessary, and we already have viable alternatives like reusable bags, metal straws, and compostable containers that can replace them in everyday life. In other words, the government should step in to fix this problem because the true cost of plastic pollution—like cleaning up beaches, harming wildlife, and affecting public health—is paid by taxpayers, not the companies that profit from plastic. Therefore, places like Rwanda and Kenya have proven that a total ban on single-use plastics works without collapsing their economies, and places like California and the EU are seeing real improvements in cleanliness and marine health.",conclusion_and_summary,availability_of_alternatives,"In conclusion, single-use plastics are harmful and unnecessary, and we already have viable alternatives like reusable bags, metal straws, and compostable containers that can replace them in everyday life.",conclusion_and_summary_availability_of_alternatives,"I should demonstrate that reusable, compostable, and biodegradable alternatives are available for bags, straws, containers, and packaging, making a ban practically feasible.",In conclusion,clarification_and_specification,economic_externalities,"In other words, the government should step in to fix this problem because the true cost of plastic pollution—like cleaning up beaches, harming wildlife, and affecting public health—is paid by taxpayers, not the companies that profit from plastic.",clarification_and_specification_economic_externalities,"I should calculate how cleanup costs, healthcare burdens, tourism losses, and ecosystem damage are borne by the public rather than producers—a market failure requiring correction.",In other words,causal_reasoning,success_of_existing_bans,"Therefore, places like Rwanda and Kenya have proven that a total ban on single-use plastics works without collapsing their economies, and places like California and the EU are seeing real improvements in cleanliness and marine health.",causal_reasoning_success_of_existing_bans,"I should examine case studies from Rwanda, the EU, Kenya, and various US states showing that bans are enforceable and produce measurable reductions in pollution.",Therefore
38,0.0,,,synthesis_strict,m1b,0,20260228_152612,1.4652352333068848,"The government should enforce a total ban on single-use plastics because real-world examples from Rwanda, the EU, Kenya, and several US states demonstrate that such bans are not only possible but effective in reducing pollution and protecting ecosystems. Moreover, the environmental and economic costs of plastic pollution—like cleaning up streets, treating pollution-related illnesses, and losing tourism revenue—are ultimately paid by taxpayers, not the corporations that profit from plastic production. Evidence shows that plastic waste leads to contaminating water sources, harming wildlife, and even entering the food chain, which poses serious health risks to humans and increases long-term medical costs. A ban would shift the burden back to producers and create incentives for sustainable alternatives. As a regular person concerned about clean streets, safe drinking water, and a healthier planet, I support a government-led ban to protect our communities and future generations. It’s not just about convenience—it’s about responsibility and long-term survival.",conclusion_and_summary,success_of_existing_bans,"In conclusion, real-world examples from Rwanda, the EU, Kenya, and several US states demonstrate that banning single-use plastics is not only possible but effective in reducing pollution and protecting ecosystems.",conclusion_and_summary_success_of_existing_bans,"I should examine case studies from Rwanda, the EU, Kenya, and various US states showing that bans are enforceable and produce measurable reductions in pollution.",In conclusion,addition_and_elaboration,economic_externalities,"Moreover, the environmental and economic costs of plastic pollution—like cleaning up streets, treating pollution-related illnesses, and losing tourism revenue—are ultimately paid by taxpayers, not the corporations that profit from plastic production.",addition_and_elaboration_economic_externalities,"I should calculate how cleanup costs, healthcare burdens, tourism losses, and ecosystem damage are borne by the public rather than producers—a market failure requiring correction.",Moreover,evidence_and_authority,economic_externalities,"Evidence shows that plastic waste leads to contaminating water sources, harming wildlife, and even entering the food chain, which poses serious health risks to humans and increases long-term medical costs.",evidence_and_authority_economic_externalities,"I should calculate how cleanup costs, healthcare burdens, tourism losses, and ecosystem damage are borne by the public rather than producers—a market failure requiring correction.",Evidence shows that
38,0.0,,,synthesis_strict,m1b,1,20260228_152612,1.540104627609253,"The government should enforce a total ban on single-use plastics because it’s not just possible—it’s already working in countries like Rwanda and Kenya, where plastic pollution has dropped dramatically since bans were put in place. Moreover, the harm from single-use plastics—like clogged waterways, marine deaths, and microplastic contamination—costs communities millions in cleanup and health care, and these costs are paid by taxpayers, not the companies that profit from the products. Evidence shows that plastic pollution harms wildlife and ecosystems, and that the long-term environmental damage is far more expensive than switching to reusable alternatives. These bans are not just good for the planet—they’re good for people, too, by reducing health risks and protecting natural resources. The average person already wants cleaner streets and safer water, and a ban is the most effective way to make that happen. It’s time we stop ignoring the problem and start taking real action to protect our environment and future generations.",conclusion_and_summary,success_of_existing_bans,"In conclusion, the government should enforce a total ban on single-use plastics because it’s not just possible—it’s already working in countries like Rwanda and Kenya, where plastic pollution has dropped dramatically since bans were put in place.",conclusion_and_summary_success_of_existing_bans,"I should examine case studies from Rwanda, the EU, Kenya, and various US states showing that bans are enforceable and produce measurable reductions in pollution.",In conclusion,addition_and_elaboration,economic_externalities,"Moreover, the harm from single-use plastics—like clogged waterways, marine deaths, and microplastic contamination—costs communities millions in cleanup and health care, and these costs are paid by taxpayers, not the companies that profit from the products.",addition_and_elaboration_economic_externalities,"I should calculate how cleanup costs, healthcare burdens, tourism losses, and ecosystem damage are borne by the public rather than producers—a market failure requiring correction.",Moreover,evidence_and_authority,economic_externalities,"Evidence shows that plastic pollution harms wildlife and ecosystems, and that the long-term environmental damage is far more expensive than switching to reusable alternatives.",evidence_and_authority_economic_externalities,"I should calculate how cleanup costs, healthcare burdens, tourism losses, and ecosystem damage are borne by the public rather than producers—a market failure requiring correction.",Evidence shows that
38,0.0,,,synthesis_strict,m1b,2,20260228_152612,1.3718230724334717,"The government should enforce a total ban on single-use plastics because it's a practical and effective solution to a growing environmental crisis. Countries like Rwanda, the EU, and Kenya have successfully implemented such bans, resulting in cleaner streets, less marine pollution, and a shift toward reusable alternatives. The environmental and economic costs of single-use plastics—like pollution cleanup, health issues from microplastics, and damage to tourism and fisheries—are passed on to ordinary people, not the companies that profit from them. This is a clear market failure that requires government intervention to protect public health and the planet. Evidence from places that have already banned these plastics shows it’s not only possible but also leads to long-term benefits. In short, a total ban is a necessary, fair, and achievable step toward a cleaner, safer future for everyone.",conclusion_and_summary,success_of_existing_bans,"In conclusion, evidence from Rwanda, the EU, Kenya, and several U.S. states demonstrates that banning single-use plastics is not only possible but also effective in drastically reducing plastic pollution and encouraging sustainable alternatives.",conclusion_and_summary_success_of_existing_bans,"I should examine case studies from Rwanda, the EU, Kenya, and various US states showing that bans are enforceable and produce measurable reductions in pollution.",In conclusion,addition_and_elaboration,economic_externalities,"Moreover, the environmental and economic costs of single-use plastics—like pollution cleanup, health issues from microplastics, and damage to tourism and fisheries—are passed on to ordinary people, not the companies that profit from them.",addition_and_elaboration_economic_externalities,"I should calculate how cleanup costs, healthcare burdens, tourism losses, and ecosystem damage are borne by the public rather than producers—a market failure requiring correction.",Moreover,evidence_and_authority,economic_externalities,"Evidence shows that these hidden costs are massive and unjust, making it fair and necessary for the government to step in and ban these harmful products.",evidence_and_authority_economic_externalities,"I should calculate how cleanup costs, healthcare burdens, tourism losses, and ecosystem damage are borne by the public rather than producers—a market failure requiring correction.",Evidence shows that
38,0.0,,,synthesis_strict,m1b,3,20260228_152612,1.2700221538543701,"The government should enforce a total ban on single-use plastics because evidence shows that these items are a significant source of pollution, harming wildlife, contaminating waterways, and contributing to long-term environmental degradation, which affects everyone’s quality of life. Moreover, the environmental and economic costs of plastic waste—like cleanup efforts, health problems from pollution, and damaged tourism—are ultimately paid by taxpayers and communities, not the companies that profit from single-use plastics. In conclusion, the success of single-use plastic bans in countries like Rwanda, Kenya, and the EU proves that such policies are not only effective but also practical, reducing pollution and protecting ecosystems without causing major societal disruption.",conclusion_and_summary,success_of_existing_bans,"In conclusion, the success of single-use plastic bans in countries like Rwanda, Kenya, and the EU proves that such policies are not only effective but also practical, reducing pollution and protecting ecosystems without causing major societal disruption.",conclusion_and_summary_success_of_existing_bans,"I should examine case studies from Rwanda, the EU, Kenya, and various US states showing that bans are enforceable and produce measurable reductions in pollution.",In conclusion,addition_and_elaboration,economic_externalities,"Moreover, the environmental and economic costs of plastic waste—like cleanup efforts, health problems from pollution, and damaged tourism—are ultimately paid by taxpayers and communities, not the companies that profit from single-use plastics.",addition_and_elaboration_economic_externalities,"I should calculate how cleanup costs, healthcare burdens, tourism losses, and ecosystem damage are borne by the public rather than producers—a market failure requiring correction.",Moreover,evidence_and_authority,economic_externalities,"Evidence shows that single-use plastics are a significant source of pollution, harming wildlife, contaminating waterways, and contributing to long-term environmental degradation, which affects everyone’s quality of life.",evidence_and_authority_economic_externalities,"I should calculate how cleanup costs, healthcare burdens, tourism losses, and ecosystem damage are borne by the public rather than producers—a market failure requiring correction.",Evidence shows that
38,0.0,,,synthesis_strict,m1b,4,20260228_152612,1.4132568836212158,"The government should enforce a total ban on single-use plastics because real-world examples from Rwanda, the EU, Kenya, and several U.S. states prove such bans are effective and manageable. In Rwanda, for instance, a strict ban has led to one of the cleanest capital cities in the world, with plastic pollution virtually eliminated. Moreover, the true cost of single-use plastics is hidden in public expenses: we pay for beach cleanups, polluted waterways, and health issues caused by microplastics, while corporations avoid these costs. Banning these products would save governments billions in long-term cleanup and healthcare spending, making it a smart financial choice. It’s time to stop passing the cost of pollution onto the public and start holding producers accountable. A total ban is not only environmentally necessary but also economically responsible and achievable. In the end, protecting our planet and our wallets goes hand in hand.",conclusion_and_summary,success_of_existing_bans,"In conclusion, evidence from countries like Rwanda and Kenya shows that banning single-use plastics is not only possible but leads to cleaner environments and reduced plastic waste in oceans and landfills.",conclusion_and_summary_success_of_existing_bans,"I should examine case studies from Rwanda, the EU, Kenya, and various US states showing that bans are enforceable and produce measurable reductions in pollution.",In conclusion,addition_and_elaboration,economic_externalities,"Moreover, the real cost of single-use plastics is hidden in public expenses: we pay for beach cleanups, polluted waterways, and medical problems caused by microplastics, while corporations avoid these costs.",addition_and_elaboration_economic_externalities,"I should calculate how cleanup costs, healthcare burdens, tourism losses, and ecosystem damage are borne by the public rather than producers—a market failure requiring correction.",Moreover,evidence_and_authority,economic_externalities,"Evidence shows that banning single-use plastics would save governments billions in long-term cleanup and health costs, making it a smart financial decision for taxpayers.",evidence_and_authority_economic_externalities,"I should calculate how cleanup costs, healthcare burdens, tourism losses, and ecosystem damage are borne by the public rather than producers—a market failure requiring correction.",Evidence shows that
39,0.0,,,synthesis_strict,m1b,0,20260228_152612,1.4444146156311035,"If Rwanda can successfully ban single-use plastics and nearly eliminate plastic waste from its environment, it proves that such bans are not only possible but also highly effective at reducing pollution. Next to single-use plastics, there are plenty of eco-friendly alternatives like reusable bags, paper packaging, and compostable containers that work just as well and are already being used in many places. Evidence shows that countries and states that have implemented plastic bans—like Kenya and California—have seen dramatic drops in plastic pollution and cleaner streets and waterways as a result. This shows that banning single-use plastics is not just idealistic but practical and impactful. When governments step in to protect the environment, they help safeguard public health, wildlife, and the planet for future generations. A total ban is the most effective way to end the plastic crisis once and for all. It’s time we take bold action to protect our world from a problem we created.",conditional,success_of_existing_bans,"If Rwanda can successfully ban single-use plastics and nearly eliminate plastic waste from its environment, it proves that such bans are not only possible but also highly effective at reducing pollution.",conditional_success_of_existing_bans,"I should examine case studies from Rwanda, the EU, Kenya, and various US states showing that bans are enforceable and produce measurable reductions in pollution.",If,sequence_and_transition,availability_of_alternatives,"Next to single-use plastics, there are plenty of eco-friendly alternatives like reusable bags, paper packaging, and compostable containers that work just as well and are already being used in many places.",sequence_and_transition_availability_of_alternatives,"I should demonstrate that reusable, compostable, and biodegradable alternatives are available for bags, straws, containers, and packaging, making a ban practically feasible.",Next,evidence_and_authority,success_of_existing_bans,Evidence shows that countries and states that have implemented plastic bans—like Kenya and California—have seen dramatic drops in plastic pollution and cleaner streets and waterways as a result.,evidence_and_authority_success_of_existing_bans,"I should examine case studies from Rwanda, the EU, Kenya, and various US states showing that bans are enforceable and produce measurable reductions in pollution.",Evidence shows that
39,0.0,,,synthesis_strict,m1b,1,20260228_152612,1.3745031356811523,"If countries like Rwanda and Kenya have successfully banned single-use plastics and dramatically reduced plastic waste, then a total ban is not only feasible but proven in real-world conditions. Next, many everyday items like bags, straws, and food containers can be replaced with reusable, compostable, or biodegradable alternatives that are already widely available and affordable. Evidence shows that places with plastic bans, like the European Union and California, have seen significant decreases in plastic litter and ocean pollution, proving the policy works. I’ve seen how much plastic ends up in our oceans and waterways, and it’s heartbreaking to think about how long it takes to break down. A ban would protect wildlife, reduce pollution, and encourage innovation in cleaner packaging. It’s time we take responsibility and make a change for future generations. I believe the government should act now and ban single-use plastics entirely.",conditional,success_of_existing_bans,"If countries like Rwanda and Kenya have successfully banned single-use plastics and dramatically reduced plastic waste, then a total ban is not only feasible but proven in real-world conditions.",conditional_success_of_existing_bans,"I should examine case studies from Rwanda, the EU, Kenya, and various US states showing that bans are enforceable and produce measurable reductions in pollution.",If,sequence_and_transition,availability_of_alternatives,"Next, many everyday items like bags, straws, and food containers can be replaced with reusable, compostable, or biodegradable alternatives that are already widely available and affordable.",sequence_and_transition_availability_of_alternatives,"I should demonstrate that reusable, compostable, and biodegradable alternatives are available for bags, straws, containers, and packaging, making a ban practically feasible.",Next,evidence_and_authority,success_of_existing_bans,"Evidence shows that places with plastic bans, like the European Union and California, have seen significant decreases in plastic litter and ocean pollution, proving the policy works.",evidence_and_authority_success_of_existing_bans,"I should examine case studies from Rwanda, the EU, Kenya, and various US states showing that bans are enforceable and produce measurable reductions in pollution.",Evidence shows that
39,0.0,,,synthesis_strict,m1b,2,20260228_152612,1.4059176445007324,"If countries like Rwanda and Kenya have successfully banned single-use plastics and seen dramatic reductions in plastic waste, then a total ban is both feasible and effective. Next to every plastic bag, we now have reusable cloth bags, compostable food containers, and metal or glass straws—these alternatives are affordable, accessible, and just as convenient. Evidence shows that when governments enforce bans, people adapt quickly—like in the EU, where plastic bag usage dropped by over 90% after the ban took effect. These real-world examples prove that bans work and don’t disrupt daily life. The environmental damage from plastic pollution—especially in oceans and landfills—is too great to ignore. A total ban is a necessary step to protect our planet and future generations. It’s not just about convenience; it’s about responsibility. We have the tools, the knowledge, and the will—we just need to act now.",conditional,success_of_existing_bans,"If countries like Rwanda and Kenya have successfully banned single-use plastics and seen dramatic reductions in plastic waste, then a total ban is both feasible and effective.",conditional_success_of_existing_bans,"I should examine case studies from Rwanda, the EU, Kenya, and various US states showing that bans are enforceable and produce measurable reductions in pollution.",If,sequence_and_transition,availability_of_alternatives,"Next to every plastic bag, we now have reusable cloth bags, compostable food containers, and metal or glass straws—these alternatives are affordable, accessible, and just as convenient.",sequence_and_transition_availability_of_alternatives,"I should demonstrate that reusable, compostable, and biodegradable alternatives are available for bags, straws, containers, and packaging, making a ban practically feasible.",Next,evidence_and_authority,success_of_existing_bans,"Evidence shows that when governments enforce bans, people adapt quickly—like in the EU, where plastic bag usage dropped by over 90% after the ban took effect.",evidence_and_authority_success_of_existing_bans,"I should examine case studies from Rwanda, the EU, Kenya, and various US states showing that bans are enforceable and produce measurable reductions in pollution.",Evidence shows that
39,0.0,,,synthesis_strict,m1b,3,20260228_152612,1.2343449592590332,"If Rwanda can successfully ban single-use plastics and maintain a clean environment, then other nations, including the US, can do the same. Next to plastic bags, there are plenty of eco-friendly options like paper, cloth, and compostable materials that are just as convenient and affordable. Evidence shows that countries like Kenya and the EU have significantly reduced plastic waste after implementing bans, proving the policy works in real-world conditions. These bans haven't caused economic chaos—instead, they've encouraged innovation and new green jobs. Plastic pollution is harming our oceans, wildlife, and even our own health, so taking strong action now is necessary. A total ban is the most effective way to stop the damage before it gets worse. The government should protect our environment and public health by enforcing a total ban on single-use plastics.",conditional,success_of_existing_bans,"If Rwanda can successfully ban single-use plastics and maintain a clean environment, then other nations, including the US, can do the same.",conditional_success_of_existing_bans,"I should examine case studies from Rwanda, the EU, Kenya, and various US states showing that bans are enforceable and produce measurable reductions in pollution.",If,sequence_and_transition,availability_of_alternatives,"Next to plastic bags, there are plenty of eco-friendly options like paper, cloth, and compostable materials that are just as convenient and affordable.",sequence_and_transition_availability_of_alternatives,"I should demonstrate that reusable, compostable, and biodegradable alternatives are available for bags, straws, containers, and packaging, making a ban practically feasible.",Next,evidence_and_authority,success_of_existing_bans,"Evidence shows that countries like Kenya and the EU have significantly reduced plastic waste after implementing bans, proving the policy works in real-world conditions.",evidence_and_authority_success_of_existing_bans,"I should examine case studies from Rwanda, the EU, Kenya, and various US states showing that bans are enforceable and produce measurable reductions in pollution.",Evidence shows that
39,0.0,,,synthesis_strict,m1b,4,20260228_152612,1.4140410423278809,"If countries like Rwanda and Kenya have successfully banned single-use plastics and seen dramatic reductions in plastic waste, then a total ban is not only possible but effective. Next to plastic, we now have many eco-friendly alternatives like paper, bamboo, glass, and compostable materials that work just as well for everyday use. Evidence shows that after implementing plastic bans, places like the EU and California have reduced plastic litter in oceans and streets, proving that policy change leads to real environmental progress. Plastic pollution is harming wildlife, clogging waterways, and lasting for centuries—this isn’t just a problem for scientists, it’s a problem for all of us. A total ban is a bold but necessary step to protect our planet and future generations. We don’t need to wait for perfect solutions—better options already exist and are being used every day. It’s time for our government to take decisive action and lead the way toward a cleaner, healthier world.",conditional,success_of_existing_bans,"If countries like Rwanda and Kenya have successfully banned single-use plastics and seen dramatic reductions in plastic waste, then a total ban is not only possible but effective.",conditional_success_of_existing_bans,"I should examine case studies from Rwanda, the EU, Kenya, and various US states showing that bans are enforceable and produce measurable reductions in pollution.",If,sequence_and_transition,availability_of_alternatives,"Next to plastic, we now have many eco-friendly alternatives like paper, bamboo, glass, and compostable materials that work just as well for everyday use.",sequence_and_transition_availability_of_alternatives,"I should demonstrate that reusable, compostable, and biodegradable alternatives are available for bags, straws, containers, and packaging, making a ban practically feasible.",Next,evidence_and_authority,success_of_existing_bans,"Evidence shows that after implementing plastic bans, places like the EU and California have reduced plastic litter in oceans and streets, proving that policy change leads to real environmental progress.",evidence_and_authority_success_of_existing_bans,"I should examine case studies from Rwanda, the EU, Kenya, and various US states showing that bans are enforceable and produce measurable reductions in pollution.",Evidence shows that
40,0.0,,,synthesis_strict,m1b,0,20260228_152612,1.1926705837249756,"The government should enforce a total ban on single-use plastics because the environmental damage they cause—polluting our oceans, harming wildlife, and clogging landfills—comes at a huge cost to public health and taxpayer money. Next-generation alternatives like compostable materials and reusable systems are already available and affordable, so there's no excuse for not transitioning immediately. Evidence shows that countries with plastic bans have seen cleaner streets, reduced pollution in oceans, and healthier wildlife without major disruptions to daily life. In other words, a total ban on single-use plastics is not only possible but already proven successful in real-world settings around the globe. It’s time we take responsibility for our waste and protect the planet for future generations. A ban is a necessary and achievable step toward a cleaner, healthier world.",sequence_and_transition,economic_externalities,"Next-generation alternatives like compostable materials and reusable systems are already available and affordable, so there's no excuse for not transitioning immediately.",sequence_and_transition_economic_externalities,"I should calculate how cleanup costs, healthcare burdens, tourism losses, and ecosystem damage are borne by the public rather than producers—a market failure requiring correction.",Next,evidence_and_authority,availability_of_alternatives,"Evidence shows that countries with plastic bans have seen cleaner streets, reduced pollution in oceans, and healthier wildlife without major disruptions to daily life.",evidence_and_authority_availability_of_alternatives,"I should demonstrate that reusable, compostable, and biodegradable alternatives are available for bags, straws, containers, and packaging, making a ban practically feasible.",Evidence shows that,clarification_and_specification,success_of_existing_bans,"In other words, a total ban on single-use plastics is not only possible but already proven successful in real-world settings around the globe.",clarification_and_specification_success_of_existing_bans,"I should examine case studies from Rwanda, the EU, Kenya, and various US states showing that bans are enforceable and produce measurable reductions in pollution.",In other words
40,0.0,,,synthesis_strict,m1b,1,20260228_152612,1.6385173797607422,"Next to the cost of cleanup, single-use plastics cause long-term harm to ecosystems and human health, which ultimately burdens taxpayers and future generations, and the government has a responsibility to prevent this harm before it becomes irreversible. Evidence shows that alternatives like paper bags, glass containers, and compostable materials are already widely available and effective, meaning a total ban on single-use plastics is not only possible but already supported by existing innovations. In other words, countries and regions that have already banned single-use plastics—like Rwanda and Kenya—have seen dramatic reductions in plastic litter and pollution, proving that such bans work in real-world conditions. These successes demonstrate that banning single-use plastics isn’t just idealistic—it’s practical, effective, and necessary. As an average person, I care about clean neighborhoods, safe drinking water, and a healthier planet for my family. The government should act now to protect us all from the invisible but growing dangers of plastic waste. A total ban is the most responsible and forward-thinking step we can take to safeguard our environment and public health.",sequence_and_transition,economic_externalities,"Next to the cost of cleanup, single-use plastics cause long-term harm to ecosystems and human health, which ultimately burdens taxpayers and future generations, and the government has a responsibility to prevent this harm before it becomes irreversible.",sequence_and_transition_economic_externalities,"I should calculate how cleanup costs, healthcare burdens, tourism losses, and ecosystem damage are borne by the public rather than producers—a market failure requiring correction.",Next,evidence_and_authority,availability_of_alternatives,"Evidence shows that alternatives like paper bags, glass containers, and compostable materials are already widely available and effective, meaning a total ban on single-use plastics is not only possible but already supported by existing innovations.",evidence_and_authority_availability_of_alternatives,"I should demonstrate that reusable, compostable, and biodegradable alternatives are available for bags, straws, containers, and packaging, making a ban practically feasible.",Evidence shows that,clarification_and_specification,success_of_existing_bans,"In other words, countries and regions that have already banned single-use plastics—like Rwanda and Kenya—have seen dramatic reductions in plastic litter and pollution, proving that such bans work in real-world conditions.",clarification_and_specification_success_of_existing_bans,"I should examine case studies from Rwanda, the EU, Kenya, and various US states showing that bans are enforceable and produce measurable reductions in pollution.",In other words
40,0.0,,,synthesis_strict,m1b,2,20260228_152612,1.4269912242889404,"Single-use plastics cause massive environmental harm that affects everyone—polluting our oceans, harming wildlife, and even entering our food chain, which can lead to health problems. The burden of cleaning up this mess falls on taxpayers and local governments, not the companies that profit from selling these products, which is a clear market failure. Fortunately, safe and practical alternatives like paper bags, glass containers, and compostable packaging are already widely available and widely used in many places. Countries like Rwanda and Kenya have successfully banned single-use plastics and seen dramatic reductions in litter and pollution, proving that such bans are effective and enforceable. In the U.S., states like California and New York have seen similar results, with cleaner communities and stronger public support. A total government ban is the most direct and effective way to stop this pollution at the source and protect both people and the planet. Since alternatives exist and real-world examples show success, a ban is not only necessary but also doable.",sequence_and_transition,economic_externalities,"Next, I will argue that because single-use plastics create widespread externalities, government intervention is necessary to protect public health and the environment.",sequence_and_transition_economic_externalities,"I should calculate how cleanup costs, healthcare burdens, tourism losses, and ecosystem damage are borne by the public rather than producers—a market failure requiring correction.",Next,evidence_and_authority,availability_of_alternatives,"Evidence shows that alternatives like paper, glass, and plant-based materials work just as well as plastic for everyday use, proving that a ban is both realistic and achievable.",evidence_and_authority_availability_of_alternatives,"I should demonstrate that reusable, compostable, and biodegradable alternatives are available for bags, straws, containers, and packaging, making a ban practically feasible.",Evidence shows that,clarification_and_specification,success_of_existing_bans,"In other words, countries and cities that have banned single-use plastics have seen cleaner streets, less marine debris, and stronger public support, proving that such policies work in real life.",clarification_and_specification_success_of_existing_bans,"I should examine case studies from Rwanda, the EU, Kenya, and various US states showing that bans are enforceable and produce measurable reductions in pollution.",In other words
40,0.0,,,synthesis_strict,m1b,3,20260228_152612,1.428851842880249,"Next to the visible waste on streets and beaches, the real cost of single-use plastics is hidden in our taxes and health bills, as governments spend billions cleaning up and treating pollution-related illnesses. Evidence shows that alternatives like paper, metal, glass, and plant-based materials work just as well for everyday needs, and many countries have already transitioned successfully. In other words, places that have banned single-use plastics—like Rwanda and Kenya—have seen dramatic drops in plastic waste and cleaner environments, proving that such laws can work in real life. A total ban is not just an ideal—it’s a necessary step to protect our communities, our planet, and our future. This isn’t about inconvenience; it’s about responsibility. We already have the tools, the knowledge, and the examples to make this change. It’s time the government stepped in to protect us all from the long-term harm of plastic pollution.",sequence_and_transition,economic_externalities,"Next to the visible waste on streets and beaches, the real cost of single-use plastics is hidden in our taxes and health bills, as governments spend billions cleaning up and treating pollution-related illnesses.",sequence_and_transition_economic_externalities,"I should calculate how cleanup costs, healthcare burdens, tourism losses, and ecosystem damage are borne by the public rather than producers—a market failure requiring correction.",Next,evidence_and_authority,availability_of_alternatives,"Evidence shows that alternatives like paper, metal, glass, and plant-based materials work just as well for everyday needs, and many countries have already transitioned successfully.",evidence_and_authority_availability_of_alternatives,"I should demonstrate that reusable, compostable, and biodegradable alternatives are available for bags, straws, containers, and packaging, making a ban practically feasible.",Evidence shows that,clarification_and_specification,success_of_existing_bans,"In other words, places that have banned single-use plastics—like Rwanda and Kenya—have seen dramatic drops in plastic waste and cleaner environments, proving that such laws can work in real life.",clarification_and_specification_success_of_existing_bans,"I should examine case studies from Rwanda, the EU, Kenya, and various US states showing that bans are enforceable and produce measurable reductions in pollution.",In other words
40,0.0,,,synthesis_strict,m1b,4,20260228_152612,1.7776288986206055,"Next year, the government should enforce a total ban on single-use plastics because the real cost of plastic waste—cleaning up beaches, clogging drains, harming wildlife, and endangering human health—is paid by taxpayers and communities, not the companies that profit from plastic. Evidence shows that we already have safe, affordable, and convenient alternatives—like paper, glass, metal, and plant-based materials—that can replace plastic in almost every use, so a ban isn’t a hardship, it’s a smart upgrade. In other words, countries like Rwanda and Kenya have proven that banning single-use plastics dramatically reduces litter, protects ecosystems, and even boosts tourism—so a ban isn’t idealistic, it’s practical and successful. As an ordinary person who just wants cleaner streets, safer water, and a healthier planet, I believe we deserve a future free from plastic pollution. This isn’t about sacrifice—it’s about responsibility and progress. If governments can ban smoking in public places, they can certainly ban plastic waste that’s poisoning our environment. It’s time to act, not wait for the crisis to get worse.",sequence_and_transition,economic_externalities,"Next year, the government should enforce a total ban on single-use plastics because the real cost of plastic waste—cleaning up beaches, clogging drains, harming wildlife, and endangering human health—is paid by taxpayers and communities, not the companies that profit from plastic.",sequence_and_transition_economic_externalities,"I should calculate how cleanup costs, healthcare burdens, tourism losses, and ecosystem damage are borne by the public rather than producers—a market failure requiring correction.",Next,evidence_and_authority,availability_of_alternatives,"Evidence shows that we already have safe, affordable, and convenient alternatives—like paper, glass, metal, and plant-based materials—that can replace plastic in almost every use, so a ban isn’t a hardship, it’s a smart upgrade.",evidence_and_authority_availability_of_alternatives,"I should demonstrate that reusable, compostable, and biodegradable alternatives are available for bags, straws, containers, and packaging, making a ban practically feasible.",Evidence shows that,clarification_and_specification,success_of_existing_bans,"In other words, countries like Rwanda and Kenya have proven that banning single-use plastics dramatically reduces litter, protects ecosystems, and even boosts tourism—so a ban isn’t idealistic, it’s practical and successful.",clarification_and_specification_success_of_existing_bans,"I should examine case studies from Rwanda, the EU, Kenya, and various US states showing that bans are enforceable and produce measurable reductions in pollution.",In other words
41,0.0,,,synthesis_strict,m1b,0,20260228_152612,1.7316858768463135,"The government should enforce a total ban on single-use plastics because alternatives like reusable bags, compostable straws, and biodegradable packaging are already widely available and effective. For example, many stores now offer reusable bags made from cotton or recycled materials, and compostable straws made from paper or bamboo are widely available. These alternatives are already being used successfully in many communities, proving that a ban on single-use plastics is not only possible but already underway in practice. Countries like Rwanda and Kenya have implemented strict bans and seen dramatic reductions in plastic waste and cleaner urban environments. In the European Union, the single-use plastics directive has led to significant declines in plastic pollution across member states, demonstrating that such policies work when enforced. Importantly, transitioning away from single-use plastics doesn't require sacrificing convenience—many of these alternatives are just as functional and often more durable than plastic. Consumers can easily adapt to using reusable bottles, containers, and bags without major lifestyle changes.",exemplification,availability_of_alternatives,"For example, many stores now offer reusable bags made from cotton or recycled materials, and compostable straws made from paper or bamboo are widely available. These alternatives are already being used successfully in many communities, proving that a ban on single-use plastics is not only possible but already underway in practice.",exemplification_availability_of_alternatives,"I should demonstrate that reusable, compostable, and biodegradable alternatives are available for bags, straws, containers, and packaging, making a ban practically feasible.",For example,addition_and_elaboration,success_of_existing_bans,"Moreover, countries like Rwanda and Kenya have implemented strict bans and seen dramatic reductions in plastic waste and cleaner urban environments. In the European Union, the single-use plastics directive has led to significant declines in plastic pollution across member states, demonstrating that such policies work when enforced.",addition_and_elaboration_success_of_existing_bans,"I should examine case studies from Rwanda, the EU, Kenya, and various US states showing that bans are enforceable and produce measurable reductions in pollution.",Moreover,emphasis_and_evaluation,availability_of_alternatives,"Importantly, transitioning away from single-use plastics doesn't require sacrificing convenience—many of these alternatives are just as functional and often more durable than plastic. Consumers can easily adapt to using reusable bottles, containers, and bags without major lifestyle changes.",emphasis_and_evaluation_availability_of_alternatives,"I should demonstrate that reusable, compostable, and biodegradable alternatives are available for bags, straws, containers, and packaging, making a ban practically feasible.",Importantly
41,0.0,,,synthesis_strict,m1b,1,20260228_152612,1.0882055759429932,"Single-use plastics are a major source of pollution that harm wildlife and clog our oceans and landfills. For example, many stores now offer reusable bags, paper-based packaging, and bamboo utensils that serve the same purpose as single-use plastics without harming the environment. Moreover, countries like Rwanda and Kenya have successfully banned single-use plastics and seen dramatic improvements in cleanliness and environmental health. Importantly, these alternatives are already widely available and affordable, so switching isn’t a burden on consumers or businesses. A total government ban is necessary to create a consistent national standard and ensure all communities benefit. Without strong regulation, plastic waste will continue to grow and damage our planet for generations.",exemplification,availability_of_alternatives,"For example, many stores now offer reusable bags, paper-based packaging, and bamboo utensils that serve the same purpose as single-use plastics without harming the environment.",exemplification_availability_of_alternatives,"I should demonstrate that reusable, compostable, and biodegradable alternatives are available for bags, straws, containers, and packaging, making a ban practically feasible.",For example,addition_and_elaboration,success_of_existing_bans,"Moreover, countries like Rwanda and Kenya have successfully banned single-use plastics and seen dramatic improvements in cleanliness and environmental health.",addition_and_elaboration_success_of_existing_bans,"I should examine case studies from Rwanda, the EU, Kenya, and various US states showing that bans are enforceable and produce measurable reductions in pollution.",Moreover,emphasis_and_evaluation,availability_of_alternatives,"Importantly, these alternatives are already widely available and affordable, so switching isn’t a burden on consumers or businesses.",emphasis_and_evaluation_availability_of_alternatives,"I should demonstrate that reusable, compostable, and biodegradable alternatives are available for bags, straws, containers, and packaging, making a ban practically feasible.",Importantly
41,0.0,,,synthesis_strict,m1b,2,20260228_152612,1.300513505935669,"The government should enforce a total ban on single-use plastics because there are already practical and effective alternatives available, like reusable bags, bamboo straws, and compostable containers, that work just as well. Countries like Rwanda and Kenya have successfully implemented such bans and now boast cleaner environments, proving that these policies are not only possible but effective. Many businesses and everyday people have already adapted to using these alternatives, showing that a ban wouldn’t cause widespread disruption. Plastic pollution is harming wildlife, clogging landfills, and contaminating our water, so taking strong action is necessary. A total ban sends a clear message that our environment matters more than convenience. With growing public support and proven success elsewhere, a national ban is both achievable and essential. It's time to protect our planet and future generations by ending single-use plastics once and for all.",exemplification,availability_of_alternatives,"For example, there are already widespread alternatives like reusable shopping bags, bamboo straws, and compostable food containers that work just as well as single-use plastics.",exemplification_availability_of_alternatives,"I should demonstrate that reusable, compostable, and biodegradable alternatives are available for bags, straws, containers, and packaging, making a ban practically feasible.",For example,addition_and_elaboration,success_of_existing_bans,"Moreover, countries like Rwanda and Kenya have successfully banned single-use plastics and now have cleaner cities and rivers, proving that such policies can work in real-world settings.",addition_and_elaboration_success_of_existing_bans,"I should examine case studies from Rwanda, the EU, Kenya, and various US states showing that bans are enforceable and produce measurable reductions in pollution.",Moreover,emphasis_and_evaluation,availability_of_alternatives,"Importantly, many businesses and consumers have already adapted to these alternatives, showing that a ban wouldn't cause major disruptions to daily life.",emphasis_and_evaluation_availability_of_alternatives,"I should demonstrate that reusable, compostable, and biodegradable alternatives are available for bags, straws, containers, and packaging, making a ban practically feasible.",Importantly
41,0.0,,,synthesis_strict,m1b,3,20260228_152612,1.4987881183624268,"The government should enforce a total ban on single-use plastics because viable alternatives like reusable bags, bamboo straws, and compostable containers are already widely available and affordable. Countries like Rwanda, Kenya, and members of the EU have successfully implemented such bans, leading to dramatically cleaner environments and reduced plastic pollution in waterways and ecosystems. These examples show that a ban is not only possible but practical, even in developing nations. Many businesses have already adapted—think of coffee shops using paper cups or grocery stores offering discounts for reusable bags—proving that change is both feasible and popular. A nationwide ban would make sustainable choices the default, significantly reducing the harm plastic waste causes to wildlife and human health. Without strong government action, the problem will only grow worse, with plastic pollution expected to outweigh fish in the ocean by 2050. It’s time to act decisively to protect our planet and future generations.",exemplification,availability_of_alternatives,"For example, reusable bags made from cloth or recycled materials are already widely available and cost-effective over time. Similarly, bamboo, paper, and plant-based plastics can replace single-use items like straws and food containers without sacrificing convenience.",exemplification_availability_of_alternatives,"I should demonstrate that reusable, compostable, and biodegradable alternatives are available for bags, straws, containers, and packaging, making a ban practically feasible.",For example,addition_and_elaboration,success_of_existing_bans,"Moreover, countries like Rwanda and Kenya have successfully banned plastic bags, resulting in cleaner cities and less litter in rivers and oceans, proving that such bans are not only possible but effective.",addition_and_elaboration_success_of_existing_bans,"I should examine case studies from Rwanda, the EU, Kenya, and various US states showing that bans are enforceable and produce measurable reductions in pollution.",Moreover,emphasis_and_evaluation,availability_of_alternatives,"Importantly, many businesses and consumers have already adapted to alternatives—think of coffee shops using paper cups, restaurants switching to compostable containers, or grocery stores offering incentives for bringing your own bags.",emphasis_and_evaluation_availability_of_alternatives,"I should demonstrate that reusable, compostable, and biodegradable alternatives are available for bags, straws, containers, and packaging, making a ban practically feasible.",Importantly
41,0.0,,,synthesis_strict,m1b,4,20260228_152612,1.2710275650024414,"For example, there are plenty of reusable bags, bamboo straws, and compostable food containers that can replace single-use plastics without sacrificing convenience. Moreover, countries like Rwanda and Kenya have successfully banned single-use plastics and now have cleaner streets and less litter in waterways. Importantly, many cities in the US, like Seattle and San Francisco, have implemented similar bans and seen a drop in plastic waste without major disruption to daily life. These real-world examples prove that a total ban is not only possible but effective. Without government action, plastic pollution will continue to harm wildlife, clog landfills, and contaminate our water. A ban puts pressure on manufacturers to innovate and create better alternatives. As a regular person, I believe we deserve a cleaner, healthier planet—and that starts with saying no to single-use plastics.",exemplification,availability_of_alternatives,"For example, there are plenty of reusable bags, bamboo straws, and compostable food containers that can replace single-use plastics without sacrificing convenience.",exemplification_availability_of_alternatives,"I should demonstrate that reusable, compostable, and biodegradable alternatives are available for bags, straws, containers, and packaging, making a ban practically feasible.",For example,addition_and_elaboration,success_of_existing_bans,"Moreover, countries like Rwanda and Kenya have successfully banned single-use plastics and now have cleaner streets and less litter in waterways.",addition_and_elaboration_success_of_existing_bans,"I should examine case studies from Rwanda, the EU, Kenya, and various US states showing that bans are enforceable and produce measurable reductions in pollution.",Moreover,emphasis_and_evaluation,availability_of_alternatives,"Importantly, many cities in the US, like Seattle and San Francisco, have implemented similar bans and seen a drop in plastic waste without major disruption to daily life.",emphasis_and_evaluation_availability_of_alternatives,"I should demonstrate that reusable, compostable, and biodegradable alternatives are available for bags, straws, containers, and packaging, making a ban practically feasible.",Importantly
42,0.0,,,synthesis_strict,m1b,0,20260228_152612,1.6036357879638672,"Evidence shows that reusable and compostable alternatives exist for common single-use plastics like bags, straws, and food containers, which means switching to them is not only possible but already happening in many communities. Moreover, countries like Rwanda and Kenya have successfully implemented nationwide plastic bans and seen dramatic reductions in litter and environmental damage, proving that such policies are not just idealistic but can be enforced effectively. Importantly, single-use plastics cost society billions in cleanup efforts, healthcare issues from pollution, and lost tourism revenue, yet these costs are not paid by the companies that produce them—this is a public burden that government must address. A total ban would shift responsibility to producers and incentivize sustainable innovation. It's not about eliminating convenience, but ensuring we don’t pay the price in our environment and health. The government has a duty to protect public well-being, and banning single-use plastics is a clear, necessary step toward that goal. This isn’t a radical idea—it’s a practical solution backed by real-world success.",evidence_and_authority,availability_of_alternatives,"Evidence shows that reusable and compostable alternatives exist for common single-use plastics like bags, straws, and food containers, which means switching to them is not only possible but already happening in many communities.",evidence_and_authority_availability_of_alternatives,"I should demonstrate that reusable, compostable, and biodegradable alternatives are available for bags, straws, containers, and packaging, making a ban practically feasible.",Evidence shows that,addition_and_elaboration,success_of_existing_bans,"Moreover, countries like Rwanda and Kenya have successfully implemented nationwide plastic bans and seen dramatic reductions in litter and environmental damage, proving that such policies are not just idealistic but can be enforced effectively.",addition_and_elaboration_success_of_existing_bans,"I should examine case studies from Rwanda, the EU, Kenya, and various US states showing that bans are enforceable and produce measurable reductions in pollution.",Moreover,emphasis_and_evaluation,economic_externalities,"Importantly, single-use plastics cost society billions in cleanup efforts, healthcare issues from pollution, and lost tourism revenue, yet these costs are not paid by the companies that produce them—this is a public burden that government must address.",emphasis_and_evaluation_economic_externalities,"I should calculate how cleanup costs, healthcare burdens, tourism losses, and ecosystem damage are borne by the public rather than producers—a market failure requiring correction.",Importantly
42,0.0,,,synthesis_strict,m1b,1,20260228_152612,1.4678399562835693,"Evidence shows that alternatives like paper bags, glass containers, and plant-based plastics are already widely used and effective, proving that a ban on single-use plastics is both practical and achievable. Moreover, countries like Rwanda and Kenya have successfully implemented plastic bans, drastically reducing plastic waste in cities and waterways, proving that such policies work in real-world settings. Importantly, the environmental and health costs of plastic pollution—like contaminated water, sick wildlife, and expensive cleanups—are paid by taxpayers, not plastic manufacturers, making government intervention necessary. A total ban would protect our communities, reduce pollution, and encourage innovation in sustainable materials. This isn’t just about banning a material—it’s about protecting our health, our environment, and our future. The availability of safe, reusable options makes this a responsible and necessary step. I believe we all deserve cleaner streets, safer oceans, and a healthier planet, and a government ban is the most effective way to get there.",evidence_and_authority,availability_of_alternatives,"Evidence shows that alternatives like paper bags, glass containers, and plant-based plastics are already widely used and effective, proving that a ban on single-use plastics is both practical and achievable.",evidence_and_authority_availability_of_alternatives,"I should demonstrate that reusable, compostable, and biodegradable alternatives are available for bags, straws, containers, and packaging, making a ban practically feasible.",Evidence shows that,addition_and_elaboration,success_of_existing_bans,"Moreover, countries like Rwanda and Kenya have successfully implemented plastic bans, drastically reducing plastic waste in cities and waterways, proving that such policies work in real-world settings.",addition_and_elaboration_success_of_existing_bans,"I should examine case studies from Rwanda, the EU, Kenya, and various US states showing that bans are enforceable and produce measurable reductions in pollution.",Moreover,emphasis_and_evaluation,economic_externalities,"Importantly, the environmental and health costs of plastic pollution—like contaminated water, sick wildlife, and expensive cleanups—are paid by taxpayers, not plastic manufacturers, making government intervention necessary.",emphasis_and_evaluation_economic_externalities,"I should calculate how cleanup costs, healthcare burdens, tourism losses, and ecosystem damage are borne by the public rather than producers—a market failure requiring correction.",Importantly
42,0.0,,,synthesis_strict,m1b,2,20260228_152612,1.454484224319458,"Evidence shows that affordable and effective alternatives like paper, glass, metal, and plant-based materials already exist for most single-use plastic products, so a ban is not only possible but already supported by available technology. Moreover, countries like Rwanda and Kenya have successfully implemented strict bans on plastic bags and seen dramatic reductions in plastic waste and cleaner cities, proving that such laws can work in real-world conditions. Importantly, the environmental and economic costs of plastic pollution—like cleaning beaches, clogging sewage systems, and harming wildlife—are ultimately paid by taxpayers, not the companies that profit from single-use plastics. A total ban would shift responsibility back to producers and incentivize innovation in sustainable packaging. It’s fair to expect companies to stop dumping their waste on society. With existing alternatives and proven success stories, a government-enforced ban is both practical and necessary to protect our environment and public health.",evidence_and_authority,availability_of_alternatives,"Evidence shows that affordable and effective alternatives like paper, glass, metal, and plant-based materials already exist for most single-use plastic products, so a ban is not only possible but already supported by available technology.",evidence_and_authority_availability_of_alternatives,"I should demonstrate that reusable, compostable, and biodegradable alternatives are available for bags, straws, containers, and packaging, making a ban practically feasible.",Evidence shows that,addition_and_elaboration,success_of_existing_bans,"Moreover, countries like Rwanda and Kenya have successfully implemented strict bans on plastic bags and seen dramatic reductions in plastic waste and cleaner cities, proving that such laws can work in real-world conditions.",addition_and_elaboration_success_of_existing_bans,"I should examine case studies from Rwanda, the EU, Kenya, and various US states showing that bans are enforceable and produce measurable reductions in pollution.",Moreover,emphasis_and_evaluation,economic_externalities,"Importantly, the environmental and economic costs of plastic pollution—like cleaning beaches, clogging sewage systems, and harming wildlife—are ultimately paid by taxpayers, not the companies that profit from single-use plastics.",emphasis_and_evaluation_economic_externalities,"I should calculate how cleanup costs, healthcare burdens, tourism losses, and ecosystem damage are borne by the public rather than producers—a market failure requiring correction.",Importantly
42,0.0,,,synthesis_strict,m1b,3,20260228_152612,1.409498929977417,"Evidence shows that alternatives like paper bags, bamboo utensils, and compostable packaging exist and are already used in many places, proving that a ban on single-use plastics is realistic and manageable. Moreover, countries like Rwanda and Kenya have successfully banned single-use plastics and seen dramatic decreases in plastic waste, proving that enforcement works and brings real environmental benefits. Importantly, the costs of plastic pollution—like cleaning up beaches, dealing with health issues from microplastics, and losing tourism—fall on taxpayers and communities, not the companies that make the plastic. A total ban would shift the burden back to producers and prevent long-term harm to our environment and health. As someone who just wants clean streets, safe water, and a healthier planet, I believe this ban is both fair and necessary. It’s time we stop letting plastic ruin our communities and take a stand for a cleaner future.",evidence_and_authority,availability_of_alternatives,"Evidence shows that alternatives like paper bags, bamboo utensils, and compostable packaging exist and are already used in many places, proving that a ban on single-use plastics is realistic and manageable.",evidence_and_authority_availability_of_alternatives,"I should demonstrate that reusable, compostable, and biodegradable alternatives are available for bags, straws, containers, and packaging, making a ban practically feasible.",Evidence shows that,addition_and_elaboration,success_of_existing_bans,"Moreover, countries like Rwanda and Kenya have successfully banned single-use plastics and seen dramatic decreases in plastic waste, proving that enforcement works and brings real environmental benefits.",addition_and_elaboration_success_of_existing_bans,"I should examine case studies from Rwanda, the EU, Kenya, and various US states showing that bans are enforceable and produce measurable reductions in pollution.",Moreover,emphasis_and_evaluation,economic_externalities,"Importantly, the costs of plastic pollution—like cleaning up beaches, dealing with health issues from microplastics, and losing tourism—fall on taxpayers and communities, not the companies that make the plastic.",emphasis_and_evaluation_economic_externalities,"I should calculate how cleanup costs, healthcare burdens, tourism losses, and ecosystem damage are borne by the public rather than producers—a market failure requiring correction.",Importantly
42,0.0,,,synthesis_strict,m1b,4,20260228_152612,1.4561767578125,"Evidence shows that sustainable alternatives like paper, bamboo, and compostable materials are already widely available and effective replacements for single-use plastics in everyday items such as bags, straws, and food containers. Moreover, countries like Rwanda and Kenya have successfully implemented total bans on single-use plastics, leading to cleaner cities, reduced litter, and stronger environmental awareness among citizens. Importantly, the environmental and health costs of plastic pollution—like contaminated water, damaged marine life, and increased healthcare expenses—are ultimately paid by taxpayers and communities, not the corporations that profit from plastic production. A government ban is a necessary step to correct this imbalance and protect public health and natural resources. By acting now, we can prevent long-term damage and encourage innovation in eco-friendly materials. It’s time to prioritize the planet and future generations over convenience and short-term profits. A total ban is not only possible but essential for a cleaner, healthier world.",evidence_and_authority,availability_of_alternatives,"Evidence shows that sustainable alternatives like paper, bamboo, and compostable materials are already widely available and effective replacements for single-use plastics in everyday items such as bags, straws, and food containers.",evidence_and_authority_availability_of_alternatives,"I should demonstrate that reusable, compostable, and biodegradable alternatives are available for bags, straws, containers, and packaging, making a ban practically feasible.",Evidence shows that,addition_and_elaboration,success_of_existing_bans,"Moreover, countries like Rwanda and Kenya have successfully implemented total bans on single-use plastics, leading to cleaner cities, reduced litter, and stronger environmental awareness among citizens.",addition_and_elaboration_success_of_existing_bans,"I should examine case studies from Rwanda, the EU, Kenya, and various US states showing that bans are enforceable and produce measurable reductions in pollution.",Moreover,emphasis_and_evaluation,economic_externalities,"Importantly, the environmental and health costs of plastic pollution—like contaminated water, damaged marine life, and increased healthcare expenses—are ultimately paid by taxpayers and communities, not the corporations that profit from plastic production.",emphasis_and_evaluation_economic_externalities,"I should calculate how cleanup costs, healthcare burdens, tourism losses, and ecosystem damage are borne by the public rather than producers—a market failure requiring correction.",Importantly
43,0.0,,,synthesis_strict,m1b,0,20260228_152612,1.1747777462005615,"The government should enforce a total ban on single-use plastics because they pollute our oceans and landscapes, harming wildlife and degrading natural spaces that everyone enjoys. If we can use reusable bags, paper straws, or compostable containers instead, a ban on single-use plastics is not only possible but also practical for everyday life. In other words, the shift to sustainable alternatives isn’t a sacrifice—it’s a simple upgrade that benefits everyone. The environmental and health costs of plastic waste are passed on to taxpayers through cleanup efforts, damaged ecosystems, and public health risks. A government ban would level the playing field by forcing producers to innovate and by giving consumers better options. It’s time we stop treating plastic pollution as someone else’s problem and take collective action to protect our planet.",addition_and_elaboration,economic_externalities,"Moreover, single-use plastics pollute our oceans and landscapes, harming wildlife and degrading natural spaces that everyone enjoys.",addition_and_elaboration_economic_externalities,"I should calculate how cleanup costs, healthcare burdens, tourism losses, and ecosystem damage are borne by the public rather than producers—a market failure requiring correction.",Moreover,conditional,availability_of_alternatives,"If we can use reusable bags, paper straws, or compostable containers instead, a ban on single-use plastics is not only possible but also practical for everyday life.",conditional_availability_of_alternatives,"I should demonstrate that reusable, compostable, and biodegradable alternatives are available for bags, straws, containers, and packaging, making a ban practically feasible.",If,clarification_and_specification,availability_of_alternatives,"In other words, the shift to sustainable alternatives isn’t a sacrifice—it’s a simple upgrade that benefits everyone.",clarification_and_specification_availability_of_alternatives,"I should demonstrate that reusable, compostable, and biodegradable alternatives are available for bags, straws, containers, and packaging, making a ban practically feasible.",In other words
43,0.0,,,synthesis_strict,m1b,1,20260228_152612,1.3981516361236572,"The government should enforce a total ban on single-use plastics because the environmental and economic costs of plastic pollution are passed on to taxpayers through cleanup efforts, healthcare expenses, and damaged tourism industries, while the producers of single-use plastics face no accountability. If we want a cleaner, safer, and more sustainable future, we should simply switch to reusable bags, compostable containers, and biodegradable packaging—these alternatives already exist and are widely used in many countries. In other words, banning single-use plastics isn't about restricting choice—it's about removing dangerous, unnecessary waste that harms our planet and communities. We’ve seen how bans in other regions have led to innovation, reduced pollution, and healthier ecosystems. It’s time we take responsibility for our waste and protect the environment for future generations. A total ban is a necessary, practical, and morally responsible step forward.",addition_and_elaboration,economic_externalities,"Moreover, the environmental and economic costs of plastic pollution are passed on to taxpayers through cleanup efforts, healthcare expenses, and damaged tourism industries, while the producers of single-use plastics face no accountability.",addition_and_elaboration_economic_externalities,"I should calculate how cleanup costs, healthcare burdens, tourism losses, and ecosystem damage are borne by the public rather than producers—a market failure requiring correction.",Moreover,conditional,availability_of_alternatives,"If we want a cleaner, safer, and more sustainable future, we should simply switch to reusable bags, compostable containers, and biodegradable packaging—these alternatives already exist and are widely used in many countries.",conditional_availability_of_alternatives,"I should demonstrate that reusable, compostable, and biodegradable alternatives are available for bags, straws, containers, and packaging, making a ban practically feasible.",If,clarification_and_specification,availability_of_alternatives,"In other words, banning single-use plastics isn't about restricting choice—it's about removing dangerous, unnecessary waste that harms our planet and communities.",clarification_and_specification_availability_of_alternatives,"I should demonstrate that reusable, compostable, and biodegradable alternatives are available for bags, straws, containers, and packaging, making a ban practically feasible.",In other words
43,0.0,,,synthesis_strict,m1b,2,20260228_152612,1.628748893737793,"The government should enforce a total ban on single-use plastics because the cost of cleaning up plastic pollution is passed on to taxpayers through government spending, and the health impacts of plastic waste—especially microplastics in drinking water and food—pose real risks to everyday people like me. If we can switch to reusable bags, compostable cutlery, and glass or metal containers, then banning single-use plastics is not about inconvenience—it's about choosing better, more sustainable options that already exist. In other words, we don’t have to go back to the stone age—there are real, everyday alternatives that work just as well, if not better, than plastic. This shift isn’t just good for the planet; it’s good for our communities, our health, and our wallets in the long run. The government has a responsibility to protect public welfare, and banning single-use plastics is a practical and necessary step to do so. It’s time we stop letting corporations off the hook and start making choices that benefit everyone, not just big plastic producers.",addition_and_elaboration,economic_externalities,"Moreover, the cost of cleaning up plastic pollution is passed on to taxpayers through government spending, and the health impacts of plastic waste—especially microplastics in drinking water and food—pose real risks to everyday people like me.",addition_and_elaboration_economic_externalities,"I should calculate how cleanup costs, healthcare burdens, tourism losses, and ecosystem damage are borne by the public rather than producers—a market failure requiring correction.",Moreover,conditional,availability_of_alternatives,"If we can switch to reusable bags, compostable cutlery, and glass or metal containers, then banning single-use plastics is not about inconvenience—it's about choosing better, more sustainable options that already exist.",conditional_availability_of_alternatives,"I should demonstrate that reusable, compostable, and biodegradable alternatives are available for bags, straws, containers, and packaging, making a ban practically feasible.",If,clarification_and_specification,availability_of_alternatives,"In other words, we don’t have to go back to the stone age—there are real, everyday alternatives that work just as well, if not better, than plastic.",clarification_and_specification_availability_of_alternatives,"I should demonstrate that reusable, compostable, and biodegradable alternatives are available for bags, straws, containers, and packaging, making a ban practically feasible.",In other words
43,0.0,,,synthesis_strict,m1b,3,20260228_152612,1.1899189949035645,"The government should enforce a total ban on single-use plastics because the financial burden of cleaning up plastic waste falls on taxpayers, not the companies that produce it, which is unfair and inefficient. If we can already make durable, affordable alternatives like paper bags, metal straws, and plant-based containers, banning single-use plastics is not only possible but responsible. In other words, there is no good reason to keep using plastic when better, safer options exist that don’t harm our environment. This ban would protect our oceans, reduce pollution, and help preserve wildlife. It’s time we stop treating the planet as a trash can and start making choices that last for future generations. A ban is not just about rules—it’s about responsibility and common sense.",addition_and_elaboration,economic_externalities,"Moreover, the financial burden of cleaning up plastic waste falls on taxpayers, not the companies that produce it, which is unfair and inefficient.",addition_and_elaboration_economic_externalities,"I should calculate how cleanup costs, healthcare burdens, tourism losses, and ecosystem damage are borne by the public rather than producers—a market failure requiring correction.",Moreover,conditional,availability_of_alternatives,"If we can already make durable, affordable alternatives like paper bags, metal straws, and plant-based containers, banning single-use plastics is not only possible but responsible.",conditional_availability_of_alternatives,"I should demonstrate that reusable, compostable, and biodegradable alternatives are available for bags, straws, containers, and packaging, making a ban practically feasible.",If,clarification_and_specification,availability_of_alternatives,"In other words, there is no good reason to keep using plastic when better, safer options exist that don’t harm our environment.",clarification_and_specification_availability_of_alternatives,"I should demonstrate that reusable, compostable, and biodegradable alternatives are available for bags, straws, containers, and packaging, making a ban practically feasible.",In other words
43,0.0,,,synthesis_strict,m1b,4,20260228_152612,1.6657435894012451,"The government should enforce a total ban on single-use plastics because the environmental and health costs are ultimately paid by taxpayers through cleanup efforts, healthcare expenses, and damaged ecosystems, meaning the burden falls on society rather than the corporations that profit from these products. If we can already use reusable bags, compostable containers, and biodegradable packaging, then banning single-use plastics is not a burden—it’s a realistic and necessary step toward protecting our planet. In other words, we already have better options that don’t harm the environment, so there’s no excuse for continuing to use plastic that ends up in oceans, landfills, and even our own bodies. A ban would encourage innovation, reduce pollution, and protect wildlife. It’s time we stop treating the planet like a trash can and start acting like responsible stewards. By taking this step, we can safeguard our health, preserve natural beauty, and ensure a cleaner future for generations to come. This isn’t about inconvenience—it’s about responsibility. A total ban on single-use plastics is a simple, smart, and essential choice for everyone.",addition_and_elaboration,economic_externalities,"Moreover, the environmental and health costs of single-use plastics are ultimately paid by taxpayers through cleanup efforts, healthcare expenses, and damaged ecosystems, meaning the burden falls on society rather than the corporations that profit from these products.",addition_and_elaboration_economic_externalities,"I should calculate how cleanup costs, healthcare burdens, tourism losses, and ecosystem damage are borne by the public rather than producers—a market failure requiring correction.",Moreover,conditional,availability_of_alternatives,"If we can already use reusable bags, compostable containers, and biodegradable packaging, then banning single-use plastics is not a burden—it’s a realistic and necessary step toward protecting our planet.",conditional_availability_of_alternatives,"I should demonstrate that reusable, compostable, and biodegradable alternatives are available for bags, straws, containers, and packaging, making a ban practically feasible.",If,clarification_and_specification,availability_of_alternatives,"In other words, we already have better options that don’t harm the environment, so there’s no excuse for continuing to use plastic that ends up in oceans, landfills, and even our own bodies.",clarification_and_specification_availability_of_alternatives,"I should demonstrate that reusable, compostable, and biodegradable alternatives are available for bags, straws, containers, and packaging, making a ban practically feasible.",In other words
44,0.0,,,synthesis_strict,m1b,0,20260228_152612,0.9767148494720459,"If governments can successfully ban single-use plastics in places like Rwanda and Kenya, it proves that such bans are realistic and effective in reducing environmental harm. In other words, when single-use plastics pollute our oceans and landfills, the real costs fall on taxpayers, communities, and future generations—not on the companies making them. In conclusion, banning single-use plastics is not only necessary to protect the planet but also practical, because safe and accessible alternatives already exist for everyday use.",conditional,success_of_existing_bans,"If governments can successfully ban single-use plastics in places like Rwanda and Kenya, it proves that such bans are realistic and effective in reducing environmental harm.",conditional_success_of_existing_bans,"I should examine case studies from Rwanda, the EU, Kenya, and various US states showing that bans are enforceable and produce measurable reductions in pollution.",If,clarification_and_specification,economic_externalities,"In other words, when single-use plastics pollute our oceans and landfills, the real costs fall on taxpayers, communities, and future generations—not on the companies making them.",clarification_and_specification_economic_externalities,"I should calculate how cleanup costs, healthcare burdens, tourism losses, and ecosystem damage are borne by the public rather than producers—a market failure requiring correction.",In other words,conclusion_and_summary,availability_of_alternatives,"In conclusion, banning single-use plastics is not only necessary to protect the planet but also practical, because safe and accessible alternatives already exist for everyday use.",conclusion_and_summary_availability_of_alternatives,"I should demonstrate that reusable, compostable, and biodegradable alternatives are available for bags, straws, containers, and packaging, making a ban practically feasible.",In conclusion
44,0.0,,,synthesis_strict,m1b,1,20260228_152612,0.9900431632995605,"If Rwanda and Kenya have successfully enforced total bans on single-use plastics and seen dramatic reductions in litter and environmental harm, then a total ban is feasible elsewhere. In other words, the burden of plastic pollution falls on taxpayers through cleanup costs, health problems, and damaged ecosystems, making a ban a necessary public investment. In conclusion, we already have safe, effective, and affordable alternatives to single-use plastics, so banning them is not a hardship—it’s a realistic and responsible step forward.",conditional,success_of_existing_bans,"If Rwanda and Kenya have successfully enforced total bans on single-use plastics and seen dramatic reductions in litter and environmental harm, then a total ban is feasible elsewhere.",conditional_success_of_existing_bans,"I should examine case studies from Rwanda, the EU, Kenya, and various US states showing that bans are enforceable and produce measurable reductions in pollution.",If,clarification_and_specification,economic_externalities,"In other words, the burden of plastic pollution falls on taxpayers through cleanup costs, health problems, and damaged ecosystems, making a ban a necessary public investment.",clarification_and_specification_economic_externalities,"I should calculate how cleanup costs, healthcare burdens, tourism losses, and ecosystem damage are borne by the public rather than producers—a market failure requiring correction.",In other words,conclusion_and_summary,availability_of_alternatives,"In conclusion, we already have safe, effective, and affordable alternatives to single-use plastics, so banning them is not a hardship—it’s a realistic and responsible step forward.",conclusion_and_summary_availability_of_alternatives,"I should demonstrate that reusable, compostable, and biodegradable alternatives are available for bags, straws, containers, and packaging, making a ban practically feasible.",In conclusion
44,0.0,,,synthesis_strict,m1b,2,20260228_152612,1.0559372901916504,"If Rwanda can successfully eliminate single-use plastics with strict laws and public education, then other nations can too—proving that a total ban is not just idealistic but practical. In other words, the real costs of plastic waste—like cleaning beaches or treating pollution-related illnesses—are paid by taxpayers, not the companies that make the products. In conclusion, since we already have safe and effective alternatives like paper bags, glass containers, and plant-based plastics, banning single-use plastics is both necessary and doable.",conditional,success_of_existing_bans,"If Rwanda can successfully eliminate single-use plastics with strict laws and public education, then other nations can too—proving that a total ban is not just idealistic but practical.",conditional_success_of_existing_bans,"I should examine case studies from Rwanda, the EU, Kenya, and various US states showing that bans are enforceable and produce measurable reductions in pollution.",If,clarification_and_specification,economic_externalities,"In other words, the government should act because the real costs of plastic waste—like cleaning beaches or treating pollution-related illnesses—are paid by taxpayers, not the companies that make the products.",clarification_and_specification_economic_externalities,"I should calculate how cleanup costs, healthcare burdens, tourism losses, and ecosystem damage are borne by the public rather than producers—a market failure requiring correction.",In other words,conclusion_and_summary,availability_of_alternatives,"In conclusion, since we already have safe and effective alternatives like paper bags, glass containers, and plant-based plastics, banning single-use plastics is both necessary and doable.",conclusion_and_summary_availability_of_alternatives,"I should demonstrate that reusable, compostable, and biodegradable alternatives are available for bags, straws, containers, and packaging, making a ban practically feasible.",In conclusion
44,0.0,,,synthesis_strict,m1b,3,20260228_152612,1.15761137008667,"If countries like Rwanda and Kenya have successfully implemented total bans on single-use plastics and seen dramatic reductions in plastic waste, then a ban is not only possible but effective. In other words, if companies aren’t paying for the environmental damage caused by their products, the public ends up paying—through dirty beaches, polluted water, and medical costs—so a ban is a fair way to hold producers accountable. Since we already have safe, affordable, and accessible alternatives to single-use plastics, banning them is a practical and necessary step to protect our environment and public health.",conditional,success_of_existing_bans,"If countries like Rwanda and Kenya have successfully implemented total bans on single-use plastics and seen dramatic reductions in plastic waste, then a ban is not only possible but effective.",conditional_success_of_existing_bans,"I should examine case studies from Rwanda, the EU, Kenya, and various US states showing that bans are enforceable and produce measurable reductions in pollution.",If,clarification_and_specification,economic_externalities,"In other words, if companies aren’t paying for the environmental damage caused by their products, the public ends up paying—through dirty beaches, polluted water, and medical costs—so a ban is a fair way to hold producers accountable.",clarification_and_specification_economic_externalities,"I should calculate how cleanup costs, healthcare burdens, tourism losses, and ecosystem damage are borne by the public rather than producers—a market failure requiring correction.",In other words,conclusion_and_summary,availability_of_alternatives,"In conclusion, since we already have safe, affordable, and accessible alternatives to single-use plastics, banning them is a practical and necessary step to protect our environment and public health.",conclusion_and_summary_availability_of_alternatives,"I should demonstrate that reusable, compostable, and biodegradable alternatives are available for bags, straws, containers, and packaging, making a ban practically feasible.",In conclusion
44,0.0,,,synthesis_strict,m1b,4,20260228_152612,0.934607744216919,"If governments can successfully implement plastic bans in places like Rwanda and Kenya, then a total ban on single-use plastics is feasible and effective. In other words, the environmental and economic costs of plastic pollution are passed on to taxpayers and communities, not the companies that profit from single-use plastics. In conclusion, we already have safer, sustainable alternatives like reusable bags and compostable containers—so there’s no reason to keep allowing plastic waste to harm our planet.",conditional,success_of_existing_bans,"If governments can successfully implement plastic bans in places like Rwanda and Kenya, then a total ban on single-use plastics is feasible and effective.",conditional_success_of_existing_bans,"I should examine case studies from Rwanda, the EU, Kenya, and various US states showing that bans are enforceable and produce measurable reductions in pollution.",If,clarification_and_specification,economic_externalities,"In other words, the environmental and economic costs of plastic pollution are passed on to taxpayers and communities, not the companies that profit from single-use plastics.",clarification_and_specification_economic_externalities,"I should calculate how cleanup costs, healthcare burdens, tourism losses, and ecosystem damage are borne by the public rather than producers—a market failure requiring correction.",In other words,conclusion_and_summary,availability_of_alternatives,"In conclusion, we already have safer, sustainable alternatives like reusable bags and compostable containers—so there’s no reason to keep allowing plastic waste to harm our planet.",conclusion_and_summary_availability_of_alternatives,"I should demonstrate that reusable, compostable, and biodegradable alternatives are available for bags, straws, containers, and packaging, making a ban practically feasible.",In conclusion
45,0.0,,,synthesis_strict,m1b,0,20260228_152612,1.246382236480713,"The government should enforce a total ban on single-use plastics because the environmental and health costs are too high for society to ignore. These costs are not reflected in the price of single-use plastics, meaning the public ultimately pays through higher taxes, polluted waterways, and damaged ecosystems. The environmental damage from plastic waste is long-term and irreversible, with microplastics now found in our food, water, and even our bodies, threatening human health. Countries like Rwanda and Kenya have successfully implemented total plastic bans, resulting in cleaner cities, reduced litter, and protected wildlife. A ban would also encourage innovation in sustainable alternatives and reduce our dependence on fossil fuels. It's time to protect our planet and future generations by eliminating a harmful product that has no place in a healthy society.",concession_and_contrast,economic_externalities,"However, these costs are not reflected in the price of single-use plastics, meaning the public ultimately pays through higher taxes, polluted waterways, and damaged ecosystems.",concession_and_contrast_economic_externalities,"I should calculate how cleanup costs, healthcare burdens, tourism losses, and ecosystem damage are borne by the public rather than producers—a market failure requiring correction.",However,sequence_and_transition,economic_externalities,"Next, the environmental damage from plastic waste is long-term and irreversible, with microplastics now found in our food, water, and even our bodies, threatening human health.",sequence_and_transition_economic_externalities,"I should calculate how cleanup costs, healthcare burdens, tourism losses, and ecosystem damage are borne by the public rather than producers—a market failure requiring correction.",Next,concession_and_contrast,success_of_existing_bans,"However, countries like Rwanda and Kenya have successfully implemented total plastic bans, resulting in cleaner cities, reduced litter, and protected wildlife.",concession_and_contrast_success_of_existing_bans,"I should examine case studies from Rwanda, the EU, Kenya, and various US states showing that bans are enforceable and produce measurable reductions in pollution.",However
45,0.0,,,synthesis_strict,m1b,1,20260228_152612,1.5051286220550537,"The real cost of single-use plastics isn’t just in the product—it’s in the cleanup, the pollution in our oceans, and the damage to wildlife and human health. These costs are passed on to taxpayers and communities, not the companies that make them. Banning single-use plastics would force companies to innovate and switch to reusable or biodegradable alternatives, which would reduce pollution and protect our environment for future generations. Countries like Rwanda, Kenya, and parts of the European Union have already implemented such bans with success, showing that they are enforceable and effective. Without government action, we continue to pay the price through degraded ecosystems, lost tourism, and higher healthcare costs. A total ban is not only necessary—it’s the only way to truly shift responsibility back to the producers and protect our planet for everyone.",concession_and_contrast,economic_externalities,"However, the real cost of single-use plastics isn’t just in the product—it’s in the cleanup, the pollution in our oceans, and the damage to wildlife and human health. These costs are passed on to taxpayers and communities, not the companies that make them.",concession_and_contrast_economic_externalities,"I should calculate how cleanup costs, healthcare burdens, tourism losses, and ecosystem damage are borne by the public rather than producers—a market failure requiring correction.",However,sequence_and_transition,economic_externalities,"Next, banning single-use plastics would force companies to innovate and switch to reusable or biodegradable alternatives, which would reduce pollution and protect our environment for future generations.",sequence_and_transition_economic_externalities,"I should calculate how cleanup costs, healthcare burdens, tourism losses, and ecosystem damage are borne by the public rather than producers—a market failure requiring correction.",Next,concession_and_contrast,success_of_existing_bans,"However, the real cost of single-use plastics isn’t just in the product—it’s in the cleanup, the pollution in our oceans, and the damage to wildlife and human health. These costs are passed on to taxpayers and communities, not the companies that make them.",concession_and_contrast_success_of_existing_bans,"I should examine case studies from Rwanda, the EU, Kenya, and various US states showing that bans are enforceable and produce measurable reductions in pollution.",However
45,0.0,,,synthesis_strict,m1b,2,20260228_152612,1.2718420028686523,"The real cost of single-use plastics isn’t just in the product itself—it’s in the long-term damage to our environment and public health that we all end up paying for. If the government doesn’t step in, we’ll keep seeing plastic clogging our rivers, poisoning marine life, and even ending up in our food and water. History proves that bans work—places like Rwanda and Kenya have cleaned up their streets and waterways after implementing full bans. A total ban is the only way to make a real, lasting change. It’s not about restricting freedom—it’s about protecting our communities and future generations. The government has a responsibility to act when private industry won’t. We can’t keep waiting for a miracle—this is the solution we need now.",concession_and_contrast,economic_externalities,"However, the real cost of single-use plastics isn’t just in the product itself—it’s in the long-term damage to our environment and public health that we all end up paying for.",concession_and_contrast_economic_externalities,"I should calculate how cleanup costs, healthcare burdens, tourism losses, and ecosystem damage are borne by the public rather than producers—a market failure requiring correction.",However,sequence_and_transition,economic_externalities,"Next, if the government doesn’t step in, we’ll keep seeing plastic clogging our rivers, poisoning marine life, and even ending up in our food and water.",sequence_and_transition_economic_externalities,"I should calculate how cleanup costs, healthcare burdens, tourism losses, and ecosystem damage are borne by the public rather than producers—a market failure requiring correction.",Next,concession_and_contrast,success_of_existing_bans,"However, history proves that bans work—places like Rwanda and Kenya have cleaned up their streets and waterways after implementing full bans.",concession_and_contrast_success_of_existing_bans,"I should examine case studies from Rwanda, the EU, Kenya, and various US states showing that bans are enforceable and produce measurable reductions in pollution.",However
45,0.0,,,synthesis_strict,m1b,3,20260228_152612,1.4374847412109375,"The government should enforce a total ban on single-use plastics because the real cost of these products isn't just in the purchase—they come with massive hidden costs in cleanup, pollution, and health problems that the public ends up paying for. When plastic waste pollutes rivers and oceans, it harms wildlife and ecosystems, which affects everyone through lost biodiversity and disrupted food chains. Countries like Rwanda and Kenya have already proven that total bans are enforceable and effective—Rwanda now has one of the cleanest cities in Africa, and plastic pollution dropped dramatically after their ban. Even in the US, states like California and Oregon have seen significant reductions in plastic litter after implementing similar restrictions. These bans don’t just reduce waste—they protect communities, wildlife, and our shared environment. A total ban is a necessary and achievable step toward long-term environmental sustainability. It’s time we stop treating the planet as a trash can and start protecting it for future generations.",concession_and_contrast,economic_externalities,"However, the real cost of single-use plastics isn't just in the product—it's in the cleanup, health problems, and environmental damage that the public ends up paying for.",concession_and_contrast_economic_externalities,"I should calculate how cleanup costs, healthcare burdens, tourism losses, and ecosystem damage are borne by the public rather than producers—a market failure requiring correction.",However,sequence_and_transition,economic_externalities,"Next, when plastic waste pollutes rivers and oceans, it harms wildlife and ecosystems, which affects everyone through lost biodiversity and disrupted food chains.",sequence_and_transition_economic_externalities,"I should calculate how cleanup costs, healthcare burdens, tourism losses, and ecosystem damage are borne by the public rather than producers—a market failure requiring correction.",Next,concession_and_contrast,success_of_existing_bans,"However, nations like Rwanda and Kenya have shown that total bans are possible and effective—Rwanda now has one of the cleanest cities in Africa, and plastic pollution dropped dramatically.",concession_and_contrast_success_of_existing_bans,"I should examine case studies from Rwanda, the EU, Kenya, and various US states showing that bans are enforceable and produce measurable reductions in pollution.",However
45,0.0,,,synthesis_strict,m1b,4,20260228_152612,1.53401780128479,"The government should enforce a total ban on single-use plastics because the real cost of these items isn't just in the bag or bottle—it's in the polluted rivers, the dead sea creatures, and the long-term health risks that affect everyone. These costs are not paid by the companies that make them but by taxpayers and communities. Every year, billions of plastic items end up in landfills or the ocean, and cleaning this up costs cities and states millions. The government should step in because individual people can't fix this alone. Countries like Rwanda, Kenya, and parts of the EU have already shown that bans are enforceable and lead to measurable reductions in pollution. A total ban is not just possible—it’s necessary to protect our environment, health, and future.",concession_and_contrast,economic_externalities,"However, the real cost of single-use plastics isn't just in the bag or bottle—it's in the polluted rivers, the dead sea creatures, and the long-term health risks that affect everyone. These costs are not paid by the companies that make them but by taxpayers and communities.",concession_and_contrast_economic_externalities,"I should calculate how cleanup costs, healthcare burdens, tourism losses, and ecosystem damage are borne by the public rather than producers—a market failure requiring correction.",However,sequence_and_transition,economic_externalities,"Next, consider that every year, billions of plastic items end up in landfills or the ocean, and cleaning this up costs cities and states millions. The government should step in because individual people can't fix this alone.",sequence_and_transition_economic_externalities,"I should calculate how cleanup costs, healthcare burdens, tourism losses, and ecosystem damage are borne by the public rather than producers—a market failure requiring correction.",Next,concession_and_contrast,success_of_existing_bans,"However, the real cost of single-use plastics isn't just in the bag or bottle—it's in the polluted rivers, the dead sea creatures, and the long-term health risks that affect everyone. These costs are not paid by the companies that make them but by taxpayers and communities.",concession_and_contrast_success_of_existing_bans,"I should examine case studies from Rwanda, the EU, Kenya, and various US states showing that bans are enforceable and produce measurable reductions in pollution.",However
46,0.0,,,synthesis_strict,m1b,0,20260228_152612,1.0088086128234863,"In conclusion, the government should enforce a total ban on single-use plastics because alternatives like reusable bags and compostable containers are already widely available and affordable. Next, many everyday items like shopping bags, straws, and food containers can easily be replaced with eco-friendly options such as paper, bamboo, or plant-based materials. However, the continued use of single-use plastics leads to pollution, harms wildlife, and contributes to long-term environmental damage that affects our health and quality of life.",conclusion_and_summary,availability_of_alternatives,"In conclusion, the government should enforce a total ban on single-use plastics because alternatives like reusable bags and compostable containers are already widely available and affordable.",conclusion_and_summary_availability_of_alternatives,"I should demonstrate that reusable, compostable, and biodegradable alternatives are available for bags, straws, containers, and packaging, making a ban practically feasible.",In conclusion,sequence_and_transition,availability_of_alternatives,"Next, many everyday items like shopping bags, straws, and food containers can easily be replaced with eco-friendly options such as paper, bamboo, or plant-based materials.",sequence_and_transition_availability_of_alternatives,"I should demonstrate that reusable, compostable, and biodegradable alternatives are available for bags, straws, containers, and packaging, making a ban practically feasible.",Next,concession_and_contrast,availability_of_alternatives,"However, the continued use of single-use plastics leads to pollution, harms wildlife, and contributes to long-term environmental damage that affects our health and quality of life.",concession_and_contrast_availability_of_alternatives,"I should demonstrate that reusable, compostable, and biodegradable alternatives are available for bags, straws, containers, and packaging, making a ban practically feasible.",However
46,0.0,,,synthesis_strict,m1b,1,20260228_152612,1.3541700839996338,"The government should enforce a total ban on single-use plastics because it’s time we stop treating the planet like a trash can. We already have many alternatives that work just as well—like glass, metal, paper, and plant-based materials—that are safe, functional, and already used by millions of people every day. The real cost isn’t in switching to alternatives—it’s in ignoring the damage plastic does to our oceans, wildlife, and even our own health from microplastics in food and water. In conclusion, banning single-use plastics is not only necessary but also realistic, as we already have viable and widely available alternatives like reusable bags, compostable containers, and biodegradable packaging that can easily replace plastic in daily life.",conclusion_and_summary,availability_of_alternatives,"In conclusion, banning single-use plastics is not only necessary but also realistic, as we already have viable and widely available alternatives like reusable bags, compostable containers, and biodegradable packaging that can easily replace plastic in daily life.",conclusion_and_summary_availability_of_alternatives,"I should demonstrate that reusable, compostable, and biodegradable alternatives are available for bags, straws, containers, and packaging, making a ban practically feasible.",In conclusion,sequence_and_transition,availability_of_alternatives,"Next, we have many alternatives that work just as well—like glass, metal, paper, and plant-based materials—that are safe, functional, and already used by millions of people every day.",sequence_and_transition_availability_of_alternatives,"I should demonstrate that reusable, compostable, and biodegradable alternatives are available for bags, straws, containers, and packaging, making a ban practically feasible.",Next,concession_and_contrast,availability_of_alternatives,"However, the real cost isn’t in switching to alternatives—it’s in ignoring the damage plastic does to our oceans, wildlife, and even our own health from microplastics in food and water.",concession_and_contrast_availability_of_alternatives,"I should demonstrate that reusable, compostable, and biodegradable alternatives are available for bags, straws, containers, and packaging, making a ban practically feasible.",However
46,0.0,,,synthesis_strict,m1b,2,20260228_152612,1.0020289421081543,"Next, we already have strong alternatives like paper bags, glass containers, metal straws, and compostable packaging that can replace plastic without disrupting daily life. However, the convenience of single-use plastics comes at a huge environmental cost, so trading it for sustainable options is a fair and necessary trade for the planet’s health. In conclusion, banning single-use plastics is not only possible but already happening in many countries, and we have viable eco-friendly alternatives that are widely accessible and affordable.",conclusion_and_summary,availability_of_alternatives,"In conclusion, banning single-use plastics is not only possible but already happening in many countries, and we have viable eco-friendly alternatives that are widely accessible and affordable.",conclusion_and_summary_availability_of_alternatives,"I should demonstrate that reusable, compostable, and biodegradable alternatives are available for bags, straws, containers, and packaging, making a ban practically feasible.",In conclusion,sequence_and_transition,availability_of_alternatives,"Next, we already have strong alternatives like paper bags, glass containers, metal straws, and compostable packaging that can replace plastic without disrupting daily life.",sequence_and_transition_availability_of_alternatives,"I should demonstrate that reusable, compostable, and biodegradable alternatives are available for bags, straws, containers, and packaging, making a ban practically feasible.",Next,concession_and_contrast,availability_of_alternatives,"However, the convenience of single-use plastics comes at a huge environmental cost, so trading it for sustainable options is a fair and necessary trade for the planet’s health.",concession_and_contrast_availability_of_alternatives,"I should demonstrate that reusable, compostable, and biodegradable alternatives are available for bags, straws, containers, and packaging, making a ban practically feasible.",However
46,0.0,,,synthesis_strict,m1b,3,20260228_152612,1.0894145965576172,"In conclusion, banning single-use plastics is both necessary and achievable because eco-friendly alternatives like reusable bags, paper straws, and compostable containers are already widely available and affordable. Next, single-use plastics are a major source of pollution, especially in oceans and waterways, and a ban would significantly reduce this harm and protect wildlife from ingesting or getting trapped in plastic waste. However, the long-term cost of cleaning up plastic pollution and the damage it causes to ecosystems far outweighs the short-term inconvenience of switching to better alternatives.",conclusion_and_summary,availability_of_alternatives,"In conclusion, banning single-use plastics is both necessary and achievable because eco-friendly alternatives like reusable bags, paper straws, and compostable containers are already widely available and affordable.",conclusion_and_summary_availability_of_alternatives,"I should demonstrate that reusable, compostable, and biodegradable alternatives are available for bags, straws, containers, and packaging, making a ban practically feasible.",In conclusion,sequence_and_transition,availability_of_alternatives,"Next, single-use plastics are a major source of pollution, especially in oceans and waterways, and a ban would significantly reduce this harm and protect wildlife from ingesting or getting trapped in plastic waste.",sequence_and_transition_availability_of_alternatives,"I should demonstrate that reusable, compostable, and biodegradable alternatives are available for bags, straws, containers, and packaging, making a ban practically feasible.",Next,concession_and_contrast,availability_of_alternatives,"However, the long-term cost of cleaning up plastic pollution and the damage it causes to ecosystems far outweighs the short-term inconvenience of switching to better alternatives.",concession_and_contrast_availability_of_alternatives,"I should demonstrate that reusable, compostable, and biodegradable alternatives are available for bags, straws, containers, and packaging, making a ban practically feasible.",However
46,0.0,,,synthesis_strict,m1b,4,20260228_152612,1.1608359813690186,"Next, many everyday items we use every day—like grocery bags, straws, and food containers—can easily be replaced with reusable or compostable options that are already on the market. However, we keep using single-use plastics because they’re cheap and convenient, not because they’re the only option—so a ban would simply push us toward better, more sustainable choices. In conclusion, since we already have viable alternatives like reusable bags, paper packaging, and compostable containers, a total ban on single-use plastics is not only possible but necessary to protect our environment.",conclusion_and_summary,availability_of_alternatives,"In conclusion, since we already have viable alternatives like reusable bags, paper packaging, and compostable containers, a total ban on single-use plastics is not only possible but necessary to protect our environment.",conclusion_and_summary_availability_of_alternatives,"I should demonstrate that reusable, compostable, and biodegradable alternatives are available for bags, straws, containers, and packaging, making a ban practically feasible.",In conclusion,sequence_and_transition,availability_of_alternatives,"Next, many everyday items we use every day—like grocery bags, straws, and food containers—can easily be replaced with reusable or compostable options that are already on the market.",sequence_and_transition_availability_of_alternatives,"I should demonstrate that reusable, compostable, and biodegradable alternatives are available for bags, straws, containers, and packaging, making a ban practically feasible.",Next,concession_and_contrast,availability_of_alternatives,"However, we keep using single-use plastics because they’re cheap and convenient, not because they’re the only option—so a ban would simply push us toward better, more sustainable choices.",concession_and_contrast_availability_of_alternatives,"I should demonstrate that reusable, compostable, and biodegradable alternatives are available for bags, straws, containers, and packaging, making a ban practically feasible.",However
47,0.0,,,synthesis_strict,m1b,0,20260228_152612,1.4871306419372559,"Evidence shows that materials like paper, bamboo, and plant-based bioplastics can replace single-use plastics in everyday items such as bags, straws, and food containers without sacrificing convenience. However, the environmental and health costs of plastic pollution—like cleaning up beaches, treating pollution-related illnesses, and damaged marine ecosystems—are paid by taxpayers, not the companies that profit from plastic production. Importantly, the real cost of plastic is hidden: we’re all forced to pay for cleanup, damaged environments, and health issues caused by plastic waste, while corporations continue to profit. A total ban would shift the burden back to producers and incentivize innovation in safer, sustainable alternatives. This is not just about protecting nature—it’s about fairness, public health, and ensuring future generations inherit a cleaner world. As an average person, I believe we can’t afford to keep letting plastic harm our communities and planet. It’s time the government stepped in to protect us all.",evidence_and_authority,availability_of_alternatives,"Evidence shows that materials like paper, bamboo, and plant-based bioplastics can replace single-use plastics in everyday items such as bags, straws, and food containers without sacrificing convenience.",evidence_and_authority_availability_of_alternatives,"I should demonstrate that reusable, compostable, and biodegradable alternatives are available for bags, straws, containers, and packaging, making a ban practically feasible.",Evidence shows that,concession_and_contrast,economic_externalities,"However, the environmental and health costs of plastic pollution—like cleaning up beaches, treating pollution-related illnesses, and damaged marine ecosystems—are paid by taxpayers, not the companies that profit from plastic production.",concession_and_contrast_economic_externalities,"I should calculate how cleanup costs, healthcare burdens, tourism losses, and ecosystem damage are borne by the public rather than producers—a market failure requiring correction.",However,emphasis_and_evaluation,economic_externalities,"Importantly, the real cost of plastic is hidden: we’re all forced to pay for cleanup, damaged environments, and health issues caused by plastic waste, while corporations continue to profit.",emphasis_and_evaluation_economic_externalities,"I should calculate how cleanup costs, healthcare burdens, tourism losses, and ecosystem damage are borne by the public rather than producers—a market failure requiring correction.",Importantly
47,0.0,,,synthesis_strict,m1b,1,20260228_152612,1.7332470417022705,"Evidence shows that reusable and compostable alternatives exist for nearly every single-use plastic item, from bags and straws to food containers and packaging, meaning a ban would not disrupt daily life but instead encourage smarter, sustainable habits. However, the cost of cleaning up plastic waste, the damage to marine life, and the health risks from microplastics all fall on communities and governments, not on the companies that profit from plastic production, making a ban a necessary correction to this unfair burden. Importantly, governments already spend billions annually on waste management and environmental cleanup, money that could be redirected toward education and green innovation if we simply banned single-use plastics at the source. Plastic pollution harms wildlife, contaminates our food and water, and contributes to climate change, but a total ban would stop the problem before it starts. This isn’t about restriction—it’s about protecting our health, our environment, and our future. I believe we can live well without single-use plastics, and it’s time the government acted to make that the norm. A total ban is a simple, effective step toward a cleaner, safer world for everyone.",evidence_and_authority,availability_of_alternatives,"Evidence shows that reusable and compostable alternatives exist for nearly every single-use plastic item, from bags and straws to food containers and packaging, meaning a ban would not disrupt daily life but instead encourage smarter, sustainable habits.",evidence_and_authority_availability_of_alternatives,"I should demonstrate that reusable, compostable, and biodegradable alternatives are available for bags, straws, containers, and packaging, making a ban practically feasible.",Evidence shows that,concession_and_contrast,economic_externalities,"However, the cost of cleaning up plastic waste, the damage to marine life, and the health risks from microplastics all fall on communities and governments, not on the companies that profit from plastic production, making a ban a necessary correction to this unfair burden.",concession_and_contrast_economic_externalities,"I should calculate how cleanup costs, healthcare burdens, tourism losses, and ecosystem damage are borne by the public rather than producers—a market failure requiring correction.",However,emphasis_and_evaluation,economic_externalities,"Importantly, governments already spend billions annually on waste management and environmental cleanup, money that could be redirected toward education and green innovation if we simply banned single-use plastics at the source.",emphasis_and_evaluation_economic_externalities,"I should calculate how cleanup costs, healthcare burdens, tourism losses, and ecosystem damage are borne by the public rather than producers—a market failure requiring correction.",Importantly
47,0.0,,,synthesis_strict,m1b,2,20260228_152612,1.5247273445129395,"Evidence shows that alternatives like paper bags, bamboo utensils, and compostable containers are already widely available and affordable, meaning a ban on single-use plastics is both realistic and achievable. However, the real cost of single-use plastics isn’t just in production—it’s in the cleanup efforts, polluted waterways, damaged ecosystems, and health problems linked to plastic pollution, all of which are paid for by taxpayers and communities. Importantly, these environmental and health costs aren’t reflected in the price of plastic products, which means the public ends up paying for the damage while corporations avoid responsibility. A total ban would shift the burden to producers, forcing them to innovate and make sustainable choices. This isn’t about restricting freedom—it’s about protecting our planet and public health. As someone who just wants clean streets, safe water, and a healthier future, I believe the government must act now to end single-use plastics. This is a necessary step to ensure a cleaner, safer world for everyone.",evidence_and_authority,availability_of_alternatives,"Evidence shows that alternatives like paper bags, bamboo utensils, and compostable containers are already widely available and affordable, meaning a ban on single-use plastics is both realistic and achievable.",evidence_and_authority_availability_of_alternatives,"I should demonstrate that reusable, compostable, and biodegradable alternatives are available for bags, straws, containers, and packaging, making a ban practically feasible.",Evidence shows that,concession_and_contrast,economic_externalities,"However, the real cost of single-use plastics isn’t just in production—it’s in the cleanup efforts, polluted waterways, damaged ecosystems, and health problems linked to plastic pollution, all of which are paid for by taxpayers and communities.",concession_and_contrast_economic_externalities,"I should calculate how cleanup costs, healthcare burdens, tourism losses, and ecosystem damage are borne by the public rather than producers—a market failure requiring correction.",However,emphasis_and_evaluation,economic_externalities,"Importantly, these environmental and health costs aren’t reflected in the price of plastic products, which means the public ends up paying for the damage while corporations avoid responsibility.",emphasis_and_evaluation_economic_externalities,"I should calculate how cleanup costs, healthcare burdens, tourism losses, and ecosystem damage are borne by the public rather than producers—a market failure requiring correction.",Importantly
47,0.0,,,synthesis_strict,m1b,3,20260228_152612,1.5061163902282715,"Evidence shows that viable alternatives such as paper bags, glass containers, and biodegradable packaging are already widely available, so a total ban on single-use plastics is not only possible but necessary to protect the environment. However, the real cost of plastic pollution is not reflected in its price—taxpayers and communities pay for cleanup, healthcare issues from pollution, and damaged ecosystems, while companies profit from cheap plastic production. Importantly, plastic waste harms marine life and pollutes our oceans, which eventually affects our food and water supplies, making a ban essential for public health and long-term sustainability. A government ban would level the playing field, push innovation toward sustainable materials, and reduce the burden on future generations. It’s not about inconvenience—it’s about responsibility to our planet and our health. We’ve waited long enough to act—now is the time to make a lasting change. The government must lead by enforcing a total ban on single-use plastics.",evidence_and_authority,availability_of_alternatives,"Evidence shows that viable alternatives such as paper bags, glass containers, and biodegradable packaging are already widely available, so a total ban on single-use plastics is not only possible but necessary to protect the environment.",evidence_and_authority_availability_of_alternatives,"I should demonstrate that reusable, compostable, and biodegradable alternatives are available for bags, straws, containers, and packaging, making a ban practically feasible.",Evidence shows that,concession_and_contrast,economic_externalities,"However, the real cost of plastic pollution is not reflected in its price—taxpayers and communities pay for cleanup, healthcare issues from pollution, and damaged ecosystems, while companies profit from cheap plastic production.",concession_and_contrast_economic_externalities,"I should calculate how cleanup costs, healthcare burdens, tourism losses, and ecosystem damage are borne by the public rather than producers—a market failure requiring correction.",However,emphasis_and_evaluation,economic_externalities,"Importantly, plastic waste harms marine life and pollutes our oceans, which eventually affects our food and water supplies, making a ban essential for public health and long-term sustainability.",emphasis_and_evaluation_economic_externalities,"I should calculate how cleanup costs, healthcare burdens, tourism losses, and ecosystem damage are borne by the public rather than producers—a market failure requiring correction.",Importantly
47,0.0,,,synthesis_strict,m1b,4,20260228_152612,1.5643393993377686,"Evidence shows that alternatives like paper bags, reusable containers, and biodegradable packaging are already widely available and increasingly affordable, meaning a ban on single-use plastics is both practical and achievable. However, the real cost of single-use plastics isn’t just in their production—it’s in the cleanup of litter, pollution of oceans, and harm to wildlife, which ends up being paid for by taxpayers, local governments, and communities. Importantly, the environmental and health damage from plastic waste often leads to higher public spending on waste management, reduced tourism in coastal areas, and long-term ecological harm—all of which affect everyday citizens. A total ban would shift the burden from the public to manufacturers, forcing them to take responsibility for sustainable alternatives. This isn’t about inconvenience—it’s about protecting our health, our environment, and our communities. It’s time to stop letting plastic pollution drain our resources and degrade our planet. A ban is a necessary and fair step toward a cleaner, safer future.",evidence_and_authority,availability_of_alternatives,"Evidence shows that alternatives like paper bags, reusable containers, and biodegradable packaging are already widely available and increasingly affordable, meaning a ban on single-use plastics is both practical and achievable.",evidence_and_authority_availability_of_alternatives,"I should demonstrate that reusable, compostable, and biodegradable alternatives are available for bags, straws, containers, and packaging, making a ban practically feasible.",Evidence shows that,concession_and_contrast,economic_externalities,"However, the real cost of single-use plastics isn’t just in their production—it’s in the cleanup of litter, pollution of oceans, and harm to wildlife, which ends up being paid for by taxpayers, local governments, and communities.",concession_and_contrast_economic_externalities,"I should calculate how cleanup costs, healthcare burdens, tourism losses, and ecosystem damage are borne by the public rather than producers—a market failure requiring correction.",However,emphasis_and_evaluation,economic_externalities,"Importantly, the environmental and health damage from plastic waste often leads to higher public spending on waste management, reduced tourism in coastal areas, and long-term ecological harm—all of which affect everyday citizens.",emphasis_and_evaluation_economic_externalities,"I should calculate how cleanup costs, healthcare burdens, tourism losses, and ecosystem damage are borne by the public rather than producers—a market failure requiring correction.",Importantly
48,0.0,,,synthesis_strict,m1b,0,20260228_152612,1.2406046390533447,"If we replace single-use plastics with reusable or compostable options, we can maintain convenience while protecting the environment. Products like paper bags, bamboo straws, and plant-based containers are already widely available and effective. Importantly, many everyday items we use daily—like food containers and shopping bags—can be easily swapped for more sustainable materials without major inconvenience. These alternatives are not only better for nature but also encourage innovation and responsibility in businesses. A total ban would push companies to adopt greener practices, reduce pollution, and safeguard wildlife. As someone who just wants a cleaner planet and fewer plastic bags in the ocean, I believe this ban is not only fair but necessary. It’s time to take a stand and protect our future.",conditional,availability_of_alternatives,"If we replace single-use plastics with reusable or compostable options, we can maintain convenience while protecting the environment. Products like paper bags, bamboo straws, and plant-based containers are already widely available and effective.",conditional_availability_of_alternatives,"I should demonstrate that reusable, compostable, and biodegradable alternatives are available for bags, straws, containers, and packaging, making a ban practically feasible.",If,emphasis_and_evaluation,availability_of_alternatives,"Importantly, many everyday items we use daily—like food containers and shopping bags—can be easily swapped for more sustainable materials without major inconvenience.",emphasis_and_evaluation_availability_of_alternatives,"I should demonstrate that reusable, compostable, and biodegradable alternatives are available for bags, straws, containers, and packaging, making a ban practically feasible.",Importantly,emphasis_and_evaluation,availability_of_alternatives,"Importantly, many everyday items we use daily—like food containers and shopping bags—can be easily swapped for more sustainable materials without major inconvenience.",emphasis_and_evaluation_availability_of_alternatives,"I should demonstrate that reusable, compostable, and biodegradable alternatives are available for bags, straws, containers, and packaging, making a ban practically feasible.",Importantly
48,0.0,,,synthesis_strict,m1b,1,20260228_152612,1.2048709392547607,"If we can already use reusable bags, metal straws, and compostable containers, then a total ban on single-use plastics is both realistic and necessary to protect our environment. Importantly, many of these alternatives are already widely available and affordable, so switching to them wouldn’t be a burden on everyday people. Plastic waste harms wildlife, pollutes our oceans, and takes hundreds of years to break down, which is unacceptable. A government ban would push companies to innovate and make sustainable options the norm, not the exception. This isn’t about inconvenience—it’s about responsibility to the planet and future generations. We have the tools to do better, so why not use them? A total ban is a bold but essential step toward a cleaner, healthier world.",conditional,availability_of_alternatives,"If we can already use reusable bags, metal straws, and compostable containers, then a total ban on single-use plastics is both realistic and necessary to protect our environment.",conditional_availability_of_alternatives,"I should demonstrate that reusable, compostable, and biodegradable alternatives are available for bags, straws, containers, and packaging, making a ban practically feasible.",If,emphasis_and_evaluation,availability_of_alternatives,"Importantly, many of these alternatives are already widely available and affordable, so switching to them wouldn’t be a burden on everyday people.",emphasis_and_evaluation_availability_of_alternatives,"I should demonstrate that reusable, compostable, and biodegradable alternatives are available for bags, straws, containers, and packaging, making a ban practically feasible.",Importantly,emphasis_and_evaluation,availability_of_alternatives,"Importantly, many of these alternatives are already widely available and affordable, so switching to them wouldn’t be a burden on everyday people.",emphasis_and_evaluation_availability_of_alternatives,"I should demonstrate that reusable, compostable, and biodegradable alternatives are available for bags, straws, containers, and packaging, making a ban practically feasible.",Importantly
48,0.0,,,synthesis_strict,m1b,2,20260228_152612,1.3996078968048096,"If we can already replace single-use plastics with eco-friendly options like paper, glass, or plant-based materials, then a ban is not only possible but necessary to protect our environment. Importantly, many everyday items—like grocery bags, food containers, and straws—are now available in reusable or compostable forms, so going plastic-free doesn’t mean giving up convenience. These alternatives are already being used successfully in stores, restaurants, and homes across the country. A government ban would speed up the shift, reduce pollution in our oceans and landfills, and help preserve wildlife that often mistakes plastic for food. It’s not about hardship—it’s about responsibility to future generations. By leading with a ban, the government can encourage innovation and set a clear standard for sustainable living. This is a simple, effective step toward a cleaner, healthier planet.",conditional,availability_of_alternatives,"If we can already replace single-use plastics with eco-friendly options like paper, glass, or plant-based materials, then a ban is not only possible but necessary to protect our environment.",conditional_availability_of_alternatives,"I should demonstrate that reusable, compostable, and biodegradable alternatives are available for bags, straws, containers, and packaging, making a ban practically feasible.",If,emphasis_and_evaluation,availability_of_alternatives,"Importantly, many everyday items—like grocery bags, food containers, and straws—are now available in reusable or compostable forms, so going plastic-free doesn’t mean giving up convenience.",emphasis_and_evaluation_availability_of_alternatives,"I should demonstrate that reusable, compostable, and biodegradable alternatives are available for bags, straws, containers, and packaging, making a ban practically feasible.",Importantly,emphasis_and_evaluation,availability_of_alternatives,"Importantly, many everyday items—like grocery bags, food containers, and straws—are now available in reusable or compostable forms, so going plastic-free doesn’t mean giving up convenience.",emphasis_and_evaluation_availability_of_alternatives,"I should demonstrate that reusable, compostable, and biodegradable alternatives are available for bags, straws, containers, and packaging, making a ban practically feasible.",Importantly
48,0.0,,,synthesis_strict,m1b,3,20260228_152612,1.3111903667449951,"If we can already replace single-use plastics with eco-friendly alternatives like paper, glass, and plant-based materials, then banning them isn’t just possible—it’s necessary. Importantly, many of these alternatives are already being used in stores, restaurants, and households—proving that a switch is not only possible but already happening. We’ve seen cities and countries successfully phase out plastic bags, straws, and cutlery, and people have adapted without major disruption. The planet can’t keep absorbing the tons of plastic waste that end up in oceans, landfills, and wildlife habitats. A total ban would force innovation, reduce pollution, and protect ecosystems for future generations. I’m not an expert, but as someone who wants clean water, healthy animals, and a safer world, I believe we can and should do better.",conditional,availability_of_alternatives,"If we can already replace single-use plastics with eco-friendly alternatives like paper, glass, and plant-based materials, then banning them isn’t just possible—it’s necessary.",conditional_availability_of_alternatives,"I should demonstrate that reusable, compostable, and biodegradable alternatives are available for bags, straws, containers, and packaging, making a ban practically feasible.",If,emphasis_and_evaluation,availability_of_alternatives,"Importantly, many of these alternatives are already being used in stores, restaurants, and households—proving that a switch is not only possible but already happening.",emphasis_and_evaluation_availability_of_alternatives,"I should demonstrate that reusable, compostable, and biodegradable alternatives are available for bags, straws, containers, and packaging, making a ban practically feasible.",Importantly,emphasis_and_evaluation,availability_of_alternatives,"Importantly, many of these alternatives are already being used in stores, restaurants, and households—proving that a switch is not only possible but already happening.",emphasis_and_evaluation_availability_of_alternatives,"I should demonstrate that reusable, compostable, and biodegradable alternatives are available for bags, straws, containers, and packaging, making a ban practically feasible.",Importantly
48,0.0,,,synthesis_strict,m1b,4,20260228_152612,1.528604507446289,"If we can already replace single-use plastics with reusable or biodegradable options like paper bags, metal straws, and compostable containers, then banning them is not only possible but necessary to protect our environment. Importantly, many everyday items we currently use once and throw away—like plastic bags, water bottles, and food packaging—can be replaced with sustainable alternatives that don’t harm our planet. These alternatives are already being adopted in stores, restaurants, and households around the world, proving that a shift is both feasible and practical. By banning single-use plastics, the government can push businesses and consumers toward greener habits that benefit the planet for future generations. This kind of policy isn’t about restricting freedom—it’s about protecting our shared environment. Every piece of plastic we avoid using today helps prevent pollution in our oceans, protects wildlife, and reduces the carbon footprint of manufacturing. A total ban is a bold but necessary step toward a cleaner, healthier world.",conditional,availability_of_alternatives,"If we can already replace single-use plastics with reusable or biodegradable options like paper bags, metal straws, and compostable containers, then banning them is not only possible but necessary to protect our environment.",conditional_availability_of_alternatives,"I should demonstrate that reusable, compostable, and biodegradable alternatives are available for bags, straws, containers, and packaging, making a ban practically feasible.",If,emphasis_and_evaluation,availability_of_alternatives,"Importantly, many everyday items we currently use once and throw away—like plastic bags, water bottles, and food packaging—can be replaced with sustainable alternatives that don’t harm our planet.",emphasis_and_evaluation_availability_of_alternatives,"I should demonstrate that reusable, compostable, and biodegradable alternatives are available for bags, straws, containers, and packaging, making a ban practically feasible.",Importantly,emphasis_and_evaluation,availability_of_alternatives,"Importantly, many everyday items we currently use once and throw away—like plastic bags, water bottles, and food packaging—can be replaced with sustainable alternatives that don’t harm our planet.",emphasis_and_evaluation_availability_of_alternatives,"I should demonstrate that reusable, compostable, and biodegradable alternatives are available for bags, straws, containers, and packaging, making a ban practically feasible.",Importantly
49,0.0,,,synthesis_strict,m1b,0,20260228_152612,1.2628793716430664,"If we can already replace single-use plastics with safer, reusable, or compostable options, then banning them is not only possible but necessary for protecting our environment. Moreover, countries like Rwanda and Kenya have successfully banned plastic bags and seen massive drops in plastic waste, proving that such bans are not only realistic but highly effective. Even in places like California and New York, plastic bag bans have reduced litter and protected wildlife without causing major disruptions. The harm caused by plastic pollution—clogging waterways, harming marine life, and contaminating our food chain—far outweighs the convenience of single-use items. It’s time we prioritize long-term environmental health over short-term convenience. A total ban is a bold but necessary step toward a cleaner, greener future for all.",conditional,availability_of_alternatives,"If we can already replace single-use plastics with safer, reusable, or compostable options, then banning them is not only possible but necessary for protecting our environment.",conditional_availability_of_alternatives,"I should demonstrate that reusable, compostable, and biodegradable alternatives are available for bags, straws, containers, and packaging, making a ban practically feasible.",If,addition_and_elaboration,success_of_existing_bans,"Moreover, countries like Rwanda and Kenya have successfully banned plastic bags and seen massive drops in plastic waste, proving that such bans are not only realistic but highly effective.",addition_and_elaboration_success_of_existing_bans,"I should examine case studies from Rwanda, the EU, Kenya, and various US states showing that bans are enforceable and produce measurable reductions in pollution.",Moreover,addition_and_elaboration,success_of_existing_bans,"Moreover, countries like Rwanda and Kenya have successfully banned plastic bags and seen massive drops in plastic waste, proving that such bans are not only realistic but highly effective.",addition_and_elaboration_success_of_existing_bans,"I should examine case studies from Rwanda, the EU, Kenya, and various US states showing that bans are enforceable and produce measurable reductions in pollution.",Moreover
49,0.0,,,synthesis_strict,m1b,1,20260228_152612,1.2991337776184082,"If we eliminate single-use plastics, we can still meet daily needs with eco-friendly options like paper bags, glass containers, and bamboo utensils, which are already widely available and affordable. Moreover, countries like Rwanda and Kenya have successfully banned single-use plastics and seen dramatic improvements in cleanliness and waste management, proving such bans work in real-world conditions. These nations show that with proper planning and public support, a ban is not just possible but effective. Even in the US, states like California and Maine have implemented similar bans with positive environmental outcomes. Plastic pollution is harming our oceans, wildlife, and even our own health, so we must act decisively. A total ban is a necessary step to protect the planet for future generations. It’s time we stop making excuses and start protecting our environment.",conditional,availability_of_alternatives,"If we eliminate single-use plastics, we can still meet daily needs with eco-friendly options like paper bags, glass containers, and bamboo utensils, which are already widely available and affordable.",conditional_availability_of_alternatives,"I should demonstrate that reusable, compostable, and biodegradable alternatives are available for bags, straws, containers, and packaging, making a ban practically feasible.",If,addition_and_elaboration,success_of_existing_bans,"Moreover, countries like Rwanda and Kenya have successfully banned single-use plastics and seen dramatic improvements in cleanliness and waste management, proving such bans work in real-world conditions.",addition_and_elaboration_success_of_existing_bans,"I should examine case studies from Rwanda, the EU, Kenya, and various US states showing that bans are enforceable and produce measurable reductions in pollution.",Moreover,addition_and_elaboration,success_of_existing_bans,"Moreover, countries like Rwanda and Kenya have successfully banned single-use plastics and seen dramatic improvements in cleanliness and waste management, proving such bans work in real-world conditions.",addition_and_elaboration_success_of_existing_bans,"I should examine case studies from Rwanda, the EU, Kenya, and various US states showing that bans are enforceable and produce measurable reductions in pollution.",Moreover
49,0.0,,,synthesis_strict,m1b,2,20260228_152612,1.3516852855682373,"If we can already find eco-friendly options like paper bags, bamboo utensils, and compostable packaging, then banning single-use plastics is not only possible but necessary to protect our environment. Moreover, countries like Rwanda and Kenya have successfully banned single-use plastics and seen dramatic decreases in litter, proving that such laws work in real-world settings. Even in the US, states like California and Oregon have implemented bans with positive results in reducing plastic waste. Plastic pollution harms wildlife, contaminates our water, and contributes to climate change, so we can’t afford to wait any longer. A government-enforced ban would push businesses to innovate and consumers to change habits, leading to long-term environmental gains. It’s time to take responsibility for the damage we’ve caused and make a real, lasting change. This is not about inconvenience—it’s about protecting our planet for future generations.",conditional,availability_of_alternatives,"If we can already find eco-friendly options like paper bags, bamboo utensils, and compostable packaging, then banning single-use plastics is not only possible but necessary to protect our environment.",conditional_availability_of_alternatives,"I should demonstrate that reusable, compostable, and biodegradable alternatives are available for bags, straws, containers, and packaging, making a ban practically feasible.",If,addition_and_elaboration,success_of_existing_bans,"Moreover, countries like Rwanda and Kenya have successfully banned single-use plastics and seen dramatic decreases in litter, proving that such laws work in real-world settings.",addition_and_elaboration_success_of_existing_bans,"I should examine case studies from Rwanda, the EU, Kenya, and various US states showing that bans are enforceable and produce measurable reductions in pollution.",Moreover,addition_and_elaboration,success_of_existing_bans,"Moreover, countries like Rwanda and Kenya have successfully banned single-use plastics and seen dramatic decreases in litter, proving that such laws work in real-world settings.",addition_and_elaboration_success_of_existing_bans,"I should examine case studies from Rwanda, the EU, Kenya, and various US states showing that bans are enforceable and produce measurable reductions in pollution.",Moreover
49,0.0,,,synthesis_strict,m1b,3,20260228_152612,1.1922204494476318,"Single-use plastics are a major source of pollution, clogging waterways and harming wildlife, yet we already have viable alternatives like reusable bags, compostable containers, and biodegradable packaging that can meet our daily needs. Countries like Rwanda and Kenya have implemented total bans and seen dramatic reductions in plastic waste, proving such policies are not only possible but effective. Even in the United States, states like California and Hawaii have successfully reduced plastic use through similar legislation. A total ban would push businesses to innovate and consumers to change habits, leading to cleaner communities and healthier ecosystems. The environmental and public health benefits far outweigh the short-term inconvenience of adaptation. The time to act is now—protecting our planet starts with eliminating the most harmful and unnecessary waste. Let’s support a total ban on single-use plastics for a cleaner, safer future.",conditional,availability_of_alternatives,"If we switch to reusable or compostable alternatives, we can still meet our daily needs without relying on single-use plastics.",conditional_availability_of_alternatives,"I should demonstrate that reusable, compostable, and biodegradable alternatives are available for bags, straws, containers, and packaging, making a ban practically feasible.",If,addition_and_elaboration,success_of_existing_bans,"Moreover, countries like Rwanda and Kenya have successfully banned single-use plastics and drastically reduced plastic waste in their environments.",addition_and_elaboration_success_of_existing_bans,"I should examine case studies from Rwanda, the EU, Kenya, and various US states showing that bans are enforceable and produce measurable reductions in pollution.",Moreover,addition_and_elaboration,success_of_existing_bans,"Moreover, countries like Rwanda and Kenya have successfully banned single-use plastics and drastically reduced plastic waste in their environments.",addition_and_elaboration_success_of_existing_bans,"I should examine case studies from Rwanda, the EU, Kenya, and various US states showing that bans are enforceable and produce measurable reductions in pollution.",Moreover
49,0.0,,,synthesis_strict,m1b,4,20260228_152612,1.2253377437591553,"If we switch to reusable or compostable alternatives like paper, bamboo, or plant-based materials, we can still meet daily needs without relying on single-use plastics. Moreover, countries like Rwanda and Kenya have successfully implemented bans and seen dramatic decreases in plastic waste, proving these policies work in real-world settings. These bans haven’t caused major disruptions—instead, they’ve encouraged innovation in sustainable packaging and boosted local industries. The harm caused by plastic pollution to oceans, wildlife, and human health is too great to ignore, especially when better options exist. A total ban is a necessary step to protect our environment and future generations. We already have the tools and examples to make this change effective and manageable. It’s time we act decisively to end the plastic crisis.",conditional,availability_of_alternatives,"If we switch to reusable or compostable alternatives like paper, bamboo, or plant-based materials, we can still meet daily needs without relying on single-use plastics.",conditional_availability_of_alternatives,"I should demonstrate that reusable, compostable, and biodegradable alternatives are available for bags, straws, containers, and packaging, making a ban practically feasible.",If,addition_and_elaboration,success_of_existing_bans,"Moreover, countries like Rwanda and Kenya have successfully implemented bans and seen dramatic decreases in plastic waste, proving these policies work in real-world settings.",addition_and_elaboration_success_of_existing_bans,"I should examine case studies from Rwanda, the EU, Kenya, and various US states showing that bans are enforceable and produce measurable reductions in pollution.",Moreover,addition_and_elaboration,success_of_existing_bans,"Moreover, countries like Rwanda and Kenya have successfully implemented bans and seen dramatic decreases in plastic waste, proving these policies work in real-world settings.",addition_and_elaboration_success_of_existing_bans,"I should examine case studies from Rwanda, the EU, Kenya, and various US states showing that bans are enforceable and produce measurable reductions in pollution.",Moreover
