trajectory_rank,predicted_score,actual_score_mean,n_observed,experiment_mode,selection_mode,sample_idx,timestamp,runtime_seconds,final_argument,structure_1,content_1,step_1_reasoning,step_1_action_actual,step_1_internal_reasoning,step_1_prefix,structure_2,content_2,step_2_reasoning,step_2_action_actual,step_2_internal_reasoning,step_2_prefix,structure_3,content_3,step_3_reasoning,step_3_action_actual,step_3_internal_reasoning,step_3_prefix,source,arg_length,arg_id,bt_score
463842,1.3817025915049437,,,synthesis_faithful,targeted,0,20260206_121005,1.169121503829956,"A total ban on single-use plastics is a necessary and achievable step to protect our environment and public health. Governments have successfully banned other harmful products in the past, such as tobacco and leaded gasoline, showing that such regulations are both practical and effective. Countries like Canada and the EU have already introduced partial bans with clear reductions in plastic waste and pollution, proving that these policies can work on a large scale. Furthermore, plastic pollution harms vulnerable communities and future generations the most, making a ban not just an environmental priority but a moral one. With better alternatives like reusable or biodegradable materials already available, the transition is both feasible and responsible. Therefore, a government-enforced total ban is the best path forward to secure a cleaner, healthier planet for everyone.",evidence_and_authority,feasibility_and_implementation,"Evidence shows that governments can enforce bans on harmful products like tobacco and leaded gasoline, indicating that a ban on single-use plastics is feasible.",evidence_and_authority_feasibility_and_implementation,I should evaluate whether the proposal can actually be implemented and enforced effectively. ,Evidence shows that,addition_and_elaboration,precedent_and_long_term_effects,"Moreover, countries like Canada and the EU have already implemented partial bans with measurable environmental benefits, proving that such regulations can succeed and inspire broader change.",addition_and_elaboration_precedent_and_long_term_effects,"I should evaluate historical precedents, long-term vs short-term tradeoffs, and obligations to future generations. ",Moreover,evidence_and_authority,justice_and_fairness,"Evidence shows that the burden of plastic pollution falls disproportionately on low-income communities and future generations, making a ban a matter of environmental justice.",evidence_and_authority_justice_and_fairness,"I should analyze whether outcomes, processes, and distributions are fair to all parties involved. ",Evidence shows that,targeted,880,175,73.56165951483798
48,0.0,,,synthesis_faithful,random,0,20260206_121538,1.3413562774658203,"Single-use plastics are a major source of pollution that harms wildlife, clogs landfills, and contaminates waterways, and the government has a responsibility to protect public health and the environment. A total ban is both necessary and feasible, as seen in nations like Canada and the EU, where plastic bans have led to measurable reductions in plastic waste without causing major economic disruptions. With proper support for businesses and consumers, the transition to reusable or compostable alternatives is not only possible but already underway. Rather than waiting for the problem to worsen, acting now prevents long-term ecological damage and encourages innovation. The cost of inaction—on our planet and future generations—is far greater than the short-term adjustments required by a ban. For the sake of cleaner communities, healthier ecosystems, and sustainable living, a government-enforced ban on single-use plastics is the right and responsible choice.",sequence_and_transition,cost_benefit_and_impact_analysis,"Next, I must emphasize the environmental harm caused by single-use plastics—especially their persistence in ecosystems and harm to wildlife—and link that directly to the need for government intervention.",sequence_and_transition_cost_benefit_and_impact_analysis,"I should quantify and compare costs, benefits, and real-world impacts across economic, social, and environmental dimensions. ",Next,concession_and_contrast,feasibility_and_implementation,"However, banning single-use plastics is both necessary and achievable because governments can use regulations and incentives to shift consumer habits and drive innovation in sustainable alternatives.",concession_and_contrast_feasibility_and_implementation,I should evaluate whether the proposal can actually be implemented and enforced effectively. ,However,evidence_and_authority,cost_benefit_and_impact_analysis,"Evidence shows that countries with bans have seen reduced plastic pollution in oceans and landfills, and industries are already adapting with affordable, reusable, or biodegradable options.",evidence_and_authority_cost_benefit_and_impact_analysis,"I should quantify and compare costs, benefits, and real-world impacts across economic, social, and environmental dimensions. ",Evidence shows that,baseline,967,401,61.71587395135287
458056,1.3835697397260949,,,synthesis_faithful,targeted,2,20260206_121005,1.1796350479125977,"Single-use plastics are a major source of pollution, harming ecosystems and wildlife, especially in oceans where they break down into microplastics that enter the food chain. These materials can take centuries to degrade, leading to long-term environmental damage and increased cleanup costs. Countries like Rwanda and Kenya have demonstrated that strict bans are not only possible but effective, resulting in cleaner streets, reduced waste, and stronger public awareness. A nationwide ban would push innovation toward sustainable alternatives and reduce dependence on fossil fuels used in plastic production. While some industries may resist change, the long-term environmental and public health benefits far outweigh short-term inconveniences. The government has a responsibility to protect both current and future generations from preventable harm. Therefore, enforcing a total ban on single-use plastics is a necessary and achievable step toward a cleaner, healthier planet.",evidence_and_authority,risk_and_unintended_consequences,"Evidence shows that single-use plastics contribute significantly to pollution and harm wildlife, especially in oceans.",evidence_and_authority_risk_and_unintended_consequences,"I should identify risks, unintended outcomes, cascading effects, and potential for escalation. ",Evidence shows that,sequence_and_transition,cost_benefit_and_impact_analysis,"Next, these plastics often end up in landfills or natural environments where they take hundreds of years to decompose, causing long-term ecological damage.",sequence_and_transition_cost_benefit_and_impact_analysis,"I should quantify and compare costs, benefits, and real-world impacts across economic, social, and environmental dimensions. ",Next,exemplification,feasibility_and_implementation,"For example, countries like Rwanda and Kenya have successfully banned single-use plastics and seen substantial improvements in cleanliness and environmental health.",exemplification_feasibility_and_implementation,I should evaluate whether the proposal can actually be implemented and enforced effectively. ,For example,targeted,978,199,58.17165444964386
453256,1.451441093315914,,,synthesis_faithful,targeted,4,20260206_121005,1.2213571071624756,"Single-use plastics are a major source of pollution that harms wildlife, contaminates water supplies, and contributes to climate change, making a total ban essential for protecting the environment and public health. A government-enforced ban ensures fairness by preventing the most vulnerable communities from bearing the brunt of pollution and waste. Real-world examples, such as Rwanda and Kenya, demonstrate that comprehensive bans are not only possible but also lead to innovation and the development of reusable and biodegradable alternatives. By taking decisive action now, the government can prevent irreversible environmental damage and set a precedent for global sustainability. The long-term benefits to ecosystems, human health, and economic resilience far outweigh the short-term inconvenience of change. This is not just an environmental issue—it’s a moral and practical imperative for future generations.",evidence_and_authority,risk_and_unintended_consequences,"Evidence shows that single-use plastics pollute oceans, harm wildlife, and persist in ecosystems for centuries, creating long-term environmental damage that compromises public health and natural resources.",evidence_and_authority_risk_and_unintended_consequences,"I should identify risks, unintended outcomes, cascading effects, and potential for escalation. ",Evidence shows that,addition_and_elaboration,justice_and_fairness,"Moreover, a total ban ensures all citizens and businesses contribute equally to environmental protection, avoiding the burden of pollution falling disproportionately on low-income communities and marginalized regions.",addition_and_elaboration_justice_and_fairness,"I should analyze whether outcomes, processes, and distributions are fair to all parties involved. ",Moreover,exemplification,feasibility_and_implementation,"For example, countries like Rwanda and Kenya have successfully implemented strict bans, proving that such policies are feasible and can drive innovation in sustainable alternatives.",exemplification_feasibility_and_implementation,I should evaluate whether the proposal can actually be implemented and enforced effectively. ,For example,targeted,918,187,50.74845063774001
443056,1.3746983650092697,,,synthesis_faithful,targeted,0,20260206_121005,1.0488431453704834,"Governments have a responsibility to protect public health and the environment, and banning single-use plastics is a necessary step to prevent widespread pollution. The harm caused by plastic waste—such as ocean contamination, wildlife deaths, and microplastic infiltration in food chains—poses serious risks that justify strong regulatory action. Many nations, including Rwanda and Canada, have already proven that total bans are enforceable and lead to cleaner communities and reduced waste. While some argue about economic disruption, the long-term savings in environmental cleanup and healthcare costs far exceed any short-term inconveniences. A ban encourages innovation in sustainable alternatives and shifts consumer behavior toward more responsible choices. Ultimately, a government-mandated ban is a practical and ethical solution to a global crisis.",evidence_and_authority,governance_and_accountability,Evidence shows that governments have the authority and responsibility to regulate harmful products for public and environmental safety.,evidence_and_authority_governance_and_accountability,"I should consider legal frameworks, accountability mechanisms, democratic principles, and proper authority. ",Evidence shows that,addition_and_elaboration,cost_benefit_and_impact_analysis,"Moreover, the long-term environmental and health costs of single-use plastics far outweigh any short-term economic convenience.",addition_and_elaboration_cost_benefit_and_impact_analysis,"I should quantify and compare costs, benefits, and real-world impacts across economic, social, and environmental dimensions. ",Moreover,exemplification,feasibility_and_implementation,"For example, countries like Rwanda and Canada have successfully implemented bans, showing that enforcement is both feasible and effective.",exemplification_feasibility_and_implementation,I should evaluate whether the proposal can actually be implemented and enforced effectively. ,For example,targeted,859,163,38.55909274151971
465844,1.5293166057761014,,,synthesis_faithful,targeted,1,20260206_121005,1.2945606708526611,"The government should enforce a total ban on single-use plastics because it is both practical and necessary for protecting the environment and public health. Countries like Canada, the European Union, Kenya, and Rwanda have already implemented such bans successfully, showing that enforcement is achievable and leads to measurable reductions in pollution. These bans have also driven innovation in reusable and biodegradable alternatives, proving that sustainable options are viable. As citizens, we have a shared responsibility to preserve the planet for future generations, and government action is essential to make that possible. The government has the legal and moral authority to take this step, especially when public health and ecosystems are at risk. Without strong, enforceable rules, individuals and companies will continue to prioritize convenience over long-term environmental well-being. Therefore, a total ban is a responsible, effective, and necessary policy move.",evidence_and_authority,feasibility_and_implementation,"Evidence shows that governments have successfully implemented bans on single-use plastics in multiple countries, such as Canada and the European Union, proving that such enforcement is feasible and practical.",evidence_and_authority_feasibility_and_implementation,I should evaluate whether the proposal can actually be implemented and enforced effectively. ,Evidence shows that,exemplification,precedent_and_long_term_effects,"For example, plastic bans in places like Kenya and Rwanda have drastically reduced plastic pollution and encouraged innovation in sustainable alternatives, showing long-term environmental benefits outweigh short-term inconveniences.",exemplification_precedent_and_long_term_effects,"I should evaluate historical precedents, long-term vs short-term tradeoffs, and obligations to future generations. ",For example,evidence_and_authority,governance_and_accountability,"Evidence shows that governments have the legal authority and responsibility to protect public health and the environment, and banning harmful materials like single-use plastics falls within this duty.",evidence_and_authority_governance_and_accountability,"I should consider legal frameworks, accountability mechanisms, democratic principles, and proper authority. ",Evidence shows that,targeted,980,200,30.208193596174628
493256,1.3711726293106918,,,synthesis_faithful,targeted,3,20260206_121005,1.0598433017730713,"The government should enforce a total ban on single-use plastics because individual and corporate actions alone are insufficient to address the scale of plastic pollution. Without strong policy intervention, the environmental and health costs continue to grow, especially in marginalized communities that bear the brunt of plastic waste. Real-world examples like Rwanda and Kenya demonstrate that comprehensive bans are not only possible but effective when supported by clear regulations and public education. A government-led ban ensures that everyone shares the responsibility fairly and that solutions are consistent rather than patchy. This approach protects natural ecosystems, reduces cleanup costs, and promotes innovation in sustainable alternatives. Ultimately, a total ban is a necessary step toward long-term environmental and public health protection.",evidence_and_authority,stakeholder_responsibility,Evidence shows that government intervention is essential because individuals and businesses cannot reliably self-regulate to reduce plastic pollution at scale.,evidence_and_authority_stakeholder_responsibility,"I should analyze who bears responsibility—whether government, individuals, corporations, or other institutions. ",Evidence shows that,addition_and_elaboration,justice_and_fairness,"Moreover, a total ban ensures fairness by preventing the burden of plastic waste from disproportionately affecting low-income communities and vulnerable ecosystems.",addition_and_elaboration_justice_and_fairness,"I should analyze whether outcomes, processes, and distributions are fair to all parties involved. ",Moreover,exemplification,feasibility_and_implementation,"For example, countries like Rwanda and Kenya have successfully implemented strict bans, proving that enforcement is feasible with political will and public support.",exemplification_feasibility_and_implementation,I should evaluate whether the proposal can actually be implemented and enforced effectively. ,For example,targeted,863,164,9.416830076197755
423256,1.3711726293106918,,,synthesis_faithful,targeted,3,20260206_121005,1.1555864810943604,"Single-use plastics harm the environment and disproportionately impact marginalized communities, especially those living near waste sites or relying on clean water and healthy ecosystems. These materials pollute oceans, endanger marine life, and damage industries like fishing and tourism that depend on natural resources. However, bans are enforceable—nations like Rwanda and Kenya have proven that strict regulations can work with public awareness and consistent enforcement. A government-led ban would promote environmental justice by reducing pollution where it hurts most. It’s time to act decisively for the planet and for people who are least responsible but most affected. A total ban on single-use plastics is a necessary and achievable step toward a cleaner, fairer future.",evidence_and_authority,justice_and_fairness,"Evidence shows that single-use plastics disproportionately harm marginalized communities, especially low-income and minority populations who often live near landfills or are overexposed to plastic pollution.",evidence_and_authority_justice_and_fairness,"I should analyze whether outcomes, processes, and distributions are fair to all parties involved. ",Evidence shows that,addition_and_elaboration,justice_and_fairness,"Moreover, plastic waste accumulates in oceans and waterways, threatening marine life and disrupting ecosystems that support livelihoods such as fishing and tourism—especially in vulnerable coastal communities.",addition_and_elaboration_justice_and_fairness,"I should analyze whether outcomes, processes, and distributions are fair to all parties involved. ",Moreover,exemplification,feasibility_and_implementation,"For example, countries like Rwanda and Kenya have successfully implemented strict bans on plastic bags, demonstrating that enforcement is possible with political will and public cooperation.",exemplification_feasibility_and_implementation,I should evaluate whether the proposal can actually be implemented and enforced effectively. ,For example,targeted,783,99,7.397442785503204
463844,1.449528471438994,,,synthesis_faithful,targeted,3,20260206_121005,1.301154375076294,"A total ban on single-use plastics is a necessary and achievable step to protect our environment and public health. Countries like Canada, the UK, and members of the EU have already implemented such bans with measurable success, proving that they are practical and enforceable. While some may worry about short-term inconvenience, history shows that society can adapt—just as it did with leaded gasoline and CFCs—when strong environmental regulations are in place. Governments have a clear duty to act in the public interest, and banning these harmful materials is a responsible use of their authority. The long-term benefits, including cleaner oceans, reduced pollution, and protection for wildlife, far outweigh the temporary challenges of change. Ultimately, this ban is not just about convenience—it’s about preserving a livable planet for future generations.",evidence_and_authority,feasibility_and_implementation,"Evidence shows that banning single-use plastics is both feasible and already being successfully implemented in various countries, proving that such a ban can work in real-world conditions.",evidence_and_authority_feasibility_and_implementation,I should evaluate whether the proposal can actually be implemented and enforced effectively. ,Evidence shows that,addition_and_elaboration,precedent_and_long_term_effects,"Moreover, past environmental bans—like those on leaded gasoline or CFCs—demonstrated that society can adapt to new regulations, and the long-term benefits to our planet far outweigh temporary inconvenience.",addition_and_elaboration_precedent_and_long_term_effects,"I should evaluate historical precedents, long-term vs short-term tradeoffs, and obligations to future generations. ",Moreover,evidence_and_authority,governance_and_accountability,"Evidence shows that governments have the legal authority to regulate harmful materials, and a ban on single-use plastics aligns with their responsibility to protect public health and the environment.",evidence_and_authority_governance_and_accountability,"I should consider legal frameworks, accountability mechanisms, democratic principles, and proper authority. ",Evidence shows that,targeted,863,165,6.856119568545581
463852,1.4933226899583765,,,synthesis_faithful,targeted,2,20260206_121005,1.298757553100586,"A total ban on single-use plastics is a necessary and achievable step to protect our environment and public health. Countries like Canada and the European Union have already implemented such bans with measurable success, showing that enforcement is realistic with proper planning and public support. Just as bans on cigarette advertising and leaded gasoline were once resisted but are now seen as essential for society, eliminating single-use plastics addresses a long-term crisis that future generations deserve to inherit a cleaner planet. While some industries may need time to adapt, affordable and reusable alternatives are increasingly available, minimizing hardship for everyday people. The environmental damage caused by plastic waste—polluting oceans, harming wildlife, and contributing to microplastic contamination—far outweighs the temporary inconvenience of change. By taking bold action now, governments can lead a sustainable shift that benefits everyone, not just the present but also future generations.",evidence_and_authority,feasibility_and_implementation,"Evidence shows that banning single-use plastics is not only feasible but also already successfully implemented in several countries and cities, proving that enforcement is possible with political will and public cooperation.",evidence_and_authority_feasibility_and_implementation,I should evaluate whether the proposal can actually be implemented and enforced effectively. ,Evidence shows that,addition_and_elaboration,precedent_and_long_term_effects,"Moreover, similar bans on harmful products like tobacco and leaded gasoline were once controversial but are now widely accepted as necessary for public health and environmental protection.",addition_and_elaboration_precedent_and_long_term_effects,"I should evaluate historical precedents, long-term vs short-term tradeoffs, and obligations to future generations. ",Moreover,exemplification,justice_and_fairness,"For example, while some businesses may face short-term challenges, reusable alternatives are becoming more accessible and affordable, reducing the burden on consumers and small vendors.",exemplification_justice_and_fairness,"I should analyze whether outcomes, processes, and distributions are fair to all parties involved. ",For example,targeted,1020,202,5.979812344714164
48,0.0,,,synthesis_faithful,random,1,20260206_121538,1.3437533378601074,"Single-use plastics are a major source of pollution that harms wildlife, contaminates waterways, and contributes to climate change—this damage is not just temporary but often irreversible. While some might argue that banning them is too difficult or costly, history shows that tough environmental regulations, like those on smoking or leaded gasoline, can be enforced and lead to big improvements without crippling economies. In fact, many communities and countries have already adopted bans and seen success using affordable and reusable alternatives like cloth bags, metal containers, and compostable packaging. The long-term benefits—cleaner oceans, healthier ecosystems, and reduced waste—far outweigh the short-term inconvenience of change. It’s time we take this step for the planet and future generations, not because it’s easy, but because it’s right.",sequence_and_transition,cost_benefit_and_impact_analysis,"Next, I’ll show that the environmental harm caused by single-use plastics is severe and irreversible, affecting ecosystems, wildlife, and human health—making a total ban a necessary and urgent step.",sequence_and_transition_cost_benefit_and_impact_analysis,"I should quantify and compare costs, benefits, and real-world impacts across economic, social, and environmental dimensions. ",Next,concession_and_contrast,feasibility_and_implementation,"However, just because something is hard doesn’t mean we shouldn’t do it—many important changes, like banning smoking in public places, were once seen as difficult but are now widely accepted and beneficial.",concession_and_contrast_feasibility_and_implementation,I should evaluate whether the proposal can actually be implemented and enforced effectively. ,However,evidence_and_authority,cost_benefit_and_impact_analysis,"Evidence shows that alternatives like paper, glass, and reusable materials are already available and cost-effective at scale, and many countries have successfully phased out single-use plastics without major economic disruption.",evidence_and_authority_cost_benefit_and_impact_analysis,"I should quantify and compare costs, benefits, and real-world impacts across economic, social, and environmental dimensions. ",Evidence shows that,baseline,859,367,5.629449469801866
493256,1.3711726293106918,,,synthesis_faithful,targeted,1,20260206_121005,1.1100482940673828,"The government should enforce a total ban on single-use plastics because individual efforts alone can't solve the widespread pollution crisis—systemic change requires government leadership. A ban would be fairer, as it shifts responsibility from vulnerable communities, who often bear the brunt of plastic waste, to the corporations and policymakers who profit from and produce it. Real-world examples, such as Rwanda and Kenya, show that strict plastic bans can be successfully implemented and enforced with clear regulations and penalties. This approach protects the environment, public health, and future generations while encouraging innovation in sustainable alternatives. Without a government mandate, progress will remain slow and inconsistent. Therefore, a total ban is both necessary and achievable.",evidence_and_authority,stakeholder_responsibility,"Evidence shows that individual actions alone are insufficient to address the scale of plastic pollution, and the government has a responsibility to lead systemic change.",evidence_and_authority_stakeholder_responsibility,"I should analyze who bears responsibility—whether government, individuals, corporations, or other institutions. ",Evidence shows that,addition_and_elaboration,justice_and_fairness,"Moreover, a total ban would ensure fairness by shifting the burden of cleanup and environmental harm from marginalized communities to the producers and policymakers who enable this crisis.",addition_and_elaboration_justice_and_fairness,"I should analyze whether outcomes, processes, and distributions are fair to all parties involved. ",Moreover,exemplification,feasibility_and_implementation,"For example, countries like Rwanda and Kenya have successfully implemented and enforced plastic bans with strong penalties, proving it’s feasible even in diverse contexts.",exemplification_feasibility_and_implementation,I should evaluate whether the proposal can actually be implemented and enforced effectively. ,For example,targeted,808,126,5.124367757197245
463056,1.5280562254527794,,,synthesis_faithful,targeted,1,20260206_121005,1.2663943767547607,"Single-use plastics cause massive environmental harm, polluting oceans, harming wildlife, and contributing to long-term waste problems. A total government ban is necessary to stop this damage at the source, especially since alternatives like reusable or biodegradable materials are already available and affordable. Countries like Canada and the UK have already proven that such bans are practical and effective in real-world settings. While there may be short-term inconvenience, the long-term benefits—cleaner communities, healthier ecosystems, and reduced cleanup costs—far outweigh these challenges. The government has a responsibility to protect public health and the environment, and a total ban is the most decisive way to do so. With proper planning and public education, the transition can be smooth and widely supported. Therefore, enforcing a total ban on single-use plastics is not only necessary but also achievable and ultimately beneficial for everyone.",evidence_and_authority,feasibility_and_implementation,Evidence shows that many countries that have implemented bans on single-use plastics have seen measurable improvements in environmental health and waste reduction.,evidence_and_authority_feasibility_and_implementation,I should evaluate whether the proposal can actually be implemented and enforced effectively. ,Evidence shows that,addition_and_elaboration,cost_benefit_and_impact_analysis,"Moreover, the long-term savings in cleanup costs, reduced pollution in oceans, and lower environmental damage far outweigh the short-term inconvenience and economic adjustments.",addition_and_elaboration_cost_benefit_and_impact_analysis,"I should quantify and compare costs, benefits, and real-world impacts across economic, social, and environmental dimensions. ",Moreover,exemplification,feasibility_and_implementation,"For example, countries like Canada and the UK have successfully phased out single-use plastics in public institutions, proving that such bans are feasible and enforceable without major disruption.",exemplification_feasibility_and_implementation,I should evaluate whether the proposal can actually be implemented and enforced effectively. ,For example,targeted,968,197,5.123511977868228
465856,1.5503684124529828,,,synthesis_faithful,targeted,3,20260206_121005,1.1508359909057615,"Single-use plastics are a major contributor to pollution, clogging oceans and harming wildlife, and a government-enforced ban would drastically reduce this environmental damage. Countries like Rwanda and Kenya have already proven that such bans are feasible and effective, leading to cleaner cities and healthier ecosystems. While there may be short-term challenges for businesses, governments can support a transition by promoting sustainable alternatives like paper, glass, or compostable materials. With proper planning and public education, the shift away from single-use plastics is not only possible but necessary for protecting the planet. Given the long-term benefits for public health and the environment, a total ban is a responsible and forward-thinking policy. We owe it to future generations to act now and stop polluting our world with disposable plastics.",evidence_and_authority,feasibility_and_implementation,"Evidence shows that single-use plastics are a major source of pollution, especially in oceans and landfills, and a total ban would significantly reduce this harm.",evidence_and_authority_feasibility_and_implementation,I should evaluate whether the proposal can actually be implemented and enforced effectively. ,Evidence shows that,exemplification,precedent_and_long_term_effects,"For example, countries like Rwanda and Kenya have successfully banned plastic bags and seen major improvements in cleanliness and environmental health.",exemplification_precedent_and_long_term_effects,"I should evaluate historical precedents, long-term vs short-term tradeoffs, and obligations to future generations. ",For example,exemplification,feasibility_and_implementation,"For example, governments can support alternative materials like paper, glass, or compostable options, and businesses can adapt over time with proper planning.",exemplification_feasibility_and_implementation,I should evaluate whether the proposal can actually be implemented and enforced effectively. ,For example,targeted,870,171,4.977926249863318
465844,1.5293166057761014,,,synthesis_faithful,targeted,0,20260206_121005,1.087376832962036,"Single-use plastics are a major source of pollution that harms wildlife, clogs waterways, and takes centuries to decompose, so a total ban is necessary to protect the environment. Countries like Rwanda and Kenya have proven that such bans are not only possible but also effective in drastically reducing plastic waste. It's reasonable for governments to regulate harmful products—just as they have banned tobacco advertising and leaded gasoline—to safeguard public and environmental health. A ban would encourage innovation in sustainable alternatives and shift consumer habits toward long-term environmental responsibility. This isn't an overreach—it's a necessary step to protect future generations from irreversible ecological damage. Without strong government action, individual efforts will never be enough to solve this global crisis.",evidence_and_authority,feasibility_and_implementation,"Evidence shows that single-use plastics contribute heavily to pollution and harm ecosystems, and a total ban would significantly reduce environmental damage.",evidence_and_authority_feasibility_and_implementation,I should evaluate whether the proposal can actually be implemented and enforced effectively. ,Evidence shows that,exemplification,precedent_and_long_term_effects,"For example, countries like Rwanda and Kenya have successfully enforced bans on plastic bags, proving such policies are both feasible and effective.",exemplification_precedent_and_long_term_effects,"I should evaluate historical precedents, long-term vs short-term tradeoffs, and obligations to future generations. ",For example,evidence_and_authority,governance_and_accountability,Evidence shows that governments already regulate harmful products like tobacco and leaded gasoline—banning single-use plastics falls within this ethical and legal framework.,evidence_and_authority_governance_and_accountability,"I should consider legal frameworks, accountability mechanisms, democratic principles, and proper authority. ",Evidence shows that,targeted,840,151,2.4736612375792
403256,1.3711726293106918,,,synthesis_faithful,targeted,4,20260206_121005,1.072685480117798,"Single-use plastics are a major source of pollution, harming ecosystems and endangering wildlife, especially in oceans and landfills. The environmental damage they cause doesn’t just affect nature—it disproportionately impacts low-income communities and future generations who inherit a degraded planet. Real-world examples prove that total bans are not only possible but effective, as seen in countries like Rwanda and Kenya, where strict enforcement has led to cleaner cities and healthier environments. A government ban would drive innovation in sustainable alternatives and signal a clear commitment to long-term environmental protection. While some may worry about economic disruption, the long-term benefits far outweigh the short-term costs. The government has a responsibility to protect public health and the planet, and a total ban is a necessary and achievable step toward that goal.",evidence_and_authority,cost_benefit_and_impact_analysis,"Evidence shows that single-use plastics contribute significantly to pollution, especially in oceans and landfills, harming wildlife and ecosystems.",evidence_and_authority_cost_benefit_and_impact_analysis,"I should quantify and compare costs, benefits, and real-world impacts across economic, social, and environmental dimensions. ",Evidence shows that,addition_and_elaboration,justice_and_fairness,"Moreover, the long-term environmental damage caused by plastic waste disproportionately affects vulnerable communities and future generations.",addition_and_elaboration_justice_and_fairness,"I should analyze whether outcomes, processes, and distributions are fair to all parties involved. ",Moreover,exemplification,feasibility_and_implementation,"For example, countries like Rwanda and Kenya have successfully implemented total bans and seen dramatic improvements in cleanliness and environmental health.",exemplification_feasibility_and_implementation,I should evaluate whether the proposal can actually be implemented and enforced effectively. ,For example,targeted,894,183,2.384765805163503
464852,1.3808269370723456,,,synthesis_faithful,targeted,2,20260206_121005,1.1901686191558838,"A total ban on single-use plastics is necessary to protect our environment and public health. Governments have a responsibility to act decisively against products that cause lasting harm, and history shows that bans on harmful items like tobacco and leaded gasoline are both effective and enforceable. Countries such as Canada and the European Union have already implemented similar bans with measurable success, reducing plastic pollution and encouraging innovation in sustainable alternatives. These efforts haven’t caused widespread economic hardship, and many communities have adapted through accessible, affordable reusable options. Since single-use plastics take hundreds of years to decompose and frequently end up in oceans and ecosystems, continuing their use is irresponsible. A total ban is not only possible but essential to safeguard the planet for future generations.",evidence_and_authority,feasibility_and_implementation,"Evidence shows that governments can successfully enforce bans on harmful products, such as tobacco or leaded gasoline, which suggests that a ban on single-use plastics is feasible.",evidence_and_authority_feasibility_and_implementation,I should evaluate whether the proposal can actually be implemented and enforced effectively. ,Evidence shows that,evidence_and_authority,precedent_and_long_term_effects,"Evidence shows that countries like Canada and the EU have already implemented successful bans on single-use plastics, proving that such policies can be effective without causing major economic disruption.",evidence_and_authority_precedent_and_long_term_effects,"I should evaluate historical precedents, long-term vs short-term tradeoffs, and obligations to future generations. ",Evidence shows that,exemplification,justice_and_fairness,"For example, banning plastic bags has led to significant reductions in litter and pollution without disproportionately hurting low-income communities, as free or low-cost reusable alternatives are often made available.",exemplification_justice_and_fairness,"I should analyze whether outcomes, processes, and distributions are fair to all parties involved. ",For example,targeted,881,177,2.3444107454890153
413056,1.3746983650092697,,,synthesis_faithful,targeted,3,20260206_121005,1.5704891681671145,"The government should enforce a total ban on single-use plastics because the environmental harm they cause—such as ocean pollution, wildlife death, and long-term ecosystem damage—poses a serious threat to human health and the planet we all depend on. Banning these items isn’t about restricting personal freedom; it’s about protecting public well-being and ensuring a cleaner, safer future for everyone. Practical alternatives like reusable bags and biodegradable packaging are already available and affordable, making the shift easy for ordinary people. Countries like Rwanda and Kenya have already proven that strict plastic bans work, with major improvements in cleanliness and environmental health. The cost of inaction—both environmental and economic—is far greater than the effort required to make the switch. Therefore, a total ban is a responsible and achievable step toward protecting our planet and future generations.",evidence_and_authority,rights_and_liberties,"Evidence shows that governments have an obligation to protect the public from preventable harm, particularly when it comes to environmental threats that affect everyone, such as plastic pollution. The harm caused by single-use plastics—like ocean contamination, wildlife death, and long-term ecosystem damage—is well-documented and poses a serious risk to human health and planetary stability.",evidence_and_authority_rights_and_liberties,"I should consider inalienable human rights, civil liberties, privacy protections, and the freedom to make one's own choices. ",Evidence shows that,addition_and_elaboration,cost_benefit_and_impact_analysis,"Moreover, banning single-use plastics is not an infringement on personal freedom—it’s a necessary step toward safeguarding the environment we all share. Alternatives like reusable bags, containers, and biodegradable materials are widely available and affordable, making the transition manageable for everyday life.",addition_and_elaboration_cost_benefit_and_impact_analysis,"I should quantify and compare costs, benefits, and real-world impacts across economic, social, and environmental dimensions. ",Moreover,exemplification,feasibility_and_implementation,"For example, countries like Rwanda and Kenya have successfully implemented strict plastic bans and seen dramatic reductions in pollution, proving that such policies are both feasible and effective when enforced with strong public support.",exemplification_feasibility_and_implementation,I should evaluate whether the proposal can actually be implemented and enforced effectively. ,For example,targeted,928,192,2.2911766502937474
493056,1.3746983650092697,,,synthesis_faithful,targeted,3,20260206_121005,1.1656334400177002,"Single-use plastics are a major source of pollution that harms wildlife, clogs waterways, and contributes to climate change, and individual actions alone can’t fix such a widespread problem. The government has the authority and responsibility to enforce broad, consistent policies that hold industries accountable and protect public health and the environment. A total ban would shift the burden from consumers to producers and incentivize innovation in reusable and biodegradable materials. Countries like Rwanda and Kenya have already proven that such bans are feasible and effective, leading to cleaner cities and reduced plastic waste. Without strong government action, we’ll continue to face worsening environmental damage and higher cleanup costs. Therefore, a total ban on single-use plastics is not only necessary but achievable, and it’s the most responsible path forward for our planet and future generations.",evidence_and_authority,stakeholder_responsibility,"Evidence shows that individual efforts alone are insufficient to stop the massive pollution caused by single-use plastics, and that systemic change requires government intervention.",evidence_and_authority_stakeholder_responsibility,"I should analyze who bears responsibility—whether government, individuals, corporations, or other institutions. ",Evidence shows that,addition_and_elaboration,cost_benefit_and_impact_analysis,"Moreover, a government-enforced ban would reduce long-term environmental and healthcare costs, while encouraging innovation in sustainable alternatives.",addition_and_elaboration_cost_benefit_and_impact_analysis,"I should quantify and compare costs, benefits, and real-world impacts across economic, social, and environmental dimensions. ",Moreover,exemplification,feasibility_and_implementation,"For example, countries like Rwanda and Rwanda have already enforced bans with success, proving that such policies are workable and scalable.",exemplification_feasibility_and_implementation,I should evaluate whether the proposal can actually be implemented and enforced effectively. ,For example,targeted,919,188,2.2112491162247037
463254,1.3743228339534557,,,synthesis_faithful,targeted,2,20260206_121005,1.2384653091430664,"A total ban on single-use plastics is essential because it has already proven effective in cities and countries that have implemented it, leading to measurable reductions in plastic pollution. These bans protect the environment and public health by preventing harmful plastic waste from contaminating oceans, rivers, and landfills, which often harms vulnerable communities the most. Just as governments regulate dangerous materials like asbestos or lead, banning single-use plastics is a responsible use of authority to prioritize long-term safety over short-term convenience. The transition to reusable or biodegradable alternatives is already underway and supported by innovation and public awareness. With proper education and enforcement, such a ban is not only fair but necessary for a sustainable future. We all have a stake in clean air, water, and soil—this ban is a simple, powerful way to protect them for everyone.",evidence_and_authority,feasibility_and_implementation,"Evidence shows that existing single-use plastic bans in cities and countries have reduced plastic waste significantly, proving that enforcement is feasible and impactful.",evidence_and_authority_feasibility_and_implementation,I should evaluate whether the proposal can actually be implemented and enforced effectively. ,Evidence shows that,addition_and_elaboration,justice_and_fairness,"Moreover, a total ban would protect the environment and public health by reducing pollution in oceans and landfills, which disproportionately affect low-income communities.",addition_and_elaboration_justice_and_fairness,"I should analyze whether outcomes, processes, and distributions are fair to all parties involved. ",Moreover,exemplification,governance_and_accountability,"For example, governments already regulate harmful substances and products through laws—banning single-use plastics is a similar, necessary step to safeguard long-term societal well-being.",exemplification_governance_and_accountability,"I should consider legal frameworks, accountability mechanisms, democratic principles, and proper authority. ",For example,targeted,925,191,2.1367214518264612
463856,1.5705258688030022,,,synthesis_faithful,targeted,1,20260206_121005,1.0745079517364502,"Single-use plastics cause widespread environmental harm, polluting oceans, harming wildlife, and taking hundreds of years to break down. A total government ban would drastically reduce this pollution and protect ecosystems for future generations. While some may worry about inconvenience, reusable alternatives like cloth bags and metal containers are readily available and more sustainable in the long run. Countries like Canada, Rwanda, and parts of the EU have already implemented such bans with positive results, showing it’s both practical and effective. With proper public education and support for businesses, a ban is not only achievable but necessary for a healthier planet. The short-term adjustments are far outweighed by the long-term benefits to our environment and public health.",evidence_and_authority,feasibility_and_implementation,"Evidence shows that single-use plastics are a major source of pollution, especially in oceans and waterways, and a total ban would significantly reduce this damage.",evidence_and_authority_feasibility_and_implementation,I should evaluate whether the proposal can actually be implemented and enforced effectively. ,Evidence shows that,addition_and_elaboration,precedent_and_long_term_effects,"Moreover, other countries have successfully implemented similar bans, proving that such policies are feasible and can lead to long-term environmental benefits.",addition_and_elaboration_precedent_and_long_term_effects,"I should evaluate historical precedents, long-term vs short-term tradeoffs, and obligations to future generations. ",Moreover,exemplification,feasibility_and_implementation,"For example, plastic bags are easily replaced with reusable alternatives, and businesses can adapt by offering sustainable packaging options.",exemplification_feasibility_and_implementation,I should evaluate whether the proposal can actually be implemented and enforced effectively. ,For example,targeted,793,107,1.726301581887054
463254,1.3743228339534557,,,synthesis_faithful,targeted,0,20260206_121005,1.1856350898742676,"The government should enforce a total ban on single-use plastics because it is a practical and necessary step to protect the environment and public health. Countries like Canada and the European Union have already implemented similar bans with measurable success in reducing plastic waste and ocean pollution. These bans are enforceable through clear regulations, public education, and support for businesses transitioning to reusable or biodegradable alternatives. By taking this action now, we can prevent long-term environmental damage and save money on cleanup and health costs later. The benefits far outweigh the short-term inconvenience, especially when sustainable options are becoming more common and affordable. As individuals, we have a shared responsibility to protect the planet for future generations, and a government ban is a strong, responsible way to ensure progress. This is not just about rules—it’s about building a cleaner, healthier world for everyone.",evidence_and_authority,feasibility_and_implementation,Evidence shows that banning single-use plastics is both feasible and already being successfully implemented in various countries and cities.,evidence_and_authority_feasibility_and_implementation,I should evaluate whether the proposal can actually be implemented and enforced effectively. ,Evidence shows that,addition_and_elaboration,justice_and_fairness,"Moreover, such a ban would reduce pollution, protect wildlife, and promote the use of sustainable alternatives that are increasingly affordable and accessible.",addition_and_elaboration_justice_and_fairness,"I should analyze whether outcomes, processes, and distributions are fair to all parties involved. ",Moreover,exemplification,governance_and_accountability,"For example, governments can enforce the ban through regulations, public awareness campaigns, and incentives for businesses to adopt eco-friendly packaging.",exemplification_governance_and_accountability,"I should consider legal frameworks, accountability mechanisms, democratic principles, and proper authority. ",For example,targeted,975,198,1.511701243112099
463842,1.3817025915049437,,,synthesis_faithful,targeted,1,20260206_121005,1.1642241477966309,"A total ban on single-use plastics is necessary to protect our environment and public health. Countries like Canada and the UK have already shown that such bans reduce plastic pollution and encourage people to adopt reusable alternatives. History proves that society can successfully eliminate harmful products—like leaded gasoline and CFCs—when the stakes are high, and we must act now to safeguard future generations. These plastics disproportionately harm low-income communities and fragile ecosystems, making a ban a step toward environmental and social justice. While some may worry about inconvenience, the long-term benefits far outweigh short-term challenges. A government-led ban ensures consistent action and drives innovation in sustainable alternatives. It’s time to prioritize the planet over convenience.",evidence_and_authority,feasibility_and_implementation,"Evidence shows that bans on single-use plastics are already working in countries like Canada and the UK, reducing plastic pollution and encouraging the use of reusable alternatives.",evidence_and_authority_feasibility_and_implementation,I should evaluate whether the proposal can actually be implemented and enforced effectively. ,Evidence shows that,addition_and_elaboration,precedent_and_long_term_effects,"Moreover, history shows that society has successfully phased out harmful products before—like leaded gasoline and CFCs—demonstrating that bans can work when public health and the environment are at stake.",addition_and_elaboration_precedent_and_long_term_effects,"I should evaluate historical precedents, long-term vs short-term tradeoffs, and obligations to future generations. ",Moreover,evidence_and_authority,justice_and_fairness,"Evidence shows that single-use plastics disproportionately harm low-income communities and vulnerable ecosystems, so a ban would promote fairness and protect the most affected.",evidence_and_authority_justice_and_fairness,"I should analyze whether outcomes, processes, and distributions are fair to all parties involved. ",Evidence shows that,targeted,818,136,1.5079947560775306
443056,1.3746983650092697,,,synthesis_faithful,targeted,2,20260206_121005,1.331186056137085,"The government should enforce a total ban on single-use plastics because it is a crucial step in protecting the environment and public health. Such a ban would significantly reduce plastic pollution in oceans, rivers, and landfills, which currently harms wildlife and contaminates ecosystems. Real-world examples from countries like Canada and the EU show that these bans are not only possible but also effective when implemented with clear regulations and public education. While some may worry about inconvenience or cost, the long-term benefits—like cleaner communities, reduced carbon emissions, and less dependency on fossil fuels—far outweigh the short-term challenges. A ban empowers consumers and businesses to adopt sustainable alternatives, driving innovation and environmental responsibility. Ultimately, this is not just an environmental issue but a matter of collective well-being and future generations’ health. Therefore, a total government-imposed ban on single-use plastics is both necessary and justifiable.",evidence_and_authority,governance_and_accountability,"Evidence shows that government bans on single-use plastics are effective in reducing pollution and protecting ecosystems, and they are a necessary step toward long-term environmental sustainability.",evidence_and_authority_governance_and_accountability,"I should consider legal frameworks, accountability mechanisms, democratic principles, and proper authority. ",Evidence shows that,addition_and_elaboration,cost_benefit_and_impact_analysis,"Moreover, banning single-use plastics reduces landfill waste, lowers greenhouse gas emissions from plastic production, and prevents harm to wildlife, all of which benefit society as a whole.",addition_and_elaboration_cost_benefit_and_impact_analysis,"I should quantify and compare costs, benefits, and real-world impacts across economic, social, and environmental dimensions. ",Moreover,exemplification,feasibility_and_implementation,"For example, countries like Canada and the EU have successfully implemented phased bans, proving that such policies are both feasible and enforceable with proper planning and public support.",exemplification_feasibility_and_implementation,I should evaluate whether the proposal can actually be implemented and enforced effectively. ,For example,targeted,1025,203,1.4983287085811925
15,0.0,,,synthesis_faithful,random,2,20260206_121538,1.1188697814941406,"A total ban on single-use plastics is a fair policy because it ensures that everyone shares the responsibility of protecting the environment, rather than letting pollution disproportionately harm vulnerable communities. It respects human rights by safeguarding the right to a healthy environment, which is essential for well-being and long-term survival. Moreover, such a ban is practical, as many countries have already implemented similar measures with success, showing that alternatives like reusable bags and biodegradable materials are both accessible and effective. With growing public awareness and innovation in sustainable materials, enforcing this ban is not only achievable but necessary to prevent irreversible environmental damage. The long-term benefits to public health, ecosystems, and future generations far outweigh any short-term inconvenience. Therefore, a total ban on single-use plastics is a fair, just, and feasible step toward a more sustainable future.",clarification_and_specification,justice_and_fairness,"In other words, a fair outcome is one in which all parties involved receive equitable treatment and benefits.",clarification_and_specification_justice_and_fairness,"I should analyze whether outcomes, processes, and distributions are fair to all parties involved. ",In other words,conditional,rights_and_liberties,"If a policy infringes on individuals’ rights or limits their freedoms without justification, it undermines fairness.",conditional_rights_and_liberties,"I should consider inalienable human rights, civil liberties, privacy protections, and the freedom to make one's own choices. ",If,clarification_and_specification,feasibility_and_implementation,"In other words, a policy must be practically feasible and able to be implemented without excessive cost or disruption.",clarification_and_specification_feasibility_and_implementation,I should evaluate whether the proposal can actually be implemented and enforced effectively. ,In other words,baseline,978,403,1.260012766319635
465836,1.5229132704642945,,,synthesis_faithful,targeted,3,20260206_121005,1.2677254676818848,"The government should enforce a total ban on single-use plastics because it is both practical and necessary for protecting our environment. Countries like Kenya and Canada have already implemented such bans successfully, proving that enforcement is achievable with proper planning and public support. The devastating floods in Bangladesh in 2002, caused in part by clogged drainage systems from plastic waste, highlight the real dangers of inaction and the long-term benefits of banning these materials. While some may worry about inconvenience, reusable alternatives like cloth bags and metal containers are now accessible and affordable for most people. This shift not only reduces pollution but also safeguards ecosystems and public health for future generations. A total ban is a responsible and realistic step toward a cleaner, more sustainable future.",evidence_and_authority,feasibility_and_implementation,"Evidence shows that banning single-use plastics is not only feasible but has already been successfully implemented in multiple countries, such as Kenya and Canada, demonstrating that governments can enforce such bans with clear regulations and public cooperation.",evidence_and_authority_feasibility_and_implementation,I should evaluate whether the proposal can actually be implemented and enforced effectively. ,Evidence shows that,exemplification,precedent_and_long_term_effects,"For example, the 2002 ban on plastic bags in Bangladesh after devastating floods showed that banning harmful plastic waste can lead to long-term environmental recovery and lower disaster risks.",exemplification_precedent_and_long_term_effects,"I should evaluate historical precedents, long-term vs short-term tradeoffs, and obligations to future generations. ",For example,addition_and_elaboration,feasibility_and_implementation,"Moreover, while some may worry about inconvenience, reusable alternatives like cloth bags and metal containers are now widely available and affordable, making the shift manageable for everyday people.",addition_and_elaboration_feasibility_and_implementation,I should evaluate whether the proposal can actually be implemented and enforced effectively. ,Moreover,targeted,857,160,1.15863254192174
443056,1.3746983650092697,,,synthesis_faithful,targeted,3,20260206_121005,1.4970378875732422,"Governments have the legal authority to regulate harmful materials, as seen in past bans on leaded gasoline and asbestos, and a total ban on single-use plastics is a necessary step to protect public health and the environment. The damage caused by plastic pollution—such as ocean degradation, harm to wildlife, and microplastic contamination—far exceeds the convenience single-use items provide. Countries like Rwanda and Bangladesh have already proven that such bans can be effectively implemented and enforced, even in developing nations. With public awareness and support for sustainable alternatives, a ban would drive innovation and reduce long-term environmental and economic costs. It's not just about stopping harm—it’s about building a cleaner, safer future for everyone.",evidence_and_authority,governance_and_accountability,"Evidence shows that governments have the legal authority to regulate harmful substances and practices, and enforcing a total ban on single-use plastics falls within this scope. Laws have been successfully passed before to restrict dangerous materials, such as lead in gasoline or asbestos in construction, demonstrating that governments can and do act to protect public health and the environment.",evidence_and_authority_governance_and_accountability,"I should consider legal frameworks, accountability mechanisms, democratic principles, and proper authority. ",Evidence shows that,addition_and_elaboration,cost_benefit_and_impact_analysis,"Moreover, the environmental harm caused by single-use plastics—such as ocean pollution, wildlife death, and microplastic contamination—far outweighs the short-term convenience they provide. A total ban would significantly reduce this damage and encourage innovation in sustainable alternatives.",addition_and_elaboration_cost_benefit_and_impact_analysis,"I should quantify and compare costs, benefits, and real-world impacts across economic, social, and environmental dimensions. ",Moreover,exemplification,feasibility_and_implementation,"For example, countries like Rwanda and Bangladesh have successfully implemented and enforced single-use plastic bans, proving that such policies are feasible even in diverse economic and cultural contexts. With proper public education and support for businesses, a ban can be implemented without causing widespread disruption.",exemplification_feasibility_and_implementation,I should evaluate whether the proposal can actually be implemented and enforced effectively. ,For example,targeted,780,92,0.9777753395026395
43,0.0,,,synthesis_faithful,random,1,20260206_121538,1.2944025993347168,"The government should enforce a total ban on single-use plastics because these materials cause severe environmental harm, polluting oceans, harming wildlife, and contributing to long-term ecological damage. While some may argue that such a ban infringes on personal freedom, the greater good—protecting public health and the planet—justifies limiting individual convenience. Government regulation in this area is not only lawful but necessary, as demonstrated by successful bans in other countries that have significantly reduced plastic waste. A total ban ensures consistency and effectiveness, avoiding loopholes that voluntary measures often create. Moreover, the government has a responsibility to act when private choices lead to collective harm. With proper public consultation and phased implementation, such a ban can be fair and enforceable. Therefore, a government-enforced ban on single-use plastics is a necessary and justified step toward a sustainable future.",evidence_and_authority,governance_and_accountability,"Evidence shows that the government has the authority to regulate harmful products for public safety, and a ban on single-use plastics aligns with this responsibility.",evidence_and_authority_governance_and_accountability,"I should consider legal frameworks, accountability mechanisms, democratic principles, and proper authority. ",Evidence shows that,exemplification,rights_and_liberties,"For example, people have the right to make personal choices about their consumption habits, and a government ban could infringe on that freedom without sufficient justification.",exemplification_rights_and_liberties,"I should consider inalienable human rights, civil liberties, privacy protections, and the freedom to make one's own choices. ",For example,conditional,governance_and_accountability,"If the government were to enforce an outright ban on single-use plastics, it would need to ensure that such a regulation is proportionate, transparent, and subject to public input.",conditional_governance_and_accountability,"I should consider legal frameworks, accountability mechanisms, democratic principles, and proper authority. ",If,baseline,973,402,0.844089616094023
443256,1.3711726293106918,,,synthesis_faithful,targeted,2,20260206_121005,1.1433038711547852,"Governments have the authority and responsibility to protect public health and the environment, and banning single-use plastics is a necessary step to reduce pollution and safeguard ecosystems. This action ensures that the burden of environmental damage is not unfairly placed on marginalized communities who are most affected by plastic waste. Real-world examples, such as Rwanda and Kenya, show that enforcement is possible when governments commit to clear regulations and public awareness campaigns. A total ban provides a decisive solution to a growing crisis that cannot be solved through voluntary efforts alone. By taking strong action now, we prevent long-term harm to wildlife, oceans, and human health. This is not an overreach—it’s a responsible use of governmental power to protect future generations.",evidence_and_authority,governance_and_accountability,"Evidence shows that governments have the legal authority to regulate harmful products for public and environmental safety, and such bans are consistent with democratic decision-making when supported by public interest.",evidence_and_authority_governance_and_accountability,"I should consider legal frameworks, accountability mechanisms, democratic principles, and proper authority. ",Evidence shows that,addition_and_elaboration,justice_and_fairness,"Moreover, the environmental and health costs of plastic pollution disproportionately affect vulnerable communities, so a ban ensures a fairer distribution of risks and responsibilities.",addition_and_elaboration_justice_and_fairness,"I should analyze whether outcomes, processes, and distributions are fair to all parties involved. ",Moreover,exemplification,feasibility_and_implementation,"For example, countries like Rwanda and Kenya have successfully implemented and enforced plastic bans, proving that such policies are feasible with proper oversight and public education.",exemplification_feasibility_and_implementation,I should evaluate whether the proposal can actually be implemented and enforced effectively. ,For example,targeted,813,131,0.7174677698327203
413256,1.3711726293106918,,,synthesis_faithful,targeted,2,20260206_121005,1.5399937629699707,"The government should enforce a total ban on single-use plastics because it is a necessary step to protect public health and the environment. While some may argue it limits personal freedom, regulations like food safety standards and vehicle emission rules already demonstrate that government oversight is essential to prevent harm—plastic pollution poses a serious and long-term threat to ecosystems and human health. Additionally, single-use plastics disproportionately affect low-income communities and developing nations through waste dumping, making a ban a matter of environmental justice. Countries like Canada and the UK have shown that such bans are feasible and effective when paired with public awareness and sustainable alternatives. Rather than restricting freedom, a ban ensures that everyone benefits from a cleaner, safer planet for future generations.",evidence_and_authority,rights_and_liberties,"Evidence shows that the government is already deeply involved in regulating daily aspects of life, such as food safety, vehicle emissions, and workplace conditions. These regulations exist not to restrict freedom, but to protect public health and safety. Therefore, a ban on single-use plastics—designed to reduce environmental harm and protect ecosystems—does not violate personal freedom; it aligns with the government’s duty to safeguard citizens' well-being.",evidence_and_authority_rights_and_liberties,"I should consider inalienable human rights, civil liberties, privacy protections, and the freedom to make one's own choices. ",Evidence shows that,addition_and_elaboration,justice_and_fairness,"Moreover, single-use plastics disproportionately harm marginalized communities and developing nations through pollution and waste dumping. A government ban ensures that the burden of environmental degradation is not unfairly shifted onto the most vulnerable, promoting a more equitable society.",addition_and_elaboration_justice_and_fairness,"I should analyze whether outcomes, processes, and distributions are fair to all parties involved. ",Moreover,exemplification,feasibility_and_implementation,"For example, many countries like Canada and the UK have already implemented partial bans with measurable success in reducing plastic waste and encouraging sustainable alternatives. This proves that such bans are not only feasible but also effective when supported by public education and infrastructure development.",exemplification_feasibility_and_implementation,I should evaluate whether the proposal can actually be implemented and enforced effectively. ,For example,targeted,868,170,0.699523083173196
463842,1.3817025915049437,,,synthesis_faithful,targeted,3,20260206_121005,1.074733018875122,"The government should enforce a total ban on single-use plastics because countries that have implemented such bans have seen measurable reductions in plastic waste and marine pollution. While some may worry about inconvenience, reusable options are now more affordable and widely available, and a ban would drive innovation in sustainable packaging. Protecting the environment isn’t just an option—it’s a responsibility to future generations who deserve cleaner air, water, and ecosystems. The short-term adjustments are outweighed by long-term environmental and public health benefits. A ban would also create new green jobs and encourage businesses to rethink their packaging practices. Ultimately, banning single-use plastics is a necessary, achievable, and ethical step toward a healthier planet.",evidence_and_authority,feasibility_and_implementation,"Evidence shows that countries with strict bans on single-use plastics have successfully reduced plastic pollution and incentivized alternatives, proving such bans are both feasible and effective.",evidence_and_authority_feasibility_and_implementation,I should evaluate whether the proposal can actually be implemented and enforced effectively. ,Evidence shows that,addition_and_elaboration,precedent_and_long_term_effects,"Moreover, banning single-use plastics now protects the environment for future generations, even if it requires short-term adjustments in consumer habits.",addition_and_elaboration_precedent_and_long_term_effects,"I should evaluate historical precedents, long-term vs short-term tradeoffs, and obligations to future generations. ",Moreover,evidence_and_authority,justice_and_fairness,"Evidence shows that reusable alternatives are increasingly affordable and accessible, and a ban would encourage innovation and job creation in sustainable industries.",evidence_and_authority_justice_and_fairness,"I should analyze whether outcomes, processes, and distributions are fair to all parties involved. ",Evidence shows that,targeted,800,117,0.6870269361597713
463254,1.3743228339534557,,,synthesis_faithful,targeted,4,20260206_121005,1.0647928714752195,"A total ban on single-use plastics is necessary to protect our environment and public health. Countries that have already implemented such bans have seen measurable reductions in plastic pollution, proving they are both feasible and effective. This shift also pushes companies to develop eco-friendly alternatives, which can stimulate green innovation and create new jobs. Just as governments regulate other dangerous products like tobacco and lead paint, banning single-use plastics is a responsible use of authority to safeguard communities. The long-term benefits far outweigh the short-term inconvenience, and with proper support, the transition can be managed fairly. Ultimately, protecting our planet and future generations demands bold, decisive action.",evidence_and_authority,feasibility_and_implementation,"Evidence shows that many countries with plastic bans have successfully reduced plastic waste in oceans and waterways, proving such bans are practical and impactful.",evidence_and_authority_feasibility_and_implementation,I should evaluate whether the proposal can actually be implemented and enforced effectively. ,Evidence shows that,addition_and_elaboration,justice_and_fairness,"Moreover, banning single-use plastics encourages businesses to innovate with sustainable alternatives, which can create new jobs and reduce long-term environmental damage.",addition_and_elaboration_justice_and_fairness,"I should analyze whether outcomes, processes, and distributions are fair to all parties involved. ",Moreover,exemplification,governance_and_accountability,"For example, governments already regulate harmful products like tobacco and lead-based paint—extending this to single-use plastics is a logical step in protecting public health and the environment.",exemplification_governance_and_accountability,"I should consider legal frameworks, accountability mechanisms, democratic principles, and proper authority. ",For example,targeted,760,84,0.6340414453268841
464852,1.3808269370723456,,,synthesis_faithful,targeted,4,20260206_121005,1.214690923690796,"Single-use plastics are a major source of pollution that harm wildlife, clog waterways, and persist in the environment for centuries. A total government ban is necessary to stop this damage at the source, as proven by countries like Rwanda and Kenya, which have successfully reduced plastic waste after implementing strict bans. While some may worry about inconvenience or cost, the long-term benefits—cleaner oceans, healthier ecosystems, and innovation in eco-friendly materials—far outweigh the short-term challenges. Such a policy also pushes businesses to develop sustainable alternatives, creating new jobs and driving green economic growth. As an average person concerned about the planet we live on, I believe we have a responsibility to act now to protect our environment for future generations. A total ban is not just possible—it’s essential for a sustainable future.",evidence_and_authority,feasibility_and_implementation,"Evidence shows that plastic pollution is a growing threat to ecosystems and wildlife, and a total ban would significantly reduce the amount of plastic waste entering oceans and landfills.",evidence_and_authority_feasibility_and_implementation,I should evaluate whether the proposal can actually be implemented and enforced effectively. ,Evidence shows that,evidence_and_authority,precedent_and_long_term_effects,"Evidence shows that countries like Rwanda and Kenya have successfully implemented total plastic bans, proving it's feasible and effective in reducing environmental harm.",evidence_and_authority_precedent_and_long_term_effects,"I should evaluate historical precedents, long-term vs short-term tradeoffs, and obligations to future generations. ",Evidence shows that,exemplification,justice_and_fairness,"For example, banning single-use plastics encourages innovation in sustainable alternatives and creates new green jobs, benefiting the economy and environment in the long run.",exemplification_justice_and_fairness,"I should analyze whether outcomes, processes, and distributions are fair to all parties involved. ",For example,targeted,878,173,0.6161480904547951
468056,1.4566591361643833,,,synthesis_faithful,targeted,4,20260206_121005,1.113114595413208,"Single-use plastics are a major contributor to environmental pollution, especially in oceans and landfills, where they can persist for centuries. They harm wildlife, degrade ecosystems, and pose long-term risks to human health through microplastics in food and water. However, viable alternatives such as reusable bags, paper products, and compostable materials are already widely available and affordable for everyday use. Countries like Kenya and Canada have implemented total bans and seen measurable reductions in plastic waste without significant disruption to consumers or businesses. A government-enforced ban is not only feasible but necessary to protect our environment and public health for future generations.",evidence_and_authority,feasibility_and_implementation,"Evidence shows that single-use plastics are a major source of pollution, particularly in oceans and landfills, and a ban would significantly reduce this environmental damage.",evidence_and_authority_feasibility_and_implementation,I should evaluate whether the proposal can actually be implemented and enforced effectively. ,Evidence shows that,sequence_and_transition,cost_benefit_and_impact_analysis,"Next to being harmful to wildlife and ecosystems, single-use plastics take hundreds of years to decompose, and alternatives like reusable bags or biodegradable materials are already available and affordable for most consumers.",sequence_and_transition_cost_benefit_and_impact_analysis,"I should quantify and compare costs, benefits, and real-world impacts across economic, social, and environmental dimensions. ",Next,exemplification,feasibility_and_implementation,"For example, cities and countries that have already banned single-use plastics—like Kenya and Canada—have successfully reduced plastic waste without major disruptions to daily life.",exemplification_feasibility_and_implementation,I should evaluate whether the proposal can actually be implemented and enforced effectively. ,For example,targeted,720,55,0.612111319249239
443256,1.3711726293106918,,,synthesis_faithful,targeted,1,20260206_121005,1.16406512260437,"The government should enforce a total ban on single-use plastics because these products cause widespread environmental harm and public health risks, and individual efforts alone cannot solve such a large-scale problem. A ban ensures fairness by protecting vulnerable communities and future generations from the burden of pollution that they did not create. Countries like Rwanda and Kenya have already proven that strict plastic bans are achievable and lead to measurable reductions in plastic waste. With proper enforcement and public education, a nationwide ban is both practical and necessary. It reflects a responsible use of government authority to safeguard shared resources and public well-being. Without such action, plastic pollution will continue to harm ecosystems and human health. Therefore, a total ban is a justified and urgent step for the common good.",evidence_and_authority,governance_and_accountability,"Evidence shows that government regulations are essential for protecting public health and the environment, especially when individual actions alone are insufficient to address systemic issues like plastic pollution.",evidence_and_authority_governance_and_accountability,"I should consider legal frameworks, accountability mechanisms, democratic principles, and proper authority. ",Evidence shows that,addition_and_elaboration,justice_and_fairness,"Moreover, a total ban on single-use plastics ensures fairness by preventing the burden of pollution from falling disproportionately on low-income communities and future generations.",addition_and_elaboration_justice_and_fairness,"I should analyze whether outcomes, processes, and distributions are fair to all parties involved. ",Moreover,exemplification,feasibility_and_implementation,"For example, countries like Rwanda and Kenya have successfully implemented and enforced strict plastic bans, demonstrating that such policies are both feasible and effective in reducing plastic waste.",exemplification_feasibility_and_implementation,I should evaluate whether the proposal can actually be implemented and enforced effectively. ,For example,targeted,868,168,0.6097086179840928
458056,1.3835697397260949,,,synthesis_faithful,targeted,4,20260206_121005,1.1020338535308838,"Single-use plastics are a major environmental hazard, polluting oceans, endangering marine life, and entering our food chain through microplastics. A total government ban would drastically reduce this pollution, helping protect ecosystems and human health. Several countries have already implemented similar bans with success, showing that such policies are both feasible and effective. Beyond environmental benefits, a ban would also lower long-term waste management costs for cities and taxpayers. While some may worry about alternatives, innovation in biodegradable materials is already progressing. A ban encourages sustainable habits and sends a clear message that protecting the planet is a shared responsibility. For these reasons, a total ban on single-use plastics is not only necessary but achievable.",evidence_and_authority,risk_and_unintended_consequences,"Evidence shows that single-use plastics cause long-term environmental harm, polluting oceans, harming wildlife, and contributing to microplastic contamination in food and water.",evidence_and_authority_risk_and_unintended_consequences,"I should identify risks, unintended outcomes, cascading effects, and potential for escalation. ",Evidence shows that,sequence_and_transition,cost_benefit_and_impact_analysis,"Next, banning single-use plastics would reduce waste in landfills and lower cleanup costs for municipalities, saving taxpayer money in the long run.",sequence_and_transition_cost_benefit_and_impact_analysis,"I should quantify and compare costs, benefits, and real-world impacts across economic, social, and environmental dimensions. ",Next,exemplification,feasibility_and_implementation,"For example, countries like Canada and the EU have already enacted partial bans and seen measurable improvements in waste reduction and public awareness.",exemplification_feasibility_and_implementation,I should evaluate whether the proposal can actually be implemented and enforced effectively. ,For example,targeted,811,130,0.5504253378833046
465855,1.4262714841855175,,,synthesis_faithful,targeted,2,20260206_121005,1.3693530559539795,"A total ban on single-use plastics is a necessary and achievable step to protect our environment. Countries like Rwanda and Canada have successfully reduced plastic waste after enacting similar bans, proving that such policies can work in real-world conditions. These bans have also encouraged innovation in reusable alternatives and shifted public behavior toward more sustainable habits. The damage caused by plastic pollution—killing marine life, contaminating our food, and overwhelming landfills—is already severe and growing. Without strong government action, this crisis will only worsen, endangering both ecosystems and human health. Given the proven success of such bans and the urgent threat plastic poses, a total ban is not only justified but essential for a healthier planet.",evidence_and_authority,feasibility_and_implementation,"Evidence shows that bans on single-use plastics have already succeeded in other countries, like Rwanda and Canada, where plastic waste dramatically decreased after enforcement. This proves that such bans are feasible and effective when properly implemented.",evidence_and_authority_feasibility_and_implementation,I should evaluate whether the proposal can actually be implemented and enforced effectively. ,Evidence shows that,exemplification,precedent_and_long_term_effects,"For example, when plastic bans were introduced in places like California and the UK, they led to the rise of reusable alternatives and a cultural shift toward environmental responsibility. This shift is not only sustainable but also necessary for protecting ecosystems for future generations.",exemplification_precedent_and_long_term_effects,"I should evaluate historical precedents, long-term vs short-term tradeoffs, and obligations to future generations. ",For example,exemplification,risk_and_unintended_consequences,"For example, the environmental harm caused by plastic pollution is well-documented—marine life is dying, microplastics are entering our food chain, and landfills are overflowing. A total ban is a necessary step to stop this damage before it becomes irreversible.",exemplification_risk_and_unintended_consequences,"I should identify risks, unintended outcomes, cascading effects, and potential for escalation. ",For example,targeted,788,104,0.520833406242856
464846,1.4463556081506648,,,synthesis_faithful,targeted,0,20260206_121005,1.222142457962036,"Single-use plastics are a major contributor to pollution, harming wildlife, contaminating ecosystems, and persisting in the environment for centuries. A total ban by the government is a necessary step to protect public health and the planet, especially since countries like Rwanda and Canada have already shown that such bans are feasible and effective. While some may worry about inconvenience, the shift to reusable and biodegradable alternatives is not only possible but already underway in many communities. The long-term benefits—cleaner oceans, reduced landfill waste, and lower cleanup costs—far outweigh the short-term adjustments. By enforcing a total ban, the government can lead by example and drive innovation in sustainable materials. This action aligns with our responsibility to future generations to leave behind a healthier, cleaner world. Therefore, a total ban on single-use plastics is both practical and essential.",evidence_and_authority,feasibility_and_implementation,"Evidence shows that single-use plastics contribute significantly to pollution, especially in oceans and landfills, and a total ban would drastically reduce this environmental harm.",evidence_and_authority_feasibility_and_implementation,I should evaluate whether the proposal can actually be implemented and enforced effectively. ,Evidence shows that,evidence_and_authority,precedent_and_long_term_effects,"Evidence shows that countries like Rwanda and Canada have successfully implemented bans on single-use plastics, proving that such policies are feasible and effective.",evidence_and_authority_precedent_and_long_term_effects,"I should evaluate historical precedents, long-term vs short-term tradeoffs, and obligations to future generations. ",Evidence shows that,evidence_and_authority,feasibility_and_implementation,Evidence shows that a total ban would encourage innovation in sustainable alternatives and reduce the long-term economic burden of waste cleanup and environmental damage.,evidence_and_authority_feasibility_and_implementation,I should evaluate whether the proposal can actually be implemented and enforced effectively. ,Evidence shows that,targeted,935,194,0.5140200228033365
464844,1.4369783092400896,,,synthesis_faithful,targeted,0,20260206_121005,1.2390432357788086,"Single-use plastics are a major source of pollution, harming wildlife, contaminating waterways, and contributing to climate change. A total ban would significantly reduce this environmental damage and push industries toward more sustainable alternatives. Countries like Canada, the UK, and several nations in the EU have already implemented similar bans with measurable success, showing that enforcement is both practical and effective. As individuals, we have a responsibility to protect the planet for future generations, and a ban is a clear, decisive step toward that goal. While there may be short-term inconveniences, the long-term benefits to public health, ecosystems, and the economy far outweigh them. The government has the authority and duty to act in the public interest, especially when it comes to preserving our shared environment. Therefore, a total ban on single-use plastics is not only necessary but also achievable and justifiable.",evidence_and_authority,feasibility_and_implementation,"Evidence shows that bans on single-use plastics are feasible and have been successfully implemented in various countries and cities, proving that enforcement is possible.",evidence_and_authority_feasibility_and_implementation,I should evaluate whether the proposal can actually be implemented and enforced effectively. ,Evidence shows that,evidence_and_authority,precedent_and_long_term_effects,"Evidence shows that bans on single-use plastics are feasible and have been successfully implemented in various countries and cities, proving that enforcement is possible.",evidence_and_authority_precedent_and_long_term_effects,"I should evaluate historical precedents, long-term vs short-term tradeoffs, and obligations to future generations. ",Evidence shows that,evidence_and_authority,governance_and_accountability,"Evidence shows that bans on single-use plastics are feasible and have been successfully implemented in various countries and cities, proving that enforcement is possible.",evidence_and_authority_governance_and_accountability,"I should consider legal frameworks, accountability mechanisms, democratic principles, and proper authority. ",Evidence shows that,targeted,952,196,0.5015761305350814
403056,1.3746983650092697,,,synthesis_faithful,targeted,0,20260206_121005,1.1100459098815918,"Single-use plastics are a major source of pollution, damaging ecosystems and endangering animals, especially in oceans. While some may worry about inconvenience or cost, alternatives like reusable bags and compostable products are already widely available and affordable. Countries like Rwanda and Canada have shown that banning single-use plastics is not only possible but effective when supported by clear laws and public awareness. A government-enforced ban would push industries to innovate and reduce waste at the source. This shift would protect the environment for future generations without placing an unfair burden on everyday people. The long-term benefits far outweigh any short-term adjustments. Therefore, a total ban on single-use plastics is a necessary and responsible step forward.",evidence_and_authority,cost_benefit_and_impact_analysis,"Evidence shows that single-use plastics are a leading cause of environmental pollution, particularly in oceans and waterways, harming wildlife and ecosystems.",evidence_and_authority_cost_benefit_and_impact_analysis,"I should quantify and compare costs, benefits, and real-world impacts across economic, social, and environmental dimensions. ",Evidence shows that,addition_and_elaboration,cost_benefit_and_impact_analysis,"Moreover, alternatives like reusable bags, containers, and biodegradable materials are already available and affordable for most consumers, making a ban practical and achievable.",addition_and_elaboration_cost_benefit_and_impact_analysis,"I should quantify and compare costs, benefits, and real-world impacts across economic, social, and environmental dimensions. ",Moreover,exemplification,feasibility_and_implementation,"For example, countries like Rwanda and Canada have successfully implemented plastic bans, proving that governments can enforce such policies with public cooperation and clear regulations.",exemplification_feasibility_and_implementation,I should evaluate whether the proposal can actually be implemented and enforced effectively. ,For example,targeted,798,116,0.49748987612250767
458056,1.3835697397260949,,,synthesis_faithful,targeted,0,20260206_121005,1.0485925674438477,"Single-use plastics are a major source of pollution that harm wildlife, degrade ecosystems, and threaten human health through microplastic contamination. Even though some people rely on these items for convenience, alternatives like reusable bags, bottles, and containers are widely available and increasingly affordable. The success of bans in countries like Rwanda and Kenya proves that such policies are practical and effective, leading to cleaner cities and healthier environments. A total ban is not only necessary but achievable, especially when supported by public education and incentives. Rather than allowing plastic waste to accumulate for generations, we should act now to protect our planet and future generations. The long-term benefits far outweigh the short-term inconvenience.",evidence_and_authority,risk_and_unintended_consequences,"Evidence shows that single-use plastics pollute oceans, harm wildlife, and persist in the environment for centuries.",evidence_and_authority_risk_and_unintended_consequences,"I should identify risks, unintended outcomes, cascading effects, and potential for escalation. ",Evidence shows that,sequence_and_transition,cost_benefit_and_impact_analysis,"Next, these plastics often end up in landfills or waterways, where they break down into microplastics that contaminate food and drinking water.",sequence_and_transition_cost_benefit_and_impact_analysis,"I should quantify and compare costs, benefits, and real-world impacts across economic, social, and environmental dimensions. ",Next,exemplification,feasibility_and_implementation,"For example, countries like Rwanda and Kenya have successfully banned single-use plastics and seen dramatic improvements in cleanliness and environmental health.",exemplification_feasibility_and_implementation,I should evaluate whether the proposal can actually be implemented and enforced effectively. ,For example,targeted,793,108,0.48813065206081163
464844,1.4369783092400896,,,synthesis_faithful,targeted,1,20260206_121005,1.2279181480407717,"Single-use plastics pollute our oceans, choke wildlife, and persist in the environment for centuries, making a total ban a necessary step to protect nature and public health. Countries like Canada and the EU have already implemented similar bans with measurable success, showing that alternatives like reusable bags and biodegradable packaging are viable and widely adopted. As citizens, we have a responsibility to safeguard the planet for future generations, and governments are best positioned to enforce rules that prioritize long-term well-being over short-term convenience. A total ban is not only effective but also sends a clear message that environmental protection is a shared priority. Without strong legal action, plastic waste will continue to grow, overwhelming recycling systems and harming communities. Therefore, supporting a government-enforced ban on single-use plastics is both practical and morally justifiable.",evidence_and_authority,feasibility_and_implementation,"Evidence shows that single-use plastics are a major source of pollution, especially in oceans and landfills, where they take hundreds of years to break down.",evidence_and_authority_feasibility_and_implementation,I should evaluate whether the proposal can actually be implemented and enforced effectively. ,Evidence shows that,evidence_and_authority,precedent_and_long_term_effects,Evidence shows that bans on single-use plastics in countries like Canada and the EU have reduced plastic waste and encouraged innovation in eco-friendly alternatives.,evidence_and_authority_precedent_and_long_term_effects,"I should evaluate historical precedents, long-term vs short-term tradeoffs, and obligations to future generations. ",Evidence shows that,evidence_and_authority,governance_and_accountability,"Evidence shows that governments have the authority to protect public health and the environment, and a total ban is a proportionate response to a crisis that harms ecosystems and human well-being.",evidence_and_authority_governance_and_accountability,"I should consider legal frameworks, accountability mechanisms, democratic principles, and proper authority. ",Evidence shows that,targeted,932,193,0.48253109320845516
465876,1.46009468027977,,,synthesis_faithful,targeted,1,20260206_121005,1.1280605792999268,"Single-use plastics are a major contributor to environmental pollution, especially in oceans and landfills, and a government-enforced ban would drastically reduce this harm. Countries like Canada and the European Union have already seen success with similar bans, showing that such policies are feasible and effective in lowering plastic waste. While some plastic use is convenient, affordable and practical alternatives like reusable bags, glass containers, and paper packaging are already widely available and can easily replace single-use plastics. A ban wouldn’t just protect ecosystems—it would also push innovation and encourage sustainable habits. As a regular person, I care about leaving a cleaner world for future generations, and this is one clear step we can take. The benefits far outweigh the short-term inconvenience of change.",evidence_and_authority,feasibility_and_implementation,"Evidence shows that single-use plastics are a major source of pollution, especially in oceans and waterways, and a ban could significantly reduce environmental harm.",evidence_and_authority_feasibility_and_implementation,I should evaluate whether the proposal can actually be implemented and enforced effectively. ,Evidence shows that,exemplification,precedent_and_long_term_effects,"For example, countries like Canada and the EU have already implemented bans or restrictions with measurable improvements in waste reduction and public awareness.",exemplification_precedent_and_long_term_effects,"I should evaluate historical precedents, long-term vs short-term tradeoffs, and obligations to future generations. ",For example,emphasis_and_evaluation,feasibility_and_implementation,"Importantly, while some plastic use is convenient, alternatives like paper, glass, and reusable containers are already widely available and cost-effective over time.",emphasis_and_evaluation_feasibility_and_implementation,I should evaluate whether the proposal can actually be implemented and enforced effectively. ,Importantly,targeted,842,152,0.40298540889362217
38,0.0,,,synthesis_faithful,random,4,20260206_121538,1.1245896816253662,"A total ban on single-use plastics is necessary because these materials pollute oceans, harm wildlife, and can enter our food chain, putting public health at risk. Countries like Canada, the UK, and several nations in the EU have already implemented such bans and have seen measurable improvements in environmental cleanliness and waste reduction. As taxpayers and citizens, we expect our government to act in the public interest—protecting the environment and future generations is a core responsibility. While some may worry about convenience or economic disruption, alternatives like reusable or biodegradable options are widely available and increasingly affordable. The long-term benefits to the planet and human well-being far outweigh the short-term adjustments. Ultimately, a ban is not just a policy choice—it’s a moral and practical necessity to live sustainably.",causal_reasoning,cost_benefit_and_impact_analysis,"Therefore, a total ban on single-use plastics is a necessary and practical step to protect the environment and public health.",causal_reasoning_cost_benefit_and_impact_analysis,"I should quantify and compare costs, benefits, and real-world impacts across economic, social, and environmental dimensions. ",Therefore,clarification_and_specification,precedent_and_long_term_effects,"In other words, countries that have already banned single-use plastics have seen significant reductions in pollution and improved waste management.",clarification_and_specification_precedent_and_long_term_effects,"I should evaluate historical precedents, long-term vs short-term tradeoffs, and obligations to future generations. ",In other words,conditional,governance_and_accountability,"If the government is responsible for protecting citizens and the planet, then enforcing a ban is a legitimate and essential duty.",conditional_governance_and_accountability,"I should consider legal frameworks, accountability mechanisms, democratic principles, and proper authority. ",If,baseline,873,374,0.4019400045873105
465852,1.4731652336083576,,,synthesis_faithful,targeted,4,20260206_121005,1.2094125747680664,"The government should enforce a total ban on single-use plastics because it is both practical and necessary to protect the environment. Countries like Canada and the European Union have already implemented such bans with measurable success, showing that large-scale change is possible. In the UK, a ban on plastic bags led to a 90% drop in usage, proving people can adapt to new habits when the rules are clear. Today, reusable options like cloth bags and metal containers are affordable and easy to find, making the transition simple for everyday consumers. Without strong government action, plastic pollution will continue to harm ecosystems and wildlife. A total ban is the most effective way to ensure we protect the planet for future generations.",evidence_and_authority,feasibility_and_implementation,"Evidence shows that bans on single-use plastics have been successfully implemented in multiple countries, such as Canada and the European Union, where governments enforced strict regulations and saw measurable reductions in plastic waste.",evidence_and_authority_feasibility_and_implementation,I should evaluate whether the proposal can actually be implemented and enforced effectively. ,Evidence shows that,exemplification,precedent_and_long_term_effects,"For example, the UK's ban on plastic bags led to a 90% reduction in their use, demonstrating that people can adapt to new habits when the rules are clear and consistently enforced.",exemplification_precedent_and_long_term_effects,"I should evaluate historical precedents, long-term vs short-term tradeoffs, and obligations to future generations. ",For example,exemplification,justice_and_fairness,"For example, people are already using reusable alternatives like cloth bags and metal containers—these are affordable, widely available, and more sustainable than single-use plastics.",exemplification_justice_and_fairness,"I should analyze whether outcomes, processes, and distributions are fair to all parties involved. ",For example,targeted,751,78,0.3662070594880626
468852,1.3869116160722228,,,synthesis_faithful,targeted,4,20260206_121005,1.131507396697998,"A total ban on single-use plastics is necessary to protect the environment and public health. Countries like Canada and the EU have already implemented similar bans, showing that such regulations are practical and enforceable. These policies don’t just help the planet—they also reduce long-term costs from pollution cleanup and health issues linked to plastic waste. By acting now, we can prevent irreversible damage to ecosystems and ensure cleaner air, water, and land for future generations. There are already sustainable alternatives available, like reusable bags and biodegradable packaging, making the transition manageable. Overall, the benefits of a total ban far outweigh the temporary inconvenience of change. Governments have a responsibility to act decisively for the greater good.",evidence_and_authority,feasibility_and_implementation,"Evidence shows that a total ban on single-use plastics is not only feasible but already underway in many regions, proving governments can successfully implement such policies.",evidence_and_authority_feasibility_and_implementation,I should evaluate whether the proposal can actually be implemented and enforced effectively. ,Evidence shows that,sequence_and_transition,precedent_and_long_term_effects,"Next, governments have successfully banned other harmful materials in the past, like lead in gasoline and asbestos in construction, showing that phased bans can be executed without major disruption.",sequence_and_transition_precedent_and_long_term_effects,"I should evaluate historical precedents, long-term vs short-term tradeoffs, and obligations to future generations. ",Next,exemplification,justice_and_fairness,"For example, banning single-use plastics reduces pollution in oceans and forests, protecting wildlife and human health, which benefits everyone, especially future generations.",exemplification_justice_and_fairness,"I should analyze whether outcomes, processes, and distributions are fair to all parties involved. ",For example,targeted,794,109,0.3361281215393665
463842,1.3817025915049437,,,synthesis_faithful,targeted,2,20260206_121005,1.207279920578003,"The government should enforce a total ban on single-use plastics because such bans have already proven effective in countries like Canada and the European Union, showing they are practical and scalable. These plastics cause lasting environmental harm, polluting oceans, endangering marine life, and contributing to climate change, so eliminating them is essential for protecting the planet. Fortunately, affordable and reusable alternatives are now widely available, meaning the shift won't place an unfair burden on everyday people. A ban sends a strong message about environmental responsibility and encourages innovation in sustainable materials. It’s not just about convenience—it’s about protecting the health of our planet for future generations. Given the clear benefits and growing feasibility, a total ban is both necessary and achievable.",evidence_and_authority,feasibility_and_implementation,"Evidence shows that government enforcement of bans on single-use plastics has been successful in places like Canada and the European Union, proving that such policies are feasible and can be implemented at scale.",evidence_and_authority_feasibility_and_implementation,I should evaluate whether the proposal can actually be implemented and enforced effectively. ,Evidence shows that,addition_and_elaboration,precedent_and_long_term_effects,"Moreover, single-use plastics contribute to massive environmental damage, including pollution in oceans and harm to wildlife, and banning them is a necessary step to protect the planet for future generations.",addition_and_elaboration_precedent_and_long_term_effects,"I should evaluate historical precedents, long-term vs short-term tradeoffs, and obligations to future generations. ",Moreover,evidence_and_authority,justice_and_fairness,"Evidence shows that alternatives like reusable bags and biodegradable packaging are increasingly affordable and accessible, meaning the burden on consumers is manageable and not overly restrictive.",evidence_and_authority_justice_and_fairness,"I should analyze whether outcomes, processes, and distributions are fair to all parties involved. ",Evidence shows that,targeted,848,157,0.3334794233526381
453244,1.373506311832836,,,synthesis_faithful,targeted,1,20260206_121005,1.1791040897369385,"Single-use plastics are a major source of pollution, choking oceans and harming animals, and a total ban would protect the environment for future generations. Without such a ban, we continue to compromise public health and natural ecosystems, especially as microplastics enter our food and water. While some may worry about inconvenience, the shift to reusable or biodegradable alternatives is already underway in many places and can be supported by government incentives. Countries like Canada and the EU have already enacted similar bans with measurable success, proving it’s both realistic and effective. A ban is not just a reaction—it’s a proactive step toward sustainable living. For the average person, this change means cleaner communities, safer products, and a healthier planet. Ultimately, protecting the environment is a shared responsibility, and government action is essential to make that happen.",evidence_and_authority,risk_and_unintended_consequences,"Evidence shows that single-use plastics contribute significantly to environmental pollution, especially in oceans and landfills, harming wildlife and ecosystems.",evidence_and_authority_risk_and_unintended_consequences,"I should identify risks, unintended outcomes, cascading effects, and potential for escalation. ",Evidence shows that,addition_and_elaboration,justice_and_fairness,"Moreover, a total ban would encourage innovation in sustainable alternatives and reduce long-term public health risks tied to plastic contamination in food and water.",addition_and_elaboration_justice_and_fairness,"I should analyze whether outcomes, processes, and distributions are fair to all parties involved. ",Moreover,evidence_and_authority,governance_and_accountability,"Evidence shows that governments have successfully implemented similar bans in other countries, proving such policies are both practical and enforceable.",evidence_and_authority_governance_and_accountability,"I should consider legal frameworks, accountability mechanisms, democratic principles, and proper authority. ",Evidence shows that,targeted,911,185,0.312918242291567
423056,1.420625469336111,,,synthesis_faithful,targeted,0,20260206_121005,1.1380629539489746,"Single-use plastics pollute our oceans, harm animals, and can even enter our food chain, so banning them is essential for protecting the environment and public health. While some may worry about inconvenience, reusable options like cloth bags and metal containers are now widely available and more cost-effective in the long run. Real-world examples, like Rwanda’s near-total plastic ban and Canada’s federal plastic restrictions, prove that such policies are not only possible but also effective. These successes show that with proper planning and public engagement, a ban can be implemented without disrupting daily life. As a regular person concerned about clean streets and a healthier planet, I believe this ban is a responsible and achievable step forward. It’s time to stop treating plastic pollution as someone else’s problem and take meaningful action now.",evidence_and_authority,justice_and_fairness,"Evidence shows that single-use plastics harm the environment, wildlife, and human health, making a ban a necessary step toward protecting our planet.",evidence_and_authority_justice_and_fairness,"I should analyze whether outcomes, processes, and distributions are fair to all parties involved. ",Evidence shows that,addition_and_elaboration,cost_benefit_and_impact_analysis,"Moreover, reusable alternatives are increasingly accessible and affordable, so a ban would not impose an unreasonable burden on everyday people.",addition_and_elaboration_cost_benefit_and_impact_analysis,"I should quantify and compare costs, benefits, and real-world impacts across economic, social, and environmental dimensions. ",Moreover,exemplification,feasibility_and_implementation,"For example, countries like Rwanda and Canada have successfully implemented plastic bans with strong public support and clear regulations.",exemplification_feasibility_and_implementation,I should evaluate whether the proposal can actually be implemented and enforced effectively. ,For example,targeted,865,166,0.30582952987086093
493056,1.3746983650092697,,,synthesis_faithful,targeted,0,20260206_121005,1.031268835067749,"The government should enforce a total ban on single-use plastics because individual actions alone can't solve the massive scale of plastic pollution. When millions of people use disposable plastic items daily, only coordinated policy can drive real change. Banning these products reduces long-term environmental damage, prevents harm to wildlife and human health, and saves taxpayer money on waste cleanup. Real-world examples like Rwanda and Kenya show that strict bans are enforceable and lead to cleaner communities and reduced plastic waste. While it may require some adjustment at first, the benefits to the planet and public well-being far outweigh the temporary inconvenience. A government-led ban is the most responsible and effective way to protect our environment for future generations.",evidence_and_authority,stakeholder_responsibility,Evidence shows that individual efforts alone are insufficient to solve the plastic pollution crisis; systemic change requires government intervention.,evidence_and_authority_stakeholder_responsibility,"I should analyze who bears responsibility—whether government, individuals, corporations, or other institutions. ",Evidence shows that,addition_and_elaboration,cost_benefit_and_impact_analysis,"Moreover, banning single-use plastics reduces long-term environmental and public health costs, which outweigh the short-term inconvenience to consumers.",addition_and_elaboration_cost_benefit_and_impact_analysis,"I should quantify and compare costs, benefits, and real-world impacts across economic, social, and environmental dimensions. ",Moreover,exemplification,feasibility_and_implementation,"For example, countries like Rwanda and Kenya have successfully implemented strict bans, proving that enforcement is possible and effective.",exemplification_feasibility_and_implementation,I should evaluate whether the proposal can actually be implemented and enforced effectively. ,For example,targeted,797,113,0.304563403120087
493256,1.3711726293106918,,,synthesis_faithful,targeted,4,20260206_121005,0.9963333606719972,"The government should enforce a total ban on single-use plastics because individual efforts alone are insufficient to address the massive scale of plastic pollution. Without strong government action, companies continue to prioritize profit over the environment, leaving communities—especially low-income ones—to bear the health and ecological costs. Real-world examples, like Kenya and Rwanda, show that such bans are not only possible but also lead to cleaner cities, reduced litter, and greater public awareness. A government-led ban ensures fairness, accountability, and long-term environmental protection for everyone, not just those who can afford sustainable alternatives.",evidence_and_authority,stakeholder_responsibility,"Evidence shows that individual actions alone cannot solve large-scale environmental problems like plastic pollution, and governments have the authority and responsibility to implement widespread change.",evidence_and_authority_stakeholder_responsibility,"I should analyze who bears responsibility—whether government, individuals, corporations, or other institutions. ",Evidence shows that,addition_and_elaboration,justice_and_fairness,"Moreover, a total ban ensures fairness by preventing corporations from shifting plastic waste onto poorer communities and protects vulnerable populations from pollution-related health risks.",addition_and_elaboration_justice_and_fairness,"I should analyze whether outcomes, processes, and distributions are fair to all parties involved. ",Moreover,exemplification,feasibility_and_implementation,"For example, countries like Kenya and Rwanda have successfully enforced total bans on single-use plastics, proving that such policies are both achievable and effective in practice.",exemplification_feasibility_and_implementation,I should evaluate whether the proposal can actually be implemented and enforced effectively. ,For example,targeted,678,29,0.27172052428000254
463855,1.4464289405355368,,,synthesis_faithful,targeted,3,20260206_121005,1.158902883529663,"The government should enforce a total ban on single-use plastics because it is a practical and proven solution to a growing environmental crisis. Many countries have already implemented such bans with measurable success, reducing plastic pollution in oceans and landfills. Beyond immediate environmental benefits, this action demonstrates our responsibility to future generations who will face the consequences of today’s waste. Additionally, bans have led to innovation in sustainable alternatives, proving that regulation can drive progress rather than hinder it. A total ban ensures consistency and clarity, preventing confusion and loopholes that weaken environmental policies. Ultimately, protecting our planet and public health should take precedence over convenience. This is not just about saving the environment—it’s about building a healthier, more sustainable future for everyone.",evidence_and_authority,feasibility_and_implementation,"Evidence shows that many countries have successfully reduced plastic waste through comprehensive bans, proving that government enforcement of bans on single-use plastics is both feasible and effective.",evidence_and_authority_feasibility_and_implementation,I should evaluate whether the proposal can actually be implemented and enforced effectively. ,Evidence shows that,addition_and_elaboration,precedent_and_long_term_effects,"Moreover, banning single-use plastics helps preserve the environment for future generations, a responsibility we owe to those who will inherit the planet after us.",addition_and_elaboration_precedent_and_long_term_effects,"I should evaluate historical precedents, long-term vs short-term tradeoffs, and obligations to future generations. ",Moreover,exemplification,risk_and_unintended_consequences,"For example, the shift away from plastic has already spurred innovation in biodegradable packaging, showing that bans can drive positive change rather than cause disruption.",exemplification_risk_and_unintended_consequences,"I should identify risks, unintended outcomes, cascading effects, and potential for escalation. ",For example,targeted,891,182,0.2697430095419434
463046,1.4164361269993466,,,synthesis_faithful,targeted,1,20260206_121005,1.045973300933838,"Single-use plastics pollute our oceans, harm wildlife, and take hundreds of years to break down, so a government-enforced ban is necessary to protect the environment. While some may worry about inconvenience, reusable and biodegradable alternatives are now widely available and often cost the same or less than plastic products. Countries like Rwanda and Canada have already proven that such bans can work effectively, reducing plastic waste and encouraging sustainable habits. A total ban sends a strong message that our planet’s health matters more than short-term convenience. With proper public education and support, this shift can be made smoothly and fairly for everyone. Ultimately, protecting the environment is not just an option—it’s a responsibility we all share.",evidence_and_authority,feasibility_and_implementation,"Evidence shows that single-use plastics are a major source of pollution and harm to wildlife, and a total ban would significantly reduce this damage.",evidence_and_authority_feasibility_and_implementation,I should evaluate whether the proposal can actually be implemented and enforced effectively. ,Evidence shows that,addition_and_elaboration,cost_benefit_and_impact_analysis,"Moreover, alternatives to single-use plastics are increasingly available and affordable, making a ban practical for everyday life.",addition_and_elaboration_cost_benefit_and_impact_analysis,"I should quantify and compare costs, benefits, and real-world impacts across economic, social, and environmental dimensions. ",Moreover,evidence_and_authority,feasibility_and_implementation,"Evidence shows that countries like Rwanda and Canada have successfully implemented similar bans, proving such policies are feasible and enforceable.",evidence_and_authority_feasibility_and_implementation,I should evaluate whether the proposal can actually be implemented and enforced effectively. ,Evidence shows that,targeted,775,88,0.26251344539618277
463244,1.5058496546753144,,,synthesis_faithful,targeted,4,20260206_121005,1.0180718898773191,"Single-use plastics are a major source of pollution, harming wildlife and clogging landfills for hundreds of years. A government-enforced ban would drastically reduce this harm and protect the environment for future generations. Many countries and cities that have already implemented such bans have seen significant improvements in cleanliness and waste management. While some may worry about inconvenience, the shift to reusable or biodegradable alternatives is both practical and necessary. With proper public education and support, the transition can be smooth and fair for everyone. In the long run, banning single-use plastics benefits both the planet and the economy by driving innovation and creating new green jobs. It’s time for the government to act decisively to protect our environment and public health.",evidence_and_authority,feasibility_and_implementation,Evidence shows that plastic bans in various regions have led to measurable improvements in environmental health and waste reduction.,evidence_and_authority_feasibility_and_implementation,I should evaluate whether the proposal can actually be implemented and enforced effectively. ,Evidence shows that,addition_and_elaboration,justice_and_fairness,"Moreover, banning single-use plastics encourages innovation in alternative materials, which can create new jobs and industries.",addition_and_elaboration_justice_and_fairness,"I should analyze whether outcomes, processes, and distributions are fair to all parties involved. ",Moreover,evidence_and_authority,governance_and_accountability,"Evidence shows that public support for plastic bans is strong, especially when the government provides clear guidelines and alternatives.",evidence_and_authority_governance_and_accountability,"I should consider legal frameworks, accountability mechanisms, democratic principles, and proper authority. ",Evidence shows that,targeted,817,135,0.2548148260786887
423256,1.3711726293106918,,,synthesis_faithful,targeted,4,20260206_121005,1.0157921314239502,"Single-use plastics are a major source of pollution that harms ecosystems and wildlife, ultimately affecting everyone’s health and quality of life. A total ban would push communities and industries to adopt eco-friendly alternatives, sparking innovation and creating green jobs. Countries like Canada and the EU have already proven that such bans are feasible and effective, leading to cleaner environments and more responsible consumer habits. Since the harm caused by plastic waste is widespread and long-lasting, taking strong action now is both fair and necessary. This shift isn’t just about restriction—it’s about building a healthier, more sustainable future for all. Given that alternatives already exist and are improving, a ban is a responsible and achievable step forward.",evidence_and_authority,justice_and_fairness,"Evidence shows that single-use plastics harm the environment and wildlife, which negatively affects everyone, especially future generations.",evidence_and_authority_justice_and_fairness,"I should analyze whether outcomes, processes, and distributions are fair to all parties involved. ",Evidence shows that,addition_and_elaboration,justice_and_fairness,"Moreover, a total ban would encourage innovation in sustainable alternatives, leading to long-term economic and environmental benefits.",addition_and_elaboration_justice_and_fairness,"I should analyze whether outcomes, processes, and distributions are fair to all parties involved. ",Moreover,exemplification,feasibility_and_implementation,"For example, countries like Canada and the European Union have already implemented similar bans with measurable improvements in waste reduction and public awareness.",exemplification_feasibility_and_implementation,I should evaluate whether the proposal can actually be implemented and enforced effectively. ,For example,targeted,783,98,0.21340274900446551
465876,1.46009468027977,,,synthesis_faithful,targeted,2,20260206_121005,1.066143274307251,"A total ban on single-use plastics is necessary to protect our environment and public health, as these materials often end up in oceans and harm wildlife. Countries like those in the European Union have already implemented similar bans and seen measurable reductions in plastic pollution, proving such policies are both effective and practical. Rather than causing chaos, a well-planned, phased ban gives businesses time to adapt and encourages innovation in eco-friendly packaging. As ordinary citizens, we have a responsibility to act now to safeguard the planet for future generations. The benefits far outweigh the temporary inconvenience of changing habits. A total ban is not just possible—it’s essential.",evidence_and_authority,feasibility_and_implementation,"Evidence shows that many countries with total bans on single-use plastics have successfully reduced plastic waste in their environments, proving that such bans are feasible and impactful.",evidence_and_authority_feasibility_and_implementation,I should evaluate whether the proposal can actually be implemented and enforced effectively. ,Evidence shows that,exemplification,precedent_and_long_term_effects,"For example, the European Union’s ban on certain single-use plastics has led to a significant drop in marine pollution and encouraged innovation in sustainable packaging alternatives.",exemplification_precedent_and_long_term_effects,"I should evaluate historical precedents, long-term vs short-term tradeoffs, and obligations to future generations. ",For example,emphasis_and_evaluation,feasibility_and_implementation,"Importantly, a total ban doesn’t mean immediate hardship—governments can phase in the ban and support businesses and consumers with reusable alternatives.",emphasis_and_evaluation_feasibility_and_implementation,I should evaluate whether the proposal can actually be implemented and enforced effectively. ,Importantly,targeted,711,48,0.19112569517677844
14,0.0,,,synthesis_faithful,random,3,20260206_121538,1.1934635639190674,"The government should enforce a total ban on single-use plastics because individual actions alone cannot solve a problem that affects the entire planet. While personal choices matter, they are overwhelmed by systemic overuse driven by convenience and corporate production. A ban is a necessary step to protect public health, prevent pollution in oceans and ecosystems, and ensure future generations inherit a livable world. It’s not about taking away freedom, but about creating a fairer, safer society where sustainability is the default. Just as we ban lead in paint or tobacco advertising, banning harmful plastics is a responsible use of government power. The shift to reusable and biodegradable alternatives is already possible and economically viable. A total ban is the most effective and just way to tackle a crisis that no one person can fix alone.",causal_reasoning,stakeholder_responsibility,"Therefore, the government has a responsibility to take decisive action when individual efforts are insufficient to address widespread environmental harm.",causal_reasoning_stakeholder_responsibility,"I should analyze who bears responsibility—whether government, individuals, corporations, or other institutions. ",Therefore,concession_and_contrast,rights_and_liberties,"However, rights are not absolute, and when certain behaviors—like pollution from single-use plastics—cause irreversible harm to public health and the environment, restrictions are justified to protect the greater good.",concession_and_contrast_rights_and_liberties,"I should consider inalienable human rights, civil liberties, privacy protections, and the freedom to make one's own choices. ",However,clarification_and_specification,incentives_and_power_dynamics,"In other words, banning single-use plastics is not about limiting freedom, but about shifting incentives toward sustainable alternatives that benefit everyone.",clarification_and_specification_incentives_and_power_dynamics,"I should examine what behaviors are encouraged, who holds power, and how interests align or conflict. ",In other words,baseline,857,363,0.1866209656676212
12,0.0,,,synthesis_faithful,random,0,20260206_121538,1.2737102508544922,"The government should enforce a total ban on single-use plastics because the environmental and health harms they cause are too great to ignore. These items pollute oceans, harm wildlife, and can enter our food chain, threatening both nature and human well-being. While it may seem inconvenient, alternatives like reusable bags and containers are already widely available and practical. Many countries have already implemented similar bans with success, showing it’s possible without major disruption. The responsibility to protect the planet doesn’t lie solely with individuals—it requires strong government leadership and enforceable rules. Without a total ban, progress will remain too slow and uneven. Therefore, a ban is a necessary, moral, and realistic step for a sustainable future.",conclusion_and_summary,ethical_principles,"In conclusion, the government should enforce a total ban on single-use plastics because the harm they cause to the environment and public health outweighs any convenience they provide. This is morally responsible and aligns with our duty to protect the planet for future generations.",conclusion_and_summary_ethical_principles,"I should evaluate actions based on moral rules, character virtues, relationships, and ethical obligations. ",In conclusion,emphasis_and_evaluation,feasibility_and_implementation,"Importantly, such a ban is not only feasible but already being successfully implemented in multiple countries, proving that alternatives exist and can be adopted without major disruption to daily life.",emphasis_and_evaluation_feasibility_and_implementation,I should evaluate whether the proposal can actually be implemented and enforced effectively. ,Importantly,conclusion_and_summary,stakeholder_responsibility,"In conclusion, while individuals can make changes, the scale of the plastic pollution crisis demands coordinated government action; only through a ban can we ensure uniform compliance and meaningful change.",conclusion_and_summary_stakeholder_responsibility,"I should analyze who bears responsibility—whether government, individuals, corporations, or other institutions. ",In conclusion,baseline,789,306,0.1825527336248681
464852,1.3808269370723456,,,synthesis_faithful,targeted,3,20260206_121005,1.202845335006714,"The government should enforce a total ban on single-use plastics because it’s not only feasible but already proven effective in many regions around the world. Countries like Canada, the European Union, and several U.S. states have successfully implemented bans on items like plastic bags, straws, and cutlery, leading to measurable reductions in plastic pollution. These bans have not only protected ecosystems and marine life but also driven innovation in eco-friendly alternatives. As an ordinary person who cares about clean neighborhoods and a healthier planet, I believe we have a responsibility to act now before plastic waste causes irreversible harm. A total ban is a bold but necessary step toward protecting the environment for future generations. The short-term inconvenience is far outweighed by the long-term benefits to our health, nature, and economy.",evidence_and_authority,feasibility_and_implementation,Evidence shows that bans on single-use plastics are feasible and have already been successfully implemented in various regions around the world.,evidence_and_authority_feasibility_and_implementation,I should evaluate whether the proposal can actually be implemented and enforced effectively. ,Evidence shows that,evidence_and_authority,precedent_and_long_term_effects,Evidence shows that bans on single-use plastics are feasible and have already been successfully implemented in various regions around the world.,evidence_and_authority_precedent_and_long_term_effects,"I should evaluate historical precedents, long-term vs short-term tradeoffs, and obligations to future generations. ",Evidence shows that,exemplification,justice_and_fairness,"For example, in places like Canada, the European Union, and parts of the United States, bans on items like plastic bags, straws, and cutlery have reduced pollution and encouraged innovation in sustainable alternatives.",exemplification_justice_and_fairness,"I should analyze whether outcomes, processes, and distributions are fair to all parties involved. ",For example,targeted,866,167,0.16630201576882434
443056,1.3746983650092697,,,synthesis_faithful,targeted,4,20260206_121005,1.1051356792449951,"The government should enforce a total ban on single-use plastics because it is essential to protect our environment and public health. Laws are needed to hold corporations and consumers accountable, and democratic systems exist to ensure policies serve the greater good. Evidence shows that banning single-use plastics dramatically reduces pollution in oceans and landfills, while also lowering greenhouse gas emissions. Countries like Rwanda and Kenya have already proven that such bans can be successfully enforced with strong regulations and public awareness campaigns. While there may be initial economic adjustments, the long-term environmental and societal benefits far outweigh the costs. A government-led ban is not only responsible but necessary to safeguard the planet for future generations.",evidence_and_authority,governance_and_accountability,"Evidence shows that legal frameworks are necessary to enforce accountability, and that democratic principles support government oversight to protect public welfare.",evidence_and_authority_governance_and_accountability,"I should consider legal frameworks, accountability mechanisms, democratic principles, and proper authority. ",Evidence shows that,addition_and_elaboration,cost_benefit_and_impact_analysis,"Moreover, studies have shown that banning single-use plastics leads to significant environmental benefits, such as reduced pollution and lower carbon emissions, outweighing short-term economic costs.",addition_and_elaboration_cost_benefit_and_impact_analysis,"I should quantify and compare costs, benefits, and real-world impacts across economic, social, and environmental dimensions. ",Moreover,exemplification,feasibility_and_implementation,"For example, countries like Rwanda and Kenya have successfully implemented and enforced single-use plastic bans, proving that such policies are feasible and effective when supported by clear regulations and public education.",exemplification_feasibility_and_implementation,I should evaluate whether the proposal can actually be implemented and enforced effectively. ,For example,targeted,802,118,0.15941598632783507
463246,1.4721643377049594,,,synthesis_faithful,targeted,0,20260206_121005,1.1956968307495115,"The government should enforce a total ban on single-use plastics because they cause severe and lasting damage to the environment, particularly harming marine life and polluting landfills. Even though some people rely on these items for convenience, the long-term benefits to public health and ecosystems far outweigh short-term inconvenience. Many countries, including Canada and members of the EU, have already successfully implemented similar bans, proving it’s both feasible and effective. By taking decisive action now, the government can protect natural resources, reduce waste, and encourage innovation in sustainable alternatives. This ban would also set a clear standard that prioritizes the planet over disposable convenience. For the average person, supporting such a policy means contributing to a cleaner, healthier world for future generations. It’s not just about giving up plastic bags or straws—it’s about making a meaningful difference in the fight against pollution.",evidence_and_authority,feasibility_and_implementation,"Evidence shows that banning single-use plastics would reduce environmental pollution significantly, especially in oceans and landfills.",evidence_and_authority_feasibility_and_implementation,I should evaluate whether the proposal can actually be implemented and enforced effectively. ,Evidence shows that,addition_and_elaboration,justice_and_fairness,"Moreover, single-use plastics are a major cause of wildlife harm and ecosystem damage, which affects communities and future generations.",addition_and_elaboration_justice_and_fairness,"I should analyze whether outcomes, processes, and distributions are fair to all parties involved. ",Moreover,evidence_and_authority,feasibility_and_implementation,"Evidence shows that governments can successfully implement bans, as seen in countries like Canada and the EU, which have already phased out many single-use plastics.",evidence_and_authority_feasibility_and_implementation,I should evaluate whether the proposal can actually be implemented and enforced effectively. ,Evidence shows that,targeted,984,201,0.15701146071092417
48,0.0,,,synthesis_faithful,random,3,20260206_121538,1.1253042221069336,"Single-use plastics are a major source of environmental pollution, clogging waterways, killing marine life, and lasting for centuries in landfills and oceans. While some may worry about convenience or cost, the long-term damage to ecosystems and public health far outweighs any short-term discomfort from switching to reusable alternatives. A total ban is not only possible but already working in many countries, where governments have successfully implemented policies supported by public awareness and accessible substitutes. With proper planning and community support, a ban can be enforced without disrupting daily life, while protecting future generations. The environmental and economic benefits of eliminating single-use plastics make a total ban a responsible and urgent step. We must act now to preserve the planet we share.",sequence_and_transition,cost_benefit_and_impact_analysis,"Next, I will highlight how single-use plastics contribute to long-term environmental harm and why a total ban is a necessary, effective response.",sequence_and_transition_cost_benefit_and_impact_analysis,"I should quantify and compare costs, benefits, and real-world impacts across economic, social, and environmental dimensions. ",Next,concession_and_contrast,feasibility_and_implementation,"However, the ability to enforce a total ban is feasible through clear legislation, public education, and support for alternatives.",concession_and_contrast_feasibility_and_implementation,I should evaluate whether the proposal can actually be implemented and enforced effectively. ,However,evidence_and_authority,cost_benefit_and_impact_analysis,"Evidence shows that single-use plastics pollute oceans, harm wildlife, and take hundreds of years to degrade—costing ecosystems and economies far more than a ban would.",evidence_and_authority_cost_benefit_and_impact_analysis,"I should quantify and compare costs, benefits, and real-world impacts across economic, social, and environmental dimensions. ",Evidence shows that,baseline,833,350,0.15619873467141773
465842,1.4614907258420513,,,synthesis_faithful,targeted,2,20260206_121005,1.0810465812683103,"The government should enforce a total ban on single-use plastics because such bans are not only feasible but have already proven successful in countries like Rwanda and Canada. These nations implemented the bans with little economic disruption while achieving significant reductions in plastic pollution. By eliminating single-use plastics, we protect the environment, prevent harm to wildlife, and safeguard public health for current and future generations. This is a necessary step to address the growing crisis of plastic waste that harms ecosystems and communities worldwide. Even though some may worry about inconvenience, the long-term benefits far outweigh the short-term adjustments. A government-led ban ensures consistency, fairness, and accountability across all sectors of society. Ultimately, protecting the planet is a shared responsibility, and a total ban is a clear, effective way to meet that obligation.",evidence_and_authority,feasibility_and_implementation,"Evidence shows that many governments have successfully implemented bans on single-use plastics, proving that enforcement is feasible.",evidence_and_authority_feasibility_and_implementation,I should evaluate whether the proposal can actually be implemented and enforced effectively. ,Evidence shows that,exemplification,precedent_and_long_term_effects,"For example, countries like Rwanda and Canada have enforced bans with long-term environmental benefits and minimal economic disruption.",exemplification_precedent_and_long_term_effects,"I should evaluate historical precedents, long-term vs short-term tradeoffs, and obligations to future generations. ",For example,evidence_and_authority,justice_and_fairness,"Evidence shows that banning single-use plastics reduces pollution in oceans and landfills, protecting ecosystems and public health.",evidence_and_authority_justice_and_fairness,"I should analyze whether outcomes, processes, and distributions are fair to all parties involved. ",Evidence shows that,targeted,922,189,0.14704684160077341
463855,1.4464289405355368,,,synthesis_faithful,targeted,2,20260206_121005,1.2449285984039309,"A total ban on single-use plastics is necessary to protect our environment and public health. Evidence from countries like Canada, the UK, and the EU shows that such bans are feasible and have already led to significant reductions in plastic pollution without causing major disruptions. While some worry about alternatives, many substitutes like paper or bioplastics still have environmental costs if not properly managed. A total ban ensures consistency and prevents greenwashing, where companies claim to be eco-friendly while still using harmful materials. The long-term benefits—cleaner oceans, less waste in landfills, and reduced harm to wildlife—far outweigh short-term inconvenience. As a regular person, I believe we have a responsibility to act now for the sake of future generations. A total ban is the most effective and responsible path forward.",evidence_and_authority,feasibility_and_implementation,"Evidence shows that bans on single-use plastics are feasible and already successful in many areas, proving that enforcement is not only possible but effective.",evidence_and_authority_feasibility_and_implementation,I should evaluate whether the proposal can actually be implemented and enforced effectively. ,Evidence shows that,addition_and_elaboration,precedent_and_long_term_effects,"Moreover, similar bans in countries like Canada, the UK, and members of the EU have already reduced plastic pollution significantly without major disruption to daily life.",addition_and_elaboration_precedent_and_long_term_effects,"I should evaluate historical precedents, long-term vs short-term tradeoffs, and obligations to future generations. ",Moreover,exemplification,risk_and_unintended_consequences,"For example, replacing single-use plastics with alternatives such as paper or bioplastics can still harm the environment if not properly managed, making a total ban a more effective and consistent approach.",exemplification_risk_and_unintended_consequences,"I should identify risks, unintended outcomes, cascading effects, and potential for escalation. ",For example,targeted,858,161,0.146979298124301
403056,1.3746983650092697,,,synthesis_faithful,targeted,2,20260206_121005,1.1867351531982422,"Single-use plastics are a major source of pollution that harms wildlife, clogs waterways, and lingers in the environment for centuries. There are already practical and affordable alternatives available, such as reusable bags, glass containers, and compostable materials, which can easily replace most single-use plastic items. Countries like Canada and the European Union have proven that banning these products reduces waste and encourages innovation without disrupting daily life. A government-enforced ban is a responsible and necessary step to protect the planet for future generations. It’s not about inconvenience—it’s about making a lasting difference with minimal effort. We can’t afford to wait any longer when the damage is already visible in our oceans and landfills. This ban is a smart, realistic solution that aligns with common sense and long-term sustainability.",evidence_and_authority,cost_benefit_and_impact_analysis,"Evidence shows that single-use plastics cause massive environmental harm, including pollution in oceans and harm to wildlife, which makes a ban both necessary and effective.",evidence_and_authority_cost_benefit_and_impact_analysis,"I should quantify and compare costs, benefits, and real-world impacts across economic, social, and environmental dimensions. ",Evidence shows that,addition_and_elaboration,cost_benefit_and_impact_analysis,"Moreover, single-use plastics are often unnecessary—many alternatives like reusable bags, containers, and biodegradable materials are already available and more sustainable.",addition_and_elaboration_cost_benefit_and_impact_analysis,"I should quantify and compare costs, benefits, and real-world impacts across economic, social, and environmental dimensions. ",Moreover,exemplification,feasibility_and_implementation,"For example, countries like Canada and the EU have already started banning certain single-use plastics with measurable reductions in plastic waste.",exemplification_feasibility_and_implementation,I should evaluate whether the proposal can actually be implemented and enforced effectively. ,For example,targeted,878,174,0.1465167616539617
465842,1.4614907258420513,,,synthesis_faithful,targeted,3,20260206_121005,1.0488979816436768,"A total ban on single-use plastics is necessary to protect the environment and public health. Countries like Rwanda and Kenya have successfully implemented such bans, resulting in cleaner cities and reduced plastic pollution. These policies prove that enforcement is possible and lead to long-term environmental benefits that outweigh temporary inconvenience. Plastic waste harms wildlife, contaminates water sources, and contributes to climate change—issues that affect everyone, especially future generations. Rather than relying on recycling, which is often ineffective, a total ban addresses the root of the problem. It encourages innovation in sustainable alternatives and reduces our dependence on fossil fuels. For the average person, this change means healthier communities and a cleaner planet for years to come.",evidence_and_authority,feasibility_and_implementation,"Evidence shows that many governments have successfully implemented plastic bans, suggesting enforcement is feasible.",evidence_and_authority_feasibility_and_implementation,I should evaluate whether the proposal can actually be implemented and enforced effectively. ,Evidence shows that,exemplification,precedent_and_long_term_effects,"For example, countries like Rwanda and Kenya have banned single-use plastics and seen significant environmental improvements, proving the policy's long-term benefits outweigh short-term convenience.",exemplification_precedent_and_long_term_effects,"I should evaluate historical precedents, long-term vs short-term tradeoffs, and obligations to future generations. ",For example,evidence_and_authority,justice_and_fairness,"Evidence shows that banning single-use plastics reduces pollution in waterways and landfills, protecting ecosystems and public health—especially for vulnerable communities.",evidence_and_authority_justice_and_fairness,"I should analyze whether outcomes, processes, and distributions are fair to all parties involved. ",Evidence shows that,targeted,821,139,0.1461312529367001
463056,1.5280562254527794,,,synthesis_faithful,targeted,0,20260206_121005,1.112746238708496,"Plastic pollution is harming our oceans, wildlife, and even our own health, so a total ban on single-use plastics is essential to protect the environment. Fortunately, we already have practical alternatives—reusable bags, metal straws, and compostable packaging—that are easy to use and widely available. Countries like Rwanda and Kenya have proven that strict bans can be enforced successfully and lead to cleaner cities and healthier ecosystems. With public support and clear policies, a total ban is not just possible but necessary to prevent long-term environmental damage. The short-term inconvenience is outweighed by the lasting benefits for future generations. We don’t have to wait—action now can make a real difference.",evidence_and_authority,feasibility_and_implementation,"Evidence shows that plastic pollution is a growing threat to ecosystems and human health, and a total ban on single-use plastics is a necessary step to address this crisis.",evidence_and_authority_feasibility_and_implementation,I should evaluate whether the proposal can actually be implemented and enforced effectively. ,Evidence shows that,addition_and_elaboration,cost_benefit_and_impact_analysis,"Moreover, many alternatives like reusable bags, glass containers, and paper packaging are readily available and can replace single-use plastics without causing major inconvenience.",addition_and_elaboration_cost_benefit_and_impact_analysis,"I should quantify and compare costs, benefits, and real-world impacts across economic, social, and environmental dimensions. ",Moreover,exemplification,feasibility_and_implementation,"For example, countries like Rwanda and Kenya have successfully implemented total bans on plastic bags, proving that enforcement is feasible even in developing nations.",exemplification_feasibility_and_implementation,I should evaluate whether the proposal can actually be implemented and enforced effectively. ,For example,targeted,729,65,0.14059111326793194
468856,1.464114794916848,,,synthesis_faithful,targeted,3,20260206_121005,1.0524392127990725,"Single-use plastics are a major source of pollution, harming wildlife and contaminating ecosystems, including oceans and soil. A total government ban is essential to stop this damage and push society toward reusable and biodegradable alternatives. Countries like Rwanda and Canada have already shown that such bans are feasible and effective in reducing plastic waste. While some may worry about inconvenience, the long-term benefits to public health and the environment far outweigh short-term disruptions. This is not just about convenience—it's about protecting future generations from a planet overwhelmed by pollution. The government has a responsibility to act decisively when the science clearly shows harm. Therefore, enforcing a total ban on single-use plastics is both necessary and achievable.",evidence_and_authority,feasibility_and_implementation,"Evidence shows that banning single-use plastics reduces pollution, especially in oceans and landfills, where these materials persist for centuries.",evidence_and_authority_feasibility_and_implementation,I should evaluate whether the proposal can actually be implemented and enforced effectively. ,Evidence shows that,sequence_and_transition,precedent_and_long_term_effects,"Next, enforcing a total ban is a necessary step to shift society toward sustainable alternatives and prevent further environmental degradation.",sequence_and_transition_precedent_and_long_term_effects,"I should evaluate historical precedents, long-term vs short-term tradeoffs, and obligations to future generations. ",Next,exemplification,feasibility_and_implementation,"For example, countries like Rwanda and Canada have successfully implemented broad bans, proving that such policies are practical and enforceable.",exemplification_feasibility_and_implementation,I should evaluate whether the proposal can actually be implemented and enforced effectively. ,For example,targeted,804,122,0.14055047532059686
468056,1.4566591361643833,,,synthesis_faithful,targeted,1,20260206_121005,1.0936083793640137,"A total government ban on single-use plastics is necessary to protect our environment and public health. Countries like Canada and Rwanda have successfully implemented such bans, showing they are feasible and effective in reducing plastic pollution. These bans cut down on the massive amount of plastic that ends up in oceans and landfills, where it harms wildlife and can enter our food chain. Over time, this reduces environmental cleanup costs and prevents long-term health issues linked to plastic toxins. While some may worry about inconvenience, reusable alternatives are widely available and more sustainable in the long run. The environmental and health benefits far outweigh temporary adjustments. Therefore, a total ban is not only responsible but essential for a cleaner, safer future.",evidence_and_authority,feasibility_and_implementation,"Evidence shows that many countries with strict bans on single-use plastics have successfully reduced plastic pollution in their environments, proving that such policies are achievable.",evidence_and_authority_feasibility_and_implementation,I should evaluate whether the proposal can actually be implemented and enforced effectively. ,Evidence shows that,sequence_and_transition,cost_benefit_and_impact_analysis,"Next, banning single-use plastics reduces long-term environmental and healthcare costs by cutting down pollution that harms ecosystems and human health.",sequence_and_transition_cost_benefit_and_impact_analysis,"I should quantify and compare costs, benefits, and real-world impacts across economic, social, and environmental dimensions. ",Next,exemplification,feasibility_and_implementation,"For example, plastic waste in oceans and landfills harms wildlife and contaminates food sources, and a total ban would significantly slow this damage.",exemplification_feasibility_and_implementation,I should evaluate whether the proposal can actually be implemented and enforced effectively. ,For example,targeted,796,112,0.1381149985992619
468856,1.464114794916848,,,synthesis_faithful,targeted,4,20260206_121005,1.2324180603027344,"Single-use plastics cause massive environmental damage, polluting oceans, harming wildlife, and taking hundreds of years to break down—so banning them entirely is a necessary step to protect our planet. Countries like Canada and the EU have already shown that banning specific single-use plastics is practical and leads to real reductions in waste. Plus, affordable and accessible alternatives like reusable bags and containers are already part of daily life for many people, making the transition manageable. A total ban would encourage innovation, reduce landfill use, and protect ecosystems for future generations. It's not about inconvenience—it’s about responsibility to the environment we all share. While change takes time, waiting longer only means more harm. The government has a duty to act now to preserve the planet.",evidence_and_authority,feasibility_and_implementation,"Evidence shows that single-use plastics are a major source of pollution, especially in oceans and landfills, and a total ban would drastically reduce this environmental harm.",evidence_and_authority_feasibility_and_implementation,I should evaluate whether the proposal can actually be implemented and enforced effectively. ,Evidence shows that,sequence_and_transition,precedent_and_long_term_effects,"Next, other countries like Canada and the EU have already implemented bans on certain single-use plastics, proving that such policies are feasible and effective when properly enforced.",sequence_and_transition_precedent_and_long_term_effects,"I should evaluate historical precedents, long-term vs short-term tradeoffs, and obligations to future generations. ",Next,exemplification,feasibility_and_implementation,"For example, reusable alternatives like cloth bags, glass containers, and metal straws are widely available and already used by millions of people, so the shift wouldn’t be as disruptive as some suggest.",exemplification_feasibility_and_implementation,I should evaluate whether the proposal can actually be implemented and enforced effectively. ,For example,targeted,828,145,0.1341476080947551
465852,1.4731652336083576,,,synthesis_faithful,targeted,1,20260206_121005,1.000544786453247,"The government should enforce a total ban on single-use plastics because such bans have already been successfully implemented in countries like Canada and the European Union, leading to significant reductions in plastic pollution. These policies not only protect ecosystems but also drive innovation in eco-friendly packaging and materials. Furthermore, reducing plastic waste helps safeguard the health of marginalized communities who are more vulnerable to environmental hazards. While some may worry about short-term inconvenience, the long-term benefits to public health and the planet far outweigh these concerns. A total ban is a necessary step toward sustainable living and responsible stewardship of the Earth.",evidence_and_authority,feasibility_and_implementation,"Evidence shows that governments have successfully implemented bans on single-use plastics in multiple countries, proving that enforcement is feasible.",evidence_and_authority_feasibility_and_implementation,I should evaluate whether the proposal can actually be implemented and enforced effectively. ,Evidence shows that,exemplification,precedent_and_long_term_effects,"For example, countries like Canada and the European Union have enacted nationwide bans, resulting in measurable reductions in plastic pollution and encouraging innovation in sustainable alternatives.",exemplification_precedent_and_long_term_effects,"I should evaluate historical precedents, long-term vs short-term tradeoffs, and obligations to future generations. ",For example,exemplification,justice_and_fairness,"For example, banning single-use plastics reduces environmental harm, which disproportionately affects marginalized communities who are more exposed to pollution and less able to afford the impacts of climate change.",exemplification_justice_and_fairness,"I should analyze whether outcomes, processes, and distributions are fair to all parties involved. ",For example,targeted,718,54,0.1325282051389855
465842,1.4614907258420513,,,synthesis_faithful,targeted,0,20260206_121005,1.079582452774048,"Single-use plastics are a major source of pollution, especially in oceans and waterways, where they harm wildlife and degrade ecosystems. Countries like Rwanda and Canada have successfully banned certain single-use plastics, proving that such bans are possible and effective when properly enforced. Reusable alternatives are increasingly available and affordable, making the transition manageable for most households and businesses. A government-enforced ban would send a clear message about environmental responsibility and accelerate the shift toward sustainable practices. It’s not just about protecting nature—it’s about ensuring a healthier planet for future generations. Since the practical alternatives exist and past bans have worked, a total ban is both responsible and achievable. The long-term benefits far outweigh the short-term inconvenience.",evidence_and_authority,feasibility_and_implementation,"Evidence shows that single-use plastics are a major source of pollution, especially in oceans and waterways, where they harm wildlife and degrade ecosystems.",evidence_and_authority_feasibility_and_implementation,I should evaluate whether the proposal can actually be implemented and enforced effectively. ,Evidence shows that,exemplification,precedent_and_long_term_effects,"For example, countries like Rwanda and Canada have successfully banned certain single-use plastics, proving that such bans are possible and effective when properly enforced.",exemplification_precedent_and_long_term_effects,"I should evaluate historical precedents, long-term vs short-term tradeoffs, and obligations to future generations. ",For example,evidence_and_authority,justice_and_fairness,"Evidence shows that reusable alternatives are increasingly available and affordable, making the transition manageable for most households and businesses.",evidence_and_authority_justice_and_fairness,"I should analyze whether outcomes, processes, and distributions are fair to all parties involved. ",Evidence shows that,targeted,856,158,0.1308997562163497
473256,1.3711726293106918,,,synthesis_faithful,targeted,3,20260206_121005,1.111886978149414,"Single-use plastics are a major contributor to environmental pollution, clogging oceans and harming wildlife, so banning them is necessary to protect ecosystems. A government ban would encourage companies to develop reusable and biodegradable alternatives, fostering innovation and creating green jobs. Real-world examples from Canada and the European Union show that such bans can be implemented successfully and lead to measurable environmental improvements. As an average citizen, I believe the long-term benefits to public health and the planet far outweigh the short-term inconvenience. With proper education and support, people can easily adapt to using alternatives like cloth bags and refillable containers. It’s time we take decisive action to leave a cleaner, safer world for future generations.",evidence_and_authority,incentives_and_power_dynamics,"Evidence shows that single-use plastics are a major source of pollution, especially in oceans and landfills, and a ban would significantly reduce this environmental harm.",evidence_and_authority_incentives_and_power_dynamics,"I should examine what behaviors are encouraged, who holds power, and how interests align or conflict. ",Evidence shows that,addition_and_elaboration,justice_and_fairness,"Moreover, a ban would push industries to innovate and adopt sustainable alternatives, which benefits the environment and can create new jobs in green technology.",addition_and_elaboration_justice_and_fairness,"I should analyze whether outcomes, processes, and distributions are fair to all parties involved. ",Moreover,exemplification,feasibility_and_implementation,"For example, countries like Canada and the EU have successfully implemented similar bans, proving it's feasible and effective with proper policy and public support.",exemplification_feasibility_and_implementation,I should evaluate whether the proposal can actually be implemented and enforced effectively. ,For example,targeted,805,123,0.12324038605240734
465845,1.4145969764192112,,,synthesis_faithful,targeted,2,20260206_121005,1.2059249877929688,"The government should enforce a total ban on single-use plastics because it’s a necessary step to protect our environment and public health. Countries like Canada and the European Union have already shown that such bans lead to significant reductions in plastic pollution in oceans and landfills. These policies don’t harm the economy—businesses have successfully transitioned to reusable and biodegradable options, which often save money over time. As an average person, I care about leaving a cleaner world for future generations, and a ban is a clear, decisive way to reduce the overwhelming amount of plastic waste we produce. Without strong government action, individual efforts will never be enough to solve this crisis. It’s time to choose long-term environmental health over short-term convenience.",evidence_and_authority,feasibility_and_implementation,Evidence shows that many countries that have implemented bans on single-use plastics have seen measurable improvements in environmental health and waste reduction.,evidence_and_authority_feasibility_and_implementation,I should evaluate whether the proposal can actually be implemented and enforced effectively. ,Evidence shows that,exemplification,precedent_and_long_term_effects,"For example, when Canada and the European Union imposed similar bans, they observed significant reductions in plastic pollution in oceans and landfills, proving such policies can work in real-world settings.",exemplification_precedent_and_long_term_effects,"I should evaluate historical precedents, long-term vs short-term tradeoffs, and obligations to future generations. ",For example,evidence_and_authority,risk_and_unintended_consequences,"Evidence shows that bans on single-use plastics do not lead to widespread economic disruption, as businesses have adapted by switching to reusable or biodegradable alternatives, which are often cost-effective in the long run.",evidence_and_authority_risk_and_unintended_consequences,"I should identify risks, unintended outcomes, cascading effects, and potential for escalation. ",Evidence shows that,targeted,806,124,0.12287623196154816
21,0.0,,,synthesis_faithful,random,3,20260206_121538,1.068713665008545,"The government should enforce a total ban on single-use plastics because it has the legal authority and democratic mandate to protect public health and the environment. Past successes, such as bans on asbestos and leaded gasoline, prove that comprehensive government action can effectively eliminate harmful materials. While individuals are important, the real source of pollution lies in large-scale industry and corporate production, not personal choices. A ban would shift responsibility to the institutions that generate the waste, ensuring accountability. It would also drive innovation in sustainable alternatives and create a level playing field for businesses. Without strong government intervention, plastic pollution will continue to harm ecosystems and human health. Therefore, a total ban is necessary, fair, and achievable.",concession_and_contrast,governance_and_accountability,"However, the government has the legal authority and democratic mandate to create laws that protect public health, safety, and environmental well-being.",concession_and_contrast_governance_and_accountability,"I should consider legal frameworks, accountability mechanisms, democratic principles, and proper authority. ",However,exemplification,feasibility_and_implementation,"For example, governments have successfully banned other harmful products like asbestos or leaded gasoline, showing that comprehensive bans are both feasible and effective.",exemplification_feasibility_and_implementation,I should evaluate whether the proposal can actually be implemented and enforced effectively. ,For example,evidence_and_authority,stakeholder_responsibility,Evidence shows that individual behavior alone cannot solve systemic pollution; corporations and industries are the primary contributors to plastic waste.,evidence_and_authority_stakeholder_responsibility,"I should analyze who bears responsibility—whether government, individuals, corporations, or other institutions. ",Evidence shows that,baseline,836,354,0.1206172005793588
465832,1.459909962045023,,,synthesis_faithful,targeted,3,20260206_121005,1.117645025253296,"The government should enforce a total ban on single-use plastics because it's a proven way to reduce pollution and protect the environment. Countries like Ireland have already shown that strong policies can cut plastic use by over 90%, proving such bans are practical and effective. Beyond pollution, single-use plastics harm animals—especially sea creatures that often eat or get trapped in plastic waste. It's our responsibility to protect nature for future generations, and a ban is a clear, necessary step. While some may worry about convenience, reusable alternatives are widely available and more sustainable in the long run. A total ban is not just possible—it’s essential for a healthier planet.",evidence_and_authority,feasibility_and_implementation,"Evidence shows that countries with strict bans on single-use plastics have significantly reduced marine pollution and waste in landfills, proving that such bans are feasible and impactful.",evidence_and_authority_feasibility_and_implementation,I should evaluate whether the proposal can actually be implemented and enforced effectively. ,Evidence shows that,exemplification,precedent_and_long_term_effects,"For example, when Ireland introduced a plastic bag tax, plastic bag usage dropped by over 90%—demonstrating that policy changes can lead to lasting behavioral shifts.",exemplification_precedent_and_long_term_effects,"I should evaluate historical precedents, long-term vs short-term tradeoffs, and obligations to future generations. ",For example,addition_and_elaboration,justice_and_fairness,"Moreover, banning single-use plastics protects ecosystems and wildlife, especially marine animals that often mistake plastic for food and suffer fatal consequences.",addition_and_elaboration_justice_and_fairness,"I should analyze whether outcomes, processes, and distributions are fair to all parties involved. ",Moreover,targeted,703,42,0.11464763814095917
473056,1.3746983650092697,,,synthesis_faithful,targeted,2,20260206_121005,1.2185750007629397,"Single-use plastics are a major source of pollution that harms wildlife, clogs waterways, and lingers in ecosystems for centuries. A government-enforced ban would send a strong message that environmental protection is a priority and push businesses to innovate with sustainable alternatives. While some may worry about inconvenience, reusable and biodegradable options are already widely available and more cost-effective in the long run. Countries like Canada and the EU have already implemented similar bans with positive results, showing that such policies are feasible and beneficial. Ultimately, protecting our planet from irreversible damage is a shared responsibility that requires bold action, and a total ban on single-use plastics is a necessary step toward a cleaner, healthier future.",evidence_and_authority,incentives_and_power_dynamics,"Evidence shows that single-use plastics contribute significantly to environmental degradation, especially in oceans and landfills, and a government-enforced ban would be a decisive step toward reducing this pollution.",evidence_and_authority_incentives_and_power_dynamics,"I should examine what behaviors are encouraged, who holds power, and how interests align or conflict. ",Evidence shows that,addition_and_elaboration,cost_benefit_and_impact_analysis,"Moreover, many alternatives—like reusable bags, paper packaging, and compostable materials—are already available and affordable, making a ban both practical and necessary for long-term sustainability.",addition_and_elaboration_cost_benefit_and_impact_analysis,"I should quantify and compare costs, benefits, and real-world impacts across economic, social, and environmental dimensions. ",Moreover,exemplification,feasibility_and_implementation,"For example, countries like Canada and the EU have successfully phased out certain single-use plastics through regulation, proving that such bans are enforceable and effective when supported by public awareness and industry adaptation.",exemplification_feasibility_and_implementation,I should evaluate whether the proposal can actually be implemented and enforced effectively. ,For example,targeted,796,111,0.11261954946451494
464846,1.4463556081506648,,,synthesis_faithful,targeted,2,20260206_121005,1.0773537158966064,"Single-use plastics are a major contributor to environmental pollution, harming wildlife and ecosystems, and a total government ban would significantly reduce this damage. Past bans in various countries and cities have proven effective, leading to lower waste levels and encouraging businesses to develop sustainable alternatives. A nationwide ban would ensure fairness and consistency, preventing companies from exploiting loopholes or misleading consumers with greenwashing. This is not just about cleaning up today’s trash—it’s about protecting our planet for future generations. The short-term inconvenience is outweighed by the long-term environmental and public health benefits. A ban is a necessary and achievable step toward a cleaner, safer world.",evidence_and_authority,feasibility_and_implementation,"Evidence shows that single-use plastics are a major source of pollution, especially in oceans and landfills, and a total ban would drastically reduce this environmental damage.",evidence_and_authority_feasibility_and_implementation,I should evaluate whether the proposal can actually be implemented and enforced effectively. ,Evidence shows that,evidence_and_authority,precedent_and_long_term_effects,"Evidence shows that bans in other countries and cities have successfully reduced plastic waste and encouraged innovation in alternatives, proving this approach is both practical and effective.",evidence_and_authority_precedent_and_long_term_effects,"I should evaluate historical precedents, long-term vs short-term tradeoffs, and obligations to future generations. ",Evidence shows that,evidence_and_authority,feasibility_and_implementation,"Evidence shows that a government-enforced ban would create a level playing field, ensuring all businesses and consumers follow the same rules and avoiding confusion or greenwashing.",evidence_and_authority_feasibility_and_implementation,I should evaluate whether the proposal can actually be implemented and enforced effectively. ,Evidence shows that,targeted,756,81,0.10968345983977276
465836,1.5229132704642945,,,synthesis_faithful,targeted,0,20260206_121005,1.014915943145752,"Single-use plastics are a major source of pollution that harm wildlife, clog waterways, and persist in the environment for centuries. A total ban is a necessary step to protect ecosystems and ensure a healthier planet for future generations. Countries like Rwanda and Canada have already proven that such bans are practical and effective, reducing plastic waste significantly without overwhelming communities. While some may worry about the transition, reusable alternatives are increasingly accessible and cost-effective. The long-term environmental and public health benefits far outweigh any short-term inconvenience. Therefore, the government should take decisive action by enforcing a total ban on single-use plastics.",evidence_and_authority,feasibility_and_implementation,"Evidence shows that single-use plastics pollute ecosystems, harm wildlife, and take hundreds of years to decompose, so a ban is necessary to protect the environment.",evidence_and_authority_feasibility_and_implementation,I should evaluate whether the proposal can actually be implemented and enforced effectively. ,Evidence shows that,exemplification,precedent_and_long_term_effects,"For example, countries like Rwanda and Canada have successfully implemented plastic bans, proving that such policies are both feasible and effective in reducing waste.",exemplification_precedent_and_long_term_effects,"I should evaluate historical precedents, long-term vs short-term tradeoffs, and obligations to future generations. ",For example,addition_and_elaboration,feasibility_and_implementation,"Moreover, while some might worry about inconvenience, reusable alternatives are widely available and becoming more affordable every year.",addition_and_elaboration_feasibility_and_implementation,I should evaluate whether the proposal can actually be implemented and enforced effectively. ,Moreover,targeted,723,59,0.10815876262402938
473256,1.3711726293106918,,,synthesis_faithful,targeted,4,20260206_121005,1.2899620532989502,"Single-use plastics are a major source of pollution that harms ecosystems and wildlife, and a government-imposed ban would be a necessary step toward protecting the environment and public health. By eliminating these plastics, we encourage innovation in sustainable alternatives, making reusable and biodegradable products more accessible and affordable for everyday people. Real-world examples, like Rwanda and Kenya, prove that such bans can be effectively enforced and lead to cleaner communities and reduced plastic waste. While some may worry about inconvenience, the long-term benefits to the planet and future generations far outweigh temporary adjustments. The government has a responsibility to act in the public interest, and a total ban is a clear, decisive action that aligns with environmental protection goals. Ultimately, this shift supports a healthier, more sustainable way of living for everyone.",evidence_and_authority,incentives_and_power_dynamics,"Evidence shows that single-use plastics are a major contributor to environmental pollution, especially in oceans and landfills, where they take hundreds of years to degrade and harm wildlife.",evidence_and_authority_incentives_and_power_dynamics,"I should examine what behaviors are encouraged, who holds power, and how interests align or conflict. ",Evidence shows that,addition_and_elaboration,justice_and_fairness,"Moreover, a government-enforced ban would promote the development and adoption of sustainable alternatives, such as reusable containers and biodegradable materials, which benefit both consumers and the environment in the long term.",addition_and_elaboration_justice_and_fairness,"I should analyze whether outcomes, processes, and distributions are fair to all parties involved. ",Moreover,exemplification,feasibility_and_implementation,"For example, countries like Rwanda and Kenya have successfully implemented strict bans on single-use plastics, demonstrating that enforcement is feasible and leads to measurable improvements in cleanliness and environmental health.",exemplification_feasibility_and_implementation,I should evaluate whether the proposal can actually be implemented and enforced effectively. ,For example,targeted,914,186,0.1064711278583615
463246,1.4721643377049594,,,synthesis_faithful,targeted,1,20260206_121005,1.1743957996368408,"A total ban on single-use plastics is necessary to protect our environment and public health. These materials take hundreds of years to break down, polluting our oceans, harming wildlife, and entering the food chain. Countries like Canada and the EU have already implemented such bans with measurable success, showing they are practical and enforceable. By eliminating single-use plastics, we reduce waste, lower pollution, and promote sustainable alternatives that are increasingly available and affordable. This shift benefits everyone, especially future generations who deserve a cleaner, safer planet. The environmental and health risks of inaction far outweigh any short-term inconvenience of change.",evidence_and_authority,feasibility_and_implementation,"Evidence shows that bans on single-use plastics have been successfully implemented in multiple countries, including Canada and the EU, proving that such policies are both feasible and enforceable through coordinated legislation and public awareness.",evidence_and_authority_feasibility_and_implementation,I should evaluate whether the proposal can actually be implemented and enforced effectively. ,Evidence shows that,addition_and_elaboration,justice_and_fairness,"Moreover, a total ban would reduce the overwhelming pollution in oceans and landfills, protecting wildlife and ecosystems—benefits that extend to everyone, especially future generations who will inherit a cleaner planet.",addition_and_elaboration_justice_and_fairness,"I should analyze whether outcomes, processes, and distributions are fair to all parties involved. ",Moreover,evidence_and_authority,feasibility_and_implementation,"Evidence shows that bans on single-use plastics have been successfully implemented in multiple countries, including Canada and the EU, proving that such policies are both feasible and enforceable through coordinated legislation and public awareness.",evidence_and_authority_feasibility_and_implementation,I should evaluate whether the proposal can actually be implemented and enforced effectively. ,Evidence shows that,targeted,705,43,0.10495141761200108
35,0.0,,,synthesis_faithful,random,3,20260206_121538,1.2769145965576172,"The government should enforce a total ban on single-use plastics because individual efforts alone aren’t enough to fix such a widespread environmental problem. While people can try to reduce their use, systemic change requires strong policy action—only government can mandate large-scale shifts across industries and households. Countries like Canada, the UK, and several nations in the EU have already implemented plastic bans that work, showing it’s both practical and effective. Without a ban, companies will keep producing plastic, and pollution will continue to harm marine life, ecosystems, and even our own health. A total ban sends a clear message that sustainability is a national priority and pushes innovation toward safer, reusable alternatives. Ultimately, the government has both the power and the responsibility to protect public and environmental health, and a ban is the most decisive step we can take now.",concession_and_contrast,stakeholder_responsibility,"However, while individuals can reduce plastic use, systemic change requires government intervention, and a total ban is the only way to ensure widespread compliance and meaningful environmental impact.",concession_and_contrast_stakeholder_responsibility,"I should analyze who bears responsibility—whether government, individuals, corporations, or other institutions. ",However,addition_and_elaboration,feasibility_and_implementation,"Moreover, many countries have already successfully implemented plastic bans, proving that such policies are practical and enforceable with public support and clear alternatives.",addition_and_elaboration_feasibility_and_implementation,I should evaluate whether the proposal can actually be implemented and enforced effectively. ,Moreover,clarification_and_specification,stakeholder_responsibility,"In other words, if the government doesn’t act, no one else will, and we’ll continue to see plastic pollution harming wildlife, oceans, and even human health.",clarification_and_specification_stakeholder_responsibility,"I should analyze who bears responsibility—whether government, individuals, corporations, or other institutions. ",In other words,baseline,923,392,0.09926905443068375
453256,1.451441093315914,,,synthesis_faithful,targeted,1,20260206_121005,1.108859300613403,"Single-use plastics are a major source of pollution that harms ecosystems, wildlife, and human health, and a total government ban is a necessary step to address this crisis. These materials often end up in oceans and landfills, where they take hundreds of years to break down, endangering marine life and contaminating the food chain. The burden of this pollution falls heaviest on vulnerable communities and future generations, who did not create the problem but will face its consequences. Fortunately, successful bans in places like Rwanda show that such policies are feasible and effective when properly enforced. A comprehensive ban would drive innovation in sustainable alternatives and shift consumer habits toward more responsible choices. Therefore, the government has a clear responsibility to act decisively to protect the environment and public well-being.",evidence_and_authority,risk_and_unintended_consequences,"Evidence shows that single-use plastics cause severe environmental harm, especially in oceans and landfills, where they persist for centuries and harm wildlife.",evidence_and_authority_risk_and_unintended_consequences,"I should identify risks, unintended outcomes, cascading effects, and potential for escalation. ",Evidence shows that,addition_and_elaboration,justice_and_fairness,"Moreover, these plastics disproportionately affect marginalized communities and future generations, who will inherit the pollution without having contributed to it.",addition_and_elaboration_justice_and_fairness,"I should analyze whether outcomes, processes, and distributions are fair to all parties involved. ",Moreover,exemplification,feasibility_and_implementation,"For example, countries like Rwanda have successfully banned single-use plastics and seen dramatic reductions in plastic waste and litter.",exemplification_feasibility_and_implementation,I should evaluate whether the proposal can actually be implemented and enforced effectively. ,For example,targeted,868,169,0.09595342898988066
463256,1.5837844361583922,,,synthesis_faithful,targeted,1,20260206_121005,1.1478784084320068,"Single-use plastics pollute our oceans, harm wildlife, and take hundreds of years to decompose, so banning them entirely is a necessary step to protect the planet. A total ban would encourage companies to develop eco-friendly alternatives, which could lead to new jobs and innovations in sustainable materials. Countries like Rwanda and Kenya have already proven that strict bans are enforceable and effective, showing that such a policy is not just idealistic but practical. With public awareness and government support, a nationwide ban is achievable and would benefit both people and the environment. We have a responsibility to act now before the damage becomes irreversible. The long-term benefits far outweigh the short-term inconvenience of change. Therefore, the government should enforce a total ban on single-use plastics.",evidence_and_authority,feasibility_and_implementation,"Evidence shows that single-use plastics cause significant harm to the environment, especially in oceans and landfills, and a total ban would drastically reduce this damage.",evidence_and_authority_feasibility_and_implementation,I should evaluate whether the proposal can actually be implemented and enforced effectively. ,Evidence shows that,addition_and_elaboration,justice_and_fairness,"Moreover, a total ban would push industries to innovate with sustainable alternatives, creating new jobs and reducing long-term environmental costs.",addition_and_elaboration_justice_and_fairness,"I should analyze whether outcomes, processes, and distributions are fair to all parties involved. ",Moreover,exemplification,feasibility_and_implementation,"For example, countries like Rwanda and Kenya have successfully implemented strict bans, showing that it is feasible with proper enforcement and public support.",exemplification_feasibility_and_implementation,I should evaluate whether the proposal can actually be implemented and enforced effectively. ,For example,targeted,832,146,0.09302817842902203
483056,1.3746983650092697,,,synthesis_faithful,targeted,1,20260206_121005,1.0376510620117188,"The government should enforce a total ban on single-use plastics because these materials cause lasting harm to ecosystems and wildlife, and the long-term environmental benefits far outweigh short-term inconvenience. While some may worry about economic disruption or limited alternatives, reusable options like cloth bags and metal containers are now widely available and more cost-effective over time. Real-world examples from countries like Rwanda and Canada show that such bans are enforceable and lead to cleaner communities and less pollution. Protecting our planet for future generations demands bold action now, and a total ban is a necessary step toward that goal. The convenience of single-use plastics is not worth the irreversible damage they cause.",evidence_and_authority,precedent_and_long_term_effects,"Evidence shows that bans on single-use plastics reduce pollution over time, and the environmental damage caused by these materials outweighs temporary economic or convenience costs.",evidence_and_authority_precedent_and_long_term_effects,"I should evaluate historical precedents, long-term vs short-term tradeoffs, and obligations to future generations. ",Evidence shows that,addition_and_elaboration,cost_benefit_and_impact_analysis,"Moreover, reusable alternatives are increasingly accessible and affordable, meaning the shift away from single-use plastics is both practical and sustainable.",addition_and_elaboration_cost_benefit_and_impact_analysis,"I should quantify and compare costs, benefits, and real-world impacts across economic, social, and environmental dimensions. ",Moreover,exemplification,feasibility_and_implementation,"For example, countries like Rwanda and Canada have successfully implemented plastic bans, proving that enforcement is feasible with public support and clear regulations.",exemplification_feasibility_and_implementation,I should evaluate whether the proposal can actually be implemented and enforced effectively. ,For example,targeted,759,83,0.09210574518272947
465852,1.4731652336083576,,,synthesis_faithful,targeted,2,20260206_121005,1.145942211151123,"Single-use plastics are a major contributor to pollution, clogging landfills and harming wildlife, especially in oceans. A total government ban would significantly reduce this environmental damage and protect ecosystems for future generations. Countries like Rwanda and Kenya have already proven that such bans can work, with lasting reductions in plastic waste. While some may worry about inconvenience or cost, the long-term benefits—cleaner communities, reduced cleanup expenses, and innovation in eco-friendly materials—outweigh the short-term challenges. A ban also pushes industries to develop sustainable alternatives, creating new green jobs and fostering innovation. As an average person, I believe we have a responsibility to protect the planet, and a ban is a clear, necessary step toward that goal.",evidence_and_authority,feasibility_and_implementation,"Evidence shows that single-use plastics are a major source of pollution, especially in oceans and landfills, and a total ban would drastically reduce this environmental harm.",evidence_and_authority_feasibility_and_implementation,I should evaluate whether the proposal can actually be implemented and enforced effectively. ,Evidence shows that,exemplification,precedent_and_long_term_effects,"For example, countries like Rwanda and Kenya have successfully implemented strict bans on plastic bags, proving that such measures are feasible and effective in reducing waste.",exemplification_precedent_and_long_term_effects,"I should evaluate historical precedents, long-term vs short-term tradeoffs, and obligations to future generations. ",For example,exemplification,justice_and_fairness,"For example, a ban can encourage innovation in sustainable alternatives and support green jobs, helping the economy shift toward more environmentally responsible practices.",exemplification_justice_and_fairness,"I should analyze whether outcomes, processes, and distributions are fair to all parties involved. ",For example,targeted,810,128,0.0813472635057889
465856,1.5503684124529828,,,synthesis_faithful,targeted,0,20260206_121005,1.1814544200897217,"The government should enforce a total ban on single-use plastics because they cause significant harm to the environment and wildlife, especially in oceans where they accumulate and endanger marine species. Countries like Rwanda and Kenya have already proven that strict plastic bans are feasible and effective, leading to cleaner cities and healthier ecosystems. Even in places like the EU, banning specific single-use plastics has driven innovation in sustainable alternatives and reduced pollution. While some may worry about inconvenience, the long-term benefits to public health and the planet far outweigh short-term discomfort. We have a responsibility to protect the Earth for future generations, and banning single-use plastics is a clear, actionable step toward that goal. This is not just about rules—it’s about making sustainable choices that benefit everyone.",evidence_and_authority,feasibility_and_implementation,"Evidence shows that plastic pollution is causing severe harm to marine life and ecosystems, and a government-enforced ban on single-use plastics is a necessary step to address this growing environmental crisis.",evidence_and_authority_feasibility_and_implementation,I should evaluate whether the proposal can actually be implemented and enforced effectively. ,Evidence shows that,exemplification,precedent_and_long_term_effects,"For example, countries like Rwanda and Kenya have successfully implemented strict bans, proving such policies can work in practice and lead to lasting environmental improvements.",exemplification_precedent_and_long_term_effects,"I should evaluate historical precedents, long-term vs short-term tradeoffs, and obligations to future generations. ",For example,exemplification,feasibility_and_implementation,"For example, the EU’s ban on certain single-use plastics has already led to innovation in biodegradable alternatives and reduced litter in public spaces.",exemplification_feasibility_and_implementation,I should evaluate whether the proposal can actually be implemented and enforced effectively. ,For example,targeted,871,172,0.08001725310509666
463852,1.4933226899583765,,,synthesis_faithful,targeted,0,20260206_121005,1.0904161930084229,"The government should enforce a total ban on single-use plastics because the environmental damage caused by plastic pollution is severe and ongoing, with marine life suffering and ecosystems deteriorating. Countries like Canada and the EU have already shown that banning certain single-use plastics is feasible and effective, setting a strong precedent for broader action. Such a ban would also drive innovation in eco-friendly materials, creating new green jobs and reducing long-term environmental costs. While there may be short-term inconvenience, the long-term benefits to public health, wildlife, and the planet far outweigh them. As ordinary citizens, we have a responsibility to protect the environment for future generations. A total ban is a necessary and achievable step toward a cleaner, healthier world.",evidence_and_authority,feasibility_and_implementation,"Evidence shows that plastic pollution is a growing crisis, with millions of tons entering oceans annually, harming wildlife and ecosystems.",evidence_and_authority_feasibility_and_implementation,I should evaluate whether the proposal can actually be implemented and enforced effectively. ,Evidence shows that,addition_and_elaboration,precedent_and_long_term_effects,"Moreover, countries like Canada and the EU have already successfully implemented partial bans on single-use plastics, proving such laws can work in practice.",addition_and_elaboration_precedent_and_long_term_effects,"I should evaluate historical precedents, long-term vs short-term tradeoffs, and obligations to future generations. ",Moreover,exemplification,justice_and_fairness,"For example, banning plastic bags and straws encourages innovation in sustainable alternatives, which can lead to new green jobs and industries.",exemplification_justice_and_fairness,"I should analyze whether outcomes, processes, and distributions are fair to all parties involved. ",For example,targeted,816,133,0.07973660803199122
465852,1.4731652336083576,,,synthesis_faithful,targeted,0,20260206_121005,1.246561050415039,"The government should enforce a total ban on single-use plastics because it’s a necessary step to protect our environment and public health. Countries like Canada and the UK have already proven that such bans work—reducing plastic pollution and encouraging innovation in eco-friendly alternatives. While some may worry about inconvenience or cost, the long-term benefits far outweigh the short-term adjustments. Using reusable or compostable materials helps keep our oceans and landfills cleaner and reduces harm to wildlife. This change is not just about rules—it’s about responsibility to future generations who deserve a healthier planet. With proper support and education, the transition can be smooth and fair for everyone. A total ban is not extreme; it’s a practical solution to a growing crisis.",evidence_and_authority,feasibility_and_implementation,"Evidence shows that bans on single-use plastics have already been successful in various countries and cities, demonstrating that enforcement is feasible and can lead to significant reductions in plastic waste.",evidence_and_authority_feasibility_and_implementation,I should evaluate whether the proposal can actually be implemented and enforced effectively. ,Evidence shows that,exemplification,precedent_and_long_term_effects,"For example, when countries like Canada and the UK introduced bans on certain single-use plastics, they saw immediate reductions in litter and pollution, proving that such policies are not only effective but also practical over time.",exemplification_precedent_and_long_term_effects,"I should evaluate historical precedents, long-term vs short-term tradeoffs, and obligations to future generations. ",For example,exemplification,justice_and_fairness,"For example, using alternatives like paper or reusable containers can be more sustainable and healthier for people and the environment, even if they cost a little more at first.",exemplification_justice_and_fairness,"I should analyze whether outcomes, processes, and distributions are fair to all parties involved. ",For example,targeted,803,121,0.0796294749303098
468852,1.3869116160722228,,,synthesis_faithful,targeted,3,20260206_121005,1.1110351085662842,"The government should enforce a total ban on single-use plastics because it’s a necessary step to protect our environment and public health. Plastic pollution is already devastating marine ecosystems, killing animals and entering our food chain, and a ban would drastically reduce this harm. While some might argue it's inconvenient, the long-term benefits—cleaner oceans, healthier communities, and reduced carbon emissions—far outweigh temporary disruptions. Many regions around the world have successfully implemented similar bans, proving it’s both practical and effective. The burden of pollution falls most heavily on low-income and marginalized communities, so a ban is also a matter of environmental justice. Ultimately, we have a responsibility to future generations to leave behind a cleaner planet.",evidence_and_authority,feasibility_and_implementation,"Evidence shows that banning single-use plastics can lead to a significant reduction in plastic pollution, especially in oceans and landfills.",evidence_and_authority_feasibility_and_implementation,I should evaluate whether the proposal can actually be implemented and enforced effectively. ,Evidence shows that,sequence_and_transition,precedent_and_long_term_effects,"Next, the environmental damage caused by single-use plastics—like harming marine life and contributing to climate change—is irreversible and far outweighs the short-term convenience they provide.",sequence_and_transition_precedent_and_long_term_effects,"I should evaluate historical precedents, long-term vs short-term tradeoffs, and obligations to future generations. ",Next,exemplification,justice_and_fairness,"For example, many communities already face health issues from polluted water and land, and a ban would protect those vulnerable populations the most.",exemplification_justice_and_fairness,"I should analyze whether outcomes, processes, and distributions are fair to all parties involved. ",For example,targeted,809,127,0.07759771331550604
465832,1.459909962045023,,,synthesis_faithful,targeted,4,20260206_121005,1.246772050857544,"The government should enforce a total ban on single-use plastics because it’s a necessary step to protect the environment and public health. Countries like Ireland have proven that such bans work—after introducing a small fee on plastic bags, usage dropped by 90% in just one year. These plastics don’t just litter our streets; they end up in oceans, harming wildlife and even entering our food chain. While some may find it inconvenient at first, the long-term benefits to ecosystems and future generations far outweigh short-term discomfort. A ban doesn’t mean we lose convenience—it means we switch to better, reusable alternatives that are just as effective. It’s time we take responsibility for the waste we create and choose a cleaner, healthier future for everyone.",evidence_and_authority,feasibility_and_implementation,"Evidence shows that countries with strict bans on single-use plastics have seen significant reductions in plastic pollution, especially in oceans and waterways, suggesting that such bans are both feasible and impactful.",evidence_and_authority_feasibility_and_implementation,I should evaluate whether the proposal can actually be implemented and enforced effectively. ,Evidence shows that,exemplification,precedent_and_long_term_effects,"For example, Ireland’s plastic bag tax led to a 90% drop in plastic bag use within a year, proving that policy changes can shift public behavior quickly and effectively.",exemplification_precedent_and_long_term_effects,"I should evaluate historical precedents, long-term vs short-term tradeoffs, and obligations to future generations. ",For example,addition_and_elaboration,justice_and_fairness,"Moreover, single-use plastics harm ecosystems and wildlife, and banning them protects natural environments for future generations, even if it requires minor adjustments in daily life.",addition_and_elaboration_justice_and_fairness,"I should analyze whether outcomes, processes, and distributions are fair to all parties involved. ",Moreover,targeted,772,86,0.07226059022481704
35,0.0,,,synthesis_faithful,random,2,20260206_121538,0.9951372146606444,"The government should enforce a total ban on single-use plastics because lasting environmental protection requires systemic change, not just individual effort. While people can choose to avoid plastic, without consistent rules and enforcement, pollution will persist. Many places around the world have already successfully implemented such bans, proving they are practical and effective. A national ban ensures everyone follows the same standard, prevents greenwashing, and encourages innovation in sustainable alternatives. Without government leadership, progress will be slow and uneven. Ultimately, protecting our planet and future generations demands bold, decisive action from those in power.",concession_and_contrast,stakeholder_responsibility,"However, while individuals can make changes, lasting environmental protection requires systemic change, and governments are best positioned to enforce broad, consistent policies.",concession_and_contrast_stakeholder_responsibility,"I should analyze who bears responsibility—whether government, individuals, corporations, or other institutions. ",However,addition_and_elaboration,feasibility_and_implementation,"Moreover, a total ban on single-use plastics is realistic and enforceable, as many countries and cities have already implemented such bans with measurable success.",addition_and_elaboration_feasibility_and_implementation,I should evaluate whether the proposal can actually be implemented and enforced effectively. ,Moreover,clarification_and_specification,stakeholder_responsibility,"In other words, while people can reduce plastic use, without government action, plastic pollution will continue due to lack of alternatives and inconsistent public behavior.",clarification_and_specification_stakeholder_responsibility,"I should analyze who bears responsibility—whether government, individuals, corporations, or other institutions. ",In other words,baseline,697,239,0.07008496544604743
443256,1.3711726293106918,,,synthesis_faithful,targeted,0,20260206_121005,1.0406856536865234,"A government-enforced ban on single-use plastics is necessary to protect the environment and public health. Evidence shows that such bans reduce pollution and encourage the adoption of sustainable alternatives. A total ban ensures fairness by holding everyone to the same standard, preventing wealthier individuals or corporations from shifting environmental costs onto marginalized communities. Countries like Canada and the EU have already proven that these policies can be implemented and enforced effectively. Without government action, plastic waste will continue to harm ecosystems and wildlife. As a concerned citizen, I believe it's our collective responsibility to support strong, enforceable laws that prioritize long-term environmental health over short-term convenience.",evidence_and_authority,governance_and_accountability,Evidence shows that government-imposed bans on single-use plastics have proven effective in reducing pollution and encouraging sustainable alternatives.,evidence_and_authority_governance_and_accountability,"I should consider legal frameworks, accountability mechanisms, democratic principles, and proper authority. ",Evidence shows that,addition_and_elaboration,justice_and_fairness,"Moreover, a total ban ensures that all individuals and businesses are held to the same standard, promoting fairness and preventing environmental harm from being shifted onto vulnerable communities.",addition_and_elaboration_justice_and_fairness,"I should analyze whether outcomes, processes, and distributions are fair to all parties involved. ",Moreover,exemplification,feasibility_and_implementation,"For example, countries like Canada and the EU have successfully implemented similar bans, demonstrating that enforcement is feasible with proper policy design and public support.",exemplification_feasibility_and_implementation,I should evaluate whether the proposal can actually be implemented and enforced effectively. ,For example,targeted,782,96,0.06742873335675877
493056,1.3746983650092697,,,synthesis_faithful,targeted,1,20260206_121005,1.097665309906006,"The government should enforce a total ban on single-use plastics because individual actions alone aren’t enough to address the scale of plastic pollution. When millions of people use plastic bags, bottles, and packaging every day, only government policies can create large-scale, lasting change. Banning these items reduces waste in oceans and landfills, protects animals from ingesting or getting trapped in plastic, and saves communities money on cleanup and environmental damage. Countries like Rwanda and Kenya have already shown that strict bans work—both have drastically reduced plastic waste and improved public cleanliness. Without government action, the problem will only grow worse over time. A total ban is not just necessary, it’s a responsible step toward protecting the planet for future generations.",evidence_and_authority,stakeholder_responsibility,"Evidence shows that individual actions alone cannot solve the plastic pollution crisis, so government intervention is necessary to create systemic change.",evidence_and_authority_stakeholder_responsibility,"I should analyze who bears responsibility—whether government, individuals, corporations, or other institutions. ",Evidence shows that,addition_and_elaboration,cost_benefit_and_impact_analysis,"Moreover, banning single-use plastics reduces pollution in oceans and landfills, protects wildlife, and lowers long-term cleanup costs for communities.",addition_and_elaboration_cost_benefit_and_impact_analysis,"I should quantify and compare costs, benefits, and real-world impacts across economic, social, and environmental dimensions. ",Moreover,exemplification,feasibility_and_implementation,"For example, countries like Rwanda and Kenya have successfully enforced bans, proving that such policies are feasible and effective in real-world settings.",exemplification_feasibility_and_implementation,I should evaluate whether the proposal can actually be implemented and enforced effectively. ,For example,targeted,815,132,0.06716076020326503
465876,1.46009468027977,,,synthesis_faithful,targeted,0,20260206_121005,1.1344096660614014,"The government should enforce a total ban on single-use plastics because it's a necessary step to protect our environment and public health. Countries like Rwanda and Canada have already proven that such bans are not only enforceable but also effective in drastically reducing plastic waste. Rather than being a burden, this change can be supported by investing in affordable reusable options and raising awareness, making it easier for regular people to adapt. The long-term benefits—cleaner oceans, healthier wildlife, and reduced pollution—far outweigh the short-term inconvenience. We have a responsibility to future generations to act now and stop poisoning our planet with disposable plastics. A total ban is not just possible; it's essential for a sustainable future.",evidence_and_authority,feasibility_and_implementation,"Evidence shows that many countries and cities have successfully implemented bans on single-use plastics, demonstrating that enforcement is feasible and can lead to measurable environmental improvements.",evidence_and_authority_feasibility_and_implementation,I should evaluate whether the proposal can actually be implemented and enforced effectively. ,Evidence shows that,exemplification,precedent_and_long_term_effects,"For example, plastic bans in places like Rwanda and Canada have significantly reduced plastic pollution and encouraged the use of reusable alternatives, proving that such policies work over time.",exemplification_precedent_and_long_term_effects,"I should evaluate historical precedents, long-term vs short-term tradeoffs, and obligations to future generations. ",For example,emphasis_and_evaluation,feasibility_and_implementation,"Importantly, governments can support this transition by investing in green alternatives and educating the public, making the shift practical and fair for everyday people.",emphasis_and_evaluation_feasibility_and_implementation,I should evaluate whether the proposal can actually be implemented and enforced effectively. ,Importantly,targeted,774,87,0.0663413367577749
19,0.0,,,synthesis_faithful,random,2,20260206_121538,1.3581056594848633,"The government should enforce a total ban on single-use plastics because individuals alone cannot solve such a widespread environmental problem. Pollution from single-use plastics harms ecosystems, wildlife, and human health, and without strong government action, progress will remain slow and inconsistent. The government has a responsibility to protect public health and the environment, and a total ban ensures that the burden of pollution is not unfairly placed on marginalized communities who live near landfills and waterways. While some may worry about inconvenience, alternatives like reusable or biodegradable materials are increasingly available and affordable. A national ban creates fairness by ensuring that everyone, regardless of income or location, benefits from cleaner air, water, and land. Enforcing this ban is not just practical—it’s a moral responsibility to protect future generations. Therefore, a total ban on single-use plastics is both necessary and just.",causal_reasoning,stakeholder_responsibility,"Therefore, the government must take the lead in enforcing a ban on single-use plastics, as individuals alone cannot solve such a widespread environmental issue.",causal_reasoning_stakeholder_responsibility,"I should analyze who bears responsibility—whether government, individuals, corporations, or other institutions. ",Therefore,conclusion_and_summary,justice_and_fairness,"In conclusion, the government has a responsibility to protect public health and the environment, and a total ban on single-use plastics is a fair and necessary step to reduce pollution, especially for marginalized communities most affected by plastic waste.",conclusion_and_summary_justice_and_fairness,"I should analyze whether outcomes, processes, and distributions are fair to all parties involved. ",In conclusion,exemplification,justice_and_fairness,"For example, communities near landfills and waterways suffer disproportionately from plastic pollution, and a government ban ensures that the burden is not placed on those least able to cope.",exemplification_justice_and_fairness,"I should analyze whether outcomes, processes, and distributions are fair to all parties involved. ",For example,baseline,982,405,0.06618059858011806
463844,1.449528471438994,,,synthesis_faithful,targeted,0,20260206_121005,1.1850945949554443,"Single-use plastics cause widespread environmental harm, clogging oceans, harming wildlife, and contributing to long-term pollution. A total government ban is not only feasible—several countries have already implemented such bans successfully—but also necessary to protect ecosystems and public health. While some may worry about inconvenience, alternatives like reusable bags and containers are widely available and more sustainable in the long run. Governments have a responsibility to act in the public interest, especially when it comes to safeguarding the planet for future generations. The environmental and economic costs of inaction far outweigh the short-term challenges of transitioning away from plastics. Therefore, enforcing a total ban on single-use plastics is a responsible, practical, and urgent step that aligns with both environmental ethics and democratic duty.",evidence_and_authority,feasibility_and_implementation,"Evidence shows that banning single-use plastics is both feasible and already implemented in several countries, proving that such a ban can be enforced without major disruption.",evidence_and_authority_feasibility_and_implementation,I should evaluate whether the proposal can actually be implemented and enforced effectively. ,Evidence shows that,addition_and_elaboration,precedent_and_long_term_effects,"Moreover, many countries have successfully implemented plastic bans, reducing pollution and encouraging sustainable alternatives, which shows that such policies are not only possible but beneficial over time.",addition_and_elaboration_precedent_and_long_term_effects,"I should evaluate historical precedents, long-term vs short-term tradeoffs, and obligations to future generations. ",Moreover,evidence_and_authority,governance_and_accountability,"Evidence shows that governments have the legal authority and responsibility to protect public health and the environment, including through regulations that limit harmful products like single-use plastics.",evidence_and_authority_governance_and_accountability,"I should consider legal frameworks, accountability mechanisms, democratic principles, and proper authority. ",Evidence shows that,targeted,881,176,0.0635881438440225
413056,1.3746983650092697,,,synthesis_faithful,targeted,0,20260206_121005,1.077993631362915,"A total ban on single-use plastics is not a practical or just solution. It infringes on personal freedoms by dictating everyday choices, which can lead to resentment and non-compliance. Low-income individuals often depend on affordable plastic packaging to access basic necessities, and banning it could worsen economic inequality. Additionally, enforcing such a ban would require an intrusive monitoring system, potentially violating privacy and eroding public trust. Real-world experience shows that top-down bans often fail without viable alternatives, leading to black markets or increased pollution. Instead, a focus on education, incentives for sustainable alternatives, and investment in recycling infrastructure would be more effective and respectful of individual autonomy.",evidence_and_authority,rights_and_liberties,"Evidence shows that policing personal choices is often ineffective and can be counterproductive, as people resist laws they perceive as overly intrusive.",evidence_and_authority_rights_and_liberties,"I should consider inalienable human rights, civil liberties, privacy protections, and the freedom to make one's own choices. ",Evidence shows that,addition_and_elaboration,cost_benefit_and_impact_analysis,"Moreover, a total ban on single-use plastics would disproportionately affect low-income communities who rely on affordable, convenient plastic packaging for food and hygiene products.",addition_and_elaboration_cost_benefit_and_impact_analysis,"I should quantify and compare costs, benefits, and real-world impacts across economic, social, and environmental dimensions. ",Moreover,exemplification,feasibility_and_implementation,"For example, enforcement would require massive surveillance and penalties, which could lead to widespread civil disobedience and erode trust in government institutions.",exemplification_feasibility_and_implementation,I should evaluate whether the proposal can actually be implemented and enforced effectively. ,For example,targeted,782,95,0.06183766152169997
463855,1.4464289405355368,,,synthesis_faithful,targeted,4,20260206_121005,1.2287664413452148,"Single-use plastics are a major source of pollution that harm ecosystems, wildlife, and human health, and a government-enforced ban is a necessary step to protect the environment for future generations. Countries like Rwanda and Canada have already shown that such bans are not only possible but also lead to innovation in eco-friendly packaging and materials. While some may worry about inconvenience or cost, the long-term benefits—cleaner oceans, less landfill waste, and reduced fossil fuel use—far outweigh the short-term challenges. A ban also pushes industries to adapt, creating new green jobs and sustainable technologies. As someone who cares about the planet and wants a healthier future, I believe the government must take decisive action now. This is not just about convenience—it’s about responsibility to the Earth we all share.",evidence_and_authority,feasibility_and_implementation,"Evidence shows that banning single-use plastics can significantly reduce environmental pollution, especially in oceans and landfills, where these materials persist for hundreds of years and harm wildlife.",evidence_and_authority_feasibility_and_implementation,I should evaluate whether the proposal can actually be implemented and enforced effectively. ,Evidence shows that,addition_and_elaboration,precedent_and_long_term_effects,"Moreover, countries like Rwanda and Canada have successfully implemented plastic bans, proving that such policies are feasible and can lead to innovation in sustainable alternatives.",addition_and_elaboration_precedent_and_long_term_effects,"I should evaluate historical precedents, long-term vs short-term tradeoffs, and obligations to future generations. ",Moreover,exemplification,risk_and_unintended_consequences,"For example, banning single-use plastics encourages businesses to develop compostable or reusable options, which can reduce dependency on fossil fuels and lower carbon emissions over time.",exemplification_risk_and_unintended_consequences,"I should identify risks, unintended outcomes, cascading effects, and potential for escalation. ",For example,targeted,843,153,0.06120293535243881
10,0.0,,,synthesis_faithful,random,3,20260206_121538,1.248058795928955,"A total ban on single-use plastics is unrealistic and unfair to everyday people who rely on them for hygiene, safety, and convenience. Many items like medical gloves, food containers, and packaging are essential for health and accessibility, especially for low-income or elderly individuals. Enforcing such a ban would be extremely difficult to monitor and maintain across all communities, particularly in remote or under-resourced areas. This could lead to public resistance and ineffective policy. Rather than imposing a harsh ban, the government should focus on promoting sustainable alternatives through education, incentives, and infrastructure improvements. This approach respects personal freedom while still working toward environmental goals in a fair and practical way.",emphasis_and_evaluation,rights_and_liberties,"Importantly, many people rely on single-use plastics for convenience and hygiene, especially in everyday items like medical supplies and food packaging. Forcing a total ban could disproportionately affect vulnerable populations who depend on these products for safety and accessibility.",emphasis_and_evaluation_rights_and_liberties,"I should consider inalienable human rights, civil liberties, privacy protections, and the freedom to make one's own choices. ",Importantly,conditional,feasibility_and_implementation,"If the government imposes a total ban, enforcement would be extremely difficult, especially in rural or underserved areas where alternatives are not readily available. This would likely lead to widespread noncompliance and resentment toward the government.",conditional_feasibility_and_implementation,I should evaluate whether the proposal can actually be implemented and enforced effectively. ,If,causal_reasoning,precedent_and_long_term_effects,"Therefore, a total ban may not be the most practical solution. Instead, gradual reduction through incentives and education would be more effective and respectful of individual autonomy.",causal_reasoning_precedent_and_long_term_effects,"I should evaluate historical precedents, long-term vs short-term tradeoffs, and obligations to future generations. ",Therefore,baseline,779,294,0.060539880108407565
465844,1.5293166057761014,,,synthesis_faithful,targeted,2,20260206_121005,0.9840977191925048,"Single-use plastics are a major source of pollution that harms wildlife, contaminates water supplies, and contributes to climate change. Governments have the authority and responsibility to protect public health and the environment, and banning single-use plastics is a necessary step toward achieving that goal. Countries like Rwanda and Kenya have already implemented such bans and have seen dramatic improvements in cleanliness and public awareness. Although some may worry about economic impacts, the long-term environmental and health benefits far outweigh short-term inconveniences. A total ban is not only feasible but essential for protecting future generations and preserving natural ecosystems. The government must act decisively to end our reliance on disposable plastics before the damage becomes irreversible.",evidence_and_authority,feasibility_and_implementation,Evidence shows that many countries have successfully implemented plastic bans and seen measurable reductions in plastic pollution.,evidence_and_authority_feasibility_and_implementation,I should evaluate whether the proposal can actually be implemented and enforced effectively. ,Evidence shows that,exemplification,precedent_and_long_term_effects,"For example, countries like Rwanda and Kenya have banned single-use plastics and now boast cleaner environments and stronger public awareness.",exemplification_precedent_and_long_term_effects,"I should evaluate historical precedents, long-term vs short-term tradeoffs, and obligations to future generations. ",For example,evidence_and_authority,governance_and_accountability,Evidence shows that governments have the legal authority and responsibility to regulate activities that harm public health and the environment.,evidence_and_authority_governance_and_accountability,"I should consider legal frameworks, accountability mechanisms, democratic principles, and proper authority. ",Evidence shows that,targeted,822,142,0.05865262912913794
468056,1.4566591361643833,,,synthesis_faithful,targeted,0,20260206_121005,1.0316734313964844,"Single-use plastics are a major contributor to pollution, especially in oceans and rivers, and a government-enforced ban would significantly reduce this environmental damage. Such a ban would also reduce the long-term costs of waste management and cleanup for cities and public services, saving taxpayer money. Real-world examples like Rwanda and Kenya show that strict bans can be successfully implemented and enforced, even in countries with limited infrastructure. With public support and clear alternatives, a nationwide ban is both practical and necessary. It’s a small but powerful step toward protecting the planet for future generations. We don’t need to wait for perfection—acting now is the responsible choice.",evidence_and_authority,feasibility_and_implementation,"Evidence shows that single-use plastics are a major source of pollution, especially in oceans and waterways, and a ban would drastically reduce this environmental harm.",evidence_and_authority_feasibility_and_implementation,I should evaluate whether the proposal can actually be implemented and enforced effectively. ,Evidence shows that,sequence_and_transition,cost_benefit_and_impact_analysis,"Next, banning these plastics would lower cleanup costs for communities and public services, freeing up funds for more sustainable alternatives.",sequence_and_transition_cost_benefit_and_impact_analysis,"I should quantify and compare costs, benefits, and real-world impacts across economic, social, and environmental dimensions. ",Next,exemplification,feasibility_and_implementation,"For example, countries like Rwanda and Kenya have successfully implemented strict bans, proving that enforcement is feasible even in developing nations.",exemplification_feasibility_and_implementation,I should evaluate whether the proposal can actually be implemented and enforced effectively. ,For example,targeted,720,56,0.05864633628459979
464844,1.4369783092400896,,,synthesis_faithful,targeted,3,20260206_121005,1.0838391780853271,"The government should enforce a total ban on single-use plastics because it is a necessary step to protect the environment and public health. Countries like Canada and the EU have already proven that such bans are practical, reducing plastic pollution and promoting reusable alternatives. As a responsible government, it has the authority and duty to act in the long-term interest of citizens, especially future generations who will inherit the consequences of today’s waste. While some may worry about short-term inconvenience, the long-term benefits—cleaner oceans, less landfill waste, and reduced harm to wildlife—far outweigh the costs. With proper education and support, people can adapt easily to new habits and sustainable products. A ban is not just a restriction—it’s a vital investment in a healthier, more sustainable future.",evidence_and_authority,feasibility_and_implementation,"Evidence shows that banning single-use plastics is both practical and enforceable, especially with gradual policy implementation and public education campaigns.",evidence_and_authority_feasibility_and_implementation,I should evaluate whether the proposal can actually be implemented and enforced effectively. ,Evidence shows that,evidence_and_authority,precedent_and_long_term_effects,"Evidence shows that countries like Canada and the EU have successfully implemented similar bans, reducing plastic waste and encouraging sustainable alternatives.",evidence_and_authority_precedent_and_long_term_effects,"I should evaluate historical precedents, long-term vs short-term tradeoffs, and obligations to future generations. ",Evidence shows that,evidence_and_authority,governance_and_accountability,Evidence shows that democratic governments have the authority and responsibility to protect public health and the environment through such bans.,evidence_and_authority_governance_and_accountability,"I should consider legal frameworks, accountability mechanisms, democratic principles, and proper authority. ",Evidence shows that,targeted,837,149,0.05794938252984281
465826,1.4418579048064537,,,synthesis_faithful,targeted,3,20260206_121005,1.197395086288452,"The government should enforce a total ban on single-use plastics because the long-term environmental benefits far outweigh the short-term challenges of implementation. Countries like Rwanda and Kenya have already shown that strict bans are not only feasible but effective at reducing plastic waste and protecting ecosystems. Even though it may require people to adjust their habits—like using reusable bags or containers—the shift is necessary to protect our oceans, wildlife, and future generations. The pollution caused by single-use plastics is already visible in rivers, forests, and marine life, and waiting to act only makes the problem worse. A ban sends a clear message that our planet’s health matters more than convenience. With proper public education and alternatives, such a policy can be adopted smoothly and fairly. Ultimately, this is not just about rules—it’s about responsibility to the Earth we all share.",evidence_and_authority,feasibility_and_implementation,Evidence shows that enforcing a total ban on single-use plastics is both feasible and necessary for long-term environmental health.,evidence_and_authority_feasibility_and_implementation,I should evaluate whether the proposal can actually be implemented and enforced effectively. ,Evidence shows that,exemplification,precedent_and_long_term_effects,"For example, countries like Rwanda and Kenya have successfully implemented strict bans, proving that such policies can work in practice.",exemplification_precedent_and_long_term_effects,"I should evaluate historical precedents, long-term vs short-term tradeoffs, and obligations to future generations. ",For example,concession_and_contrast,feasibility_and_implementation,"However, the benefits of reducing plastic pollution—such as cleaner oceans, healthier wildlife, and less landfill waste—far outweigh the temporary inconvenience of changing habits.",concession_and_contrast_feasibility_and_implementation,I should evaluate whether the proposal can actually be implemented and enforced effectively. ,However,targeted,924,190,0.05608822713922806
465846,1.5386939046866768,,,synthesis_faithful,targeted,2,20260206_121005,1.1959381103515625,"Single-use plastics are a major source of pollution that harms wildlife, contaminates water, and contributes to climate change. Governments have already proven they can enforce these bans effectively, as seen in countries like Canada and several European nations, where the transition to alternatives has been manageable and successful. These bans protect both the environment and public health, reducing the long-term risks of plastic waste in our oceans and landfills. While some may worry about inconvenience, the shift to reusable or biodegradable options is both practical and necessary. We have a responsibility to future generations to act now before the damage becomes irreversible. A total ban is a clear, decisive step toward a cleaner, healthier planet for everyone.",evidence_and_authority,feasibility_and_implementation,"Evidence shows that governments have successfully banned single-use plastics in multiple countries, such as Canada and the European Union, proving that such bans are not only possible but already in practice.",evidence_and_authority_feasibility_and_implementation,I should evaluate whether the proposal can actually be implemented and enforced effectively. ,Evidence shows that,exemplification,precedent_and_long_term_effects,"For example, the United Nations has emphasized the urgent need to reduce plastic pollution, and banning single-use plastics is a straightforward and effective step toward protecting ecosystems and human health.",exemplification_precedent_and_long_term_effects,"I should evaluate historical precedents, long-term vs short-term tradeoffs, and obligations to future generations. ",For example,evidence_and_authority,feasibility_and_implementation,"Evidence shows that governments have successfully banned single-use plastics in multiple countries, such as Canada and the European Union, proving that such bans are not only possible but already in practice.",evidence_and_authority_feasibility_and_implementation,I should evaluate whether the proposal can actually be implemented and enforced effectively. ,Evidence shows that,targeted,777,90,0.055604600645620984
465846,1.5386939046866768,,,synthesis_faithful,targeted,1,20260206_121005,1.2473037242889404,"Single-use plastics are a major source of pollution, choking rivers, contaminating soil, and killing marine life. A total government ban would eliminate this waste at the source, encouraging the use of sustainable alternatives like glass, metal, or biodegradable materials. Countries like Rwanda and Kenya have already proven that such bans are enforceable and lead to cleaner cities and healthier environments. While some may worry about convenience or cost, the long-term benefits to public health, nature, and future generations far outweigh these short-term concerns. The government has a responsibility to protect its citizens and the planet, and a total ban is the most effective way to do so. We don’t need perfect solutions—just bold ones that create real change. It’s time to stop tolerating plastic waste and start building a cleaner, safer world.",evidence_and_authority,feasibility_and_implementation,"Evidence shows that plastic pollution is harming ecosystems and endangering wildlife, especially in oceans, and a total ban is a necessary step to address this growing crisis.",evidence_and_authority_feasibility_and_implementation,I should evaluate whether the proposal can actually be implemented and enforced effectively. ,Evidence shows that,exemplification,precedent_and_long_term_effects,"For example, countries like Rwanda and Kenya have successfully implemented bans and seen significant reductions in plastic waste, proving such policies are feasible and impactful.",exemplification_precedent_and_long_term_effects,"I should evaluate historical precedents, long-term vs short-term tradeoffs, and obligations to future generations. ",For example,evidence_and_authority,feasibility_and_implementation,"Evidence shows that plastic pollution is harming ecosystems and endangering wildlife, especially in oceans, and a total ban is a necessary step to address this growing crisis.",evidence_and_authority_feasibility_and_implementation,I should evaluate whether the proposal can actually be implemented and enforced effectively. ,Evidence shows that,targeted,857,159,0.05555470666552201
21,0.0,,,synthesis_faithful,random,4,20260206_121538,1.1204872131347656,"The government should enforce a total ban on single-use plastics because it has a duty to protect public health and the environment from long-term harm. A comprehensive ban removes ambiguity and ensures that all stakeholders—businesses, consumers, and manufacturers—must adapt, making enforcement more straightforward and effective. Without strong government action, individual efforts and voluntary programs are insufficient to address the scale of pollution caused by single-use plastics. This kind of policy reflects democratic accountability, ensuring that the people’s well-being is prioritized over short-term convenience and corporate profits. A ban also drives innovation in sustainable alternatives, creating new industries and jobs. Ultimately, the government is best positioned to lead this transformation and hold all parties responsible for their environmental impact.",concession_and_contrast,governance_and_accountability,"However, the government has a responsibility to protect public health and the environment, which includes taking decisive action against harmful materials like single-use plastics.",concession_and_contrast_governance_and_accountability,"I should consider legal frameworks, accountability mechanisms, democratic principles, and proper authority. ",However,exemplification,feasibility_and_implementation,"For example, a total ban ensures consistency and eliminates loopholes, making enforcement easier and more effective than partial or voluntary measures.",exemplification_feasibility_and_implementation,I should evaluate whether the proposal can actually be implemented and enforced effectively. ,For example,evidence_and_authority,stakeholder_responsibility,Evidence shows that individuals alone cannot solve this crisis; systemic change driven by government policy is necessary to shift production and consumption patterns at scale.,evidence_and_authority_stakeholder_responsibility,"I should analyze who bears responsibility—whether government, individuals, corporations, or other institutions. ",Evidence shows that,baseline,881,379,0.0551506544157304
9,0.0,,,synthesis_faithful,random,3,20260206_121538,1.3019309043884275,"The government should enforce a total ban on single-use plastics because the environmental damage they cause—especially to oceans and wildlife—is already severe and growing. Without decisive action, future generations will inherit a planet choked with waste, and we cannot afford to wait for gradual change. The government has a duty to protect public health and the environment, and a ban is a clear, enforceable way to fulfill that responsibility. It’s not fair to expect individuals to bear the full burden when large corporations are the main producers and profiteers of these harmful materials. A ban shifts the focus to the source of the problem and gives us a realistic shot at cleaning up our planet. With proper planning, alternatives exist and can be adopted without causing major disruption. So, taking this bold step is not only necessary but also responsible and achievable.",conditional,cost_benefit_and_impact_analysis,"If we don't act now, plastic pollution will continue to harm marine life and ecosystems, and a total ban would be a strong, necessary step to prevent irreversible damage.",conditional_cost_benefit_and_impact_analysis,"I should quantify and compare costs, benefits, and real-world impacts across economic, social, and environmental dimensions. ",If,sequence_and_transition,governance_and_accountability,"Next, I think the government has a responsibility to protect citizens and the environment, and a ban is a justified use of its authority to ensure long-term public health and safety.",sequence_and_transition_governance_and_accountability,"I should consider legal frameworks, accountability mechanisms, democratic principles, and proper authority. ",Next,emphasis_and_evaluation,stakeholder_responsibility,"Importantly, while individuals use single-use plastics, the real responsibility lies with manufacturers and industries that produce them in massive quantities and profit from them.",emphasis_and_evaluation_stakeholder_responsibility,"I should analyze who bears responsibility—whether government, individuals, corporations, or other institutions. ",Importantly,baseline,887,383,0.05356561182322876
473056,1.3746983650092697,,,synthesis_faithful,targeted,3,20260206_121005,1.1807808876037598,"Single-use plastics are a major source of pollution that harms ecosystems and wildlife, lasting for centuries in landfills and oceans. Fortunately, there are readily available and affordable alternatives like reusable bags and biodegradable containers that can easily replace them in daily life. Countries like Kenya and Canada have already proven that banning single-use plastics is not only possible but effective when supported by clear laws and public awareness. A government-enforced ban would drive innovation, reduce waste, and protect the environment for future generations. As an average person, I want cleaner streets, healthier oceans, and a sustainable future—this ban is a simple, necessary step toward that. It’s not about inconvenience; it’s about responsibility and long-term well-being.",evidence_and_authority,incentives_and_power_dynamics,"Evidence shows that single-use plastics are a major cause of environmental pollution, especially in oceans and landfills, where they take hundreds of years to break down and harm wildlife.",evidence_and_authority_incentives_and_power_dynamics,"I should examine what behaviors are encouraged, who holds power, and how interests align or conflict. ",Evidence shows that,addition_and_elaboration,cost_benefit_and_impact_analysis,"Moreover, alternatives like reusable bags, containers, and biodegradable materials are already widely available and affordable, making a ban both practical and accessible for everyday people.",addition_and_elaboration_cost_benefit_and_impact_analysis,"I should quantify and compare costs, benefits, and real-world impacts across economic, social, and environmental dimensions. ",Moreover,exemplification,feasibility_and_implementation,"For example, countries like Kenya and Canada have successfully implemented plastic bans with strong enforcement and public education, showing that such policies are feasible and effective.",exemplification_feasibility_and_implementation,I should evaluate whether the proposal can actually be implemented and enforced effectively. ,For example,targeted,803,120,0.052189475542277396
483256,1.3711726293106918,,,synthesis_faithful,targeted,4,20260206_121005,1.1258890628814695,"Single-use plastics are a major source of pollution that harms wildlife, clogs waterways, and contributes to long-term environmental degradation. A total government ban is necessary to stop this damage at the source, ensuring cleaner communities and safer ecosystems for future generations. While some may worry about convenience or cost, alternatives like reusable bags and biodegradable packaging are already widely available and more sustainable in the long run. Countries like Rwanda and Kenya have shown that strict bans can be enforced effectively, even with limited infrastructure. The government has a duty to act decisively in protecting public health and the planet, and a total ban is the most effective way to do so. Ultimately, this step is not about inconvenience—it's about responsibility and long-term survival.",evidence_and_authority,precedent_and_long_term_effects,"Evidence shows that banning single-use plastics reduces environmental pollution and protects ecosystems, especially marine life, which is already suffering from plastic accumulation.",evidence_and_authority_precedent_and_long_term_effects,"I should evaluate historical precedents, long-term vs short-term tradeoffs, and obligations to future generations. ",Evidence shows that,addition_and_elaboration,justice_and_fairness,"Moreover, governments have a responsibility to protect public health and the environment, and a total ban ensures consistent, enforceable standards across communities.",addition_and_elaboration_justice_and_fairness,"I should analyze whether outcomes, processes, and distributions are fair to all parties involved. ",Moreover,exemplification,feasibility_and_implementation,"For example, countries like Rwanda and Kenya have successfully implemented strict plastic bans, proving that such policies are feasible even in diverse economic contexts.",exemplification_feasibility_and_implementation,I should evaluate whether the proposal can actually be implemented and enforced effectively. ,For example,targeted,827,144,0.05155339463043683
25,0.0,,,synthesis_faithful,random,2,20260206_121538,1.121540069580078,"The government should enforce a total ban on single-use plastics because the scale of plastic pollution is too vast for individuals or companies to fix alone. As the entity with the authority to create and enforce laws, the government is best positioned to ensure consistent, nationwide action that holds all parties accountable. Banning single-use plastics is not just about environmental protection—it also safeguards public health and prevents long-term damage to ecosystems and human well-being. Many countries have already implemented similar bans with success, proving that such policies are both practical and effective. A total ban sends a strong message that environmental responsibility is a shared priority, not an optional choice. Ultimately, this action reflects our obligation to protect the planet for future generations.",exemplification,stakeholder_responsibility,"For example, while individuals can reduce plastic use, systemic change requires government intervention because the scale of plastic pollution is too vast for personal actions alone to fix.",exemplification_stakeholder_responsibility,"I should analyze who bears responsibility—whether government, individuals, corporations, or other institutions. ",For example,causal_reasoning,governance_and_accountability,"Therefore, the government has a clear responsibility to act decisively through laws that enforce bans, ensuring consistency and accountability across regions and industries.",causal_reasoning_governance_and_accountability,"I should consider legal frameworks, accountability mechanisms, democratic principles, and proper authority. ",Therefore,conclusion_and_summary,precedent_and_long_term_effects,"In conclusion, a total ban is essential for protecting the environment, safeguarding public health, and ensuring a sustainable future for coming generations.",conclusion_and_summary_precedent_and_long_term_effects,"I should evaluate historical precedents, long-term vs short-term tradeoffs, and obligations to future generations. ",In conclusion,baseline,836,352,0.0511056176832974
463046,1.4164361269993466,,,synthesis_faithful,targeted,3,20260206_121005,1.2146024703979492,"Single-use plastics are a major source of pollution that harms ecosystems, animals, and human health, so a government-enforced ban is a responsible and necessary action. While some may worry about inconvenience, we already have viable alternatives like reusable bags, containers, and biodegradable packaging that work just as well. Countries like Canada, the UK, and members of the EU have successfully banned or restricted single-use plastics, showing that such policies are enforceable and effective. The long-term benefits—cleaner oceans, less landfill waste, and reduced carbon emissions—far outweigh short-term adjustments. As a regular person, I want to live in a cleaner world and support policies that protect the planet for future generations. A total ban is not just possible—it’s essential to safeguard our environment and well-being.",evidence_and_authority,feasibility_and_implementation,"Evidence shows that single-use plastics contribute significantly to pollution and harm wildlife, making a total ban a necessary step to protect the environment and public health.",evidence_and_authority_feasibility_and_implementation,I should evaluate whether the proposal can actually be implemented and enforced effectively. ,Evidence shows that,addition_and_elaboration,cost_benefit_and_impact_analysis,"Moreover, many countries with strong environmental policies have successfully implemented bans, proving that alternatives like reusable or biodegradable materials are practical and widely available.",addition_and_elaboration_cost_benefit_and_impact_analysis,"I should quantify and compare costs, benefits, and real-world impacts across economic, social, and environmental dimensions. ",Moreover,evidence_and_authority,feasibility_and_implementation,"Evidence shows that single-use plastics contribute significantly to pollution and harm wildlife, making a total ban a necessary step to protect the environment and public health.",evidence_and_authority_feasibility_and_implementation,I should evaluate whether the proposal can actually be implemented and enforced effectively. ,Evidence shows that,targeted,845,155,0.0505812844441246
464856,1.4580301159169713,,,synthesis_faithful,targeted,2,20260206_121005,1.0611228942871094,"The government should enforce a total ban on single-use plastics because it is a necessary step to protect the environment and public health. Countries like Rwanda and Canada have already shown that such bans are feasible, leading to dramatic reductions in plastic pollution. These bans help prevent plastic from entering oceans and harming marine life, ensuring cleaner ecosystems for future generations. Fortunately, alternatives like reusable bags and biodegradable straws are already accessible and cost-effective, making the transition manageable. A total ban would also reduce the long-term economic and environmental costs associated with plastic waste cleanup and pollution. Ultimately, protecting the planet and public health outweighs the minor inconvenience of adjusting to new habits.",evidence_and_authority,feasibility_and_implementation,"Evidence shows that many countries have successfully implemented bans on single-use plastics, such as Rwanda and Canada, leading to significant reductions in plastic waste and pollution.",evidence_and_authority_feasibility_and_implementation,I should evaluate whether the proposal can actually be implemented and enforced effectively. ,Evidence shows that,evidence_and_authority,precedent_and_long_term_effects,"Evidence shows that banning single-use plastics has led to reduced pollution in oceans and waterways, protecting marine life and ecosystems for future generations.",evidence_and_authority_precedent_and_long_term_effects,"I should evaluate historical precedents, long-term vs short-term tradeoffs, and obligations to future generations. ",Evidence shows that,exemplification,feasibility_and_implementation,"For example, plastic bags and straws are easily replaced with reusable or biodegradable alternatives that are already widely available and affordable.",exemplification_feasibility_and_implementation,I should evaluate whether the proposal can actually be implemented and enforced effectively. ,For example,targeted,796,110,0.050312189363871544
493256,1.3711726293106918,,,synthesis_faithful,targeted,0,20260206_121005,0.9987318515777588,"A total ban on single-use plastics by the government is necessary because individual actions alone are not enough to drive large-scale environmental change. Without strong regulation, people and businesses continue relying on cheap, convenient plastic products, even when they know the harm. Additionally, plastic pollution burdens low-income communities the most, as they are often located near landfills and incinerators. A government-enforced ban ensures fairness, consistency, and accountability—unlike voluntary efforts that fail to create real impact. It also pushes innovation toward sustainable alternatives, benefiting both the environment and public health in the long term.",evidence_and_authority,stakeholder_responsibility,"Evidence shows that without government enforcement, individuals and businesses often lack the motivation or resources to make the necessary shift away from single-use plastics.",evidence_and_authority_stakeholder_responsibility,"I should analyze who bears responsibility—whether government, individuals, corporations, or other institutions. ",Evidence shows that,addition_and_elaboration,justice_and_fairness,"Moreover, single-use plastics disproportionately harm low-income communities and marginalized populations who often live near waste disposal sites and are least equipped to deal with pollution.",addition_and_elaboration_justice_and_fairness,"I should analyze whether outcomes, processes, and distributions are fair to all parties involved. ",Moreover,exemplification,feasibility_and_implementation,"For example, a total ban ensures consistency and prevents loopholes, unlike voluntary guidelines which are inconsistently followed and easily ignored.",exemplification_feasibility_and_implementation,I should evaluate whether the proposal can actually be implemented and enforced effectively. ,For example,targeted,684,32,0.04694594948680286
464844,1.4369783092400896,,,synthesis_faithful,targeted,2,20260206_121005,1.0875554084777832,"Single-use plastics are a major cause of pollution, clogging waterways and harming wildlife, and a government-enforced ban would drastically reduce this environmental damage. Countries like Canada and the UK have already implemented similar bans with measurable success, showing that such laws are both feasible and effective. Since governments are responsible for protecting public health and the environment, enforcing a ban is a reasonable and necessary action. Even if it requires a shift in consumer habits, the long-term benefits for the planet outweigh short-term inconvenience. The average person has a stake in clean air, water, and a stable climate, and a ban helps ensure a healthier future for all. With proper support and alternatives, a ban is not just possible, but essential for our collective well-being.",evidence_and_authority,feasibility_and_implementation,"Evidence shows that single-use plastics are a major source of pollution, harming ecosystems and wildlife, and a ban would significantly reduce this damage.",evidence_and_authority_feasibility_and_implementation,I should evaluate whether the proposal can actually be implemented and enforced effectively. ,Evidence shows that,evidence_and_authority,precedent_and_long_term_effects,Evidence shows that bans on single-use plastics in other countries have reduced litter and encouraged innovation in sustainable alternatives.,evidence_and_authority_precedent_and_long_term_effects,"I should evaluate historical precedents, long-term vs short-term tradeoffs, and obligations to future generations. ",Evidence shows that,evidence_and_authority,governance_and_accountability,Evidence shows that the government has the legal authority and responsibility to pass regulations that protect public health and the environment.,evidence_and_authority_governance_and_accountability,"I should consider legal frameworks, accountability mechanisms, democratic principles, and proper authority. ",Evidence shows that,targeted,821,140,0.04591221825835297
465832,1.459909962045023,,,synthesis_faithful,targeted,0,20260206_121005,1.0728838443756104,"A total ban on single-use plastics is necessary because it's already proven to work in countries like Rwanda and Canada, where pollution dropped significantly after enforcement. Even though some people might find it inconvenient at first, the long-term health of our planet and future generations is more important than short-term comfort. Plastic waste harms wildlife, clogs landfills, and pollutes oceans, and these problems won’t fix themselves. The burden should not fall on ordinary citizens or future generations—it should be shared by the companies that profit from plastic production. By banning single-use plastics, we force innovation toward sustainable alternatives without compromising environmental safety. Overall, the benefits far outweigh the effort required to adapt.",evidence_and_authority,feasibility_and_implementation,"Evidence shows that many governments have already successfully implemented bans on single-use plastics, demonstrating that enforcement is feasible.",evidence_and_authority_feasibility_and_implementation,I should evaluate whether the proposal can actually be implemented and enforced effectively. ,Evidence shows that,exemplification,precedent_and_long_term_effects,"For example, countries like Rwanda and Canada have significantly reduced plastic pollution after enacting bans, proving that long-term environmental benefits outweigh short-term convenience.",exemplification_precedent_and_long_term_effects,"I should evaluate historical precedents, long-term vs short-term tradeoffs, and obligations to future generations. ",For example,addition_and_elaboration,justice_and_fairness,"Moreover, a ban would shift responsibility from taxpayers and future generations to corporations, who profit from plastic production and should bear the cost of its waste.",addition_and_elaboration_justice_and_fairness,"I should analyze whether outcomes, processes, and distributions are fair to all parties involved. ",Moreover,targeted,784,100,0.04586410162133483
465855,1.4262714841855175,,,synthesis_faithful,targeted,4,20260206_121005,1.163102388381958,"The government should enforce a total ban on single-use plastics because it’s a necessary step to protect our environment and public health. Evidence from countries like Kenya and Canada shows that such bans lead to real, measurable reductions in plastic pollution and drive innovation in sustainable alternatives. While some may worry about inconvenience, the long-term benefits—cleaner oceans, less waste in landfills, and reduced reliance on fossil fuels—far outweigh the short-term challenges. As ordinary citizens, we have a responsibility to act now for the sake of future generations. A ban doesn’t just stop pollution—it pushes society toward smarter, greener solutions. The environmental and health risks of continuing to use single-use plastics are too great to ignore. Therefore, a total ban is not only logical but essential.",evidence_and_authority,feasibility_and_implementation,"Evidence shows that government-enforced bans on single-use plastics can lead to measurable environmental improvements, such as reduced marine pollution and lower carbon emissions from plastic production.",evidence_and_authority_feasibility_and_implementation,I should evaluate whether the proposal can actually be implemented and enforced effectively. ,Evidence shows that,exemplification,precedent_and_long_term_effects,"For example, countries like Kenya and Canada have successfully implemented bans, resulting in widespread behavioral shifts and innovation in sustainable alternatives.",exemplification_precedent_and_long_term_effects,"I should evaluate historical precedents, long-term vs short-term tradeoffs, and obligations to future generations. ",For example,exemplification,risk_and_unintended_consequences,"For example, banning single-use plastics encourages businesses to develop reusable or biodegradable products, which benefits both the environment and public health.",exemplification_risk_and_unintended_consequences,"I should identify risks, unintended outcomes, cascading effects, and potential for escalation. ",For example,targeted,837,150,0.04554531704365547
30,0.0,,,synthesis_faithful,random,2,20260206_121538,1.3741631507873535,"The government should enforce a total ban on single-use plastics because the current system is heavily influenced by powerful corporations that profit from disposable packaging, often at the expense of public health and the environment. Governments have a clear responsibility to protect citizens and ecosystems, and a ban would fulfill that duty by preventing widespread harm from plastic waste in oceans, wildlife, and even human bodies. It's unfair that low-income communities and future generations bear the brunt of pollution they didn’t create, making a ban both necessary and just. A ban would drive innovation toward sustainable alternatives and promote long-term environmental and social well-being. Without strong government action, the problem will only grow worse. We cannot wait for voluntary changes—only enforceable rules can bring real, lasting change.",exemplification,incentives_and_power_dynamics,"For example, the dominance of plastic packaging in supermarkets has been enabled by powerful corporations that benefit from cheap, disposable materials. These companies often influence policy through lobbying, which means the current system favors profit over long-term environmental health.",exemplification_incentives_and_power_dynamics,"I should examine what behaviors are encouraged, who holds power, and how interests align or conflict. ",For example,addition_and_elaboration,governance_and_accountability,"Moreover, governments have the legal authority and responsibility to protect public health and the environment. A total ban on single-use plastics aligns with this duty, especially when scientific evidence shows harm from plastic pollution in oceans, wildlife, and even human bodies.",addition_and_elaboration_governance_and_accountability,"I should consider legal frameworks, accountability mechanisms, democratic principles, and proper authority. ",Moreover,causal_reasoning,justice_and_fairness,"Therefore, a ban is not only just but necessary, because the burden of plastic pollution falls disproportionately on low-income communities and future generations who had no say in the current system.",causal_reasoning_justice_and_fairness,"I should analyze whether outcomes, processes, and distributions are fair to all parties involved. ",Therefore,baseline,868,370,0.04377186708877616
465845,1.4145969764192112,,,synthesis_faithful,targeted,4,20260206_121005,1.125766038894653,"A total government ban on single-use plastics is necessary to protect the environment and public health. Countries like those in the EU have already proven that such bans significantly reduce plastic pollution in natural ecosystems. This shift not only helps clean up oceans and rivers but also drives innovation in sustainable materials, making reusable and biodegradable options more accessible. While some may worry about inconvenience, the long-term benefits to the planet and future generations outweigh temporary discomfort. Every plastic bag, straw, or container not used means less pollution and fewer resources wasted. The government has a responsibility to act decisively for the common good, especially when the alternatives are already emerging and widely available. A total ban is not just feasible—it’s essential for a healthier, cleaner planet.",evidence_and_authority,feasibility_and_implementation,"Evidence shows that bans on single-use plastics have successfully reduced waste in multiple countries, proving that such policies can work in real-world settings.",evidence_and_authority_feasibility_and_implementation,I should evaluate whether the proposal can actually be implemented and enforced effectively. ,Evidence shows that,exemplification,precedent_and_long_term_effects,"For example, the EU’s single-use plastic ban has led to a measurable decrease in plastic pollution in rivers and oceans, showing long-term environmental benefits.",exemplification_precedent_and_long_term_effects,"I should evaluate historical precedents, long-term vs short-term tradeoffs, and obligations to future generations. ",For example,evidence_and_authority,risk_and_unintended_consequences,"Evidence shows that banning single-use plastics encourages innovation in eco-friendly alternatives, like compostable packaging and reusable systems.",evidence_and_authority_risk_and_unintended_consequences,"I should identify risks, unintended outcomes, cascading effects, and potential for escalation. ",Evidence shows that,targeted,859,162,0.04374553550171094
49,0.0,,,synthesis_faithful,random,4,20260206_121538,1.2653701305389404,"A total ban on single-use plastics is necessary because the environmental damage they cause—especially in oceans and landfills—is growing rapidly and threatens ecosystems and wildlife. Even though some people may find it inconvenient, the long-term benefits to public health and the planet outweigh short-term discomforts. Moreover, a total ban would encourage innovation in sustainable alternatives, pushing companies to develop eco-friendly packaging solutions that are both effective and affordable. Evidence shows that while individuals have a role, large corporations are the primary producers and polluters of single-use plastics, so it's only fair that the government takes the lead in regulating these harmful materials. Therefore, government intervention is necessary because individual actions alone cannot solve a problem driven by mass industrial production and consumption. A ban would create a level playing field, ensure accountability, and protect future generations from irreversible environmental harm.",addition_and_elaboration,risk_and_unintended_consequences,"Moreover, a total ban would encourage innovation in sustainable alternatives, pushing companies to develop eco-friendly packaging solutions that are both effective and affordable.",addition_and_elaboration_risk_and_unintended_consequences,"I should identify risks, unintended outcomes, cascading effects, and potential for escalation. ",Moreover,evidence_and_authority,stakeholder_responsibility,"Evidence shows that while individuals have a role, large corporations are the primary producers and polluters of single-use plastics, so it's only fair that the government takes the lead in regulating these harmful materials.",evidence_and_authority_stakeholder_responsibility,"I should analyze who bears responsibility—whether government, individuals, corporations, or other institutions. ",Evidence shows that,causal_reasoning,stakeholder_responsibility,"Therefore, government intervention is necessary because individual actions alone cannot solve a problem driven by mass industrial production and consumption.",causal_reasoning_stakeholder_responsibility,"I should analyze who bears responsibility—whether government, individuals, corporations, or other institutions. ",Therefore,baseline,1020,406,0.04170156382409893
464846,1.4463556081506648,,,synthesis_faithful,targeted,4,20260206_121005,1.0862951278686523,"The government should enforce a total ban on single-use plastics because plastic pollution is already causing serious harm to oceans, wildlife, and human health. Countries like Canada and the European Union have successfully implemented similar bans, showing that it’s possible to reduce plastic waste and promote eco-friendly alternatives. With proper planning and support, businesses can adapt by using reusable or biodegradable materials, making the transition manageable. A ban is not just a restriction—it’s a responsibility to protect the planet for future generations. The long-term benefits far outweigh any short-term inconvenience. We all have a role in preserving the environment, and the government has a duty to lead by making bold, necessary changes. It’s time to stop ignoring the crisis and take real action.",evidence_and_authority,feasibility_and_implementation,"Evidence shows that plastic pollution is overwhelming ecosystems and harming wildlife, so a total ban would be a necessary step to protect the environment.",evidence_and_authority_feasibility_and_implementation,I should evaluate whether the proposal can actually be implemented and enforced effectively. ,Evidence shows that,evidence_and_authority,precedent_and_long_term_effects,Evidence shows that bans on single-use plastics in other countries have reduced waste and encouraged innovation in sustainable alternatives.,evidence_and_authority_precedent_and_long_term_effects,"I should evaluate historical precedents, long-term vs short-term tradeoffs, and obligations to future generations. ",Evidence shows that,evidence_and_authority,feasibility_and_implementation,Evidence shows that the government has the authority to pass such laws and can support businesses in transitioning to reusable or biodegradable materials.,evidence_and_authority_feasibility_and_implementation,I should evaluate whether the proposal can actually be implemented and enforced effectively. ,Evidence shows that,targeted,824,143,0.04028345180247992
31,0.0,,,synthesis_faithful,random,1,20260206_121538,1.240386962890625,"The government should enforce a total ban on single-use plastics because it has the legal authority to protect public health and the environment, as seen in past bans on dangerous substances like asbestos and tobacco. Without strong government action, the environmental damage caused by single-use plastics—such as ocean pollution and harm to wildlife—will continue to grow and become irreversible. While some may argue that individuals should change their habits, the scale of the problem requires systemic solutions that only governments can implement through enforceable regulations. A ban ensures accountability and levels the playing field for businesses and consumers alike, preventing companies from using convenience as a justification for environmental harm. Ultimately, the government’s role is to safeguard the planet for future generations, and a ban on single-use plastics is a necessary and responsible step toward that goal.",evidence_and_authority,governance_and_accountability,"Evidence shows that governments have the legal authority to regulate harmful substances and products, such as asbestos and tobacco, through bans when public health and environmental safety are at stake.",evidence_and_authority_governance_and_accountability,"I should consider legal frameworks, accountability mechanisms, democratic principles, and proper authority. ",Evidence shows that,conditional,precedent_and_long_term_effects,"If we allow single-use plastics to continue unchecked, we risk irreversible environmental damage that will burden future generations with cleanup costs and ecological degradation.",conditional_precedent_and_long_term_effects,"I should evaluate historical precedents, long-term vs short-term tradeoffs, and obligations to future generations. ",If,clarification_and_specification,stakeholder_responsibility,"In other words, the government has a moral and practical responsibility to act as a steward of the public good, especially when individual actions alone cannot solve systemic problems.",clarification_and_specification_stakeholder_responsibility,"I should analyze who bears responsibility—whether government, individuals, corporations, or other institutions. ",In other words,baseline,939,398,0.0394666114641903
464856,1.4580301159169713,,,synthesis_faithful,targeted,0,20260206_121005,1.1036314964294434,"Single-use plastics are a major contributor to environmental pollution, clogging oceans, harming wildlife, and taking centuries to decompose. A government-enforced ban would significantly reduce this harm and push industries toward sustainable alternatives. Countries like Canada and the EU have already implemented similar bans with measurable success, showing that such policies are both feasible and effective. Even in cities where plastic bag bans are in place, people have adapted by using reusable bags without major inconvenience. This proves that with clear policy, society can shift habits for the greater good. Protecting the planet for future generations requires bold action, and banning single-use plastics is a necessary step in that direction.",evidence_and_authority,feasibility_and_implementation,"Evidence shows that single-use plastics are a major source of pollution, especially in oceans and landfills, and a government ban would drastically reduce this environmental harm.",evidence_and_authority_feasibility_and_implementation,I should evaluate whether the proposal can actually be implemented and enforced effectively. ,Evidence shows that,evidence_and_authority,precedent_and_long_term_effects,Evidence shows that bans on single-use plastics in countries like Canada and the EU have reduced plastic waste and encouraged the use of sustainable alternatives without causing major disruptions.,evidence_and_authority_precedent_and_long_term_effects,"I should evaluate historical precedents, long-term vs short-term tradeoffs, and obligations to future generations. ",Evidence shows that,exemplification,feasibility_and_implementation,"For example, plastic bags are now banned in many cities, and people have adapted by using reusable bags—this proves that behavioral change is possible with strong policy.",exemplification_feasibility_and_implementation,I should evaluate whether the proposal can actually be implemented and enforced effectively. ,For example,targeted,758,82,0.03864458623517398
403056,1.3746983650092697,,,synthesis_faithful,targeted,3,20260206_121005,1.111767292022705,"Single-use plastics are a major source of pollution that harms wildlife and contaminates our oceans, with plastic waste taking hundreds of years to break down. While some may worry about inconvenience, reusable and eco-friendly alternatives are already accessible and affordable for most people, making a shift realistic. Countries like Canada and the European Union have already implemented similar bans with measurable success, showing that such policies can reduce waste without disrupting daily life. A total ban would push innovation, reduce environmental damage, and protect natural ecosystems for future generations. Given the long-term benefits and proven feasibility, the government has a responsibility to act decisively. It's time to prioritize the planet over convenience.",evidence_and_authority,cost_benefit_and_impact_analysis,"Evidence shows that single-use plastics pollute oceans, harm wildlife, and persist in ecosystems for centuries, making a ban essential to protect the environment.",evidence_and_authority_cost_benefit_and_impact_analysis,"I should quantify and compare costs, benefits, and real-world impacts across economic, social, and environmental dimensions. ",Evidence shows that,addition_and_elaboration,cost_benefit_and_impact_analysis,"Moreover, many alternatives like reusable bags, glass, and paper are already widely available and affordable, so the shift would be practical and manageable for everyday people.",addition_and_elaboration_cost_benefit_and_impact_analysis,"I should quantify and compare costs, benefits, and real-world impacts across economic, social, and environmental dimensions. ",Moreover,exemplification,feasibility_and_implementation,"For example, countries like Canada and the EU have already successfully reduced plastic waste through bans, proving that such policies are feasible and effective in real-world settings.",exemplification_feasibility_and_implementation,I should evaluate whether the proposal can actually be implemented and enforced effectively. ,For example,targeted,784,101,0.03778617782484905
40,0.0,,,synthesis_faithful,random,2,20260206_121538,1.1800408363342283,"The government should enforce a total ban on single-use plastics because the environmental damage they cause—such as pollution in oceans, harm to wildlife, and long-term microplastic contamination—poses a serious threat to public health and ecosystems. While some may argue that such a ban restricts personal freedom, the right to live in a clean and safe environment is more fundamental than the convenience of disposable products. The economic transition to alternatives, though requiring initial investment, creates opportunities for green jobs and innovation in sustainable materials. Banning single-use plastics is not an overreach of government power but a necessary step to protect future generations, and it aligns with democratic values by prioritizing the well-being of the public over corporate interests. Ultimately, the harm caused by continued plastic use is far greater than the temporary inconvenience of change.",sequence_and_transition,governance_and_accountability,"Next, I must consider how laws are enacted and enforced through democratic processes, and how this relates to public safety and environmental protection.",sequence_and_transition_governance_and_accountability,"I should consider legal frameworks, accountability mechanisms, democratic principles, and proper authority. ",Next,emphasis_and_evaluation,cost_benefit_and_impact_analysis,"Importantly, the long-term environmental and health benefits of eliminating single-use plastics far outweigh the short-term economic disruptions.",emphasis_and_evaluation_cost_benefit_and_impact_analysis,"I should quantify and compare costs, benefits, and real-world impacts across economic, social, and environmental dimensions. ",Importantly,exemplification,rights_and_liberties,"For example, the right to a clean and healthy environment is foundational and should not be compromised by convenience or corporate profit.",exemplification_rights_and_liberties,"I should consider inalienable human rights, civil liberties, privacy protections, and the freedom to make one's own choices. ",For example,baseline,928,396,0.037608040255404984
46,0.0,,,synthesis_faithful,random,2,20260206_121538,1.1279594898223877,"The government should enforce a total ban on single-use plastics because it would drastically reduce pollution in our oceans and landfills, where these materials last for centuries and endanger wildlife. Countries like Rwanda and Canada have already proven that strict bans are effective, leading to cleaner environments and encouraging businesses to develop reusable alternatives. Beyond environmental benefits, single-use plastics pose serious risks to human health through microplastic contamination, making a ban a responsible choice for public well-being. As ordinary citizens, we have a moral obligation to protect the planet for future generations, and a ban is a clear, enforceable step toward that goal. By acting now, we can create lasting change without waiting for voluntary efforts to be sufficient.",conditional,feasibility_and_implementation,"If the government enforces a total ban on single-use plastics, it would significantly reduce plastic pollution in oceans and landfills, where these materials persist for hundreds of years and harm wildlife.",conditional_feasibility_and_implementation,I should evaluate whether the proposal can actually be implemented and enforced effectively. ,If,evidence_and_authority,governance_and_accountability,"Evidence shows that countries with strict bans, like Rwanda and Canada, have successfully reduced plastic waste and encouraged innovation in reusable alternatives.",evidence_and_authority_governance_and_accountability,"I should consider legal frameworks, accountability mechanisms, democratic principles, and proper authority. ",Evidence shows that,evidence_and_authority,ethical_principles,"Evidence shows that single-use plastics are harmful to the environment and human health, and a ban would protect ecosystems and future generations.",evidence_and_authority_ethical_principles,"I should evaluate actions based on moral rules, character virtues, relationships, and ethical obligations. ",Evidence shows that,baseline,812,332,0.037509128640070846
16,0.0,,,synthesis_faithful,random,0,20260206_121538,1.1971540451049805,"A total ban on single-use plastics is necessary because it ensures accountability and compliance through enforceable laws, which individual choices alone cannot guarantee. It is morally imperative to protect the planet and future generations from the long-term environmental damage caused by plastic waste. History shows that bans on harmful products, such as leaded gasoline and public smoking, have successfully reduced harm and gained public support over time. Without a government-enforced ban, plastic pollution will continue to spread, harming wildlife, ecosystems, and human health. While some may argue about inconvenience, the environmental and health benefits far outweigh temporary discomfort. A ban sends a clear message that we value sustainability and collective well-being over short-term convenience. Therefore, the government has both a duty and the authority to implement such a ban for the greater good.",evidence_and_authority,governance_and_accountability,"Evidence shows that laws and regulations are essential tools for ensuring compliance with public health and environmental standards, especially when individual responsibility alone is insufficient.",evidence_and_authority_governance_and_accountability,"I should consider legal frameworks, accountability mechanisms, democratic principles, and proper authority. ",Evidence shows that,evidence_and_authority,ethical_principles,Evidence shows that a ban on single-use plastics is ethically required because it protects future generations and the natural world from irreversible harm.,evidence_and_authority_ethical_principles,"I should evaluate actions based on moral rules, character virtues, relationships, and ethical obligations. ",Evidence shows that,sequence_and_transition,precedent_and_long_term_effects,"Next, historical examples like the ban on leaded gasoline and smoking in public places demonstrate that bans on harmful substances are effective and widely supported over time.",sequence_and_transition_precedent_and_long_term_effects,"I should evaluate historical precedents, long-term vs short-term tradeoffs, and obligations to future generations. ",Next,baseline,922,391,0.03666313771225266
465836,1.5229132704642945,,,synthesis_faithful,targeted,1,20260206_121005,1.1961138248443604,"The government should enforce a total ban on single-use plastics because it’s both practical and necessary. Countries like Canada and the European Union have already proven that such bans can be implemented successfully, reducing plastic waste and shifting public behavior toward reusable alternatives. People adapted quickly to plastic bag bans by using reusable bags, showing that small changes in daily habits are possible with clear policy direction. The harm caused by single-use plastics—like ocean pollution and animal deaths—is severe and irreversible, threatening ecosystems and human health for decades. Since we have a responsibility to protect the planet for future generations, taking strong action now is essential. A total ban is the most effective way to eliminate the root of this environmental crisis.",evidence_and_authority,feasibility_and_implementation,"Evidence shows that governments can successfully implement bans on single-use plastics, as seen in countries like Canada and the European Union, where such bans have reduced plastic waste and encouraged reusable alternatives.",evidence_and_authority_feasibility_and_implementation,I should evaluate whether the proposal can actually be implemented and enforced effectively. ,Evidence shows that,exemplification,precedent_and_long_term_effects,"For example, when single-use plastic bags were banned in several countries, people adapted quickly by using reusable bags, showing that behavior can change with policy.",exemplification_precedent_and_long_term_effects,"I should evaluate historical precedents, long-term vs short-term tradeoffs, and obligations to future generations. ",For example,addition_and_elaboration,feasibility_and_implementation,"Moreover, the environmental damage caused by single-use plastics—such as pollution in oceans and harm to wildlife—is irreversible and long-lasting, so a ban is essential to protect ecosystems for future generations.",addition_and_elaboration_feasibility_and_implementation,I should evaluate whether the proposal can actually be implemented and enforced effectively. ,Moreover,targeted,819,137,0.03377580323417926
35,0.0,,,synthesis_faithful,random,1,20260206_121538,1.1926298141479492,"The government should enforce a total ban on single-use plastics because individuals alone can't solve this massive environmental problem—most people don’t have the means or information to make lasting changes. Without strong government action, corporations will keep producing cheap, harmful plastics to maximize profits. A clear ban gives everyone a simple rule to follow, encouraging innovation and making sustainable options the default. It ensures fairness by holding all industries accountable, not just consumers. This kind of national policy is the only way to create real, lasting change. Ultimately, the government has a responsibility to protect public health and the planet, and a total ban is the most effective tool to do so.",concession_and_contrast,stakeholder_responsibility,"However, individuals alone cannot solve the plastic pollution crisis, as the scale of production and consumption is driven by industry and systemic policies. Government enforcement is necessary to create a level playing field and ensure widespread compliance.",concession_and_contrast_stakeholder_responsibility,"I should analyze who bears responsibility—whether government, individuals, corporations, or other institutions. ",However,addition_and_elaboration,feasibility_and_implementation,"Moreover, a total ban is a clear and enforceable policy that gives businesses and citizens a definitive standard to follow, reducing confusion and encouraging innovation in sustainable alternatives.",addition_and_elaboration_feasibility_and_implementation,I should evaluate whether the proposal can actually be implemented and enforced effectively. ,Moreover,clarification_and_specification,stakeholder_responsibility,"In other words, without government action, companies will continue prioritizing profit over the environment, and most people lack the resources or knowledge to make lasting changes on their own.",clarification_and_specification_stakeholder_responsibility,"I should analyze who bears responsibility—whether government, individuals, corporations, or other institutions. ",In other words,baseline,739,270,0.03375182010937905
465845,1.4145969764192112,,,synthesis_faithful,targeted,0,20260206_121005,1.0348989963531494,"Single-use plastics are a major source of pollution, harming wildlife and contaminating ecosystems, especially in oceans and landfills. Countries like Rwanda and Canada have already proven that banning these products is both practical and effective, showing that such policies can be successfully implemented. Rather than causing inconvenience, a ban pushes businesses and consumers toward more sustainable alternatives, driving innovation and reducing long-term environmental damage. As ordinary citizens, we have a responsibility to protect the planet for future generations. A government-enforced ban is a necessary and achievable step toward a cleaner, healthier world. The benefits far outweigh the temporary challenges of change, making this a responsible and forward-thinking policy.",evidence_and_authority,feasibility_and_implementation,"Evidence shows that single-use plastics are a major source of pollution, especially in oceans and landfills, and a ban can significantly reduce this environmental harm.",evidence_and_authority_feasibility_and_implementation,I should evaluate whether the proposal can actually be implemented and enforced effectively. ,Evidence shows that,exemplification,precedent_and_long_term_effects,"For example, countries like Rwanda and Canada have successfully implemented bans on single-use plastics, demonstrating that such measures are feasible and effective.",exemplification_precedent_and_long_term_effects,"I should evaluate historical precedents, long-term vs short-term tradeoffs, and obligations to future generations. ",For example,evidence_and_authority,risk_and_unintended_consequences,Evidence shows that banning single-use plastics encourages innovation in sustainable alternatives and reduces long-term environmental and economic costs.,evidence_and_authority_risk_and_unintended_consequences,"I should identify risks, unintended outcomes, cascading effects, and potential for escalation. ",Evidence shows that,targeted,790,105,0.03355231566563094
468852,1.3869116160722228,,,synthesis_faithful,targeted,1,20260206_121005,1.163017511367798,"Single-use plastics are a major source of pollution, harming wildlife and contaminating ecosystems, so a government-enforced ban is necessary to protect the environment. Many countries have already implemented similar bans with positive results, proving that it’s both feasible and effective in reducing plastic waste. With reusable options now widely available and often cheaper in the long run, the transition is not only practical but also beneficial for consumers and the planet. A total ban would encourage innovation in sustainable packaging and prevent further damage to natural habitats. As a responsible citizen, I believe we must act now to safeguard the environment for future generations. The short-term inconvenience is outweighed by long-term environmental and health benefits. Therefore, a government-imposed ban on single-use plastics is a necessary and justified step.",evidence_and_authority,feasibility_and_implementation,"Evidence shows that single-use plastics are a major source of pollution, especially in oceans and landfills, and a ban would significantly reduce environmental harm.",evidence_and_authority_feasibility_and_implementation,I should evaluate whether the proposal can actually be implemented and enforced effectively. ,Evidence shows that,sequence_and_transition,precedent_and_long_term_effects,"Next, I consider that many countries have already implemented partial or full bans, and these have led to cleaner environments and increased innovation in sustainable alternatives.",sequence_and_transition_precedent_and_long_term_effects,"I should evaluate historical precedents, long-term vs short-term tradeoffs, and obligations to future generations. ",Next,exemplification,justice_and_fairness,"For example, reusable bags and containers are now widely available and affordable, so the shift is manageable for most people and businesses.",exemplification_justice_and_fairness,"I should analyze whether outcomes, processes, and distributions are fair to all parties involved. ",For example,targeted,885,179,0.03272201598740504
21,0.0,,,synthesis_faithful,random,1,20260206_121538,1.1057641506195068,"The government should enforce a total ban on single-use plastics because it has the legal authority and democratic responsibility to protect public welfare, including environmental health. While some may argue that personal choices should determine pollution levels, the reality is that individuals alone cannot address a crisis driven by industrial-scale production and consumption. Real-world examples, like the EU’s ban on certain single-use plastics, prove that such laws can be successfully implemented and enforced. Without government intervention, corporations will continue prioritizing profit over the planet, and individuals will be left with few viable alternatives. A total ban creates a level playing field, encourages innovation in sustainable materials, and sends a clear message about societal values. Ultimately, the government is best positioned to drive large-scale, lasting change that benefits everyone.",concession_and_contrast,governance_and_accountability,"However, the government has the legal authority and democratic mandate to enforce laws that protect public welfare, including environmental health.",concession_and_contrast_governance_and_accountability,"I should consider legal frameworks, accountability mechanisms, democratic principles, and proper authority. ",However,exemplification,feasibility_and_implementation,"For example, many countries already have successful bans on single-use plastics, showing that enforcement is not only possible but practical.",exemplification_feasibility_and_implementation,I should evaluate whether the proposal can actually be implemented and enforced effectively. ,For example,evidence_and_authority,stakeholder_responsibility,Evidence shows that individuals alone cannot solve this problem; systemic change requires government action to create and enforce standards.,evidence_and_authority_stakeholder_responsibility,"I should analyze who bears responsibility—whether government, individuals, corporations, or other institutions. ",Evidence shows that,baseline,924,394,0.032181488448122825
464846,1.4463556081506648,,,synthesis_faithful,targeted,1,20260206_121005,1.0656607151031494,"Single-use plastics are a major source of pollution that harms wildlife, clogs waterways, and lingers in ecosystems for centuries. A total government ban would eliminate this threat at the source, protecting both the environment and public health. Countries like Canada and the European Union have already shown that such bans are practical, effective, and supported by the public, proving that change is possible. Many reusable alternatives are already affordable and accessible, meaning people can easily adapt without major inconvenience. Ultimately, this ban is a responsible step to protect the planet for future generations. The long-term benefits far outweigh any short-term challenges.",evidence_and_authority,feasibility_and_implementation,"Evidence shows that single-use plastics are a major contributor to pollution, especially in oceans and landfills, and a total ban would significantly reduce this environmental harm.",evidence_and_authority_feasibility_and_implementation,I should evaluate whether the proposal can actually be implemented and enforced effectively. ,Evidence shows that,evidence_and_authority,precedent_and_long_term_effects,"Evidence shows that countries like Canada and the EU have successfully implemented similar bans, proving that such policies are feasible and effective in reducing plastic waste.",evidence_and_authority_precedent_and_long_term_effects,"I should evaluate historical precedents, long-term vs short-term tradeoffs, and obligations to future generations. ",Evidence shows that,evidence_and_authority,feasibility_and_implementation,"Evidence shows that reusable alternatives like cloth bags, glass containers, and metal straws are widely available and affordable, making the transition to a plastic-free lifestyle realistic for everyday people.",evidence_and_authority_feasibility_and_implementation,I should evaluate whether the proposal can actually be implemented and enforced effectively. ,Evidence shows that,targeted,693,35,0.03186286133223171
493056,1.3746983650092697,,,synthesis_faithful,targeted,4,20260206_121005,1.1631126403808594,"The government should enforce a total ban on single-use plastics because individual actions aren’t enough to stop massive pollution. When millions of people use plastic bags, bottles, and packaging daily, only strong government action can create real change. Countries like Rwanda and Kenya have already proven that such bans work—cleaner streets, healthier ecosystems, and less waste. The long-term benefits to our environment, wildlife, and public health far outweigh the temporary inconvenience of giving up plastic. A ban also pushes innovation toward sustainable alternatives that can be used safely and affordably. It’s time to stop treating plastic pollution as someone else’s problem and take bold, responsible action.",evidence_and_authority,stakeholder_responsibility,"Evidence shows that government regulation is essential because individual efforts alone cannot solve widespread pollution. Without a total ban, single-use plastics will continue to flood landfills and oceans.",evidence_and_authority_stakeholder_responsibility,"I should analyze who bears responsibility—whether government, individuals, corporations, or other institutions. ",Evidence shows that,addition_and_elaboration,cost_benefit_and_impact_analysis,"Moreover, the long-term environmental and health costs of plastic pollution far outweigh the short-term convenience of single-use plastics. A ban would reduce pollution, protect wildlife, and lower cleanup expenses.",addition_and_elaboration_cost_benefit_and_impact_analysis,"I should quantify and compare costs, benefits, and real-world impacts across economic, social, and environmental dimensions. ",Moreover,exemplification,feasibility_and_implementation,"For example, countries like Rwanda and Kenya have successfully banned single-use plastics and seen dramatic improvements in cleanliness and environmental health. This proves such bans are feasible and effective.",exemplification_feasibility_and_implementation,I should evaluate whether the proposal can actually be implemented and enforced effectively. ,For example,targeted,726,61,0.03176281325735069
15,0.0,,,synthesis_faithful,random,4,20260206_121538,1.1177985668182373,"Single-use plastics cause widespread environmental damage and harm human health, particularly in low-income communities that bear the brunt of pollution and waste. A government ban is fair because it protects everyone, especially those least able to cope with environmental degradation. It’s also a responsible use of government power to safeguard public health and ensure a sustainable future. Many places around the world have already banned single-use plastics and found it both workable and effective. With proper alternatives and public awareness, a total ban is not only possible but necessary. Ultimately, protecting the planet and people should come before convenience and corporate profits.",clarification_and_specification,justice_and_fairness,"In other words, the impact of single-use plastics on the environment and public health is widespread and disproportionately affects vulnerable communities, making a ban a matter of fairness and justice.",clarification_and_specification_justice_and_fairness,"I should analyze whether outcomes, processes, and distributions are fair to all parties involved. ",In other words,conditional,rights_and_liberties,"If a government is responsible for protecting the health and well-being of its citizens, then banning single-use plastics is a necessary step to safeguard public health and future generations from long-term environmental harm.",conditional_rights_and_liberties,"I should consider inalienable human rights, civil liberties, privacy protections, and the freedom to make one's own choices. ",If,clarification_and_specification,feasibility_and_implementation,"In other words, governments have already successfully implemented bans on single-use plastics in various regions, proving that such policies are practical and enforceable with proper public education and infrastructure support.",clarification_and_specification_feasibility_and_implementation,I should evaluate whether the proposal can actually be implemented and enforced effectively. ,In other words,baseline,699,242,0.031319566609737295
473256,1.3711726293106918,,,synthesis_faithful,targeted,0,20260206_121005,1.3149261474609375,"Single-use plastics are one of the biggest sources of pollution, harming wildlife, clogging waterways, and breaking down into microplastics that can enter our food and water. A total ban by the government would push businesses and individuals to adopt eco-friendly alternatives, leading to long-term environmental and health benefits. While some may worry about inconvenience, real-world examples from regions like the EU and Canada show that bans can work without major disruption. The government has a responsibility to protect public health and the planet, and a ban is a necessary step toward that goal. By setting clear rules, the government can create a fair and sustainable future for everyone. It’s not just about stopping plastic waste—it’s about building a cleaner, healthier world for generations to come.",evidence_and_authority,incentives_and_power_dynamics,"Evidence shows that single-use plastics are a major contributor to environmental pollution, particularly in oceans and landfills, where they persist for hundreds of years. This harms wildlife and ecosystems, and poses long-term risks to human health through microplastic contamination.",evidence_and_authority_incentives_and_power_dynamics,"I should examine what behaviors are encouraged, who holds power, and how interests align or conflict. ",Evidence shows that,addition_and_elaboration,justice_and_fairness,"Moreover, a government ban would encourage innovation in sustainable alternatives and shift consumer habits toward reusable and biodegradable materials, reducing our reliance on environmentally damaging products.",addition_and_elaboration_justice_and_fairness,"I should analyze whether outcomes, processes, and distributions are fair to all parties involved. ",Moreover,exemplification,feasibility_and_implementation,"For example, countries like Canada and the EU have already implemented partial bans with measurable success, proving that such policies are feasible and can be enforced without causing major disruption to daily life.",exemplification_feasibility_and_implementation,I should evaluate whether the proposal can actually be implemented and enforced effectively. ,For example,targeted,816,134,0.030757522335851308
463226,1.3759924927282563,,,synthesis_faithful,targeted,3,20260206_121005,1.0978147983551023,"Single-use plastics are a major contributor to environmental pollution, especially in oceans and landfills, and a total government ban would drastically reduce this harm. While some may worry about the practicality, such a ban would encourage innovation in sustainable packaging and create new green jobs. With proper planning, the transition can be phased in, supported by public awareness campaigns and incentives for businesses. The long-term benefits to public health, ecosystems, and waste reduction far outweigh short-term disruptions. As a regular person concerned about a cleaner planet, I believe a ban is both necessary and achievable. The government has a responsibility to protect the environment for future generations, and this is a decisive step in that direction.",evidence_and_authority,feasibility_and_implementation,"Evidence shows that single-use plastics are a major source of pollution, especially in oceans and waterways, and banning them would significantly reduce environmental harm.",evidence_and_authority_feasibility_and_implementation,I should evaluate whether the proposal can actually be implemented and enforced effectively. ,Evidence shows that,addition_and_elaboration,justice_and_fairness,"Moreover, a government ban would push manufacturers to innovate and develop sustainable alternatives, creating new jobs and reducing long-term waste management costs.",addition_and_elaboration_justice_and_fairness,"I should analyze whether outcomes, processes, and distributions are fair to all parties involved. ",Moreover,concession_and_contrast,feasibility_and_implementation,"However, enforcement can be managed through gradual implementation, public education, and support for businesses transitioning to reusable or biodegradable materials.",concession_and_contrast_feasibility_and_implementation,I should evaluate whether the proposal can actually be implemented and enforced effectively. ,However,targeted,779,91,0.030736506752438417
468056,1.4566591361643833,,,synthesis_faithful,targeted,3,20260206_121005,0.9712247848510742,"The government should enforce a total ban on single-use plastics because they cause severe environmental damage, polluting oceans and harming wildlife. Countries like the UK and Canada have already implemented similar bans, proving that such policies are enforceable and effective in reducing plastic waste. A nationwide ban would encourage innovation in sustainable alternatives and reduce long-term cleanup costs for communities. While some may argue about convenience, reusable options are widely available and increasingly affordable. The environmental and health benefits far outweigh temporary inconvenience. A ban is a necessary, practical step toward protecting ecosystems and ensuring a cleaner future.",evidence_and_authority,feasibility_and_implementation,"Evidence shows that the government has successfully implemented similar bans in other countries, proving that enforcement is possible.",evidence_and_authority_feasibility_and_implementation,I should evaluate whether the proposal can actually be implemented and enforced effectively. ,Evidence shows that,sequence_and_transition,cost_benefit_and_impact_analysis,"Next, I should highlight how single-use plastics contribute significantly to pollution and harm wildlife, making the ban a necessary step for environmental protection.",sequence_and_transition_cost_benefit_and_impact_analysis,"I should quantify and compare costs, benefits, and real-world impacts across economic, social, and environmental dimensions. ",Next,exemplification,feasibility_and_implementation,"For example, the UK and Canada have already passed laws banning certain single-use plastics, showing that such measures are not only feasible but also practical in real-world settings.",exemplification_feasibility_and_implementation,I should evaluate whether the proposal can actually be implemented and enforced effectively. ,For example,targeted,711,47,0.03061988721068674
465835,1.4130162126221837,,,synthesis_faithful,targeted,1,20260206_121005,0.9159886837005616,"A total ban on single-use plastics is both necessary and achievable. Governments around the world, including in Rwanda and Canada, have already implemented such bans without causing significant hardship. These policies have led to cleaner communities, reduced pollution in oceans and waterways, and encouraged innovation in sustainable alternatives. While some may worry about inconvenience, reusable and biodegradable options are now widely available and affordable. The long-term benefits to public health and the environment far outweigh any short-term adjustments. Protecting the planet for future generations demands bold action, and banning single-use plastics is a responsible and practical step.",evidence_and_authority,feasibility_and_implementation,"Evidence shows that governments have successfully banned single-use plastics in several countries, proving such bans are feasible.",evidence_and_authority_feasibility_and_implementation,I should evaluate whether the proposal can actually be implemented and enforced effectively. ,Evidence shows that,exemplification,precedent_and_long_term_effects,"For example, countries like Rwanda and Canada have implemented plastic bans with measurable environmental improvements.",exemplification_precedent_and_long_term_effects,"I should evaluate historical precedents, long-term vs short-term tradeoffs, and obligations to future generations. ",For example,addition_and_elaboration,risk_and_unintended_consequences,"Moreover, these bans have not caused major disruptions to daily life, and alternatives like reusable or biodegradable materials are widely accessible.",addition_and_elaboration_risk_and_unintended_consequences,"I should identify risks, unintended outcomes, cascading effects, and potential for escalation. ",Moreover,targeted,703,40,0.03025134094328177
483256,1.3711726293106918,,,synthesis_faithful,targeted,3,20260206_121005,0.9934613704681396,"The government should enforce a total ban on single-use plastics because it’s a necessary step to protect our environment and public health. These plastics pollute oceans, harm wildlife, and take hundreds of years to break down, and a ban would drastically reduce that damage. While some may worry about inconvenience, alternatives like reusable bags and containers are already widely available and more sustainable in the long run. Countries like Rwanda and Kenya have already shown that such bans can be successfully enforced with strong policies and public cooperation. Ultimately, protecting our planet for future generations is a responsibility we all share, and a total ban is a clear, decisive way to start.",evidence_and_authority,precedent_and_long_term_effects,"Evidence shows that banning single-use plastics reduces pollution and protects ecosystems, which benefits both current and future generations.",evidence_and_authority_precedent_and_long_term_effects,"I should evaluate historical precedents, long-term vs short-term tradeoffs, and obligations to future generations. ",Evidence shows that,addition_and_elaboration,justice_and_fairness,"Moreover, a total ban ensures equitable environmental protection by holding all industries and individuals accountable, regardless of income or location.",addition_and_elaboration_justice_and_fairness,"I should analyze whether outcomes, processes, and distributions are fair to all parties involved. ",Moreover,exemplification,feasibility_and_implementation,"For example, countries like Rwanda and Kenya have successfully implemented strict bans, proving that enforcement is possible with political will and public support.",exemplification_feasibility_and_implementation,I should evaluate whether the proposal can actually be implemented and enforced effectively. ,For example,targeted,714,49,0.02866850953694804
9,0.0,,,synthesis_faithful,random,0,20260206_121538,1.3769679069519043,"If we don’t ban single-use plastics, the environmental damage will keep growing—oceans will continue to fill with plastic waste, wildlife will keep dying, and microplastics will keep entering our food and water. The government has a responsibility to protect public health and the environment, and a total ban is a clear, enforceable way to fulfill that duty. It’s not fair to expect everyday people to fix a problem created by big corporations and mass industrial production. A ban puts the burden where it belongs—on industries that produce the waste in the first place. With proper alternatives already available, such as reusable bags, metal straws, and biodegradable packaging, a ban is both practical and necessary. The long-term savings in cleanup costs, healthcare, and environmental recovery will far outweigh the short-term inconvenience. We should act now—our planet and future generations depend on it.",conditional,cost_benefit_and_impact_analysis,"If we don’t ban single-use plastics, the environmental damage will keep growing—oceans will continue to fill with plastic waste, wildlife will keep dying, and microplastics will keep entering our food and water.",conditional_cost_benefit_and_impact_analysis,"I should quantify and compare costs, benefits, and real-world impacts across economic, social, and environmental dimensions. ",If,sequence_and_transition,governance_and_accountability,"Next, I believe the government has a responsibility to protect public health and the environment, and a total ban is a clear, enforceable way to fulfill that duty.",sequence_and_transition_governance_and_accountability,"I should consider legal frameworks, accountability mechanisms, democratic principles, and proper authority. ",Next,emphasis_and_evaluation,stakeholder_responsibility,"Importantly, it’s not fair to expect everyday people to fix a problem created by big corporations and mass industrial production.",emphasis_and_evaluation_stakeholder_responsibility,"I should analyze who bears responsibility—whether government, individuals, corporations, or other institutions. ",Importantly,baseline,914,390,0.027185587609281577
465855,1.4262714841855175,,,synthesis_faithful,targeted,3,20260206_121005,0.947885513305664,"Single-use plastics are a major source of pollution that harm wildlife, degrade ecosystems, and persist in the environment for centuries. Countries like Kenya and Rwanda have proven that a total ban is feasible, with strict enforcement leading to cleaner cities and reduced plastic waste. While some may worry about inconvenience, reusable alternatives like cloth bags and metal containers are widely available and cost-effective over time. The long-term benefits to public health, the environment, and future generations far outweigh any short-term challenges. A government ban is a responsible step toward sustainable living and protecting our planet for future generations.",evidence_and_authority,feasibility_and_implementation,"Evidence shows that single-use plastics contribute significantly to environmental pollution, especially in oceans and landfills.",evidence_and_authority_feasibility_and_implementation,I should evaluate whether the proposal can actually be implemented and enforced effectively. ,Evidence shows that,exemplification,precedent_and_long_term_effects,"For example, countries like Kenya and Rwanda have successfully implemented strict bans on plastic bags, showing that such policies can work in practice.",exemplification_precedent_and_long_term_effects,"I should evaluate historical precedents, long-term vs short-term tradeoffs, and obligations to future generations. ",For example,exemplification,risk_and_unintended_consequences,"For example, single-use plastics have no long-term benefits that outweigh their environmental damage, especially since reusable alternatives already exist and are affordable.",exemplification_risk_and_unintended_consequences,"I should identify risks, unintended outcomes, cascading effects, and potential for escalation. ",For example,targeted,676,28,0.02693335763376611
13,0.0,,,synthesis_faithful,random,0,20260206_121538,1.0501806735992432,"Single-use plastics are a major contributor to environmental pollution, clogging waterways and harming wildlife. A total government ban would significantly reduce this damage and help protect ecosystems for future generations. Many places around the world have already implemented similar bans with success, proving that alternatives like reusable or biodegradable materials are practical and effective. These changes don’t hurt the economy—they actually stimulate innovation and create new job opportunities in sustainable industries. It’s time we prioritize long-term environmental health over short-term convenience. A ban on single-use plastics is a responsible and achievable step toward a cleaner, greener future.",exemplification,incentives_and_power_dynamics,"For example, single-use plastics are a major source of pollution, and a total ban would reduce plastic waste in oceans and landfills, protecting ecosystems and wildlife.",exemplification_incentives_and_power_dynamics,"I should examine what behaviors are encouraged, who holds power, and how interests align or conflict. ",For example,addition_and_elaboration,precedent_and_long_term_effects,"Moreover, many countries and cities have successfully implemented bans on single-use plastics, showing that alternatives like paper, glass, and reusable materials are viable and widely adopted.",addition_and_elaboration_precedent_and_long_term_effects,"I should evaluate historical precedents, long-term vs short-term tradeoffs, and obligations to future generations. ",Moreover,evidence_and_authority,precedent_and_long_term_effects,"Evidence shows that such bans don’t cause economic collapse—instead, they drive innovation in sustainable packaging and create new green jobs.",evidence_and_authority_precedent_and_long_term_effects,"I should evaluate historical precedents, long-term vs short-term tradeoffs, and obligations to future generations. ",Evidence shows that,baseline,719,256,0.02685388555582067
463226,1.3759924927282563,,,synthesis_faithful,targeted,4,20260206_121005,1.1765577793121338,"A total ban on single-use plastics is necessary to protect the environment and public health. Many countries have already implemented such bans successfully, showing that they are feasible and lead to measurable improvements in reducing pollution. By eliminating these harmful materials, we can safeguard wildlife, clean up our oceans and landfills, and preserve natural resources for future generations. While some may worry about inconvenience, a ban would push businesses and individuals to adopt reusable and sustainable alternatives, fostering long-term environmental responsibility. Over time, this shift would become second nature, much like how seatbelt laws or recycling programs were once unfamiliar but are now widely accepted. Ultimately, the benefits to ecosystems and human well-being far outweigh any short-term adjustments. A government-led ban is the most effective way to create lasting change and ensure a cleaner, healthier planet.",evidence_and_authority,feasibility_and_implementation,"Evidence shows that many countries already successfully enforce bans on single-use plastics, proving such policies are feasible and can lead to meaningful environmental improvements.",evidence_and_authority_feasibility_and_implementation,I should evaluate whether the proposal can actually be implemented and enforced effectively. ,Evidence shows that,addition_and_elaboration,justice_and_fairness,"Moreover, banning single-use plastics would reduce pollution in oceans and landfills, protecting wildlife and preserving natural ecosystems for future generations.",addition_and_elaboration_justice_and_fairness,"I should analyze whether outcomes, processes, and distributions are fair to all parties involved. ",Moreover,concession_and_contrast,feasibility_and_implementation,"However, a total ban would encourage innovation in eco-friendly alternatives and shift consumer habits toward more sustainable choices over time.",concession_and_contrast_feasibility_and_implementation,I should evaluate whether the proposal can actually be implemented and enforced effectively. ,However,targeted,951,195,0.02665294817323554
14,0.0,,,synthesis_faithful,random,2,20260206_121538,1.175779104232788,"The government should enforce a total ban on single-use plastics because pollution from these items is widespread, dangerous, and damages ecosystems that support human life. While personal freedom matters, it shouldn’t allow choices that harm the environment and public health, especially when alternatives exist. Governments have a responsibility to protect citizens, much like they’ve regulated tobacco and leaded fuel in the past. A ban would shift responsibility from individuals to systemic change, encouraging businesses to innovate greener solutions. It’s not about restricting freedom—it’s about ensuring a safer, cleaner world for everyone. Without strong government action, progress will be too slow and inconsistent. Therefore, a total ban is both necessary and just.",causal_reasoning,stakeholder_responsibility,"Therefore, since plastic pollution is a systemic issue caused by widespread use and inadequate disposal systems, the government must take responsibility to enforce a total ban on single-use plastics to drive meaningful change.",causal_reasoning_stakeholder_responsibility,"I should analyze who bears responsibility—whether government, individuals, corporations, or other institutions. ",Therefore,concession_and_contrast,rights_and_liberties,"However, individual freedom must be balanced with the greater good—when a choice harms the environment and public health, collective action is justified.",concession_and_contrast_rights_and_liberties,"I should consider inalienable human rights, civil liberties, privacy protections, and the freedom to make one's own choices. ",However,clarification_and_specification,incentives_and_power_dynamics,"In other words, the government has the authority and duty to regulate harmful products like single-use plastics, just as it does with tobacco or leaded gasoline, to protect communities and ecosystems.",clarification_and_specification_incentives_and_power_dynamics,"I should examine what behaviors are encouraged, who holds power, and how interests align or conflict. ",In other words,baseline,778,293,0.02617064818479934
465842,1.4614907258420513,,,synthesis_faithful,targeted,4,20260206_121005,1.007059097290039,"The government should enforce a total ban on single-use plastics because they are a major contributor to environmental pollution, clogging waterways and harming wildlife. Countries like Rwanda and Kenya have already proven that such bans can be effective when properly implemented and accompanied by public education. Reusable alternatives are now widely available and affordable, so the transition is realistic and manageable for everyday people. A ban would protect ecosystems, reduce waste, and encourage sustainable habits for future generations. The long-term benefits far outweigh any short-term inconvenience, making it a responsible and necessary step for our planet's health.",evidence_and_authority,feasibility_and_implementation,"Evidence shows that single-use plastics are a major source of environmental pollution, especially in oceans and landfills, and a total ban would significantly reduce this damage.",evidence_and_authority_feasibility_and_implementation,I should evaluate whether the proposal can actually be implemented and enforced effectively. ,Evidence shows that,exemplification,precedent_and_long_term_effects,"For example, countries like Rwanda and Kenya have successfully implemented bans on plastic bags, proving that such policies can work when enforced and supported by public awareness.",exemplification_precedent_and_long_term_effects,"I should evaluate historical precedents, long-term vs short-term tradeoffs, and obligations to future generations. ",For example,evidence_and_authority,justice_and_fairness,"Evidence shows that reusable alternatives like cloth bags and metal containers are widely available and affordable, making the shift practical for most people.",evidence_and_authority_justice_and_fairness,"I should analyze whether outcomes, processes, and distributions are fair to all parties involved. ",Evidence shows that,targeted,684,31,0.026082622762394557
465826,1.4418579048064537,,,synthesis_faithful,targeted,4,20260206_121005,1.0264182090759275,"The government should enforce a total ban on single-use plastics because it is both practical and necessary. Countries like Rwanda and Canada have already implemented nationwide bans and seen dramatic reductions in plastic waste, proving that enforcement is achievable. These policies have not only protected ecosystems but also encouraged businesses to innovate with sustainable alternatives. While there may be short-term challenges, the long-term benefits for public health, wildlife, and the planet outweigh the costs. As ordinary citizens, we have a shared responsibility to protect the environment for future generations. A total ban is a clear, decisive step toward a cleaner, safer world.",evidence_and_authority,feasibility_and_implementation,"Evidence shows that governments have successfully implemented bans on single-use plastics in multiple countries, proving that enforcement is feasible even on a large scale.",evidence_and_authority_feasibility_and_implementation,I should evaluate whether the proposal can actually be implemented and enforced effectively. ,Evidence shows that,exemplification,precedent_and_long_term_effects,"For example, countries like Rwanda and Canada have enacted national bans with significant reductions in plastic pollution, showing that such policies are not only possible but effective over time.",exemplification_precedent_and_long_term_effects,"I should evaluate historical precedents, long-term vs short-term tradeoffs, and obligations to future generations. ",For example,concession_and_contrast,feasibility_and_implementation,"However, these bans have also led to innovation in biodegradable alternatives and helped businesses adapt, reducing long-term environmental damage.",concession_and_contrast_feasibility_and_implementation,I should evaluate whether the proposal can actually be implemented and enforced effectively. ,However,targeted,696,38,0.0260061202999539
465846,1.5386939046866768,,,synthesis_faithful,targeted,0,20260206_121005,1.0554015636444092,"Single-use plastics are a major source of pollution, clogging oceans and harming wildlife, and a total ban is necessary to protect the environment. Countries like Rwanda and Kenya have already shown that such bans are possible and effective, leading to cleaner cities and healthier ecosystems. While some might worry about inconvenience, reusable alternatives are widely available and more sustainable in the long run. The government has a responsibility to safeguard natural resources for future generations, and a ban is a clear, decisive step toward that goal. It’s not just about convenience—it’s about protecting our planet. Without strong action, plastic pollution will only get worse. A total ban is the most effective way to stop it now.",evidence_and_authority,feasibility_and_implementation,"Evidence shows that plastic pollution is already causing severe harm to marine life and ecosystems, and a total ban would significantly reduce this damage.",evidence_and_authority_feasibility_and_implementation,I should evaluate whether the proposal can actually be implemented and enforced effectively. ,Evidence shows that,exemplification,precedent_and_long_term_effects,"For example, places like Rwanda and Kenya have successfully banned single-use plastics, proving such bans are achievable and effective.",exemplification_precedent_and_long_term_effects,"I should evaluate historical precedents, long-term vs short-term tradeoffs, and obligations to future generations. ",For example,evidence_and_authority,feasibility_and_implementation,"Evidence shows that plastic pollution is already causing severe harm to marine life and ecosystems, and a total ban would significantly reduce this damage.",evidence_and_authority_feasibility_and_implementation,I should evaluate whether the proposal can actually be implemented and enforced effectively. ,Evidence shows that,targeted,745,75,0.025781223843628295
465846,1.5386939046866768,,,synthesis_faithful,targeted,4,20260206_121005,1.0997419357299805,"Single-use plastics are a major source of pollution, clogging waterways, harming wildlife, and contributing to climate change. A total government ban would force industries and individuals to adopt more sustainable alternatives, encouraging innovation and reducing environmental damage. Countries like Rwanda and Canada have already demonstrated that such bans are practical and effective, leading to cleaner cities and healthier ecosystems. While some may worry about inconvenience, the long-term benefits for public health and the planet far outweigh temporary discomfort. We have a responsibility to protect the environment for future generations, and a ban is a necessary step toward that goal. It’s not about perfection, but about taking meaningful action now. This is a simple yet powerful way to protect our planet for everyone.",evidence_and_authority,feasibility_and_implementation,"Evidence shows that many countries have successfully implemented bans on single-use plastics, proving that such policies are feasible and scalable.",evidence_and_authority_feasibility_and_implementation,I should evaluate whether the proposal can actually be implemented and enforced effectively. ,Evidence shows that,exemplification,precedent_and_long_term_effects,"For example, countries like Rwanda and Canada have seen significant environmental improvements after banning single-use plastics, showing that such bans can lead to cleaner communities and healthier ecosystems.",exemplification_precedent_and_long_term_effects,"I should evaluate historical precedents, long-term vs short-term tradeoffs, and obligations to future generations. ",For example,evidence_and_authority,feasibility_and_implementation,"Evidence shows that many countries have successfully implemented bans on single-use plastics, proving that such policies are feasible and scalable.",evidence_and_authority_feasibility_and_implementation,I should evaluate whether the proposal can actually be implemented and enforced effectively. ,Evidence shows that,targeted,835,148,0.024944232513280908
463256,1.5837844361583922,,,synthesis_faithful,targeted,4,20260206_121005,1.2707173824310305,"A total government ban on single-use plastics is necessary to protect the environment and public health. Such bans have been successfully enacted in countries like Canada and the UK, proving they are both feasible and effective. By eliminating plastic waste at the source, we reduce pollution in oceans and landfills, which directly harms wildlife and ecosystems. The transition also encourages innovation in sustainable materials, giving businesses a chance to lead in green technology. While some may worry about inconvenience, the long-term benefits to the planet and future generations far outweigh short-term adjustments. As an average person, I believe we all have a responsibility to make simple, lasting changes that protect the Earth for everyone. A ban is not just a policy—it’s a commitment to a cleaner, healthier world.",evidence_and_authority,feasibility_and_implementation,Evidence shows that governments can successfully implement bans on single-use plastics through clear legislation and public education campaigns. Countries like Canada and the UK have already introduced such bans with measurable reductions in plastic waste.,evidence_and_authority_feasibility_and_implementation,I should evaluate whether the proposal can actually be implemented and enforced effectively. ,Evidence shows that,addition_and_elaboration,justice_and_fairness,"Moreover, a total ban would shift consumer habits toward sustainable alternatives, creating demand for eco-friendly products and encouraging businesses to innovate and adapt in a fair and responsible way.",addition_and_elaboration_justice_and_fairness,"I should analyze whether outcomes, processes, and distributions are fair to all parties involved. ",Moreover,exemplification,feasibility_and_implementation,"For example, the ban would prevent plastic from polluting oceans, rivers, and landfills, which currently harm wildlife and ecosystems—this effect is both immediate and long-term.",exemplification_feasibility_and_implementation,I should evaluate whether the proposal can actually be implemented and enforced effectively. ,For example,targeted,832,147,0.024646207324133623
463846,1.4589057703495696,,,synthesis_faithful,targeted,1,20260206_121005,1.0599415302276611,"Single-use plastics are a major source of pollution, clogging waterways and harming wildlife. A total ban would push society toward more sustainable alternatives, encouraging innovation and creating new green jobs. Countries like Canada and the UK have already implemented similar bans with measurable environmental benefits, proving it’s a realistic and effective policy. While some may worry about inconvenience, the long-term health of our planet and future generations justifies this shift. The government has a responsibility to protect natural resources and public health, and a ban is a clear, decisive step in that direction. Given the proven success elsewhere, a nationwide ban is not only possible but necessary. We can adapt—after all, we’ve survived without single-use plastics before, and we can do so again with better alternatives.",evidence_and_authority,feasibility_and_implementation,"Evidence shows that single-use plastics are a major source of pollution, clogging waterways and harming wildlife.",evidence_and_authority_feasibility_and_implementation,I should evaluate whether the proposal can actually be implemented and enforced effectively. ,Evidence shows that,addition_and_elaboration,precedent_and_long_term_effects,"Moreover, a ban would encourage innovation in sustainable alternatives, which could create new jobs and industries.",addition_and_elaboration_precedent_and_long_term_effects,"I should evaluate historical precedents, long-term vs short-term tradeoffs, and obligations to future generations. ",Moreover,evidence_and_authority,feasibility_and_implementation,"Evidence shows that other countries have successfully banned single-use plastics, proving it's feasible on a large scale.",evidence_and_authority_feasibility_and_implementation,I should evaluate whether the proposal can actually be implemented and enforced effectively. ,Evidence shows that,targeted,846,156,0.02428993208258795
463844,1.449528471438994,,,synthesis_faithful,targeted,1,20260206_121005,0.8412477970123291,"Single-use plastics are a major source of pollution, clogging waterways and harming wildlife, and a total ban is necessary to protect our environment. History shows that banning harmful products—like leaded gasoline and tobacco—has led to long-term public health and environmental benefits, even if initial transition was challenging. With clear regulations, public education, and gradual implementation, governments can effectively enforce such bans while encouraging sustainable alternatives. The long-term benefits far outweigh short-term inconveniences, and we have a responsibility to protect the planet for future generations.",evidence_and_authority,feasibility_and_implementation,Evidence shows that single-use plastics contribute significantly to pollution and harm ecosystems.,evidence_and_authority_feasibility_and_implementation,I should evaluate whether the proposal can actually be implemented and enforced effectively. ,Evidence shows that,addition_and_elaboration,precedent_and_long_term_effects,"Moreover, bans on similar harmful products, like leaded gasoline and tobacco, have proven effective over time.",addition_and_elaboration_precedent_and_long_term_effects,"I should evaluate historical precedents, long-term vs short-term tradeoffs, and obligations to future generations. ",Moreover,evidence_and_authority,governance_and_accountability,"Evidence shows that such bans are enforceable through regulations and public awareness, especially with phased implementation.",evidence_and_authority_governance_and_accountability,"I should consider legal frameworks, accountability mechanisms, democratic principles, and proper authority. ",Evidence shows that,targeted,632,13,0.024230562894268094
465856,1.5503684124529828,,,synthesis_faithful,targeted,4,20260206_121005,1.1248517036437988,"Single-use plastics cause lasting environmental damage, polluting oceans, harming wildlife, and taking hundreds of years to decompose. A total government ban would prevent this harm on a large scale and encourage sustainable alternatives. Countries like Rwanda and Canada have already proven that such bans are possible and effective, leading to cleaner communities and reduced pollution. Even if the transition is challenging, the long-term benefits to public health and the planet outweigh short-term inconvenience. We have a responsibility to protect the environment for future generations, and a ban is a necessary step toward that goal. Without strong government action, individuals alone cannot solve this massive problem. Therefore, a total ban on single-use plastics is both practical and essential.",evidence_and_authority,feasibility_and_implementation,"Evidence shows that single-use plastics contribute significantly to environmental pollution, especially in oceans and landfills, and a total ban would drastically reduce this harm.",evidence_and_authority_feasibility_and_implementation,I should evaluate whether the proposal can actually be implemented and enforced effectively. ,Evidence shows that,exemplification,precedent_and_long_term_effects,"For example, countries like Rwanda and Canada have successfully implemented plastic bans, proving that such measures are feasible and can lead to cleaner environments.",exemplification_precedent_and_long_term_effects,"I should evaluate historical precedents, long-term vs short-term tradeoffs, and obligations to future generations. ",For example,exemplification,feasibility_and_implementation,"For example, Rwanda’s strict enforcement of a plastic ban led to a dramatic drop in plastic waste and made the country one of the cleanest in Africa.",exemplification_feasibility_and_implementation,I should evaluate whether the proposal can actually be implemented and enforced effectively. ,For example,targeted,807,125,0.02327142249075351
443256,1.3711726293106918,,,synthesis_faithful,targeted,3,20260206_121005,1.0300405025482178,"The government should enforce a total ban on single-use plastics because without legal mandates, individual actions alone cannot solve the scale of plastic pollution. A ban ensures fairness by protecting public health and the environment for future generations, not just current consumers. Countries like Kenya and Canada have already proven that such bans can be implemented effectively through public education and enforcement. This kind of regulation is not only necessary but also achievable with proper planning. A total ban helps prevent long-term ecological damage that would otherwise burden society. It’s a responsible step to protect both nature and human well-being. Therefore, a government-enforced ban is essential and justified.",evidence_and_authority,governance_and_accountability,"Evidence shows that government regulation is essential to enforce large-scale environmental change. Without legal mandates, individual actions alone cannot sufficiently reduce plastic pollution.",evidence_and_authority_governance_and_accountability,"I should consider legal frameworks, accountability mechanisms, democratic principles, and proper authority. ",Evidence shows that,addition_and_elaboration,justice_and_fairness,"Moreover, a ban on single-use plastics ensures fairness by protecting public health and the environment for future generations, not just current consumers.",addition_and_elaboration_justice_and_fairness,"I should analyze whether outcomes, processes, and distributions are fair to all parties involved. ",Moreover,exemplification,feasibility_and_implementation,"For example, countries like Kenya and Canada have successfully implemented plastic bans, showing that enforcement is feasible with proper public education and monitoring.",exemplification_feasibility_and_implementation,I should evaluate whether the proposal can actually be implemented and enforced effectively. ,For example,targeted,742,71,0.022788312254166873
38,0.0,,,synthesis_faithful,random,2,20260206_121538,1.337998628616333,"Single-use plastics cause massive environmental harm, polluting oceans, killing wildlife, and introducing toxic microplastics into the food chain—these damages are irreversible and far exceed the convenience they offer. Banning them is not just practical, but necessary to protect our planet and ensure a healthier future for coming generations. As the government has a duty to safeguard public health and the environment, enforcing such a ban aligns with its core responsibilities. Many countries and cities have already proven that alternatives—like reusable bags, containers, and biodegradable materials—are viable and effective. A total ban would drive innovation, encourage sustainable habits, and create a cleaner, safer society. The short-term inconvenience of change is outweighed by the long-term benefits to nature and human well-being. Therefore, a government-enforced ban on single-use plastics is both wise and essential.",causal_reasoning,cost_benefit_and_impact_analysis,"Therefore, the environmental damage caused by single-use plastics—such as pollution in oceans, harm to wildlife, and long-term microplastic contamination—outweighs any short-term convenience they provide.",causal_reasoning_cost_benefit_and_impact_analysis,"I should quantify and compare costs, benefits, and real-world impacts across economic, social, and environmental dimensions. ",Therefore,clarification_and_specification,precedent_and_long_term_effects,"In other words, banning single-use plastics is a necessary step to protect ecosystems, reduce waste, and ensure a safer planet for future generations.",clarification_and_specification_precedent_and_long_term_effects,"I should evaluate historical precedents, long-term vs short-term tradeoffs, and obligations to future generations. ",In other words,conditional,governance_and_accountability,"If the government is responsible for public health and environmental safety, then enforcing a ban on harmful products like single-use plastics is a legitimate and ethical use of its authority.",conditional_governance_and_accountability,"I should consider legal frameworks, accountability mechanisms, democratic principles, and proper authority. ",If,baseline,934,397,0.022279388322731627
483256,1.3711726293106918,,,synthesis_faithful,targeted,2,20260206_121005,1.1080799102783203,"Banning single-use plastics is essential for protecting our environment and future generations. Past bans on harmful materials, like lead in fuel, show that societal resistance can be overcome when long-term benefits are clear. These plastics pollute oceans, harm marine life, and take centuries to degrade, making their continued use irresponsible. Countries like Rwanda and Kenya have already proven that strong bans are enforceable and lead to cleaner communities. The short-term inconvenience of change is far outweighed by the long-term health of our planet. As everyday citizens, we have a responsibility to support policies that protect the environment, even if they require personal adjustment. A total ban is not just possible—it's necessary.",evidence_and_authority,precedent_and_long_term_effects,Evidence shows that previous bans on harmful substances—like lead in gasoline—were initially met with resistance but ultimately led to significant public health improvements.,evidence_and_authority_precedent_and_long_term_effects,"I should evaluate historical precedents, long-term vs short-term tradeoffs, and obligations to future generations. ",Evidence shows that,addition_and_elaboration,justice_and_fairness,"Moreover, banning single-use plastics reduces pollution in oceans and landfills, protecting wildlife and ecosystems that are already under severe stress.",addition_and_elaboration_justice_and_fairness,"I should analyze whether outcomes, processes, and distributions are fair to all parties involved. ",Moreover,exemplification,feasibility_and_implementation,"For example, countries like Rwanda and Kenya have successfully enforced strict bans on plastic bags, proving that such policies are not only feasible but can become widely accepted over time.",exemplification_feasibility_and_implementation,I should evaluate whether the proposal can actually be implemented and enforced effectively. ,For example,targeted,751,77,0.02204633406865149
473256,1.3711726293106918,,,synthesis_faithful,targeted,2,20260206_121005,1.1261630058288574,"Single-use plastics are a major source of pollution, clogging waterways and harming wildlife, and a government-enforced ban is essential to protect our environment. While some may worry about inconvenience, most people can easily switch to reusable alternatives that are now widely available and affordable. Real-world examples show that bans can work—places like Canada and the EU have reduced plastic waste significantly through clear policies and public support. A ban doesn’t need to be perfect to be effective; it’s a necessary move toward sustainable living. As a regular person, I believe we all have a responsibility to protect our planet, and this is a simple, impactful step we can take together.",evidence_and_authority,incentives_and_power_dynamics,"Evidence shows that single-use plastics contribute significantly to pollution and harm ecosystems, and a government ban would be a necessary step to protect the environment for future generations.",evidence_and_authority_incentives_and_power_dynamics,"I should examine what behaviors are encouraged, who holds power, and how interests align or conflict. ",Evidence shows that,addition_and_elaboration,justice_and_fairness,"Moreover, many alternatives to single-use plastics—like reusable bags, bottles, and containers—are already affordable and accessible, making a ban both practical and fair to everyday citizens.",addition_and_elaboration_justice_and_fairness,"I should analyze whether outcomes, processes, and distributions are fair to all parties involved. ",Moreover,exemplification,feasibility_and_implementation,"For example, countries like Canada and the European Union have successfully implemented similar bans, proving that enforcement is feasible with proper public education and infrastructure support.",exemplification_feasibility_and_implementation,I should evaluate whether the proposal can actually be implemented and enforced effectively. ,For example,targeted,706,44,0.0205841526761562
468852,1.3869116160722228,,,synthesis_faithful,targeted,0,20260206_121005,0.9390819072723388,"Single-use plastics are a major pollutant, clogging landfills and harming wildlife, especially in oceans. Banning them would significantly reduce environmental damage and protect ecosystems for future generations. Countries like Canada and the UK have already implemented similar bans with measurable success, showing it’s both feasible and effective. While some may worry about convenience, the long-term benefits far outweigh temporary inconveniences. This shift encourages innovation in sustainable materials, leading to new industries and jobs. Ultimately, a total ban is a responsible step toward preserving the planet and ensuring healthier communities.",evidence_and_authority,feasibility_and_implementation,"Evidence shows that single-use plastics are a major source of pollution, contributing to landfill overflow and ocean contamination.",evidence_and_authority_feasibility_and_implementation,I should evaluate whether the proposal can actually be implemented and enforced effectively. ,Evidence shows that,sequence_and_transition,precedent_and_long_term_effects,"Next, I must consider that similar bans in other countries have successfully reduced plastic waste, proving that such policies can work in practice.",sequence_and_transition_precedent_and_long_term_effects,"I should evaluate historical precedents, long-term vs short-term tradeoffs, and obligations to future generations. ",Next,exemplification,justice_and_fairness,"For example, banning single-use plastics pushes producers to innovate with sustainable alternatives, which creates new green jobs and reduces long-term environmental harm.",exemplification_justice_and_fairness,"I should analyze whether outcomes, processes, and distributions are fair to all parties involved. ",For example,targeted,659,19,0.02030065984242062
27,0.0,,,synthesis_faithful,random,3,20260206_121538,1.1707191467285156,"Single-use plastics are a leading cause of environmental pollution, especially in oceans and rivers, where they break down into dangerous microplastics that harm animals and can eventually reach human food sources. While they offer temporary convenience, the long-term damage to ecosystems and public health is unacceptable. Governments have a responsibility to protect future generations, just as they have banned other harmful substances in the past, like leaded gasoline and asbestos. A total ban is a necessary step toward reducing plastic waste and encouraging innovation in sustainable materials. With proper planning, businesses and consumers can adapt to alternatives like paper, glass, or reusable containers. A ban would send a clear message that environmental protection is a priority, not a secondary concern.",emphasis_and_evaluation,risk_and_unintended_consequences,"Importantly, single-use plastics are a major source of pollution, particularly in oceans and waterways, where they break down into microplastics that harm wildlife and enter the food chain.",emphasis_and_evaluation_risk_and_unintended_consequences,"I should identify risks, unintended outcomes, cascading effects, and potential for escalation. ",Importantly,concession_and_contrast,precedent_and_long_term_effects,"However, the long-term environmental damage caused by these materials far outweighs the short-term convenience they offer to consumers and industries.",concession_and_contrast_precedent_and_long_term_effects,"I should evaluate historical precedents, long-term vs short-term tradeoffs, and obligations to future generations. ",However,addition_and_elaboration,precedent_and_long_term_effects,"Moreover, governments have successfully banned other harmful products—like leaded gasoline and asbestos—demonstrating that regulation can lead to safer, more sustainable alternatives.",addition_and_elaboration_precedent_and_long_term_effects,"I should evaluate historical precedents, long-term vs short-term tradeoffs, and obligations to future generations. ",Moreover,baseline,821,344,0.02008651546574315
4,0.0,,,synthesis_faithful,random,2,20260206_121538,1.4536008834838867,"The government should enforce a total ban on single-use plastics because it’s the most effective way to protect our environment and public health. As individuals, we often don’t have the tools, information, or power to make sustainable choices on our own, so it’s up to the government to lead with strong, fair rules. Just like past bans on dangerous materials such as leaded gasoline and asbestos, a ban on single-use plastics is a responsible and necessary step to prevent long-term harm to nature and people. Without government action, corporations will continue prioritizing profit over the planet, and we’ll keep polluting our oceans, soil, and air. A total ban sends a clear message that we value clean water, healthy wildlife, and a livable future. It’s not about restricting freedom—it’s about protecting our shared world. That’s what responsible leadership looks like.",concession_and_contrast,stakeholder_responsibility,"However, since individuals make up the majority and often lack the resources or information to make sustainable choices, it's the government's responsibility to lead by setting clear, enforceable standards that protect both the environment and public health.",concession_and_contrast_stakeholder_responsibility,"I should analyze who bears responsibility—whether government, individuals, corporations, or other institutions. ",However,causal_reasoning,ethical_principles,"Therefore, a government has a moral obligation to protect its citizens and the planet from long-term harm, especially when pollution from single-use plastics affects ecosystems, wildlife, and human health.",causal_reasoning_ethical_principles,"I should evaluate actions based on moral rules, character virtues, relationships, and ethical obligations. ",Therefore,exemplification,governance_and_accountability,"For example, laws banning harmful substances like lead in paint or asbestos in buildings have saved lives—similarly, a ban on single-use plastics is a necessary, proportionate step to prevent irreversible environmental damage.",exemplification_governance_and_accountability,"I should consider legal frameworks, accountability mechanisms, democratic principles, and proper authority. ",For example,baseline,877,378,0.020069216289038943
25,0.0,,,synthesis_faithful,random,4,20260206_121538,1.4080610275268557,"The government should enforce a total ban on single-use plastics because individuals alone can't solve a problem this big—only systemic change through laws can make a real difference. As the authority responsible for protecting public health and the environment, the government has both the duty and the power to act decisively. Banning these materials is a practical and necessary step to reduce pollution in our oceans, landfills, and ecosystems. We’ve seen success with past bans, like on leaded gasoline and smoking in public spaces, showing that government action drives meaningful change. This is about protecting not just nature, but also our own health and the well-being of future generations. A total ban is not extreme—it’s a responsible and overdue measure. When the government leads, communities can follow, and we all win in the end.",exemplification,stakeholder_responsibility,"For example, while individuals can make changes, they can’t single-handedly stop the massive plastic pollution we see in oceans and landfills. The government has the power and authority to implement systemic changes that individuals alone cannot achieve.",exemplification_stakeholder_responsibility,"I should analyze who bears responsibility—whether government, individuals, corporations, or other institutions. ",For example,causal_reasoning,governance_and_accountability,"Therefore, it’s logical that the government, as the entity responsible for public safety and environmental protection, should enforce a total ban on single-use plastics to ensure compliance and protect the environment for everyone.",causal_reasoning_governance_and_accountability,"I should consider legal frameworks, accountability mechanisms, democratic principles, and proper authority. ",Therefore,conclusion_and_summary,precedent_and_long_term_effects,"In conclusion, a government-enforced ban is not an overreach—it’s a necessary step to prevent irreversible environmental damage, protect public health, and ensure that future generations inherit a cleaner, safer planet.",conclusion_and_summary_precedent_and_long_term_effects,"I should evaluate historical precedents, long-term vs short-term tradeoffs, and obligations to future generations. ",In conclusion,baseline,847,359,0.01988253131268573
36,0.0,,,synthesis_faithful,random,2,20260206_121538,1.0712075233459473,"Single-use plastics pollute our oceans, harm wildlife, and break down into microplastics that enter our food chain and water. If we don’t act now, the damage will become irreversible and affect future generations. History shows we can successfully ban dangerous materials—like leaded gasoline and asbestos—so a ban on single-use plastics is both realistic and responsible. The government has a duty to protect public health and the environment, and a total ban is the most effective way to achieve that. While some may worry about convenience, alternatives like reusable bags and biodegradable packaging are already available and improving. We can’t keep delaying action just because it’s easier in the short term. The long-term benefits to our planet and health far outweigh any temporary inconvenience.",sequence_and_transition,risk_and_unintended_consequences,"Next, I need to assess the consequences of allowing single-use plastics to continue being used widely.",sequence_and_transition_risk_and_unintended_consequences,"I should identify risks, unintended outcomes, cascading effects, and potential for escalation. ",Next,causal_reasoning,precedent_and_long_term_effects,"Therefore, we must act now to prevent irreversible harm to the environment and human health.",causal_reasoning_precedent_and_long_term_effects,"I should evaluate historical precedents, long-term vs short-term tradeoffs, and obligations to future generations. ",Therefore,addition_and_elaboration,precedent_and_long_term_effects,"Moreover, past bans on harmful materials like lead in gasoline and asbestos show that banning dangerous substances is both possible and necessary.",addition_and_elaboration_precedent_and_long_term_effects,"I should evaluate historical precedents, long-term vs short-term tradeoffs, and obligations to future generations. ",Moreover,baseline,804,324,0.019872799508811677
453056,1.4549668290144913,,,synthesis_faithful,targeted,1,20260206_121005,1.095712661743164,"Single-use plastics are a major source of pollution, harming wildlife and damaging ecosystems, especially in oceans and rivers. They take hundreds of years to break down and are made from fossil fuels, which increases greenhouse gas emissions and contributes to climate change. Even though some may worry about inconvenience, real-world examples from places like Canada and the EU prove that bans can work, reduce waste, and encourage the use of safer, reusable alternatives. A total ban is a necessary step to protect public health and the environment for future generations. It’s time to prioritize long-term sustainability over short-term convenience. The government has a responsibility to act decisively for the planet and the people.",evidence_and_authority,risk_and_unintended_consequences,"Evidence shows that single-use plastics are a major contributor to environmental pollution, especially in oceans and waterways, where they harm wildlife and degrade ecosystems.",evidence_and_authority_risk_and_unintended_consequences,"I should identify risks, unintended outcomes, cascading effects, and potential for escalation. ",Evidence shows that,addition_and_elaboration,cost_benefit_and_impact_analysis,"Moreover, these materials take hundreds of years to decompose, and their production relies on fossil fuels, worsening climate change and resource depletion.",addition_and_elaboration_cost_benefit_and_impact_analysis,"I should quantify and compare costs, benefits, and real-world impacts across economic, social, and environmental dimensions. ",Moreover,exemplification,feasibility_and_implementation,"For example, countries like Canada and the EU have already enacted partial bans with positive results, showing that such policies are feasible and can be enforced at scale.",exemplification_feasibility_and_implementation,I should evaluate whether the proposal can actually be implemented and enforced effectively. ,For example,targeted,739,69,0.019314965725733216
463246,1.4721643377049594,,,synthesis_faithful,targeted,2,20260206_121005,0.9948081970214844,"Single-use plastics are a major source of pollution, harming wildlife and clogging landfills and oceans, so a government-enforced ban is a necessary step to protect the environment. While some may worry about inconvenience, the ban pushes innovation toward eco-friendly alternatives, leading to new jobs and long-term cost savings for communities. Many countries have already proven that such bans are practical and effective, showing that life can function well without plastic waste. The benefits to public health and ecosystems far outweigh temporary adjustments. A total ban is not just possible—it’s essential for a cleaner, safer future.",evidence_and_authority,feasibility_and_implementation,"Evidence shows that single-use plastics are a major contributor to environmental pollution, especially in oceans and landfills, and a total ban would drastically reduce this damage.",evidence_and_authority_feasibility_and_implementation,I should evaluate whether the proposal can actually be implemented and enforced effectively. ,Evidence shows that,addition_and_elaboration,justice_and_fairness,"Moreover, banning single-use plastics encourages innovation in sustainable alternatives, which can create green jobs and reduce long-term environmental costs.",addition_and_elaboration_justice_and_fairness,"I should analyze whether outcomes, processes, and distributions are fair to all parties involved. ",Moreover,evidence_and_authority,feasibility_and_implementation,Evidence shows that other countries with similar bans have successfully transitioned to reusable or biodegradable options without major disruptions to daily life.,evidence_and_authority_feasibility_and_implementation,I should evaluate whether the proposal can actually be implemented and enforced effectively. ,Evidence shows that,targeted,643,16,0.019145590475967877
464852,1.3808269370723456,,,synthesis_faithful,targeted,1,20260206_121005,1.0272574424743652,"Single-use plastics are a major source of pollution, harming wildlife, contaminating water sources, and contributing to climate change. A total ban would drastically reduce this damage and help protect ecosystems and human health. Countries like Rwanda and Morocco have already proven that such bans are possible and effective, even in nations with limited infrastructure. While some businesses might need time to adapt, the long-term benefits—cleaner cities, less waste, and healthier environments—far outweigh temporary disruptions. We have a responsibility to future generations to act now and prevent further harm. Therefore, the government should enforce a total ban on single-use plastics.",evidence_and_authority,feasibility_and_implementation,"Evidence shows that single-use plastics are a major source of pollution, especially in oceans and landfills, and a total ban would significantly reduce this environmental damage.",evidence_and_authority_feasibility_and_implementation,I should evaluate whether the proposal can actually be implemented and enforced effectively. ,Evidence shows that,evidence_and_authority,precedent_and_long_term_effects,"Evidence shows that places like Rwanda and Morocco have successfully implemented bans on plastic bags, proving that such policies are feasible even in developing nations.",evidence_and_authority_precedent_and_long_term_effects,"I should evaluate historical precedents, long-term vs short-term tradeoffs, and obligations to future generations. ",Evidence shows that,exemplification,justice_and_fairness,"For example, while some businesses may face short-term costs, the long-term health benefits and cleaner public spaces outweigh these concerns.",exemplification_justice_and_fairness,"I should analyze whether outcomes, processes, and distributions are fair to all parties involved. ",For example,targeted,695,36,0.01913807982371798
36,0.0,,,synthesis_faithful,random,1,20260206_121538,1.1666386127471924,"Single-use plastics are a major source of pollution that harm wildlife, degrade slowly, and enter our food and water systems. A total ban is essential to prevent further environmental damage and protect public health. History shows that banning dangerous substances, like leaded gasoline or asbestos, led to innovation and safer alternatives without economic collapse. Today’s technology offers realistic replacements such as biodegradable packaging and reusable containers. Waiting for voluntary changes has failed—only strong government action will drive meaningful change. We owe it to future generations to act decisively now. A total ban is not only feasible but necessary for a sustainable future.",sequence_and_transition,risk_and_unintended_consequences,"Next-generation plastics not only are harmful to the environment but also contribute to larger waste problems due to their long degradation times, which means they persist in ecosystems for centuries, harming wildlife and contaminating food chains.",sequence_and_transition_risk_and_unintended_consequences,"I should identify risks, unintended outcomes, cascading effects, and potential for escalation. ",Next,causal_reasoning,precedent_and_long_term_effects,"Therefore, a total ban on single-use plastics is a necessary and urgent step to protect ecosystems and human health, especially since alternatives like bioplastics and reusable materials are increasingly viable and cost-effective.",causal_reasoning_precedent_and_long_term_effects,"I should evaluate historical precedents, long-term vs short-term tradeoffs, and obligations to future generations. ",Therefore,addition_and_elaboration,precedent_and_long_term_effects,"Moreover, past bans on harmful materials like lead in gasoline and asbestos in construction show that regulation can drive innovation and public health improvements without crippling economies.",addition_and_elaboration_precedent_and_long_term_effects,"I should evaluate historical precedents, long-term vs short-term tradeoffs, and obligations to future generations. ",Moreover,baseline,703,245,0.018584791504051935
465856,1.5503684124529828,,,synthesis_faithful,targeted,1,20260206_121005,1.123570680618286,"The government should enforce a total ban on single-use plastics because they cause severe environmental damage, polluting oceans and filling up landfills for centuries. Countries like Rwanda and Kenya have already shown that such bans are practical and effective, with Rwanda seeing a massive improvement in cleanliness and waste management after eliminating plastic bags. These examples prove that a ban is not only possible but also beneficial for public health and the environment. While some may worry about inconvenience, the long-term benefits—cleaner cities, healthier ecosystems, and protection for wildlife—far outweigh temporary adjustments. We have a responsibility to future generations to stop poisoning our planet with disposable waste. A total ban is a bold but necessary step toward a sustainable future.",evidence_and_authority,feasibility_and_implementation,"Evidence shows that single-use plastics are a major source of pollution, especially in oceans and landfills, and a total ban would significantly reduce this environmental harm.",evidence_and_authority_feasibility_and_implementation,I should evaluate whether the proposal can actually be implemented and enforced effectively. ,Evidence shows that,exemplification,precedent_and_long_term_effects,"For example, countries like Rwanda and Kenya have successfully banned single-use plastics and seen dramatic decreases in plastic waste, proving such bans are both feasible and effective.",exemplification_precedent_and_long_term_effects,"I should evaluate historical precedents, long-term vs short-term tradeoffs, and obligations to future generations. ",For example,exemplification,feasibility_and_implementation,"For example, Rwanda’s nationwide ban on plastic bags led to cleaner cities and a thriving business in reusable alternatives.",exemplification_feasibility_and_implementation,I should evaluate whether the proposal can actually be implemented and enforced effectively. ,For example,targeted,821,141,0.018544985476076824
423056,1.420625469336111,,,synthesis_faithful,targeted,1,20260206_121005,1.07391357421875,"Single-use plastics are a major source of pollution that harms wildlife, clogs waterways, and lingers in the environment for centuries. A total ban would significantly reduce this damage and protect natural ecosystems for future generations. Fortunately, affordable and accessible alternatives like reusable bags, glass containers, and compostable materials are already available in most communities. Countries like Kenya and Rwanda have already proven that such bans are feasible and effective, leading to cleaner cities and healthier environments. This kind of action is not only necessary but also practical for the average person who wants to live in a cleaner, safer world. Therefore, the government should enforce a total ban on single-use plastics to protect both people and the planet.",evidence_and_authority,justice_and_fairness,"Evidence shows that banning single-use plastics reduces environmental pollution and protects ecosystems, especially marine life, which is essential for long-term sustainability.",evidence_and_authority_justice_and_fairness,"I should analyze whether outcomes, processes, and distributions are fair to all parties involved. ",Evidence shows that,addition_and_elaboration,cost_benefit_and_impact_analysis,"Moreover, alternatives like reusable bags and biodegradable packaging are now widely available and affordable, making the transition practical for everyday consumers.",addition_and_elaboration_cost_benefit_and_impact_analysis,"I should quantify and compare costs, benefits, and real-world impacts across economic, social, and environmental dimensions. ",Moreover,exemplification,feasibility_and_implementation,"For example, countries like Kenya and Rwanda have successfully implemented strict bans and seen dramatic improvements in cleanliness and waste management.",exemplification_feasibility_and_implementation,I should evaluate whether the proposal can actually be implemented and enforced effectively. ,For example,targeted,793,106,0.018407068198032086
25,0.0,,,synthesis_faithful,random,0,20260206_121538,1.222142457962036,"The government should enforce a total ban on single-use plastics because individuals alone cannot stop large-scale plastic production and pollution. While people can make better choices, real change requires systemic action, and only the government has the power to implement and enforce such policies nationwide. This is especially important when companies continue prioritizing profit over environmental harm. A ban would push innovation toward sustainable alternatives and reduce pollution in oceans, landfills, and wildlife habitats. The government represents the public interest and has a responsibility to protect both current and future generations. Without strong regulations, progress remains slow and inconsistent. Therefore, a government-enforced ban is not just effective—it’s essential for long-term environmental health.",exemplification,stakeholder_responsibility,"For example, while individuals can reduce plastic use, they lack the power to stop large-scale production and distribution. The government has the authority and resources to implement widespread change.",exemplification_stakeholder_responsibility,"I should analyze who bears responsibility—whether government, individuals, corporations, or other institutions. ",For example,causal_reasoning,governance_and_accountability,"Therefore, it's logical for the government—representing the public’s interest—to act as the primary enforcer of environmental protection laws, especially when private actors fail to act responsibly.",causal_reasoning_governance_and_accountability,"I should consider legal frameworks, accountability mechanisms, democratic principles, and proper authority. ",Therefore,conclusion_and_summary,precedent_and_long_term_effects,"In conclusion, a total ban on single-use plastics is a necessary step to protect the planet for future generations, and only the government has the authority to make such a sweeping change enforceable across society.",conclusion_and_summary_precedent_and_long_term_effects,"I should evaluate historical precedents, long-term vs short-term tradeoffs, and obligations to future generations. ",In conclusion,baseline,834,351,0.017485386315994004
493256,1.3711726293106918,,,synthesis_faithful,targeted,2,20260206_121005,1.1352276802062988,"Single-use plastics cause widespread environmental harm, polluting oceans, harming wildlife, and contributing to long-term waste issues. If the government does not act, individuals and communities will continue to suffer the consequences, even though they’re not the main producers of this waste. A total ban would compel businesses to develop sustainable alternatives, reducing plastic pollution at the source. Countries like Rwanda and Kenya have already proven that such bans can be enforced effectively, with strong public support and noticeable environmental improvements. The government has a duty to protect the environment and public health, and a ban is a necessary, practical step toward that goal. Without decisive government action, we will keep polluting our planet for future generations.",evidence_and_authority,stakeholder_responsibility,"Evidence shows that single-use plastics are a major source of pollution, especially in oceans and landfills, and the government has a responsibility to protect public health and the environment.",evidence_and_authority_stakeholder_responsibility,"I should analyze who bears responsibility—whether government, individuals, corporations, or other institutions. ",Evidence shows that,addition_and_elaboration,justice_and_fairness,"Moreover, a government-enforced ban would shift the burden from individuals to industries, pushing companies to innovate greener alternatives and reduce their environmental impact.",addition_and_elaboration_justice_and_fairness,"I should analyze whether outcomes, processes, and distributions are fair to all parties involved. ",Moreover,exemplification,feasibility_and_implementation,"For example, countries like Rwanda and Kenya have successfully implemented strict plastic bans, showing that enforcement is possible with clear legislation and public education.",exemplification_feasibility_and_implementation,I should evaluate whether the proposal can actually be implemented and enforced effectively. ,For example,targeted,802,119,0.017393342551521678
473256,1.3711726293106918,,,synthesis_faithful,targeted,1,20260206_121005,1.040311336517334,"Single-use plastics are a major source of pollution that harms ecosystems and wildlife, and a total government ban would drastically reduce this damage. It would also encourage businesses to develop eco-friendly alternatives, leading to long-term environmental and economic benefits. Real-world examples from places like Canada and the European Union show that such bans are not only possible but effective in practice. While some may worry about inconvenience, the shift would be manageable and necessary for protecting the planet. Given the scale of environmental harm caused by single-use plastics, taking decisive action is both responsible and urgent. A total ban is a clear, necessary step toward a healthier, more sustainable future.",evidence_and_authority,incentives_and_power_dynamics,"Evidence shows that single-use plastics contribute heavily to environmental pollution, especially in oceans and landfills, and a total ban would significantly reduce this harm.",evidence_and_authority_incentives_and_power_dynamics,"I should examine what behaviors are encouraged, who holds power, and how interests align or conflict. ",Evidence shows that,addition_and_elaboration,justice_and_fairness,"Moreover, a ban would push industries to innovate and adopt sustainable alternatives, benefiting long-term environmental and public health.",addition_and_elaboration_justice_and_fairness,"I should analyze whether outcomes, processes, and distributions are fair to all parties involved. ",Moreover,exemplification,feasibility_and_implementation,"For example, countries like Canada and the EU have already implemented partial bans with measurable success, proving that a total ban is feasible and scalable.",exemplification_feasibility_and_implementation,I should evaluate whether the proposal can actually be implemented and enforced effectively. ,For example,targeted,740,70,0.01614038509929075
465832,1.459909962045023,,,synthesis_faithful,targeted,2,20260206_121005,1.0086426734924316,"Single-use plastics are a major contributor to environmental pollution, clogging oceans and lasting for centuries in landfills. A government-enforced ban would significantly reduce this damage and protect ecosystems for future generations. Countries like Rwanda and Canada have already demonstrated that such bans are feasible and effective, leading to cleaner communities and reduced waste. Instead of causing hardship, a ban pushes innovation toward sustainable alternatives, creating new jobs and greener businesses. As a regular person, I believe we have a responsibility to act now to prevent long-term harm. A total ban is a necessary step toward a cleaner, healthier planet.",evidence_and_authority,feasibility_and_implementation,"Evidence shows that single-use plastics are a major source of pollution, especially in oceans and landfills, and a ban would significantly reduce this environmental harm.",evidence_and_authority_feasibility_and_implementation,I should evaluate whether the proposal can actually be implemented and enforced effectively. ,Evidence shows that,exemplification,precedent_and_long_term_effects,"For example, countries like Rwanda and Canada have successfully implemented plastic bans, proving that governments can enforce such policies and see positive environmental outcomes.",exemplification_precedent_and_long_term_effects,"I should evaluate historical precedents, long-term vs short-term tradeoffs, and obligations to future generations. ",For example,addition_and_elaboration,justice_and_fairness,"Moreover, banning single-use plastics encourages innovation in eco-friendly alternatives, which can create new jobs and industries without sacrificing convenience.",addition_and_elaboration_justice_and_fairness,"I should analyze whether outcomes, processes, and distributions are fair to all parties involved. ",Moreover,targeted,681,30,0.015484414363526126
483056,1.3746983650092697,,,synthesis_faithful,targeted,0,20260206_121005,1.289968729019165,"The government should enforce a total ban on single-use plastics because it’s essential for protecting our environment and future generations. These plastics pollute oceans, harm wildlife, and take hundreds of years to break down, and a ban would drastically reduce this damage. Though some businesses may need time to adapt, real-world examples like Rwanda and Kenya show that such bans are not only possible but also lead to cleaner cities and healthier ecosystems. The long-term benefits—cleaner water, less waste, and lower public health risks—far outweigh temporary economic inconvenience. As a regular person, I care about leaving a safer, greener world for my children, and a ban is a clear, necessary step toward that goal. We’ve seen progress with reusable alternatives, so there’s no excuse to keep using harmful, disposable plastics. It’s time to act decisively for the planet we all share.",evidence_and_authority,precedent_and_long_term_effects,"Evidence shows that banning single-use plastics reduces environmental pollution and protects ecosystems, especially marine life, which is crucial for long-term planetary health.",evidence_and_authority_precedent_and_long_term_effects,"I should evaluate historical precedents, long-term vs short-term tradeoffs, and obligations to future generations. ",Evidence shows that,addition_and_elaboration,cost_benefit_and_impact_analysis,"Moreover, while some industries may face short-term challenges, the long-term savings in cleanup costs and reduced healthcare burdens from plastic pollution outweigh these initial disruptions.",addition_and_elaboration_cost_benefit_and_impact_analysis,"I should quantify and compare costs, benefits, and real-world impacts across economic, social, and environmental dimensions. ",Moreover,exemplification,feasibility_and_implementation,"For example, countries like Rwanda and Kenya have successfully banned single-use plastics and seen significant environmental improvements, proving such bans are feasible and effective.",exemplification_feasibility_and_implementation,I should evaluate whether the proposal can actually be implemented and enforced effectively. ,For example,targeted,901,184,0.015265858331906893
453244,1.373506311832836,,,synthesis_faithful,targeted,2,20260206_121005,1.1160531044006348,"Plastic pollution is causing serious harm to marine life and ecosystems, with millions of tons entering oceans each year—threatening food chains and human health. Fortunately, we don’t need single-use plastics to live comfortably; reusable options like cloth bags and metal straws are readily available and better for the planet. Many countries have already implemented bans and seen positive results, showing that such policies are practical and effective. A government-enforced ban would push businesses and individuals to adopt sustainable habits, reducing waste at the source. This kind of action is necessary to protect the environment for future generations. The benefits far outweigh the minor inconvenience of changing habits.",evidence_and_authority,risk_and_unintended_consequences,"Evidence shows that plastic pollution is harming marine life and ecosystems, with over 8 million tons of plastic entering oceans annually. This environmental damage impacts food chains and ultimately human health.",evidence_and_authority_risk_and_unintended_consequences,"I should identify risks, unintended outcomes, cascading effects, and potential for escalation. ",Evidence shows that,addition_and_elaboration,justice_and_fairness,"Moreover, single-use plastics are not necessary for everyday life—reusable alternatives like cloth bags, metal straws, and glass containers are widely available and more sustainable.",addition_and_elaboration_justice_and_fairness,"I should analyze whether outcomes, processes, and distributions are fair to all parties involved. ",Moreover,evidence_and_authority,governance_and_accountability,"Evidence shows that many countries with bans have successfully reduced plastic waste and encouraged innovation in green alternatives, proving such policies are both feasible and effective.",evidence_and_authority_governance_and_accountability,"I should consider legal frameworks, accountability mechanisms, democratic principles, and proper authority. ",Evidence shows that,targeted,734,66,0.014630240678106548
465826,1.4418579048064537,,,synthesis_faithful,targeted,1,20260206_121005,1.266862154006958,"Single-use plastics are a leading cause of environmental pollution, clogging waterways and harming wildlife, and a total government ban is necessary to protect nature and public health. While some may worry about inconvenience, real-world examples from places like Canada and the EU show that bans can be successfully implemented and lead to measurable improvements in cleanliness and sustainability. Though enforcement requires effort, the long-term benefits—such as cleaner oceans, reduced fossil fuel use, and less toxic waste—justify the policy. As a regular person who cares about the planet we leave for future generations, I believe we have a responsibility to act now. A ban isn’t extreme—it’s a practical step toward lasting change. We can’t afford to wait for perfect solutions when the damage is already happening. It’s time to choose a cleaner, safer future over convenience.",evidence_and_authority,feasibility_and_implementation,"Evidence shows that single-use plastics are a major source of pollution, especially in oceans and landfills, and a total ban would significantly reduce this environmental damage.",evidence_and_authority_feasibility_and_implementation,I should evaluate whether the proposal can actually be implemented and enforced effectively. ,Evidence shows that,exemplification,precedent_and_long_term_effects,"For example, countries like Canada and the EU have already implemented partial bans with positive results, proving that such policies are not only possible but also effective in lowering plastic waste.",exemplification_precedent_and_long_term_effects,"I should evaluate historical precedents, long-term vs short-term tradeoffs, and obligations to future generations. ",For example,concession_and_contrast,feasibility_and_implementation,"However, even with enforcement challenges, the long-term benefits to ecosystems, wildlife, and human health far outweigh the short-term inconvenience of changing habits.",concession_and_contrast_feasibility_and_implementation,I should evaluate whether the proposal can actually be implemented and enforced effectively. ,However,targeted,887,181,0.0144086058583592
463844,1.449528471438994,,,synthesis_faithful,targeted,4,20260206_121005,0.9952881336212158,"Single-use plastics are a major cause of pollution, harming wildlife, clogging waterways, and contributing to climate change. A total government ban would drastically reduce this damage and protect ecosystems for future generations. Countries like Rwanda and Canada have already shown that such bans are practical and effective, with strong public support and limited economic disruption. Since governments are responsible for safeguarding public and environmental health, they have both the authority and duty to enforce such bans. Without decisive action, we risk irreversible harm to our planet. A total ban is not only necessary but achievable with proper planning and public cooperation.",evidence_and_authority,feasibility_and_implementation,"Evidence shows that single-use plastics are a major source of environmental pollution, particularly in oceans and landfills, and a total ban would significantly reduce this harm.",evidence_and_authority_feasibility_and_implementation,I should evaluate whether the proposal can actually be implemented and enforced effectively. ,Evidence shows that,addition_and_elaboration,precedent_and_long_term_effects,"Moreover, countries like Rwanda and Canada have successfully implemented plastic bans with minimal disruption, proving such policies are feasible and beneficial in the long run.",addition_and_elaboration_precedent_and_long_term_effects,"I should evaluate historical precedents, long-term vs short-term tradeoffs, and obligations to future generations. ",Moreover,evidence_and_authority,governance_and_accountability,Evidence shows that governments have the legal power and responsibility to regulate harmful products for public and environmental health.,evidence_and_authority_governance_and_accountability,"I should consider legal frameworks, accountability mechanisms, democratic principles, and proper authority. ",Evidence shows that,targeted,692,34,0.014378078150271298
27,0.0,,,synthesis_faithful,random,4,20260206_121538,1.1460025310516355,"Single-use plastics are a major source of environmental pollution, especially in oceans and waterways, where they break down into microplastics that harm wildlife and enter the food chain. A total ban is necessary because it sends a strong signal to industries and consumers to shift toward sustainable alternatives, which are now both viable and affordable. Moreover, many communities and businesses have already adapted to plastic bans, proving that such policies are feasible without major disruption. The long-term health of our planet and future generations depends on decisive action now. Delaying or weakening regulations only prolongs the damage. Therefore, a government-enforced total ban on single-use plastics is not only justified but urgently needed.",emphasis_and_evaluation,risk_and_unintended_consequences,"Importantly, single-use plastics are a major source of environmental pollution, especially in oceans and waterways, where they break down into microplastics that harm wildlife and enter the food chain.",emphasis_and_evaluation_risk_and_unintended_consequences,"I should identify risks, unintended outcomes, cascading effects, and potential for escalation. ",Importantly,concession_and_contrast,precedent_and_long_term_effects,"However, a total ban is necessary because it sends a strong signal to industries and consumers to shift toward sustainable alternatives, which are now both viable and affordable.",concession_and_contrast_precedent_and_long_term_effects,"I should evaluate historical precedents, long-term vs short-term tradeoffs, and obligations to future generations. ",However,addition_and_elaboration,precedent_and_long_term_effects,"Moreover, many communities and businesses have already adapted to plastic bans, proving that such policies are feasible without major disruption.",addition_and_elaboration_precedent_and_long_term_effects,"I should evaluate historical precedents, long-term vs short-term tradeoffs, and obligations to future generations. ",Moreover,baseline,763,286,0.014101913861249583
25,0.0,,,synthesis_faithful,random,3,20260206_121538,1.0412673950195312,"The government should enforce a total ban on single-use plastics because individual efforts alone are not enough to address the scale of plastic pollution. While people can choose reusable alternatives, without legal limits, companies continue producing and selling harmful plastics, and many communities lack access to sustainable options. Only the government has the power to create uniform, enforceable rules that apply nationwide, ensuring fairness and effectiveness. Such a ban would drive innovation in eco-friendly materials and reduce the burden on landfills and oceans. Ultimately, protecting the planet and public health requires strong, centralized action that only government can provide. A total ban is not just possible—it’s necessary for lasting environmental change.",exemplification,stakeholder_responsibility,"For example, while individuals can reduce their plastic use, systemic change requires government action to regulate and enforce widespread reductions.",exemplification_stakeholder_responsibility,"I should analyze who bears responsibility—whether government, individuals, corporations, or other institutions. ",For example,causal_reasoning,governance_and_accountability,"Therefore, only the government has the authority and reach to implement a comprehensive ban that ensures consistent enforcement across all regions and sectors.",causal_reasoning_governance_and_accountability,"I should consider legal frameworks, accountability mechanisms, democratic principles, and proper authority. ",Therefore,conclusion_and_summary,precedent_and_long_term_effects,"In conclusion, a government-enforced ban on single-use plastics is the most effective and responsible approach to protect the environment for future generations.",conclusion_and_summary_precedent_and_long_term_effects,"I should evaluate historical precedents, long-term vs short-term tradeoffs, and obligations to future generations. ",In conclusion,baseline,782,296,0.01402893349351385
9,0.0,,,synthesis_faithful,random,4,20260206_121538,1.1829237937927246,"The government should enforce a total ban on single-use plastics because it would drastically reduce pollution in our oceans and landfills, protecting wildlife and natural ecosystems from long-term damage. This is a responsible use of government authority to safeguard public health and the environment, which are core duties of any functioning state. While some may worry about inconvenience, the real cost of inaction—polluted rivers, dying marine life, and contaminated food chains—is far greater. The responsibility to prevent environmental harm shouldn't fall on individual citizens alone; the government must lead with strong, enforceable policies. A ban would also encourage innovation in sustainable alternatives, creating green jobs and reducing long-term waste management costs. Ultimately, protecting our planet and future generations justifies decisive action now.",conditional,cost_benefit_and_impact_analysis,"If the government bans single-use plastics, it would significantly reduce pollution in oceans and landfills, which is already harming wildlife and ecosystems.",conditional_cost_benefit_and_impact_analysis,"I should quantify and compare costs, benefits, and real-world impacts across economic, social, and environmental dimensions. ",If,sequence_and_transition,governance_and_accountability,"Next, such a ban would be a responsible use of government power to protect public health and the environment, which are fundamental responsibilities of any state.",sequence_and_transition_governance_and_accountability,"I should consider legal frameworks, accountability mechanisms, democratic principles, and proper authority. ",Next,emphasis_and_evaluation,stakeholder_responsibility,"Importantly, the burden of cleaning up plastic waste should not fall solely on individuals or future generations; the government must act to prevent harm at scale.",emphasis_and_evaluation_stakeholder_responsibility,"I should analyze who bears responsibility—whether government, individuals, corporations, or other institutions. ",Importantly,baseline,876,376,0.013481931064243875
468856,1.464114794916848,,,synthesis_faithful,targeted,2,20260206_121005,0.998337745666504,"Single-use plastics are a major source of pollution that harms wildlife and damages ecosystems. A government ban would force manufacturers to develop eco-friendly alternatives, leading to long-term environmental benefits. Real-world examples like Rwanda and Kenya show that such bans are not only possible but also highly effective in reducing plastic waste. While there may be short-term challenges, the long-term health of our planet and future generations depends on taking strong action now. The cost of inaction far outweighs the effort required to implement a ban. Therefore, a total ban on single-use plastics is both necessary and achievable.",evidence_and_authority,feasibility_and_implementation,"Evidence shows that plastic pollution is causing long-term damage to ecosystems and wildlife, with many animals dying from ingesting or becoming entangled in plastic waste.",evidence_and_authority_feasibility_and_implementation,I should evaluate whether the proposal can actually be implemented and enforced effectively. ,Evidence shows that,sequence_and_transition,precedent_and_long_term_effects,"Next, we must consider that banning single-use plastics would reduce pollution significantly and encourage companies to innovate more sustainable alternatives.",sequence_and_transition_precedent_and_long_term_effects,"I should evaluate historical precedents, long-term vs short-term tradeoffs, and obligations to future generations. ",Next,exemplification,feasibility_and_implementation,"For example, countries like Rwanda and Kenya have already successfully implemented strict bans, proving that such policies are feasible and effective in reducing plastic waste.",exemplification_feasibility_and_implementation,I should evaluate whether the proposal can actually be implemented and enforced effectively. ,For example,targeted,650,17,0.01322159851025688
464846,1.4463556081506648,,,synthesis_faithful,targeted,3,20260206_121005,1.0677785873413086,"The government should enforce a total ban on single-use plastics because it’s a necessary step to protect the environment and public health. Plastic pollution harms marine life, contaminates ecosystems, and can enter the human food chain, making a ban essential for long-term sustainability. Countries like Canada and the EU have already successfully implemented similar bans, showing that such policies are practical and effective. With proper enforcement, public awareness campaigns, and support for eco-friendly alternatives, a nationwide ban is both achievable and responsible. As an average person, I care about clean communities and a healthy planet for future generations, and this ban is a clear, impactful way to take action. It’s time to stop treating plastic waste as an inevitable byproduct and start holding industries accountable.",evidence_and_authority,feasibility_and_implementation,"Evidence shows that banning single-use plastics reduces pollution and protects ecosystems, which is essential for long-term environmental health.",evidence_and_authority_feasibility_and_implementation,I should evaluate whether the proposal can actually be implemented and enforced effectively. ,Evidence shows that,evidence_and_authority,precedent_and_long_term_effects,"Evidence shows that bans on single-use plastics have successfully reduced plastic waste in countries like Canada and the EU, proving such policies are feasible.",evidence_and_authority_precedent_and_long_term_effects,"I should evaluate historical precedents, long-term vs short-term tradeoffs, and obligations to future generations. ",Evidence shows that,evidence_and_authority,feasibility_and_implementation,"Evidence shows that enforcement is possible through clear regulations, public education, and incentives for sustainable alternatives.",evidence_and_authority_feasibility_and_implementation,I should evaluate whether the proposal can actually be implemented and enforced effectively. ,Evidence shows that,targeted,844,154,0.012528904115033657
463226,1.3759924927282563,,,synthesis_faithful,targeted,0,20260206_121005,1.0503852367401123,"Single-use plastics are a major contributor to environmental pollution, particularly in oceans and rivers, and a total government ban would drastically reduce this harm. By eliminating these materials, we encourage innovation in sustainable packaging, leading to greener alternatives that are safer for ecosystems and human health. While some may worry about inconvenience, a phased approach with public education and support for businesses can ensure a smooth transition. Ultimately, the long-term environmental and public health benefits far outweigh the short-term challenges. This ban is not just necessary—it's a responsible step toward protecting our planet for future generations.",evidence_and_authority,feasibility_and_implementation,"Evidence shows that single-use plastics are a major source of pollution, especially in oceans and waterways, and a total ban would significantly reduce this environmental damage.",evidence_and_authority_feasibility_and_implementation,I should evaluate whether the proposal can actually be implemented and enforced effectively. ,Evidence shows that,addition_and_elaboration,justice_and_fairness,"Moreover, a ban would push industries to innovate and adopt sustainable alternatives, such as biodegradable packaging, which can benefit both consumers and the environment in the long term.",addition_and_elaboration_justice_and_fairness,"I should analyze whether outcomes, processes, and distributions are fair to all parties involved. ",Moreover,concession_and_contrast,feasibility_and_implementation,"However, enforcement is feasible through clear regulations, public education, and support for businesses transitioning to alternatives, especially with government incentives and phased implementation.",concession_and_contrast_feasibility_and_implementation,I should evaluate whether the proposal can actually be implemented and enforced effectively. ,However,targeted,687,33,0.01189015256005678
423056,1.420625469336111,,,synthesis_faithful,targeted,4,20260206_121005,0.859745979309082,"Single-use plastics cause lasting environmental damage and disproportionately affect vulnerable communities through pollution and health risks. Banning them reduces long-term cleanup costs and protects ecosystems and wildlife, benefiting society as a whole. Real-world examples from countries like Canada and the EU show that such bans are feasible and effective when supported by public awareness and clear policies. A total ban is a necessary step to protect both people and the planet for future generations.",evidence_and_authority,justice_and_fairness,"Evidence shows that single-use plastics disproportionately harm the environment and public health, especially in low-income communities that often bear the brunt of pollution.",evidence_and_authority_justice_and_fairness,"I should analyze whether outcomes, processes, and distributions are fair to all parties involved. ",Evidence shows that,addition_and_elaboration,cost_benefit_and_impact_analysis,"Moreover, banning single-use plastics reduces long-term environmental cleanup costs and prevents harm to wildlife, which benefits everyone in the long run.",addition_and_elaboration_cost_benefit_and_impact_analysis,"I should quantify and compare costs, benefits, and real-world impacts across economic, social, and environmental dimensions. ",Moreover,exemplification,feasibility_and_implementation,"For example, countries like Canada and the EU have successfully phased out certain single-use plastics through clear regulations and public education, proving such bans are practical.",exemplification_feasibility_and_implementation,I should evaluate whether the proposal can actually be implemented and enforced effectively. ,For example,targeted,511,2,0.011660867480084627
463056,1.5280562254527794,,,synthesis_faithful,targeted,3,20260206_121005,1.0882198810577393,"The government should enforce a total ban on single-use plastics because it’s a necessary step to protect our environment and public health. Evidence from countries like Rwanda and Canada shows that such bans are not only feasible but also lead to cleaner communities and reduced pollution. While some may worry about inconvenience, the long-term benefits—like healthier ecosystems, less plastic in oceans, and lower waste management costs—make the transition worthwhile. Most people, including average citizens, can easily adapt by using reusable alternatives like bags, bottles, and containers. The environmental damage caused by single-use plastics is irreversible without strong government action. Therefore, a total ban is both practical and essential for a sustainable future.",evidence_and_authority,feasibility_and_implementation,"Evidence shows that governments have successfully implemented bans on single-use plastics in multiple countries, proving that such enforcement is not only possible but already underway.",evidence_and_authority_feasibility_and_implementation,I should evaluate whether the proposal can actually be implemented and enforced effectively. ,Evidence shows that,addition_and_elaboration,cost_benefit_and_impact_analysis,"Moreover, despite short-term inconvenience, the long-term benefits—like cleaner oceans, reduced pollution, and lower waste management costs—far outweigh the initial adjustments.",addition_and_elaboration_cost_benefit_and_impact_analysis,"I should quantify and compare costs, benefits, and real-world impacts across economic, social, and environmental dimensions. ",Moreover,exemplification,feasibility_and_implementation,"For example, countries like Rwanda and Canada have implemented nationwide bans with strong public support and measurable improvements in environmental health.",exemplification_feasibility_and_implementation,I should evaluate whether the proposal can actually be implemented and enforced effectively. ,For example,targeted,782,94,0.01164478449028702
5,0.0,,,synthesis_faithful,random,1,20260206_121538,1.104508876800537,"Single-use plastics are a major source of pollution that harms ecosystems and wildlife, and they persist in the environment for centuries, making their continued use unsustainable. Governments have a duty to protect public health and the natural world, and a total ban is a necessary and responsible action to address this growing crisis. Rather than being abrupt or unfair, such a ban can be rolled out gradually, giving industries and individuals time to switch to reusable or biodegradable alternatives. This approach balances environmental protection with practical concerns, ensuring the transition is manageable for everyone. Ultimately, banning single-use plastics is not an extreme measure—it's a crucial step toward a cleaner, healthier planet.",concession_and_contrast,risk_and_unintended_consequences,"However, such a ban is necessary because single-use plastics pollute our oceans, harm wildlife, and take hundreds of years to decompose, causing long-term environmental damage.",concession_and_contrast_risk_and_unintended_consequences,"I should identify risks, unintended outcomes, cascading effects, and potential for escalation. ",However,sequence_and_transition,governance_and_accountability,"Next, governments have a responsibility to protect public health and the environment, and enforcing a ban is a legitimate use of regulatory power to prevent widespread harm.",sequence_and_transition_governance_and_accountability,"I should consider legal frameworks, accountability mechanisms, democratic principles, and proper authority. ",Next,emphasis_and_evaluation,governance_and_accountability,"Importantly, a total ban can be implemented in phases, allowing businesses and consumers time to adapt, ensuring fairness and effectiveness.",emphasis_and_evaluation_governance_and_accountability,"I should consider legal frameworks, accountability mechanisms, democratic principles, and proper authority. ",Importantly,baseline,753,280,0.010423545458810074
463852,1.4933226899583765,,,synthesis_faithful,targeted,1,20260206_121005,0.9725296497344972,"Single-use plastics are a major source of environmental pollution, harming wildlife and contaminating ecosystems. A government-enforced ban is necessary to prevent long-term damage to the planet and protect future generations. Countries like Kenya and Canada have already proven that such bans are feasible and effective in drastically reducing plastic waste. While some may worry about inconvenience, reusable alternatives are increasingly accessible and affordable for the average person. The environmental and public health benefits far outweigh minor short-term disruptions. It’s our responsibility to act now to preserve clean air, water, and land for everyone.",evidence_and_authority,feasibility_and_implementation,"Evidence shows that governments can successfully implement bans on single-use plastics, as seen in countries like Kenya and Canada, where the laws have significantly reduced plastic pollution.",evidence_and_authority_feasibility_and_implementation,I should evaluate whether the proposal can actually be implemented and enforced effectively. ,Evidence shows that,addition_and_elaboration,precedent_and_long_term_effects,"Moreover, banning single-use plastics protects the environment for future generations, reduces harm to wildlife, and prevents plastic from entering oceans and food chains.",addition_and_elaboration_precedent_and_long_term_effects,"I should evaluate historical precedents, long-term vs short-term tradeoffs, and obligations to future generations. ",Moreover,exemplification,justice_and_fairness,"For example, many reusable alternatives are already widely available and affordable, so the transition won’t disproportionately burden everyday consumers.",exemplification_justice_and_fairness,"I should analyze whether outcomes, processes, and distributions are fair to all parties involved. ",For example,targeted,666,22,0.010145555142730241
463856,1.5705258688030022,,,synthesis_faithful,targeted,2,20260206_121005,1.1338205337524414,"The government should enforce a total ban on single-use plastics because it’s a practical and effective way to protect the environment. Countries like Rwanda and Canada have already proven that such bans can drastically reduce plastic waste and improve public spaces. By eliminating single-use plastics, we can prevent pollution in oceans and rivers, protect wildlife, and reduce the health risks associated with plastic contamination. These policies are not just idealistic—they’ve worked in real-world settings and can be replicated elsewhere. Given the long-term dangers of plastic pollution, it’s our responsibility to act now for the sake of future generations. A total ban is not just possible, it’s necessary.",evidence_and_authority,feasibility_and_implementation,"Evidence shows that governments have already successfully implemented bans on single-use plastics in several countries, proving such enforcement is feasible and can lead to measurable environmental improvements.",evidence_and_authority_feasibility_and_implementation,I should evaluate whether the proposal can actually be implemented and enforced effectively. ,Evidence shows that,addition_and_elaboration,precedent_and_long_term_effects,"Moreover, countries like Rwanda and Canada have seen significant reductions in plastic waste after enacting bans, showing that these policies can work in practice and protect ecosystems for future generations.",addition_and_elaboration_precedent_and_long_term_effects,"I should evaluate historical precedents, long-term vs short-term tradeoffs, and obligations to future generations. ",Moreover,exemplification,feasibility_and_implementation,"For example, Rwanda's nationwide ban on plastic bags has led to cleaner cities and reduced pollution, demonstrating that enforcement is not only possible but also beneficial to public health and urban cleanliness.",exemplification_feasibility_and_implementation,I should evaluate whether the proposal can actually be implemented and enforced effectively. ,For example,targeted,716,51,0.010071467676555224
5,0.0,,,synthesis_faithful,random,0,20260206_121538,1.2722089290618896,"The environmental damage caused by single-use plastics is already severe and irreversible in many ecosystems, and a total ban is a necessary step to prevent further harm. The government has the responsibility and authority to protect public health and the environment, and enacting a ban aligns with its duty to safeguard future generations. Such a ban can be implemented gradually, allowing businesses and communities time to adapt, while still sending a clear message about environmental priorities. Even if some inconvenience arises initially, the long-term benefits to our planet and health far outweigh the short-term challenges. A total ban is not an overreach—it’s a practical and urgent response to a crisis that affects everyone. We can’t afford to wait for perfect solutions when the problem is already escalating. It’s time to take bold action for a cleaner, safer future.",concession_and_contrast,risk_and_unintended_consequences,"However, the environmental damage caused by single-use plastics is already severe and irreversible in many ecosystems, and a total ban is a necessary step to prevent further harm.",concession_and_contrast_risk_and_unintended_consequences,"I should identify risks, unintended outcomes, cascading effects, and potential for escalation. ",However,sequence_and_transition,governance_and_accountability,"Next, the government has the responsibility and authority to protect public health and the environment, and enacting a ban aligns with its duty to safeguard future generations.",sequence_and_transition_governance_and_accountability,"I should consider legal frameworks, accountability mechanisms, democratic principles, and proper authority. ",Next,emphasis_and_evaluation,governance_and_accountability,"Importantly, such a ban can be implemented gradually, allowing businesses and communities time to adapt, while still sending a clear message about environmental priorities.",emphasis_and_evaluation_governance_and_accountability,"I should consider legal frameworks, accountability mechanisms, democratic principles, and proper authority. ",Importantly,baseline,883,381,0.0093927913812514
6,0.0,,,synthesis_faithful,random,3,20260206_121538,1.1418030261993408,"A total ban on single-use plastics is not a balanced or practical solution. While reducing plastic waste is important, such a ban would infringe on personal freedoms and unfairly impact low-income individuals who depend on affordable, convenient packaging. Without widespread access to sustainable alternatives, people may end up using materials that are even worse for the environment, like paper or styrofoam, which require more energy and resources to produce. Instead of a blanket ban, the government should focus on incentivizing innovation, improving recycling infrastructure, and promoting responsible consumer choices. This approach respects individual autonomy while still advancing environmental goals in a realistic and equitable way.",concession_and_contrast,ethical_principles,"However, such a ban would be a significant overreach into personal freedom and market dynamics, especially since many single-use plastics serve essential purposes in food safety and hygiene.",concession_and_contrast_ethical_principles,"I should evaluate actions based on moral rules, character virtues, relationships, and ethical obligations. ",However,exemplification,incentives_and_power_dynamics,"For example, banning single-use plastics could disproportionately affect low-income individuals who rely on affordable, convenient packaging for groceries and food storage.",exemplification_incentives_and_power_dynamics,"I should examine what behaviors are encouraged, who holds power, and how interests align or conflict. ",For example,addition_and_elaboration,risk_and_unintended_consequences,"Moreover, without viable and accessible alternatives, such a ban could lead to increased use of even more environmentally harmful materials, like paper or styrofoam, which have higher carbon footprints and resource demands.",addition_and_elaboration_risk_and_unintended_consequences,"I should identify risks, unintended outcomes, cascading effects, and potential for escalation. ",Moreover,baseline,745,275,0.009220358250814253
29,0.0,,,synthesis_faithful,random,1,20260206_121538,1.2906184196472168,"We have a moral duty to protect the planet for future generations, and the ongoing use of single-use plastics is causing irreversible harm to ecosystems and wildlife. Governments have both the authority and responsibility to implement laws that safeguard public health and the environment, and a total ban on single-use plastics is a clear and necessary step in fulfilling this duty. Beyond ethics, such a ban leads to tangible benefits—reducing pollution, cutting down on waste management costs, and encouraging innovation in eco-friendly alternatives. While some may worry about inconvenience, the long-term environmental and economic gains far outweigh short-term disruptions. A ban sends a strong signal that sustainability matters, shaping consumer behavior and industry practices for the better. Ultimately, protecting our shared planet requires bold, decisive action, and a total ban on single-use plastics is a responsible and achievable goal.",emphasis_and_evaluation,ethical_principles,"Importantly, we have a moral responsibility to protect the planet for future generations, and the continued use of single-use plastics is harming our environment and wildlife.",emphasis_and_evaluation_ethical_principles,"I should evaluate actions based on moral rules, character virtues, relationships, and ethical obligations. ",Importantly,emphasis_and_evaluation,governance_and_accountability,"Importantly, governments have the authority and responsibility to enforce laws that protect public health and the environment, and a ban on single-use plastics is a necessary regulatory action to meet this duty.",emphasis_and_evaluation_governance_and_accountability,"I should consider legal frameworks, accountability mechanisms, democratic principles, and proper authority. ",Importantly,addition_and_elaboration,cost_benefit_and_impact_analysis,"Moreover, banning single-use plastics reduces pollution, lowers cleanup costs, and promotes innovation in sustainable alternatives, offering long-term savings and environmental benefits.",addition_and_elaboration_cost_benefit_and_impact_analysis,"I should quantify and compare costs, benefits, and real-world impacts across economic, social, and environmental dimensions. ",Moreover,baseline,951,399,0.009050764186487592
465846,1.5386939046866768,,,synthesis_faithful,targeted,3,20260206_121005,1.1123394966125488,"Single-use plastics are a major contributor to pollution, harming wildlife and clogging landfills and oceans. A total ban would force a shift toward reusable and sustainable alternatives, reducing long-term environmental harm. Countries like Rwanda and Kenya have already shown that such bans are feasible and effective when properly enforced. While there may be short-term challenges, the long-term benefits to public health and the planet far outweigh the inconvenience. We have a responsibility to protect the environment for future generations, and a ban is a necessary step toward that goal. Reducing plastic waste isn’t just an environmental issue—it’s a moral one. It’s time for the government to take bold action and protect our planet.",evidence_and_authority,feasibility_and_implementation,"Evidence shows that single-use plastics are a major source of pollution, especially in oceans and landfills, and a total ban would significantly reduce this environmental damage.",evidence_and_authority_feasibility_and_implementation,I should evaluate whether the proposal can actually be implemented and enforced effectively. ,Evidence shows that,exemplification,precedent_and_long_term_effects,"For example, countries like Rwanda and Kenya have successfully implemented plastic bans, proving that such policies can be enforceable and lead to cleaner communities.",exemplification_precedent_and_long_term_effects,"I should evaluate historical precedents, long-term vs short-term tradeoffs, and obligations to future generations. ",For example,evidence_and_authority,feasibility_and_implementation,"Evidence shows that single-use plastics are a major source of pollution, especially in oceans and landfills, and a total ban would significantly reduce this environmental damage.",evidence_and_authority_feasibility_and_implementation,I should evaluate whether the proposal can actually be implemented and enforced effectively. ,Evidence shows that,targeted,744,73,0.008997610292338795
44,0.0,,,synthesis_faithful,random,0,20260206_121538,1.1058204174041748,"Single-use plastics are a major source of pollution, especially in oceans and waterways, harming wildlife and ecosystems. A total ban would incentivize innovation in sustainable alternatives, pushing businesses to develop eco-friendly packaging solutions. Evidence shows that plastic waste disproportionately affects low-income communities and developing nations, so a ban reflects a moral responsibility to protect vulnerable populations. While some may worry about convenience, the long-term environmental and health benefits far outweigh short-term discomfort. The government has a duty to protect public health and the planet for future generations. Simply put, we can’t afford to wait—banning single-use plastics is a necessary and responsible step. This is not just about reducing litter; it’s about making sustainable choices the default for everyone.",addition_and_elaboration,risk_and_unintended_consequences,"Moreover, single-use plastics are a major source of pollution, especially in oceans and waterways, harming wildlife and ecosystems.",addition_and_elaboration_risk_and_unintended_consequences,"I should identify risks, unintended outcomes, cascading effects, and potential for escalation. ",Moreover,sequence_and_transition,incentives_and_power_dynamics,"Next, a total ban would incentivize innovation in sustainable alternatives, pushing businesses to develop eco-friendly packaging solutions.",sequence_and_transition_incentives_and_power_dynamics,"I should examine what behaviors are encouraged, who holds power, and how interests align or conflict. ",Next,evidence_and_authority,ethical_principles,"Evidence shows that plastic waste disproportionately affects low-income communities and developing nations, so a ban reflects a moral responsibility to protect vulnerable populations.",evidence_and_authority_ethical_principles,"I should evaluate actions based on moral rules, character virtues, relationships, and ethical obligations. ",Evidence shows that,baseline,858,365,0.008919940597722538
453244,1.373506311832836,,,synthesis_faithful,targeted,3,20260206_121005,1.2389116287231443,"Single-use plastics are a major source of pollution that harms wildlife, contaminates ecosystems, and persists in the environment for centuries—so a total ban is a necessary step to protect our planet. By eliminating these plastics, we push industries to develop and adopt truly sustainable alternatives, benefiting both the environment and innovation. Governments already have the authority and responsibility to ban dangerous materials, as seen with asbestos and lead paint, so a plastic ban is a reasonable and justifiable use of regulatory power. Even if some inconvenience arises initially, the long-term environmental and health benefits far outweigh temporary challenges. We all have a stake in a cleaner, safer world, and a total ban is the most effective way to achieve it. The average person who cares about nature and future generations should support this decisive action.",evidence_and_authority,risk_and_unintended_consequences,"Evidence shows that single-use plastics pollute our oceans, harm wildlife, and take hundreds of years to decompose, and a total ban would prevent this environmental damage at scale.",evidence_and_authority_risk_and_unintended_consequences,"I should identify risks, unintended outcomes, cascading effects, and potential for escalation. ",Evidence shows that,addition_and_elaboration,justice_and_fairness,"Moreover, a total ban would push manufacturers and consumers toward more sustainable alternatives, encouraging innovation and reducing long-term environmental and economic costs.",addition_and_elaboration_justice_and_fairness,"I should analyze whether outcomes, processes, and distributions are fair to all parties involved. ",Moreover,evidence_and_authority,governance_and_accountability,"Evidence shows that governments already enforce bans on harmful substances like asbestos and lead-based paint, and a single-use plastic ban follows a similar logic of protecting public health and the environment.",evidence_and_authority_governance_and_accountability,"I should consider legal frameworks, accountability mechanisms, democratic principles, and proper authority. ",Evidence shows that,targeted,884,178,0.008865499003172796
27,0.0,,,synthesis_faithful,random,2,20260206_121538,1.0899906158447266,"Single-use plastics are a major source of pollution, particularly in oceans and landfills, and they take hundreds of years to decompose. A total ban on these materials would drastically reduce environmental harm and encourage innovation in sustainable alternatives. Many countries and cities that have implemented similar bans have seen a significant decrease in plastic waste without major disruptions to daily life. This shift is not only necessary for protecting ecosystems and wildlife but also for ensuring a healthier planet for future generations. Given that alternatives already exist and are becoming more accessible, the benefits of a ban far outweigh the temporary inconveniences. It’s time for the government to take bold action and prioritize long-term environmental health over short-term convenience.",emphasis_and_evaluation,risk_and_unintended_consequences,"Importantly, single-use plastics are a major source of pollution, particularly in oceans and landfills, and they take hundreds of years to decompose.",emphasis_and_evaluation_risk_and_unintended_consequences,"I should identify risks, unintended outcomes, cascading effects, and potential for escalation. ",Importantly,concession_and_contrast,precedent_and_long_term_effects,"However, a total ban on single-use plastics would drastically reduce environmental harm and encourage innovation in sustainable alternatives.",concession_and_contrast_precedent_and_long_term_effects,"I should evaluate historical precedents, long-term vs short-term tradeoffs, and obligations to future generations. ",However,addition_and_elaboration,precedent_and_long_term_effects,"Moreover, many countries and cities that have implemented similar bans have seen a significant decrease in plastic waste without major disruptions to daily life.",addition_and_elaboration_precedent_and_long_term_effects,"I should evaluate historical precedents, long-term vs short-term tradeoffs, and obligations to future generations. ",Moreover,baseline,815,336,0.008508764675628448
14,0.0,,,synthesis_faithful,random,1,20260206_121538,1.2188720703125,"The government must enforce a total ban on single-use plastics because individuals alone can’t fix such a large-scale environmental issue. Our personal freedom to use plastic doesn’t outweigh our right to clean air, water, and a healthy planet, especially when these plastics pollute oceans, harm animals, and even enter our food chain. A ban doesn’t take away choices—it pushes us toward better, more sustainable options that are now widely accessible. Just like seatbelt laws or smoking bans, public health and environmental safety sometimes require government action, even if it feels restrictive at first. The long-term benefits—cleaner communities, less pollution, and healthier ecosystems—make this a necessary and fair step. We all benefit when the government protects the shared environment we depend on.",causal_reasoning,stakeholder_responsibility,"Therefore, the government must take the lead in enforcing a total ban on single-use plastics, because individuals alone cannot solve a systemic environmental problem.",causal_reasoning_stakeholder_responsibility,"I should analyze who bears responsibility—whether government, individuals, corporations, or other institutions. ",Therefore,concession_and_contrast,rights_and_liberties,"However, our freedom to use plastic doesn’t outweigh the right to a clean, safe environment, especially since such plastics are a major source of pollution that harms wildlife and human health.",concession_and_contrast_rights_and_liberties,"I should consider inalienable human rights, civil liberties, privacy protections, and the freedom to make one's own choices. ",However,clarification_and_specification,incentives_and_power_dynamics,"In other words, a government ban doesn’t remove personal choice entirely—it simply redirects it toward sustainable alternatives, which are increasingly available and affordable.",clarification_and_specification_incentives_and_power_dynamics,"I should examine what behaviors are encouraged, who holds power, and how interests align or conflict. ",In other words,baseline,812,333,0.008079102030897982
2,0.0,,,synthesis_faithful,random,2,20260206_121538,1.2732996940612793,"A total ban on single-use plastics is fair because it ensures everyone shares the responsibility of protecting the environment, rather than leaving future generations or vulnerable communities to suffer the consequences of pollution. Since corporations produce the majority of these plastics and the government has the authority to regulate them, it is appropriate for the government to act as the leader in this effort. Enforcing a ban would prevent long-term environmental damage, such as plastic accumulation in oceans and harm to marine life, which could otherwise become irreversible. Without decisive action, the problem will only grow worse over time. A ban encourages innovation in sustainable alternatives and reduces waste at its source. Ultimately, this policy protects public health, natural ecosystems, and the planet for everyone.",causal_reasoning,justice_and_fairness,"Therefore, a total ban on single-use plastics would be fair because it ensures that everyone shares the responsibility of protecting the environment, rather than disproportionately burdening future generations or vulnerable communities with pollution.",causal_reasoning_justice_and_fairness,"I should analyze whether outcomes, processes, and distributions are fair to all parties involved. ",Therefore,clarification_and_specification,stakeholder_responsibility,"In other words, since corporations produce most single-use plastics and the government has the authority to regulate them, it is fitting for the government to lead by enforcing a ban, instead of leaving the burden solely on individual consumers.",clarification_and_specification_stakeholder_responsibility,"I should analyze who bears responsibility—whether government, individuals, corporations, or other institutions. ",In other words,causal_reasoning,risk_and_unintended_consequences,"Therefore, a total ban could prevent long-term environmental damage such as ocean pollution and harm to wildlife, which could otherwise worsen over time and become irreversible.",causal_reasoning_risk_and_unintended_consequences,"I should identify risks, unintended outcomes, cascading effects, and potential for escalation. ",Therefore,baseline,844,357,0.007922762182388432
465826,1.4418579048064537,,,synthesis_faithful,targeted,0,20260206_121005,1.1444368362426758,"The government should enforce a total ban on single-use plastics because plastic pollution is already harming oceans, wildlife, and human health, and we must act decisively to stop it. Countries like Rwanda and Kenya have shown that such bans can work in practice, even without massive infrastructure, proving it’s not just idealistic but achievable. Simply encouraging recycling or using biodegradable alternatives won’t fix the problem—plastic still takes hundreds of years to break down and continues to pollute. A total ban addresses the issue at the source, rather than relying on imperfect solutions. It’s our responsibility to protect the environment for future generations and reduce long-term damage. Real change requires bold, comprehensive action, not just small steps that don’t add up.",evidence_and_authority,feasibility_and_implementation,"Evidence shows that plastic pollution is already causing severe harm to ecosystems and wildlife, and a total ban would prevent further damage.",evidence_and_authority_feasibility_and_implementation,I should evaluate whether the proposal can actually be implemented and enforced effectively. ,Evidence shows that,exemplification,precedent_and_long_term_effects,"For example, countries like Rwanda and Kenya have successfully implemented plastic bans, proving such policies are feasible even in developing nations.",exemplification_precedent_and_long_term_effects,"I should evaluate historical precedents, long-term vs short-term tradeoffs, and obligations to future generations. ",For example,concession_and_contrast,feasibility_and_implementation,"However, a total ban is necessary because partial measures like recycling or bioplastics don’t solve the root problem—plastic still lingers in the environment for centuries.",concession_and_contrast_feasibility_and_implementation,I should evaluate whether the proposal can actually be implemented and enforced effectively. ,However,targeted,798,114,0.007899228499586694
473056,1.3746983650092697,,,synthesis_faithful,targeted,4,20260206_121005,1.0688071250915527,"Single-use plastics cause serious environmental damage, polluting oceans and harming wildlife, including animals we rely on for food and ecosystems. A total ban would significantly reduce waste, conserve natural resources, and protect public health over time. Many nations have already proven that such bans are feasible and effective with proper planning and citizen cooperation. While some may worry about convenience, alternatives like reusable bags and containers are widely available and more sustainable. It's time we prioritize the long-term health of our planet over short-term convenience. The government has a responsibility to act decisively for future generations. A total ban is not just possible—it's necessary.",evidence_and_authority,incentives_and_power_dynamics,"Evidence shows that single-use plastics pollute ecosystems and harm wildlife, especially marine life, which directly affects the health of our planet and food sources.",evidence_and_authority_incentives_and_power_dynamics,"I should examine what behaviors are encouraged, who holds power, and how interests align or conflict. ",Evidence shows that,addition_and_elaboration,cost_benefit_and_impact_analysis,"Moreover, banning single-use plastics reduces waste in landfills and oceans, saves resources, and decreases pollution, leading to long-term environmental and economic benefits.",addition_and_elaboration_cost_benefit_and_impact_analysis,"I should quantify and compare costs, benefits, and real-world impacts across economic, social, and environmental dimensions. ",Moreover,exemplification,feasibility_and_implementation,"For example, countries like Canada and the EU have successfully implemented similar bans, showing that such policies are practical and can be enforced with public support.",exemplification_feasibility_and_implementation,I should evaluate whether the proposal can actually be implemented and enforced effectively. ,For example,targeted,725,60,0.007668698126723137
6,0.0,,,synthesis_faithful,random,4,20260206_121538,1.365685224533081,"The government should enforce a total ban on single-use plastics because they cause significant harm to the environment and public health, and a ban is the most effective way to protect future generations. For example, single-use plastics often end up in oceans, harming marine life and eventually entering our food chain through fish and seafood, which can lead to serious health issues. Moreover, these plastics take hundreds of years to decompose, so even if we reduce usage now, the pollution will persist for generations, making a full ban necessary to stop the damage before it’s irreversible. A ban encourages innovation in sustainable alternatives and shifts public habits toward more responsible consumption. It's not just about convenience—it's about protecting the planet we all share. Without strong government action, individual efforts won’t be enough to reverse the damage already done.",concession_and_contrast,ethical_principles,"However, I believe the government should enforce a total ban on single-use plastics because they cause significant harm to the environment and public health, and a ban is the most effective way to protect future generations.",concession_and_contrast_ethical_principles,"I should evaluate actions based on moral rules, character virtues, relationships, and ethical obligations. ",However,exemplification,incentives_and_power_dynamics,"For example, single-use plastics often end up in oceans, harming marine life and eventually entering our food chain through fish and seafood, which can lead to serious health issues.",exemplification_incentives_and_power_dynamics,"I should examine what behaviors are encouraged, who holds power, and how interests align or conflict. ",For example,addition_and_elaboration,risk_and_unintended_consequences,"Moreover, these plastics take hundreds of years to decompose, so even if we reduce usage now, the pollution will persist for generations, making a full ban necessary to stop the damage before it’s irreversible.",addition_and_elaboration_risk_and_unintended_consequences,"I should identify risks, unintended outcomes, cascading effects, and potential for escalation. ",Moreover,baseline,901,388,0.007424110184938483
0,0.0,,,synthesis_faithful,random,3,20260206_121538,1.2782716751098633,"The government should enforce a total ban on single-use plastics because they pose serious, long-term threats to our environment and health. These materials don’t break down easily, and instead fragment into microplastics that contaminate water sources, harm marine life, and could eventually end up in the food we eat. Without strong government action, individuals and businesses won’t have the incentive or structure to switch to sustainable alternatives. A total ban sends a clear message that our planet and public well-being come before convenience. It also pushes innovation toward eco-friendly packaging and creates a level playing field for responsible companies. While some may worry about inconvenience, the long-term benefits to the environment and human health far outweigh the temporary adjustments. We can’t afford to wait—our future depends on bold, immediate action.",clarification_and_specification,incentives_and_power_dynamics,"In other words, the government has the responsibility to protect public health and the environment, and single-use plastics are a major threat to both.",clarification_and_specification_incentives_and_power_dynamics,"I should examine what behaviors are encouraged, who holds power, and how interests align or conflict. ",In other words,concession_and_contrast,risk_and_unintended_consequences,"However, if the government does not act decisively, these harmful materials will continue to pollute our oceans, harm wildlife, and potentially enter our food chain through microplastics.",concession_and_contrast_risk_and_unintended_consequences,"I should identify risks, unintended outcomes, cascading effects, and potential for escalation. ",However,concession_and_contrast,risk_and_unintended_consequences,"However, if the government does not act decisively, these harmful materials will continue to pollute our oceans, harm wildlife, and potentially enter our food chain through microplastics.",concession_and_contrast_risk_and_unintended_consequences,"I should identify risks, unintended outcomes, cascading effects, and potential for escalation. ",However,baseline,882,380,0.0073275017206657035
5,0.0,,,synthesis_faithful,random,3,20260206_121538,1.052553415298462,"The environmental damage caused by single-use plastics is too severe to ignore, and a total ban is the most effective way to protect our oceans, wildlife, and even human health. Governments have a duty to safeguard public welfare, and regulating harmful products like single-use plastics falls within that responsibility, especially when safer, reusable alternatives are already available. A ban would also push companies to innovate and develop sustainable solutions, leading to long-term economic and environmental benefits. Without strong action, plastic pollution will continue to grow, harming ecosystems and future generations. This is not about restricting freedom—it's about protecting the planet we all share. A total ban is a necessary and responsible step toward a cleaner, healthier future.",concession_and_contrast,risk_and_unintended_consequences,"However, the environmental harm caused by single-use plastics is so significant that a total ban is necessary to protect ecosystems and public health.",concession_and_contrast_risk_and_unintended_consequences,"I should identify risks, unintended outcomes, cascading effects, and potential for escalation. ",However,sequence_and_transition,governance_and_accountability,"Next, governments have the authority and responsibility to regulate harmful substances for the public good, especially when alternatives exist.",sequence_and_transition_governance_and_accountability,"I should consider legal frameworks, accountability mechanisms, democratic principles, and proper authority. ",Next,emphasis_and_evaluation,governance_and_accountability,"Importantly, a ban would drive innovation in sustainable materials and encourage businesses to adopt eco-friendly practices.",emphasis_and_evaluation_governance_and_accountability,"I should consider legal frameworks, accountability mechanisms, democratic principles, and proper authority. ",Importantly,baseline,802,320,0.007002177957093074
463852,1.4933226899583765,,,synthesis_faithful,targeted,3,20260206_121005,0.9397797584533693,"The government should enforce a total ban on single-use plastics because it is a necessary and practical step to protect our environment from long-term harm. Many countries have already shown that such bans are feasible and lead to measurable reductions in plastic pollution. By eliminating these harmful materials, we encourage innovation in sustainable alternatives and help preserve ecosystems for future generations. Although some may argue about short-term inconvenience, the long-term benefits to public health and the planet far outweigh the temporary disruption. Ultimately, protecting our environment is a shared responsibility, and a government-led ban is the most effective way to ensure widespread compliance and meaningful change.",evidence_and_authority,feasibility_and_implementation,Evidence shows that banning single-use plastics is a practical and necessary step to reduce environmental pollution.,evidence_and_authority_feasibility_and_implementation,I should evaluate whether the proposal can actually be implemented and enforced effectively. ,Evidence shows that,addition_and_elaboration,precedent_and_long_term_effects,"Moreover, many countries have already successfully implemented similar bans, proving that such policies are viable and effective over time.",addition_and_elaboration_precedent_and_long_term_effects,"I should evaluate historical precedents, long-term vs short-term tradeoffs, and obligations to future generations. ",Moreover,exemplification,justice_and_fairness,"For example, banning plastic bags and straws encourages innovation in reusable alternatives and reduces litter in oceans and landfills.",exemplification_justice_and_fairness,"I should analyze whether outcomes, processes, and distributions are fair to all parties involved. ",For example,targeted,743,72,0.006799705842801622
465836,1.5229132704642945,,,synthesis_faithful,targeted,4,20260206_121005,1.0925426483154297,"The government should enforce a total ban on single-use plastics because they cause severe environmental damage, including harming marine life and polluting landfills. Countries like Rwanda and Canada have successfully implemented such bans, proving they are both achievable and effective in reducing plastic waste over time. With simple alternatives like reusable bags and containers, the transition is manageable for everyday people and businesses. A ban also reflects our responsibility to protect the planet for future generations. It’s not just about convenience—it’s about long-term sustainability and environmental health. While some may worry about inconvenience, the benefits far outweigh the temporary adjustments. Ultimately, a government ban is a responsible and necessary step toward a cleaner, safer world.",evidence_and_authority,feasibility_and_implementation,"Evidence shows that banning single-use plastics reduces pollution and protects ecosystems, and enforcement is feasible through local policies and public awareness campaigns.",evidence_and_authority_feasibility_and_implementation,I should evaluate whether the proposal can actually be implemented and enforced effectively. ,Evidence shows that,exemplification,precedent_and_long_term_effects,"For example, countries like Rwanda and Canada have already implemented successful bans, showing that such policies are practical and effective in reducing plastic waste over time.",exemplification_precedent_and_long_term_effects,"I should evaluate historical precedents, long-term vs short-term tradeoffs, and obligations to future generations. ",For example,addition_and_elaboration,feasibility_and_implementation,"Moreover, with proper education and alternatives like reusable bags and containers, the shift away from single-use plastics is manageable and beneficial for everyone.",addition_and_elaboration_feasibility_and_implementation,I should evaluate whether the proposal can actually be implemented and enforced effectively. ,Moreover,targeted,820,138,0.006713076702890134
19,0.0,,,synthesis_faithful,random,1,20260206_121538,1.035350322723389,"The government should enforce a total ban on single-use plastics because it is the only entity with the power to implement widespread, enforceable change. While individuals can reduce their plastic use, systemic solutions require policy-level action to be effective. The environmental and health consequences of plastic pollution—such as ocean contamination and microplastic ingestion—impact everyone, especially vulnerable and future populations. A ban ensures fairness by holding corporations accountable and protecting communities that suffer the most from pollution. Without government intervention, progress will be too slow and inconsistent across regions. Therefore, a total ban is a necessary and just step toward a sustainable future.",causal_reasoning,stakeholder_responsibility,"Therefore, while individuals can contribute, it's the government that has the authority and responsibility to enact large-scale environmental reforms.",causal_reasoning_stakeholder_responsibility,"I should analyze who bears responsibility—whether government, individuals, corporations, or other institutions. ",Therefore,conclusion_and_summary,justice_and_fairness,"In conclusion, a government-enforced ban on single-use plastics is necessary to ensure fairness, protect public health, and safeguard the environment for future generations.",conclusion_and_summary_justice_and_fairness,"I should analyze whether outcomes, processes, and distributions are fair to all parties involved. ",In conclusion,exemplification,justice_and_fairness,"For example, the environmental damage from single-use plastics disproportionately affects low-income communities and future generations, who have no voice in current decisions.",exemplification_justice_and_fairness,"I should analyze whether outcomes, processes, and distributions are fair to all parties involved. ",For example,baseline,743,274,0.006705602924885869
22,0.0,,,synthesis_faithful,random,2,20260206_121538,1.0727057456970217,"We have a moral duty to protect the planet for future generations, and continuing to allow single-use plastics contributes to long-term environmental harm. Plastic waste doesn't just disappear—it lingers in oceans and landfills for centuries, harming wildlife and contaminating ecosystems. Vulnerable communities, especially those near dumping sites or coastal areas, are often the most affected by this pollution, making it both an environmental and social justice issue. A total ban is a clear, enforceable step toward reducing this damage and encouraging innovation in sustainable alternatives. While some may find it inconvenient, the long-term benefits far outweigh short-term discomfort. This is not just about individual choice—it’s about collective responsibility to preserve a livable world. We owe it to future generations to act decisively now.",exemplification,ethical_principles,"For example, helping others in need is a moral duty, even if it is inconvenient.",exemplification_ethical_principles,"I should evaluate actions based on moral rules, character virtues, relationships, and ethical obligations. ",For example,conditional,precedent_and_long_term_effects,"If we don't act now to protect the environment, future generations will suffer from pollution and resource scarcity.",conditional_precedent_and_long_term_effects,"I should evaluate historical precedents, long-term vs short-term tradeoffs, and obligations to future generations. ",If,sequence_and_transition,incentives_and_power_dynamics,"Next, plastic pollution disproportionately harms vulnerable communities and ecosystems, so we have a responsibility to reduce it.",sequence_and_transition_incentives_and_power_dynamics,"I should examine what behaviors are encouraged, who holds power, and how interests align or conflict. ",Next,baseline,855,362,0.006560667614665597
34,0.0,,,synthesis_faithful,random,3,20260206_121538,1.0438454151153564,"We all want a cleaner, healthier world for ourselves and our children, and banning single-use plastics is a necessary step toward that goal. While personal freedom matters, it shouldn't come at the cost of environmental destruction that affects everyone. The government has a responsibility to protect public health and the planet, especially when industries profit from pollution without accountability. Single-use plastics pollute our oceans, harm wildlife, and take hundreds of years to break down—this isn't sustainable. A total ban empowers individuals to make eco-friendly choices while holding corporations accountable for their waste. It's not about restricting freedom, but about preserving a livable world for future generations. We can’t rely solely on individual choices when the problem is systemic and urgent.",clarification_and_specification,rights_and_liberties,"In other words, individuals should have the right to choose what they use and consume without government overreach.",clarification_and_specification_rights_and_liberties,"I should consider inalienable human rights, civil liberties, privacy protections, and the freedom to make one's own choices. ",In other words,conclusion_and_summary,precedent_and_long_term_effects,"In conclusion, we must balance individual freedoms with collective responsibility to protect the planet for future generations.",conclusion_and_summary_precedent_and_long_term_effects,"I should evaluate historical precedents, long-term vs short-term tradeoffs, and obligations to future generations. ",In conclusion,emphasis_and_evaluation,stakeholder_responsibility,"Importantly, the government has a duty to protect public health and the environment, which justifies regulatory action.",emphasis_and_evaluation_stakeholder_responsibility,"I should analyze who bears responsibility—whether government, individuals, corporations, or other institutions. ",Importantly,baseline,823,346,0.006531923072737238
19,0.0,,,synthesis_faithful,random,4,20260206_121538,1.2728488445281982,"The government should enforce a total ban on single-use plastics because it has the power and duty to protect public health and the environment on a large scale. While individuals and businesses can make changes, only government action can create consistent, nationwide rules that ensure everyone contributes fairly. A ban would prevent plastic pollution from harming ecosystems, wildlife, and human health, especially in vulnerable communities that often bear the brunt of environmental damage. It also pushes innovation toward sustainable alternatives, creating long-term benefits for society. Without strong government intervention, progress will be slow and uneven. Ultimately, a total ban is the most responsible and just solution to a global crisis. In conclusion, a government-enforced ban on single-use plastics is the most equitable and effective way to protect the environment, public health, and future generations.",causal_reasoning,stakeholder_responsibility,"Therefore, while individuals and companies play roles, the government has the authority and responsibility to enact broad, enforceable policies that can effectively address widespread environmental harm.",causal_reasoning_stakeholder_responsibility,"I should analyze who bears responsibility—whether government, individuals, corporations, or other institutions. ",Therefore,conclusion_and_summary,justice_and_fairness,"In conclusion, a government-enforced ban on single-use plastics is the most equitable and effective way to protect the environment, public health, and future generations.",conclusion_and_summary_justice_and_fairness,"I should analyze whether outcomes, processes, and distributions are fair to all parties involved. ",In conclusion,exemplification,justice_and_fairness,"For example, a total ban prevents the burden of pollution from falling disproportionately on low-income communities and future generations, who cannot afford or control the long-term damage caused by plastic waste.",exemplification_justice_and_fairness,"I should analyze whether outcomes, processes, and distributions are fair to all parties involved. ",For example,baseline,926,395,0.0063169408729872355
463844,1.449528471438994,,,synthesis_faithful,targeted,2,20260206_121005,1.0383682250976562,"Single-use plastics cause widespread pollution and harm wildlife, and a government-enforced ban would drastically reduce this damage. Countries like Canada and the EU have already seen success with similar bans, showing that such policies are practical and effective. As citizens, we have a collective responsibility to protect the planet for future generations, and governments are best positioned to enforce the changes needed. Without strong regulations, industries will continue prioritizing profit over the environment. A total ban is a necessary and achievable step toward a cleaner, healthier planet. The long-term benefits far outweigh the short-term inconvenience of adapting to alternatives.",evidence_and_authority,feasibility_and_implementation,"Evidence shows that single-use plastics are a major source of pollution, particularly in oceans and landfills, and a ban would significantly reduce this environmental harm.",evidence_and_authority_feasibility_and_implementation,I should evaluate whether the proposal can actually be implemented and enforced effectively. ,Evidence shows that,addition_and_elaboration,precedent_and_long_term_effects,"Moreover, several countries and cities have already implemented bans with positive results, proving that such policies are both feasible and effective in reducing plastic waste.",addition_and_elaboration_precedent_and_long_term_effects,"I should evaluate historical precedents, long-term vs short-term tradeoffs, and obligations to future generations. ",Moreover,evidence_and_authority,governance_and_accountability,"Evidence shows that governments have the authority and responsibility to protect public health and the environment, and banning harmful products like single-use plastics aligns with that duty.",evidence_and_authority_governance_and_accountability,"I should consider legal frameworks, accountability mechanisms, democratic principles, and proper authority. ",Evidence shows that,targeted,701,39,0.005948568632408981
24,0.0,,,synthesis_faithful,random,1,20260206_121538,1.0709645748138428,"The government should enforce a total ban on single-use plastics because it protects the environment and public health for everyone, especially communities that suffer the most from pollution. A ban would discourage wasteful consumption, encourage sustainable alternatives, and push corporations to take responsibility for their environmental impact. It doesn’t limit personal freedom, since reusable options are already accessible and practical for daily use. By taking bold action now, we can prevent long-term harm to ecosystems and future generations. The benefits of a cleaner, healthier planet far outweigh any short-term inconvenience. This is a necessary step toward building a more sustainable society for all.",causal_reasoning,justice_and_fairness,"Therefore, the government should enforce a total ban on single-use plastics because it helps protect the environment and public health for everyone, especially vulnerable communities disproportionately affected by pollution.",causal_reasoning_justice_and_fairness,"I should analyze whether outcomes, processes, and distributions are fair to all parties involved. ",Therefore,sequence_and_transition,incentives_and_power_dynamics,"Next, a ban would discourage the overproduction and wasteful consumption of plastics, shifting consumer habits toward sustainable alternatives and holding corporations accountable for their environmental impact.",sequence_and_transition_incentives_and_power_dynamics,"I should examine what behaviors are encouraged, who holds power, and how interests align or conflict. ",Next,causal_reasoning,rights_and_liberties,"Therefore, a ban does not infringe on personal freedom, as alternatives like reusable bags and containers are widely available and more environmentally responsible.",causal_reasoning_rights_and_liberties,"I should consider inalienable human rights, civil liberties, privacy protections, and the freedom to make one's own choices. ",Therefore,baseline,719,258,0.0057690530503783
463842,1.3817025915049437,,,synthesis_faithful,targeted,4,20260206_121005,1.1478605270385742,"A total ban on single-use plastics is a necessary and achievable step to protect the environment. Many countries have already implemented similar bans with measurable success in reducing plastic pollution. Single-use plastics harm ecosystems, kill marine life, and can even end up in our food, posing serious risks to human health. Fortunately, affordable and practical alternatives like reusable bags, glass, and compostable materials are already on the market, so the ban wouldn’t inconvenience people. This policy is not just about restricting choices—it’s about safeguarding the planet for future generations. The long-term benefits far outweigh the temporary adjustment period. Therefore, the government should enforce a total ban to create a cleaner, healthier world for everyone.",evidence_and_authority,feasibility_and_implementation,"Evidence shows that many countries have successfully implemented bans on single-use plastics, proving that such policies are not only feasible but also effective in reducing plastic waste.",evidence_and_authority_feasibility_and_implementation,I should evaluate whether the proposal can actually be implemented and enforced effectively. ,Evidence shows that,addition_and_elaboration,precedent_and_long_term_effects,"Moreover, single-use plastics take hundreds of years to decompose and pollute oceans, harm wildlife, and enter the food chain—this long-term damage outweighs any short-term convenience.",addition_and_elaboration_precedent_and_long_term_effects,"I should evaluate historical precedents, long-term vs short-term tradeoffs, and obligations to future generations. ",Moreover,evidence_and_authority,justice_and_fairness,"Evidence shows that alternatives like reusable bags and biodegradable containers are already available and affordable, so a ban wouldn’t unfairly burden consumers.",evidence_and_authority_justice_and_fairness,"I should analyze whether outcomes, processes, and distributions are fair to all parties involved. ",Evidence shows that,targeted,786,102,0.005705457707352685
30,0.0,,,synthesis_faithful,random,1,20260206_121538,1.093522071838379,"A total ban on single-use plastics is necessary because it would significantly reduce pollution and protect natural ecosystems, benefiting both current and future generations. Governments have a responsibility to safeguard public health and the environment, and enforcing such a ban is a clear and effective way to meet that duty. It’s fair to hold plastic-producing industries accountable, as they are best positioned to develop and adopt sustainable alternatives. This approach ensures that the burden of environmental damage doesn’t fall on ordinary citizens or vulnerable communities. With proper planning, such a ban can support innovation and create green jobs. Ultimately, protecting our planet is a shared responsibility, and government action is essential to make lasting change.",exemplification,incentives_and_power_dynamics,"For example, a ban on single-use plastics would reduce pollution and protect ecosystems, which benefits everyone, especially future generations.",exemplification_incentives_and_power_dynamics,"I should examine what behaviors are encouraged, who holds power, and how interests align or conflict. ",For example,addition_and_elaboration,governance_and_accountability,"Moreover, governments have a responsibility to protect public health and the environment, and a ban on single-use plastics is a reasonable and enforceable way to fulfill that duty.",addition_and_elaboration_governance_and_accountability,"I should consider legal frameworks, accountability mechanisms, democratic principles, and proper authority. ",Moreover,causal_reasoning,justice_and_fairness,"Therefore, a total ban ensures fairness by shifting the burden of environmental harm from the public and nature to industries that can adapt and innovate.",causal_reasoning_justice_and_fairness,"I should analyze whether outcomes, processes, and distributions are fair to all parties involved. ",Therefore,baseline,788,303,0.005626177732459175
463244,1.5058496546753144,,,synthesis_faithful,targeted,1,20260206_121005,1.0914688110351562,"Single-use plastics cause lasting environmental damage, particularly in oceans where they threaten marine life and ecosystems. A total government ban is a necessary and effective way to stop this pollution at the source. Fortunately, affordable and practical alternatives like reusable containers and biodegradable packaging are already available for everyday use. Countries like Canada and members of the EU have already proven that such bans can be implemented smoothly and with public support. With proper enforcement and education, a nationwide ban is not only achievable but essential for protecting the planet. As a regular citizen, I believe this step is a responsible and sustainable choice for future generations.",evidence_and_authority,feasibility_and_implementation,"Evidence shows that single-use plastics significantly harm the environment, especially marine ecosystems, and a total ban would be a decisive step toward reducing pollution and protecting wildlife.",evidence_and_authority_feasibility_and_implementation,I should evaluate whether the proposal can actually be implemented and enforced effectively. ,Evidence shows that,addition_and_elaboration,justice_and_fairness,"Moreover, many alternatives—like reusable bags, paper packaging, and biodegradable materials—are already widely available and affordable, making a ban realistic and manageable for consumers and businesses alike.",addition_and_elaboration_justice_and_fairness,"I should analyze whether outcomes, processes, and distributions are fair to all parties involved. ",Moreover,evidence_and_authority,governance_and_accountability,"Evidence shows that countries like Canada and the EU have successfully implemented bans with strong public support and clear enforcement, proving such policies are both feasible and effective.",evidence_and_authority_governance_and_accountability,"I should consider legal frameworks, accountability mechanisms, democratic principles, and proper authority. ",Evidence shows that,targeted,722,58,0.005606248963901131
39,0.0,,,synthesis_faithful,random,0,20260206_121538,0.922814130783081,"The government should enforce a total ban on single-use plastics because individual efforts alone won’t solve the massive pollution problem. Without government intervention, companies will keep producing these items since they're cheaper and more profitable, making it hard for sustainable alternatives to gain traction. Fortunately, bans are not just theoretical—many countries have already rolled out effective restrictions, showing that such a ban is practical and enforceable. A government-led ban ensures fairness, consistency, and long-term environmental protection. It’s time to shift responsibility from individuals to the institutions that can actually drive change.",emphasis_and_evaluation,stakeholder_responsibility,"Importantly, while individuals can make choices, systemic change requires government action to ensure widespread compliance and effectiveness.",emphasis_and_evaluation_stakeholder_responsibility,"I should analyze who bears responsibility—whether government, individuals, corporations, or other institutions. ",Importantly,emphasis_and_evaluation,incentives_and_power_dynamics,"Importantly, without government enforcement, companies will continue producing single-use plastics because it's cheaper and more profitable.",emphasis_and_evaluation_incentives_and_power_dynamics,"I should examine what behaviors are encouraged, who holds power, and how interests align or conflict. ",Importantly,concession_and_contrast,feasibility_and_implementation,"However, a total ban is achievable—many countries have successfully implemented similar bans, proving it’s not just idealistic but practical.",concession_and_contrast_feasibility_and_implementation,I should evaluate whether the proposal can actually be implemented and enforced effectively. ,However,baseline,675,231,0.0055467056792757345
47,0.0,,,synthesis_faithful,random,0,20260206_121538,1.252380609512329,"The government should enforce a total ban on single-use plastics because they are a major source of pollution, harming wildlife and ecosystems, and the long-term environmental damage outweighs short-term convenience. Importantly, governments have a responsibility to protect public health and the environment, and a ban is a clear, enforceable way to fulfill that duty and hold polluters accountable. Moreover, choosing to reduce plastic waste reflects a moral commitment to future generations and the planet, showing responsibility and respect for nature. While some may worry about inconvenience, reusable alternatives are increasingly accessible and affordable. A ban encourages innovation and shifts consumer habits toward sustainable choices. This is not just about rules—it’s about protecting the world we live in and leaving it better for those who come after us.",concession_and_contrast,justice_and_fairness,"However, the government should enforce a total ban on single-use plastics because they are a major source of pollution, harming wildlife and ecosystems, and the long-term environmental damage outweighs short-term convenience.",concession_and_contrast_justice_and_fairness,"I should analyze whether outcomes, processes, and distributions are fair to all parties involved. ",However,emphasis_and_evaluation,governance_and_accountability,"Importantly, governments have a responsibility to protect public health and the environment, and a ban is a clear, enforceable way to fulfill that duty and hold polluters accountable.",emphasis_and_evaluation_governance_and_accountability,"I should consider legal frameworks, accountability mechanisms, democratic principles, and proper authority. ",Importantly,addition_and_elaboration,ethical_principles,"Moreover, choosing to reduce plastic waste reflects a moral commitment to future generations and the planet, showing responsibility and respect for nature.",addition_and_elaboration_ethical_principles,"I should evaluate actions based on moral rules, character virtues, relationships, and ethical obligations. ",Moreover,baseline,870,372,0.005366422300010687
465852,1.4731652336083576,,,synthesis_faithful,targeted,3,20260206_121005,1.066587209701538,"The government should enforce a total ban on single-use plastics because it’s a proven way to reduce environmental harm. Countries like Canada and the EU have already implemented such bans and seen dramatic drops in plastic pollution in oceans and landfills. While some might worry about inconvenience, the long-term benefits—cleaner ecosystems, reduced waste, and innovation in sustainable materials—far outweigh short-term disruptions. Plus, these bans push businesses to create eco-friendly alternatives, which can lead to new jobs and a healthier planet for future generations. It's not just about convenience today; it’s about protecting our environment for tomorrow.",evidence_and_authority,feasibility_and_implementation,"Evidence shows that many countries with bans on single-use plastics have seen measurable reductions in plastic pollution, proving that such bans are both feasible and impactful.",evidence_and_authority_feasibility_and_implementation,I should evaluate whether the proposal can actually be implemented and enforced effectively. ,Evidence shows that,exemplification,precedent_and_long_term_effects,"For example, when Canada and the EU implemented similar bans, they saw major drops in plastic waste in oceans and landfills, showing that the environmental benefits far outweigh initial inconvenience.",exemplification_precedent_and_long_term_effects,"I should evaluate historical precedents, long-term vs short-term tradeoffs, and obligations to future generations. ",For example,exemplification,justice_and_fairness,"For example, banning single-use plastics pushes companies to innovate with sustainable alternatives, which can create new green jobs and reduce long-term environmental costs.",exemplification_justice_and_fairness,"I should analyze whether outcomes, processes, and distributions are fair to all parties involved. ",For example,targeted,672,26,0.005357481807221721
38,0.0,,,synthesis_faithful,random,1,20260206_121538,1.1709613800048828,"A total ban on single-use plastics is essential to stop the growing crisis of pollution in our oceans and ecosystems. These materials take hundreds of years to break down, harming marine life and eventually entering our food chain through microplastics. While some may worry about convenience or economic impact, the long-term costs of inaction—on health, wildlife, and the environment—far outweigh any short-term discomfort. We’ve already seen success in banning harmful substances like leaded fuel and asbestos, and this ban is a similar step toward responsible governance. The government has a duty to protect public health and the environment, and this is a necessary measure to fulfill that responsibility. By taking bold action now, we can create sustainable alternatives and set a precedent for future generations.",causal_reasoning,cost_benefit_and_impact_analysis,"Therefore, a total ban on single-use plastics is necessary to prevent irreversible environmental harm and protect public health.",causal_reasoning_cost_benefit_and_impact_analysis,"I should quantify and compare costs, benefits, and real-world impacts across economic, social, and environmental dimensions. ",Therefore,clarification_and_specification,precedent_and_long_term_effects,"In other words, just as we banned leaded gasoline and asbestos, we must now act decisively to eliminate single-use plastics that pollute oceans and harm wildlife.",clarification_and_specification_precedent_and_long_term_effects,"I should evaluate historical precedents, long-term vs short-term tradeoffs, and obligations to future generations. ",In other words,conditional,governance_and_accountability,"If the government is responsible for safeguarding public welfare, then enforcing a ban is not overreach—it’s fulfilling its duty to protect citizens and the planet.",conditional_governance_and_accountability,"I should consider legal frameworks, accountability mechanisms, democratic principles, and proper authority. ",If,baseline,821,343,0.005034256160806948
13,0.0,,,synthesis_faithful,random,4,20260206_121538,1.2147252559661863,"The government should enforce a total ban on single-use plastics because they cause widespread environmental damage and threaten human health. These plastics pollute oceans, kill marine life, and break down into microplastics that end up in our food and water. Past government actions, like banning leaded gasoline and tobacco advertising, show that strong regulations can protect people and the planet. While some may argue it’s inconvenient, the long-term benefits to the environment and public health far outweigh short-term discomfort. A ban would also push innovation toward sustainable alternatives that are safer and more responsible. As ordinary citizens, we deserve a government that prioritizes our well-being over profits from disposable products. A total ban is a necessary step toward a cleaner, healthier future for everyone.",exemplification,incentives_and_power_dynamics,"For example, the government has the authority and responsibility to protect public health and the environment, and single-use plastics pose significant threats to both.",exemplification_incentives_and_power_dynamics,"I should examine what behaviors are encouraged, who holds power, and how interests align or conflict. ",For example,addition_and_elaboration,precedent_and_long_term_effects,"Moreover, bans on harmful products like leaded gasoline and tobacco have proven effective, showing that governments can successfully regulate dangerous materials for the public good.",addition_and_elaboration_precedent_and_long_term_effects,"I should evaluate historical precedents, long-term vs short-term tradeoffs, and obligations to future generations. ",Moreover,evidence_and_authority,precedent_and_long_term_effects,"Evidence shows that single-use plastics pollute oceans, harm wildlife, and break down into microplastics that enter our food chain, which poses serious long-term risks to human health and ecosystems.",evidence_and_authority_precedent_and_long_term_effects,"I should evaluate historical precedents, long-term vs short-term tradeoffs, and obligations to future generations. ",Evidence shows that,baseline,839,355,0.004804238235879304
47,0.0,,,synthesis_faithful,random,2,20260206_121538,1.3192007541656494,"The government should enforce a total ban on single-use plastics because the environmental damage they cause—especially in oceans and landfills—is severe and long-lasting. While some may argue that such a ban is inconvenient, the burden on individuals is outweighed by the massive benefits to ecosystems and public health. As a society, we have a moral duty to protect the planet for future generations, and reducing plastic waste is a fundamental part of that. The government has both the authority and the responsibility to implement policies that safeguard the common good, and a total ban is a bold but necessary action. Though vulnerable communities might face short-term challenges, these can be addressed through support programs and access to affordable alternatives. Rather than allowing the problem to grow, a decisive policy move is essential. Ultimately, protecting our environment and public health justifies a total ban on single-use plastics.",concession_and_contrast,justice_and_fairness,"However, the current system disproportionately affects vulnerable populations who rely on single-use plastics for hygiene and convenience, especially in low-income areas.",concession_and_contrast_justice_and_fairness,"I should analyze whether outcomes, processes, and distributions are fair to all parties involved. ",However,emphasis_and_evaluation,governance_and_accountability,"Importantly, the government has a responsibility to protect public health and the environment through enforceable regulations, and a total ban on single-use plastics is both necessary and justified under this duty.",emphasis_and_evaluation_governance_and_accountability,"I should consider legal frameworks, accountability mechanisms, democratic principles, and proper authority. ",Importantly,addition_and_elaboration,ethical_principles,"Moreover, we all have a moral obligation to reduce harm to the planet and future generations, and banning single-use plastics is a clear step toward fulfilling that responsibility.",addition_and_elaboration_ethical_principles,"I should evaluate actions based on moral rules, character virtues, relationships, and ethical obligations. ",Moreover,baseline,957,400,0.004631041631436392
9,0.0,,,synthesis_faithful,random,2,20260206_121538,1.2882018089294434,"If we don't act now, the environmental damage from single-use plastics will only grow worse, harming wildlife, polluting our oceans, and contributing to climate change. It's important to recognize that governments have a responsibility to protect public health and the environment, and a total ban is a clear, enforceable way to fulfill that duty. Importantly, while individuals can reduce plastic use, the scale of the problem requires systemic change, and only governments can mandate widespread action. A ban would push companies to innovate with sustainable alternatives and reduce plastic waste at the source. Even if it feels inconvenient at first, the long-term benefits for our planet and future generations far outweigh the short-term adjustments. We don’t need to wait for perfect solutions—we need bold action now. A total ban is not just possible, it’s necessary.",conditional,cost_benefit_and_impact_analysis,"If we don't act now, the environmental damage from single-use plastics will only grow worse, harming wildlife, polluting our oceans, and contributing to climate change.",conditional_cost_benefit_and_impact_analysis,"I should quantify and compare costs, benefits, and real-world impacts across economic, social, and environmental dimensions. ",If,sequence_and_transition,governance_and_accountability,"Next, it's important to recognize that governments have a responsibility to protect public health and the environment, and a total ban is a clear, enforceable way to fulfill that duty.",sequence_and_transition_governance_and_accountability,"I should consider legal frameworks, accountability mechanisms, democratic principles, and proper authority. ",Next,emphasis_and_evaluation,stakeholder_responsibility,"Importantly, while individuals can reduce plastic use, the scale of the problem requires systemic change, and only governments can mandate widespread action.",emphasis_and_evaluation_stakeholder_responsibility,"I should analyze who bears responsibility—whether government, individuals, corporations, or other institutions. ",Importantly,baseline,875,375,0.004474888089698671
463846,1.4589057703495696,,,synthesis_faithful,targeted,2,20260206_121005,1.068917989730835,"Single-use plastics are a major contributor to environmental pollution, clogging waterways and harming wildlife, especially marine life. A total government ban would push industries and consumers toward sustainable alternatives, reducing waste and protecting ecosystems for future generations. Countries like Canada and the European Union have already seen measurable improvements in waste reduction after implementing similar bans. While there may be short-term challenges, the long-term benefits—cleaner cities, less litter, and lower cleanup costs—far outweigh the inconvenience. As an everyday citizen, I believe we have a responsibility to act now to protect our planet, and a total ban is a clear, necessary step in that direction.",evidence_and_authority,feasibility_and_implementation,"Evidence shows that single-use plastics are a major source of pollution, especially in oceans and landfills, and a total ban would significantly reduce environmental harm.",evidence_and_authority_feasibility_and_implementation,I should evaluate whether the proposal can actually be implemented and enforced effectively. ,Evidence shows that,addition_and_elaboration,precedent_and_long_term_effects,"Moreover, many countries and cities that have already implemented bans have seen successful alternatives like reusable bags and compostable packaging become mainstream.",addition_and_elaboration_precedent_and_long_term_effects,"I should evaluate historical precedents, long-term vs short-term tradeoffs, and obligations to future generations. ",Moreover,evidence_and_authority,feasibility_and_implementation,"Evidence shows that single-use plastics are a major source of pollution, especially in oceans and landfills, and a total ban would significantly reduce environmental harm.",evidence_and_authority_feasibility_and_implementation,I should evaluate whether the proposal can actually be implemented and enforced effectively. ,Evidence shows that,targeted,737,67,0.00440638411530873
463246,1.4721643377049594,,,synthesis_faithful,targeted,3,20260206_121005,1.1456294059753418,"A total ban on single-use plastics is necessary because it’s already proven to work in many places around the world, where it has led to significant reductions in plastic pollution. It protects the environment by keeping harmful plastics out of oceans and rivers, which helps preserve wildlife and natural ecosystems. Even though some people worry about inconvenience, alternatives like reusable bags and containers are widely available and often more sustainable in the long run. The health risks from plastic contamination in food and water also make such a ban a smart public safety move. By acting now, the government can lead the way toward a cleaner, healthier future for everyone. It’s not just about convenience—it’s about protecting the planet for future generations.",evidence_and_authority,feasibility_and_implementation,"Evidence shows that bans on single-use plastics have been successfully implemented in various countries and cities, proving they are feasible and can lead to measurable reductions in plastic waste.",evidence_and_authority_feasibility_and_implementation,I should evaluate whether the proposal can actually be implemented and enforced effectively. ,Evidence shows that,addition_and_elaboration,justice_and_fairness,"Moreover, a total ban would reduce pollution in oceans and waterways, protecting marine life and ecosystems, which benefits everyone who values clean natural environments.",addition_and_elaboration_justice_and_fairness,"I should analyze whether outcomes, processes, and distributions are fair to all parties involved. ",Moreover,evidence_and_authority,feasibility_and_implementation,"Evidence shows that bans on single-use plastics have been successfully implemented in various countries and cities, proving they are feasible and can lead to measurable reductions in plastic waste.",evidence_and_authority_feasibility_and_implementation,I should evaluate whether the proposal can actually be implemented and enforced effectively. ,Evidence shows that,targeted,776,89,0.004352419357661445
458056,1.3835697397260949,,,synthesis_faithful,targeted,1,20260206_121005,1.0890076160430908,"Single-use plastics are a major source of pollution that harms wildlife and damages ecosystems, with lasting effects that future generations will have to bear. Banning them entirely would reduce environmental cleanup costs and protect natural resources essential for human survival. While some may worry about inconvenience, alternatives like reusable bags and biodegradable materials are already widely available and used in many places. Countries that have enacted such bans report positive outcomes, showing that the transition is possible with public support. A total ban sends a clear message about prioritizing long-term environmental health over short-term convenience. Given the severe ecological damage caused by plastic waste, taking decisive action now is both necessary and responsible.",evidence_and_authority,risk_and_unintended_consequences,"Evidence shows that single-use plastics are a major contributor to environmental pollution, especially in oceans and landfills, where they take hundreds of years to decompose and harm wildlife.",evidence_and_authority_risk_and_unintended_consequences,"I should identify risks, unintended outcomes, cascading effects, and potential for escalation. ",Evidence shows that,sequence_and_transition,cost_benefit_and_impact_analysis,"Next, banning these plastics would significantly reduce long-term environmental cleanup costs and prevent further degradation of ecosystems that support human livelihoods.",sequence_and_transition_cost_benefit_and_impact_analysis,"I should quantify and compare costs, benefits, and real-world impacts across economic, social, and environmental dimensions. ",Next,exemplification,feasibility_and_implementation,"For example, many countries have successfully implemented similar bans, and with public education and accessible alternatives, the transition is both feasible and manageable.",exemplification_feasibility_and_implementation,I should evaluate whether the proposal can actually be implemented and enforced effectively. ,For example,targeted,798,115,0.004170307429990333
21,0.0,,,synthesis_faithful,random,0,20260206_121538,1.2221226692199707,"The government should enforce a total ban on single-use plastics because they are a major source of pollution that harms ecosystems and human health. While some argue that such a ban exceeds government authority, the real issue isn’t overreach—it’s avoiding responsibility. Plastic pollution affects everyone, especially vulnerable communities and future generations, and the government has a clear duty to protect public well-being. Rather than relying on voluntary efforts that have failed for decades, a legal ban ensures accountability and creates a level playing field for businesses. The burden shouldn’t fall on individuals who have little control over plastic production—instead, the government must act to stop the source of the problem. With proper enforcement, a ban is not only feasible but necessary for long-term environmental and public health.",concession_and_contrast,governance_and_accountability,"However, banning single-use plastics is not a matter of legal or political authority—it's a practical necessity for protecting the environment and public health.",concession_and_contrast_governance_and_accountability,"I should consider legal frameworks, accountability mechanisms, democratic principles, and proper authority. ",However,exemplification,feasibility_and_implementation,"For example, if the government cannot enforce the ban, then it’s not a real policy, but merely a symbolic gesture. But if an enforcement mechanism exists, then the ban can take effect.",exemplification_feasibility_and_implementation,I should evaluate whether the proposal can actually be implemented and enforced effectively. ,For example,evidence_and_authority,stakeholder_responsibility,"Evidence shows that corporations produce the majority of single-use plastics, yet individuals are often blamed. A government ban shifts responsibility back to those who create the problem.",evidence_and_authority_stakeholder_responsibility,"I should analyze who bears responsibility—whether government, individuals, corporations, or other institutions. ",Evidence shows that,baseline,859,366,0.004165385932050202
39,0.0,,,synthesis_faithful,random,3,20260206_121538,1.1142516136169434,"The government should enforce a total ban on single-use plastics because individuals alone can't fix this crisis—systemic change requires policy. Without government action, companies have no real incentive to change since they prioritize profit over the environment. In fact, bans already work in many places, cutting down plastic waste and pushing innovation. With careful planning, a ban can be phased in fairly, helping businesses and people adapt. This is not just possible—it’s necessary to protect our planet for future generations.",emphasis_and_evaluation,stakeholder_responsibility,"Importantly, individuals alone cannot solve the plastic pollution crisis because they lack the power to enforce systemic change. When governments act, they can set standards and regulations that apply universally, ensuring everyone contributes to the solution.",emphasis_and_evaluation_stakeholder_responsibility,"I should analyze who bears responsibility—whether government, individuals, corporations, or other institutions. ",Importantly,emphasis_and_evaluation,incentives_and_power_dynamics,"Importantly, businesses often prioritize profit over sustainability, and without government enforcement, they have little incentive to switch to eco-friendly alternatives. A total ban forces industries to innovate and adopt greener practices.",emphasis_and_evaluation_incentives_and_power_dynamics,"I should examine what behaviors are encouraged, who holds power, and how interests align or conflict. ",Importantly,concession_and_contrast,feasibility_and_implementation,"However, a total ban is not only feasible but already in effect in many regions where it has significantly reduced plastic waste. With proper planning, the government can phase in the ban and support affected communities and industries.",concession_and_contrast_feasibility_and_implementation,I should evaluate whether the proposal can actually be implemented and enforced effectively. ,However,baseline,538,209,0.003930922614587517
463256,1.5837844361583922,,,synthesis_faithful,targeted,2,20260206_121005,1.124436855316162,"The government should enforce a total ban on single-use plastics because they cause serious environmental damage, polluting oceans and harming wildlife. While some may worry about the immediate inconvenience, the long-term benefits—like cleaner cities, healthier ecosystems, and lower waste disposal costs—are far more valuable. Countries like Canada and the EU have already shown that such bans can be implemented successfully without major disruptions. A nationwide ban would also push businesses to innovate and adopt sustainable alternatives, creating new green jobs. As a regular person, I believe we have a responsibility to protect the planet for future generations. A total ban is a bold but necessary step toward a more sustainable future.",evidence_and_authority,feasibility_and_implementation,"Evidence shows that single-use plastics contribute significantly to pollution, especially in oceans and landfills, and a government-enforced ban would be a decisive step toward reducing this environmental harm.",evidence_and_authority_feasibility_and_implementation,I should evaluate whether the proposal can actually be implemented and enforced effectively. ,Evidence shows that,addition_and_elaboration,justice_and_fairness,"Moreover, the long-term benefits of cleaner ecosystems, reduced wildlife harm, and lower waste management costs outweigh the short-term inconvenience of switching to alternatives.",addition_and_elaboration_justice_and_fairness,"I should analyze whether outcomes, processes, and distributions are fair to all parties involved. ",Moreover,exemplification,feasibility_and_implementation,"For example, countries like Canada and the EU have already implemented similar bans with successful results, proving that such policies are both feasible and enforceable.",exemplification_feasibility_and_implementation,I should evaluate whether the proposal can actually be implemented and enforced effectively. ,For example,targeted,748,76,0.003913638466970853
40,0.0,,,synthesis_faithful,random,4,20260206_121538,1.1189815998077393,"The government should enforce a total ban on single-use plastics because it has the legal authority and moral duty to protect public health and the environment. Such a ban would significantly reduce plastic pollution in oceans, rivers, and landfills, helping to preserve wildlife and ecosystems for future generations. While some may argue it limits personal freedom, the right to breathe clean air, drink safe water, and live in a non-toxic environment is a more essential freedom. A ban does not remove choice—it redirects it toward sustainable alternatives that benefit everyone. The long-term environmental and health costs of inaction far outweigh the short-term convenience of plastic use. Therefore, a government-led ban is a necessary and responsible step for the common good.",sequence_and_transition,governance_and_accountability,"Next, I will argue that the government has the lawful authority and responsibility to regulate harmful substances for public welfare.",sequence_and_transition_governance_and_accountability,"I should consider legal frameworks, accountability mechanisms, democratic principles, and proper authority. ",Next,emphasis_and_evaluation,cost_benefit_and_impact_analysis,"Importantly, a government ban on single-use plastics helps prevent environmental harm, reduces pollution, and protects ecosystems and human health.",emphasis_and_evaluation_cost_benefit_and_impact_analysis,"I should quantify and compare costs, benefits, and real-world impacts across economic, social, and environmental dimensions. ",Importantly,exemplification,rights_and_liberties,"For example, the freedom to avoid pollution and live in a cleaner, safer environment is a fundamental right that a plastic ban supports, not infringes upon.",exemplification_rights_and_liberties,"I should consider inalienable human rights, civil liberties, privacy protections, and the freedom to make one's own choices. ",For example,baseline,784,300,0.003890694374401627
463244,1.5058496546753144,,,synthesis_faithful,targeted,2,20260206_121005,0.9247336387634276,"The government should enforce a total ban on single-use plastics because it's a realistic and effective way to protect our environment. Many countries have already implemented such bans and seen positive results, like less plastic waste in oceans and cleaner public spaces. A ban would also reduce harm to animals that often mistake plastic for food, which is both cruel and dangerous. While some might worry about inconvenience, reusable alternatives are becoming more affordable and accessible every day. Ultimately, this action benefits everyone by preserving natural resources and lowering long-term cleanup costs. A total ban is a necessary step to ensure a healthier planet for future generations.",evidence_and_authority,feasibility_and_implementation,"Evidence shows that governments have successfully banned single-use plastics in multiple countries, proving it is feasible.",evidence_and_authority_feasibility_and_implementation,I should evaluate whether the proposal can actually be implemented and enforced effectively. ,Evidence shows that,addition_and_elaboration,justice_and_fairness,"Moreover, a ban would lead to a cleaner environment, reduce harm to wildlife, and decrease long-term pollution costs.",addition_and_elaboration_justice_and_fairness,"I should analyze whether outcomes, processes, and distributions are fair to all parties involved. ",Moreover,evidence_and_authority,governance_and_accountability,"Evidence shows that governments have successfully banned single-use plastics in multiple countries, proving it is feasible.",evidence_and_authority_governance_and_accountability,"I should consider legal frameworks, accountability mechanisms, democratic principles, and proper authority. ",Evidence shows that,targeted,703,41,0.0038849789894301254
413256,1.3711726293106918,,,synthesis_faithful,targeted,0,20260206_121005,1.047168493270874,"A total ban on single-use plastics goes too far because it restricts people's freedom to choose everyday products that are convenient and affordable. Many households, especially those with limited income, depend on single-use items for hygiene, safety, and cost efficiency—banning them would unfairly impact those who can't afford sustainable alternatives. Additionally, enforcing such a ban would require massive surveillance and punishment systems, which could lead to government overreach and waste public resources. Instead of a total ban, we should focus on education, incentives for reusable options, and better recycling infrastructure. These approaches respect personal freedom while still advancing environmental goals in a fair and practical way.",evidence_and_authority,rights_and_liberties,Evidence shows that the government should not enforce a total ban on single-use plastics because such a ban infringes on individual freedom and personal choice.,evidence_and_authority_rights_and_liberties,"I should consider inalienable human rights, civil liberties, privacy protections, and the freedom to make one's own choices. ",Evidence shows that,addition_and_elaboration,justice_and_fairness,"Moreover, a total ban could disproportionately affect low-income individuals who rely on affordable, convenient single-use items, making it an unfair policy burden.",addition_and_elaboration_justice_and_fairness,"I should analyze whether outcomes, processes, and distributions are fair to all parties involved. ",Moreover,exemplification,feasibility_and_implementation,"For example, enforcement would require extensive monitoring and penalties, which could strain public resources and lead to government overreach.",exemplification_feasibility_and_implementation,I should evaluate whether the proposal can actually be implemented and enforced effectively. ,For example,targeted,756,80,0.0038791095873573927
468056,1.4566591361643833,,,synthesis_faithful,targeted,2,20260206_121005,1.0670199394226074,"Single-use plastics are a major source of pollution, clogging waterways and harming wildlife, which makes a total government ban essential for protecting the environment. While some worry about inconvenience, many alternatives like reusable bags, glass containers, and paper packaging are already affordable and widely available. Countries such as Kenya and Rwanda have proven that strict bans can be enforced and lead to cleaner cities and less environmental damage. The long-term benefits to public health and ecosystems far outweigh the short-term adjustments needed. A total ban is not only feasible but a responsible step toward sustainable living. As an average person, I believe we can make this change for the sake of future generations.",evidence_and_authority,feasibility_and_implementation,"Evidence shows that single-use plastics contribute significantly to pollution and harm ecosystems, making a total ban a necessary step toward protecting the environment.",evidence_and_authority_feasibility_and_implementation,I should evaluate whether the proposal can actually be implemented and enforced effectively. ,Evidence shows that,sequence_and_transition,cost_benefit_and_impact_analysis,"Next, although some industries rely on these materials, alternatives like paper, glass, and reusable containers are already available and affordable for most consumers.",sequence_and_transition_cost_benefit_and_impact_analysis,"I should quantify and compare costs, benefits, and real-world impacts across economic, social, and environmental dimensions. ",Next,exemplification,feasibility_and_implementation,"For example, countries like Kenya and Rwanda have successfully implemented strict bans and seen dramatic reductions in plastic waste, proving that enforcement is possible.",exemplification_feasibility_and_implementation,I should evaluate whether the proposal can actually be implemented and enforced effectively. ,For example,targeted,745,74,0.0038700452245218338
465832,1.459909962045023,,,synthesis_faithful,targeted,1,20260206_121005,1.0196657180786133,"Single-use plastics are a major source of pollution that harms ecosystems and wildlife, so a total ban is a necessary step to protect our planet. Countries like Rwanda and Canada have already proven that such bans are feasible and effective in reducing plastic waste. With reusable and biodegradable alternatives readily available and affordable, making the switch is not difficult for everyday consumers. A ban would encourage innovation and push companies to design more sustainable products. Ultimately, protecting the environment for future generations is a responsibility we all share. Therefore, the government should enforce a total ban on single-use plastics to ensure long-term environmental health.",evidence_and_authority,feasibility_and_implementation,"Evidence shows that single-use plastics contribute significantly to pollution and harm wildlife, so a total ban is a practical and necessary step to protect the environment.",evidence_and_authority_feasibility_and_implementation,I should evaluate whether the proposal can actually be implemented and enforced effectively. ,Evidence shows that,exemplification,precedent_and_long_term_effects,"For example, countries like Rwanda and Canada have successfully implemented plastic bans, proving that such policies can work in real-world conditions.",exemplification_precedent_and_long_term_effects,"I should evaluate historical precedents, long-term vs short-term tradeoffs, and obligations to future generations. ",For example,addition_and_elaboration,justice_and_fairness,"Moreover, alternatives like reusable bags and biodegradable packaging are already widely available and affordable, so switching is not a hardship for most people.",addition_and_elaboration_justice_and_fairness,"I should analyze whether outcomes, processes, and distributions are fair to all parties involved. ",Moreover,targeted,708,45,0.0038099048268116116
0,0.0,,,synthesis_faithful,random,0,20260206_121538,1.233642816543579,"The government should enforce a total ban on single-use plastics because they cause widespread environmental harm that affects both nature and human health. These plastics don’t biodegrade and instead break down into microplastics that pollute oceans, soil, and even the air we breathe. Wildlife often mistakes plastic for food, leading to injury or death, and these toxins can eventually make their way into the food we eat. While some argue that alternatives may be less convenient, the long-term cost of not acting is far greater than the short-term adjustments. A ban would push innovation toward truly sustainable materials and encourage responsible consumer habits. Ultimately, protecting our planet and future generations requires bold, decisive action—starting with eliminating single-use plastics at the source.",clarification_and_specification,incentives_and_power_dynamics,"In other words, the government has the responsibility to protect public health and the environment, and single-use plastics pose serious risks to both.",clarification_and_specification_incentives_and_power_dynamics,"I should examine what behaviors are encouraged, who holds power, and how interests align or conflict. ",In other words,concession_and_contrast,risk_and_unintended_consequences,"However, these plastics often end up in oceans and landfills, where they can take hundreds of years to decompose, harming wildlife and contaminating ecosystems.",concession_and_contrast_risk_and_unintended_consequences,"I should identify risks, unintended outcomes, cascading effects, and potential for escalation. ",However,concession_and_contrast,risk_and_unintended_consequences,"However, the environmental damage from plastic pollution has already reached critical levels, with marine life ingesting plastic and microplastics entering the food chain.",concession_and_contrast_risk_and_unintended_consequences,"I should identify risks, unintended outcomes, cascading effects, and potential for escalation. ",However,baseline,820,341,0.003669846604643884
31,0.0,,,synthesis_faithful,random,4,20260206_121538,1.1380467414855957,"The government should enforce a total ban on single-use plastics because without strong legal action, individual efforts alone won’t be enough to create meaningful change. Plastic pollution is a systemic issue that requires systemic solutions, and governments have the authority and responsibility to implement sweeping policies that protect public health and the environment. While some may argue it’s too restrictive, the long-term benefits—cleaner oceans, healthier ecosystems, and reduced landfill waste—far outweigh short-term inconvenience. A total ban ensures consistent enforcement and prevents companies from exploiting loopholes. Ultimately, protecting our planet is a collective duty, and the government must lead by setting clear, enforceable standards. Without this leadership, we risk passing on a degraded world to future generations.",evidence_and_authority,governance_and_accountability,"Evidence shows that government enforcement is the most effective way to ensure widespread compliance with environmental regulations, especially when dealing with widespread behaviors like single-use plastic use.",evidence_and_authority_governance_and_accountability,"I should consider legal frameworks, accountability mechanisms, democratic principles, and proper authority. ",Evidence shows that,conditional,precedent_and_long_term_effects,"If the government doesn't take decisive action now, we risk irreversible environmental damage that future generations will have to bear.",conditional_precedent_and_long_term_effects,"I should evaluate historical precedents, long-term vs short-term tradeoffs, and obligations to future generations. ",If,clarification_and_specification,stakeholder_responsibility,"In other words, while individuals can reduce their use, it’s the government’s role to enforce standards that level the playing field and ensure everyone contributes fairly.",clarification_and_specification_stakeholder_responsibility,"I should analyze who bears responsibility—whether government, individuals, corporations, or other institutions. ",In other words,baseline,849,360,0.003588558667931272
40,0.0,,,synthesis_faithful,random,3,20260206_121538,1.0618164539337158,"A total ban on single-use plastics is essential because these materials cause severe environmental damage, choking wildlife and polluting oceans. Even though some might worry about inconvenience, the long-term health of the planet and human communities outweighs temporary discomfort. Plastic waste takes hundreds of years to decompose, and without a ban, pollution will only grow worse. A government-led ban ensures fairness, accountability, and consistency across regions, preventing companies from shifting harm to less regulated areas. It also encourages innovation in sustainable alternatives, creating new jobs and cleaner products. Ultimately, protecting our environment and public health is a responsibility we all share, and a total ban is the most effective way to meet that duty.",sequence_and_transition,governance_and_accountability,"Next, I should explain why a total ban is necessary to protect public health and the environment, emphasizing widespread pollution and harm to wildlife.",sequence_and_transition_governance_and_accountability,"I should consider legal frameworks, accountability mechanisms, democratic principles, and proper authority. ",Next,emphasis_and_evaluation,cost_benefit_and_impact_analysis,"Importantly, single-use plastics pollute oceans and harm animals, and a ban would reduce this damage significantly.",emphasis_and_evaluation_cost_benefit_and_impact_analysis,"I should quantify and compare costs, benefits, and real-world impacts across economic, social, and environmental dimensions. ",Importantly,exemplification,rights_and_liberties,"For example, banning single-use plastics means fewer plastic bags in landfills and cleaner rivers, which benefits everyone's health.",exemplification_rights_and_liberties,"I should consider inalienable human rights, civil liberties, privacy protections, and the freedom to make one's own choices. ",For example,baseline,790,308,0.0035246060193224356
463254,1.3743228339534557,,,synthesis_faithful,targeted,1,20260206_121005,1.0716502666473389,"A total ban on single-use plastics is necessary because it effectively reduces environmental pollution and protects ecosystems and wildlife from long-term harm. Governments have successfully enforced similar bans in other countries, proving it's both practical and achievable. Since plastic waste harms our oceans, air, and soil, and contributes to climate change, regulating it is no different from banning other dangerous products for public health. The long-term benefits—cleaner communities, healthier wildlife, and innovation in sustainable materials—far outweigh short-term inconvenience. It's a responsible action that aligns with protecting the planet for future generations. Therefore, the government should enforce a total ban on single-use plastics to safeguard our environment and public well-being.",evidence_and_authority,feasibility_and_implementation,Evidence shows that enforcing a total ban on single-use plastics is feasible and effective in many regions that have already implemented similar policies.,evidence_and_authority_feasibility_and_implementation,I should evaluate whether the proposal can actually be implemented and enforced effectively. ,Evidence shows that,addition_and_elaboration,justice_and_fairness,"Moreover, such a ban reduces environmental pollution, protects wildlife, and promotes sustainable alternatives, which benefits everyone in the long term.",addition_and_elaboration_justice_and_fairness,"I should analyze whether outcomes, processes, and distributions are fair to all parties involved. ",Moreover,exemplification,governance_and_accountability,"For example, governments already regulate harmful substances and products for public safety—plastic pollution is a similarly serious threat that warrants regulation.",exemplification_governance_and_accountability,"I should consider legal frameworks, accountability mechanisms, democratic principles, and proper authority. ",For example,targeted,811,129,0.0035127731409295027
3,0.0,,,synthesis_faithful,random,2,20260206_121538,1.137582540512085,"Single-use plastics are a major source of pollution that harm wildlife, clog waterways, and persist in ecosystems for centuries. They contribute significantly to environmental degradation and pose long-term risks to human health through microplastic contamination. A government-enforced ban is a clear and effective way to reduce this harm on a large scale. Fortunately, reusable alternatives are widely available and affordable, meaning people can easily adapt without sacrificing convenience. The ban doesn’t restrict personal freedom—it simply encourages smarter, more sustainable choices. By taking strong action now, the government can protect natural resources for future generations. In conclusion, a total ban on single-use plastics is a necessary step to protect the environment and public health.",emphasis_and_evaluation,incentives_and_power_dynamics,"Importantly, single-use plastics are a major source of pollution that harm wildlife, clog waterways, and persist in ecosystems for centuries.",emphasis_and_evaluation_incentives_and_power_dynamics,"I should examine what behaviors are encouraged, who holds power, and how interests align or conflict. ",Importantly,conclusion_and_summary,feasibility_and_implementation,"In conclusion, a government-enforced ban on single-use plastics is a necessary step to protect the environment and public health.",conclusion_and_summary_feasibility_and_implementation,I should evaluate whether the proposal can actually be implemented and enforced effectively. ,In conclusion,addition_and_elaboration,rights_and_liberties,"Moreover, banning single-use plastics doesn’t infringe on personal freedom—most people can easily switch to reusable alternatives like cloth bags, metal straws, and glass containers.",addition_and_elaboration_rights_and_liberties,"I should consider inalienable human rights, civil liberties, privacy protections, and the freedom to make one's own choices. ",Moreover,baseline,806,325,0.0031050959260162415
483056,1.3746983650092697,,,synthesis_faithful,targeted,4,20260206_121005,1.3257615566253662,"Plastic pollution is devastating our oceans and wildlife, and a total ban on single-use plastics is the most effective way to stop this damage before it gets worse. We already have safe, affordable alternatives like reusable bags and compostable packaging, so switching isn't difficult or unrealistic. Countries around the world have already done this, proving that a ban can work with proper planning and public cooperation. Protecting the planet for future generations means taking bold action now, and a total ban is the clearest step we can take. It’s not just about the environment—it’s about our health, our children’s future, and our responsibility to the Earth. We shouldn’t wait for disaster to act—this ban is long overdue and fully achievable.",evidence_and_authority,precedent_and_long_term_effects,"Evidence shows that plastic waste has severely damaged ecosystems, with oceans containing over 150 million tons of plastic, harming marine life and entering the food chain. Given the irreversible environmental damage, a ban is a necessary step to protect both nature and human health.",evidence_and_authority_precedent_and_long_term_effects,"I should evaluate historical precedents, long-term vs short-term tradeoffs, and obligations to future generations. ",Evidence shows that,addition_and_elaboration,cost_benefit_and_impact_analysis,"Moreover, alternatives like reusable bags, glass containers, and biodegradable materials already exist and are widely used in other countries, proving that a ban is practical and manageable without overwhelming consumers or businesses.",addition_and_elaboration_cost_benefit_and_impact_analysis,"I should quantify and compare costs, benefits, and real-world impacts across economic, social, and environmental dimensions. ",Moreover,exemplification,feasibility_and_implementation,"For example, countries like Rwanda and Canada have successfully implemented plastic bans with strong public support and clear regulations, showing that enforcement is feasible even in diverse societies.",exemplification_feasibility_and_implementation,I should evaluate whether the proposal can actually be implemented and enforced effectively. ,For example,targeted,754,79,0.002942728646338745
36,0.0,,,synthesis_faithful,random,3,20260206_121538,1.0114030838012695,"We must act decisively to stop the growing pollution crisis caused by single-use plastics. Even though some alternatives like bioplastics are marketed as eco-friendly, they often require specific conditions to break down and can still contribute to pollution when not properly managed. A total ban forces innovation, pushing companies to develop truly sustainable solutions rather than relying on greenwashing. History shows that banning harmful materials—like leaded gasoline and asbestos—has led to safer alternatives and long-term public benefits. Protecting the planet for future generations demands bold, immediate action, and a total ban is the most effective way to achieve that goal.",sequence_and_transition,risk_and_unintended_consequences,"Next-generation plastics and biodegradable alternatives may not be as sustainable as they seem, and relying on them could delay real solutions.",sequence_and_transition_risk_and_unintended_consequences,"I should identify risks, unintended outcomes, cascading effects, and potential for escalation. ",Next,causal_reasoning,precedent_and_long_term_effects,"Therefore, a total ban on single-use plastics is necessary to prevent long-term environmental harm and protect future generations.",causal_reasoning_precedent_and_long_term_effects,"I should evaluate historical precedents, long-term vs short-term tradeoffs, and obligations to future generations. ",Therefore,addition_and_elaboration,precedent_and_long_term_effects,"Moreover, past bans on harmful substances like leaded gasoline and asbestos show that strong government action can drive innovation and public health improvements.",addition_and_elaboration_precedent_and_long_term_effects,"I should evaluate historical precedents, long-term vs short-term tradeoffs, and obligations to future generations. ",Moreover,baseline,691,237,0.002897292841914166
30,0.0,,,synthesis_faithful,random,0,20260206_121538,1.102224826812744,"Single-use plastics are a major source of pollution, harming wildlife, clogging waterways, and contributing to climate change. Governments have a responsibility to protect public health and the environment, and a ban on single-use plastics is a necessary step toward fulfilling that duty. Such a ban would promote fairness by shifting the burden of pollution from communities and ecosystems to the manufacturers and industries that produce these harmful materials. While some may argue it inconveniences consumers, reusable alternatives are widely available and more sustainable in the long run. A ban encourages innovation, reduces waste, and protects natural resources for future generations. Ultimately, this policy reflects a commitment to environmental stewardship and long-term public well-being.",exemplification,incentives_and_power_dynamics,"For example, single-use plastics are a major source of pollution, and a ban would reduce waste and protect the environment.",exemplification_incentives_and_power_dynamics,"I should examine what behaviors are encouraged, who holds power, and how interests align or conflict. ",For example,addition_and_elaboration,governance_and_accountability,"Moreover, governments have the responsibility to protect public health and the environment, and a ban on single-use plastics is a necessary step toward fulfilling that duty.",addition_and_elaboration_governance_and_accountability,"I should consider legal frameworks, accountability mechanisms, democratic principles, and proper authority. ",Moreover,causal_reasoning,justice_and_fairness,"Therefore, a ban would promote fairness by shifting the burden of pollution from communities and ecosystems to manufacturers and industries that produce these harmful materials.",causal_reasoning_justice_and_fairness,"I should analyze whether outcomes, processes, and distributions are fair to all parties involved. ",Therefore,baseline,802,318,0.002776802518950337
463852,1.4933226899583765,,,synthesis_faithful,targeted,4,20260206_121005,0.977696657180786,"The government should enforce a total ban on single-use plastics because they are a major source of pollution that harms ecosystems, wildlife, and human health. Many regions around the world have already implemented similar bans with positive results, showing that it is both practical and effective to move away from plastic waste. Plus, sustainable alternatives are increasingly available and affordable, meaning people can easily adapt without significant hardship. A ban is not just an environmental necessity—it’s a responsible step toward protecting future generations and preserving the planet we all share.",evidence_and_authority,feasibility_and_implementation,"Evidence shows that single-use plastics are a major contributor to environmental pollution, especially in oceans and landfills, and a total ban would significantly reduce this impact.",evidence_and_authority_feasibility_and_implementation,I should evaluate whether the proposal can actually be implemented and enforced effectively. ,Evidence shows that,addition_and_elaboration,precedent_and_long_term_effects,"Moreover, many countries and cities have already successfully implemented bans on single-use plastics, proving that such policies are practical and feasible for widespread adoption.",addition_and_elaboration_precedent_and_long_term_effects,"I should evaluate historical precedents, long-term vs short-term tradeoffs, and obligations to future generations. ",Moreover,exemplification,justice_and_fairness,"For example, alternatives like reusable bags, glass containers, and compostable materials are becoming more accessible and affordable, making the shift sustainable for everyday people.",exemplification_justice_and_fairness,"I should analyze whether outcomes, processes, and distributions are fair to all parties involved. ",For example,targeted,614,11,0.0027251583522808894
19,0.0,,,synthesis_faithful,random,3,20260206_121538,1.0674211978912354,"The government should enforce a total ban on single-use plastics because individual efforts alone won’t solve the scale of pollution we face. Without strong policy action, companies will continue prioritizing profit over the environment, leaving the burden on everyday citizens. It’s especially unfair that low-income communities often bear the brunt of plastic waste, even though they have the fewest resources to respond. A ban ensures that everyone shares the responsibility and that the solution isn’t left to chance or personal choice. This kind of rule is needed to protect public health and the planet for future generations. Ultimately, the government has a duty to act when environmental threats are too big for individuals to handle alone.",causal_reasoning,stakeholder_responsibility,"Therefore, government intervention is necessary because individuals and companies alone cannot be relied upon to drive systemic change.",causal_reasoning_stakeholder_responsibility,"I should analyze who bears responsibility—whether government, individuals, corporations, or other institutions. ",Therefore,conclusion_and_summary,justice_and_fairness,"In conclusion, a government-enforced ban is the fairest way to ensure that environmental responsibility is shared equitably across all sectors of society.",conclusion_and_summary_justice_and_fairness,"I should analyze whether outcomes, processes, and distributions are fair to all parties involved. ",In conclusion,exemplification,justice_and_fairness,"For example, it’s unfair for low-income communities to suffer the most from plastic pollution while having fewer resources to manage waste or adopt alternatives.",exemplification_justice_and_fairness,"I should analyze whether outcomes, processes, and distributions are fair to all parties involved. ",For example,baseline,749,277,0.0027150376701508567
47,0.0,,,synthesis_faithful,random,1,20260206_121538,1.121965408325195,"Single-use plastics cause lasting environmental damage and disproportionately affect vulnerable communities, making a total ban essential for fairness. Governments have both the power and responsibility to protect public health and the planet, and a ban is a necessary step toward fulfilling that duty. Beyond legality, it’s our moral obligation to preserve the Earth for future generations and protect ecosystems that sustain life. A ban encourages innovation in sustainable alternatives and reduces pollution in rivers, oceans, and landfills. While some may worry about inconvenience, the long-term benefits far outweigh temporary adjustments. We can’t afford to wait—our planet is already suffering. A total ban is not just practical, it’s the right thing to do.",concession_and_contrast,justice_and_fairness,"However, the current system of single-use plastics disproportionately harms the environment and public health, especially in low-income communities that bear the brunt of pollution and waste.",concession_and_contrast_justice_and_fairness,"I should analyze whether outcomes, processes, and distributions are fair to all parties involved. ",However,emphasis_and_evaluation,governance_and_accountability,"Importantly, governments have the authority and responsibility to protect citizens and ecosystems, and a total ban aligns with this duty by preventing long-term harm.",emphasis_and_evaluation_governance_and_accountability,"I should consider legal frameworks, accountability mechanisms, democratic principles, and proper authority. ",Importantly,addition_and_elaboration,ethical_principles,"Moreover, reducing plastic waste is a moral obligation we owe to future generations and the natural world, who cannot speak for themselves.",addition_and_elaboration_ethical_principles,"I should evaluate actions based on moral rules, character virtues, relationships, and ethical obligations. ",Moreover,baseline,765,288,0.0027083325610252913
48,0.0,,,synthesis_faithful,random,4,20260206_121538,1.2267522811889648,"Single-use plastics are a major source of pollution that harms wildlife, contaminates waterways, and lasts for hundreds of years in the environment. While some may argue it's inconvenient, alternatives like reusable bags and compostable packaging are already accessible and used in many places around the world. A government-enforced ban is not only possible but essential to protect our planet and future generations. The long-term environmental and health benefits far outweigh any short-term adjustments people might need to make. Inaction leads to irreversible damage, while decisive action now ensures cleaner communities and a healthier Earth. We don’t need to wait for perfect solutions—we can start with what we know works. The time to act is now.",sequence_and_transition,cost_benefit_and_impact_analysis,"Next, the environmental damage caused by single-use plastics is severe and widespread, harming marine life, polluting ecosystems, and contributing to long-term pollution that cannot be easily reversed.",sequence_and_transition_cost_benefit_and_impact_analysis,"I should quantify and compare costs, benefits, and real-world impacts across economic, social, and environmental dimensions. ",Next,concession_and_contrast,feasibility_and_implementation,"However, governments already have the authority and tools to ban harmful materials, and a total ban on single-use plastics is both feasible and necessary to protect public health and the environment.",concession_and_contrast_feasibility_and_implementation,I should evaluate whether the proposal can actually be implemented and enforced effectively. ,However,evidence_and_authority,cost_benefit_and_impact_analysis,"Evidence shows that alternatives like reusable bags, containers, and biodegradable materials are already available and widely adopted in many countries, proving a ban is practical and does not disrupt daily life.",evidence_and_authority_cost_benefit_and_impact_analysis,"I should quantify and compare costs, benefits, and real-world impacts across economic, social, and environmental dimensions. ",Evidence shows that,baseline,755,282,0.0026400549530392727
465835,1.4130162126221837,,,synthesis_faithful,targeted,2,20260206_121005,1.141017198562622,"Single-use plastics are a major contributor to pollution, clogging waterways and harming wildlife, and a total government ban would be a decisive step toward protecting the environment. Countries like Rwanda and Kenya have already shown that such bans are practical and can lead to cleaner communities and less waste. Rather than causing economic disruption, a ban would drive innovation in eco-friendly materials, creating new industries and jobs. As a regular person concerned about our planet’s future, I believe we must act now to reduce plastic waste for the sake of our children and the Earth. The benefits far outweigh the short-term inconvenience of change. A total ban is not just possible—it’s necessary.",evidence_and_authority,feasibility_and_implementation,"Evidence shows that single-use plastics are a major source of pollution, especially in oceans and landfills, and a total ban would significantly reduce this environmental damage.",evidence_and_authority_feasibility_and_implementation,I should evaluate whether the proposal can actually be implemented and enforced effectively. ,Evidence shows that,exemplification,precedent_and_long_term_effects,"For example, countries like Rwanda and Kenya have successfully implemented strict bans on plastic bags, leading to cleaner cities and reduced waste, proving that such policies are both feasible and effective.",exemplification_precedent_and_long_term_effects,"I should evaluate historical precedents, long-term vs short-term tradeoffs, and obligations to future generations. ",For example,addition_and_elaboration,risk_and_unintended_consequences,"Moreover, banning single-use plastics encourages innovation in sustainable alternatives, such as biodegradable packaging, which can create new jobs and reduce long-term environmental costs.",addition_and_elaboration_risk_and_unintended_consequences,"I should identify risks, unintended outcomes, cascading effects, and potential for escalation. ",Moreover,targeted,714,50,0.0026211374140176465
403056,1.3746983650092697,,,synthesis_faithful,targeted,1,20260206_121005,0.9982829093933104,"Single-use plastics are a major source of pollution, harming wildlife and clogging ecosystems, especially in oceans and waterways. A total ban would drastically reduce this harm and protect natural environments for future generations. Fortunately, reusable and eco-friendly alternatives are now widely available and affordable, so switching is both realistic and easy for people like me. Other countries have already shown that such bans can be enforced successfully without major disruption. By acting now, the government can lead a meaningful shift toward sustainability. It’s not just about convenience—it’s about responsibility to our planet and future generations.",evidence_and_authority,cost_benefit_and_impact_analysis,"Evidence shows that single-use plastics cause massive environmental harm, including pollution in oceans and harm to wildlife, and a ban would significantly reduce this damage.",evidence_and_authority_cost_benefit_and_impact_analysis,"I should quantify and compare costs, benefits, and real-world impacts across economic, social, and environmental dimensions. ",Evidence shows that,addition_and_elaboration,cost_benefit_and_impact_analysis,"Moreover, many alternatives like reusable bags, paper, or compostable materials are already affordable and accessible, making a ban practical for everyday life.",addition_and_elaboration_cost_benefit_and_impact_analysis,"I should quantify and compare costs, benefits, and real-world impacts across economic, social, and environmental dimensions. ",Moreover,exemplification,feasibility_and_implementation,"For example, countries like Canada and the EU have successfully implemented partial bans, proving that such policies can work in large, complex societies.",exemplification_feasibility_and_implementation,I should evaluate whether the proposal can actually be implemented and enforced effectively. ,For example,targeted,669,23,0.002570829215002647
453256,1.451441093315914,,,synthesis_faithful,targeted,0,20260206_121005,0.9277236461639404,"Single-use plastics are a major source of pollution, harming ecosystems and wildlife, especially in oceans and landfills where they persist for centuries. A total ban would drive innovation in eco-friendly alternatives, reducing long-term environmental damage while creating new opportunities for green businesses. Real-world examples, such as Kenya and Canada, show that such bans can be effectively enforced and lead to significant environmental improvements. As an average person concerned about clean communities and a healthier planet, supporting a ban makes sense—it’s a necessary step toward protecting the environment we all share.",evidence_and_authority,risk_and_unintended_consequences,"Evidence shows that single-use plastics are a major source of pollution, particularly in oceans and landfills, where they persist for centuries and harm wildlife.",evidence_and_authority_risk_and_unintended_consequences,"I should identify risks, unintended outcomes, cascading effects, and potential for escalation. ",Evidence shows that,addition_and_elaboration,justice_and_fairness,"Moreover, a ban would encourage innovation in sustainable alternatives, ultimately benefiting consumers and the environment in the long term.",addition_and_elaboration_justice_and_fairness,"I should analyze whether outcomes, processes, and distributions are fair to all parties involved. ",Moreover,exemplification,feasibility_and_implementation,"For example, countries like Kenya and Canada have already implemented bans with measurable success, proving that enforcement is feasible.",exemplification_feasibility_and_implementation,I should evaluate whether the proposal can actually be implemented and enforced effectively. ,For example,targeted,639,15,0.0024460382637267607
30,0.0,,,synthesis_faithful,random,4,20260206_121538,1.3388445377349854,"The government should enforce a total ban on single-use plastics because these materials cause widespread environmental damage and pose serious risks to public health. Even though some industries benefit from their use, the long-term costs to ecosystems and human well-being far outweigh short-term economic gains. A ban would promote fairness by ensuring that no one—especially vulnerable communities—ends up suffering the consequences of plastic pollution. It’s the government’s duty to protect citizens and the planet, and failing to act is a breach of that responsibility. Without strong regulations, we’re left with a system that prioritizes profit over people and future generations. A total ban is a bold but essential step toward sustainable living and environmental justice.",exemplification,incentives_and_power_dynamics,"For example, if a government is primarily influenced by corporations that profit from single-use plastics, we might expect to see policies that favor these industries, even if they harm the environment. This creates a conflict of interest that undermines public welfare.",exemplification_incentives_and_power_dynamics,"I should examine what behaviors are encouraged, who holds power, and how interests align or conflict. ",For example,addition_and_elaboration,governance_and_accountability,"Moreover, if the government fails to act, it abdicates its responsibility to protect public health and the environment—especially when evidence shows that single-use plastics cause long-term harm, such as pollution and microplastic contamination in food and water.",addition_and_elaboration_governance_and_accountability,"I should consider legal frameworks, accountability mechanisms, democratic principles, and proper authority. ",Moreover,causal_reasoning,justice_and_fairness,"Therefore, enforcing a total ban on single-use plastics is a fair and necessary step to protect future generations, prevent environmental degradation, and ensure that no one bears the disproportionate burden of pollution.",causal_reasoning_justice_and_fairness,"I should analyze whether outcomes, processes, and distributions are fair to all parties involved. ",Therefore,baseline,783,299,0.0021862186710440695
21,0.0,,,synthesis_faithful,random,2,20260206_121538,1.119551420211792,"The government should enforce a total ban on single-use plastics because it has the authority and responsibility to protect public health and the environment. While some may argue that such a ban infringes on personal freedom, it is a reasonable measure to prevent widespread pollution and harm to ecosystems. Governments have successfully implemented similar bans in other countries, demonstrating that enforcement is feasible and effective. Moreover, holding corporations accountable for producing harmful products is a core function of public policy. A ban empowers communities to reduce plastic waste and encourages innovation in sustainable alternatives. Ultimately, the government’s role includes making tough decisions for the greater good, and a total ban on single-use plastics is a necessary step toward a cleaner, healthier future.",concession_and_contrast,governance_and_accountability,"However, it is not a legal requirement for a government to enforce a ban on single-use plastics—this is a policy decision that reflects societal values and priorities.",concession_and_contrast_governance_and_accountability,"I should consider legal frameworks, accountability mechanisms, democratic principles, and proper authority. ",However,exemplification,feasibility_and_implementation,"For example, the government can implement such a ban through regulations and legislation, ensuring that it is enforceable and monitored for compliance.",exemplification_feasibility_and_implementation,I should evaluate whether the proposal can actually be implemented and enforced effectively. ,For example,evidence_and_authority,stakeholder_responsibility,"Evidence shows that governments have the authority and responsibility to regulate harmful products, especially when they contribute to environmental degradation and public health risks.",evidence_and_authority_stakeholder_responsibility,"I should analyze who bears responsibility—whether government, individuals, corporations, or other institutions. ",Evidence shows that,baseline,842,356,0.002161591627016397
28,0.0,,,synthesis_faithful,random,0,20260206_121538,1.323728322982788,"We have a moral obligation to protect the planet for future generations, who will face dire consequences if we continue polluting with single-use plastics. Governments are entrusted with the responsibility to safeguard public health and the environment, and enforcing a total ban is a clear, necessary action to fulfill that duty. While some may claim it limits personal freedom, the right to live in a clean and safe world is more fundamental than the convenience of disposable plastic products. The long-term benefits to ecosystems, wildlife, and human health far outweigh the short-term inconvenience. History shows that society can adapt to necessary regulations, such as smoking bans and seatbelt laws, and public opinion often shifts in favor of environmental protection over time. Therefore, a total ban on single-use plastics is not only justified but essential for a sustainable future.",clarification_and_specification,precedent_and_long_term_effects,"In other words, even if the initial cost is high, we have a moral obligation to protect the planet for future generations, who will suffer the consequences of today's pollution if we don't act now.",clarification_and_specification_precedent_and_long_term_effects,"I should evaluate historical precedents, long-term vs short-term tradeoffs, and obligations to future generations. ",In other words,addition_and_elaboration,governance_and_accountability,"Moreover, governments have the legal and ethical responsibility to protect public health and the environment, and a total ban on single-use plastics is a necessary step to fulfill that duty.",addition_and_elaboration_governance_and_accountability,"I should consider legal frameworks, accountability mechanisms, democratic principles, and proper authority. ",Moreover,conclusion_and_summary,rights_and_liberties,"In conclusion, while some might argue about personal freedom, the right to clean air, water, and a healthy environment is more fundamental than the convenience of disposable plastics.",conclusion_and_summary_rights_and_liberties,"I should consider inalienable human rights, civil liberties, privacy protections, and the freedom to make one's own choices. ",In conclusion,baseline,895,387,0.002025067535284183
463226,1.3759924927282563,,,synthesis_faithful,targeted,1,20260206_121005,1.0659091472625732,"Single-use plastics are a major contributor to environmental pollution, filling our oceans and landfills with waste that takes hundreds of years to decompose. A government-enforced total ban would push industries to develop eco-friendly alternatives, leading to innovation and new green jobs. While some might worry about inconvenience, many places around the world have already adopted such bans without widespread issues, proving they are both practical and effective. The long-term benefits to public health and the planet far outweigh short-term adjustments. It’s time we take bold steps to protect our environment, and a total ban is the most decisive way to do it.",evidence_and_authority,feasibility_and_implementation,"Evidence shows that single-use plastics are a major source of pollution, especially in oceans and landfills, so banning them is a practical first step toward reducing environmental harm.",evidence_and_authority_feasibility_and_implementation,I should evaluate whether the proposal can actually be implemented and enforced effectively. ,Evidence shows that,addition_and_elaboration,justice_and_fairness,"Moreover, banning single-use plastics would encourage companies to innovate with sustainable alternatives, which could create new green jobs and benefit the economy in the long run.",addition_and_elaboration_justice_and_fairness,"I should analyze whether outcomes, processes, and distributions are fair to all parties involved. ",Moreover,concession_and_contrast,feasibility_and_implementation,"However, a total ban is feasible, as many cities and countries have already successfully implemented similar policies without major disruptions to daily life.",concession_and_contrast_feasibility_and_implementation,I should evaluate whether the proposal can actually be implemented and enforced effectively. ,However,targeted,670,24,0.0020026263058570805
443256,1.3711726293106918,,,synthesis_faithful,targeted,4,20260206_121005,0.8709161281585693,"The government should enforce a total ban on single-use plastics because it has the legal authority and moral responsibility to protect public health and the environment under existing environmental laws. A total ban ensures fairness by stopping corporations from shifting pollution and cleanup costs onto communities and future generations. With successful examples in countries like Canada and the EU showing that such bans are enforceable and effective, a total ban is both realistic and necessary for long-term ecological and social well-being.",evidence_and_authority,governance_and_accountability,"Evidence shows that governments have the legal authority and responsibility to regulate harmful substances, including single-use plastics, under environmental protection laws.",evidence_and_authority_governance_and_accountability,"I should consider legal frameworks, accountability mechanisms, democratic principles, and proper authority. ",Evidence shows that,addition_and_elaboration,justice_and_fairness,"Moreover, a total ban ensures fair treatment by preventing corporations from externalizing environmental costs onto communities and future generations.",addition_and_elaboration_justice_and_fairness,"I should analyze whether outcomes, processes, and distributions are fair to all parties involved. ",Moreover,exemplification,feasibility_and_implementation,"For example, countries like Canada and the EU have already implemented partial bans that are proving effective; a total ban is feasible with proper planning and public support.",exemplification_feasibility_and_implementation,I should evaluate whether the proposal can actually be implemented and enforced effectively. ,For example,targeted,548,6,0.0019071743784714248
483256,1.3711726293106918,,,synthesis_faithful,targeted,0,20260206_121005,0.8777580261230469,"Single-use plastics are a major source of environmental harm, killing millions of animals annually and polluting oceans and land. The burden of dealing with this pollution often falls on poorer communities and nations that lack the resources to manage it. Fortunately, several countries have already proven that banning these plastics is feasible and can be done without crippling economies, switching instead to sustainable alternatives. A total ban is not just necessary—it’s a responsible step to protect both nature and future generations.",evidence_and_authority,precedent_and_long_term_effects,"Evidence shows that single-use plastics have severely damaged ecosystems and wildlife, with millions of animals harmed or killed each year due to plastic pollution.",evidence_and_authority_precedent_and_long_term_effects,"I should evaluate historical precedents, long-term vs short-term tradeoffs, and obligations to future generations. ",Evidence shows that,addition_and_elaboration,justice_and_fairness,"Moreover, the burden of cleaning up plastic waste falls disproportionately on communities and developing nations, which lack the infrastructure to handle such pollution.",addition_and_elaboration_justice_and_fairness,"I should analyze whether outcomes, processes, and distributions are fair to all parties involved. ",Moreover,exemplification,feasibility_and_implementation,"For example, many countries that have implemented bans on single-use plastics have successfully transitioned to biodegradable alternatives without major economic disruption.",exemplification_feasibility_and_implementation,I should evaluate whether the proposal can actually be implemented and enforced effectively. ,For example,targeted,543,5,0.0018588043270311718
48,0.0,,,synthesis_faithful,random,2,20260206_121538,1.0136783123016355,"The government should enforce a total ban on single-use plastics because these materials are a major source of pollution that harms marine life and ecosystems. Even though some people worry about inconvenience or cost, reusable options are now widely available and often cheaper in the long run. Voluntary actions and partial regulations haven’t been enough—without a strong, mandatory policy, plastic waste will keep piling up. A ban would push businesses and individuals to innovate and switch to sustainable alternatives. This kind of national action is essential to protect our environment and public health for future generations. The benefits far outweigh the short-term adjustments needed to make the change.",sequence_and_transition,cost_benefit_and_impact_analysis,"Next, I'll explain how this ban would directly reduce plastic pollution in oceans and ecosystems, which is a growing problem affecting wildlife and human health.",sequence_and_transition_cost_benefit_and_impact_analysis,"I should quantify and compare costs, benefits, and real-world impacts across economic, social, and environmental dimensions. ",Next,concession_and_contrast,feasibility_and_implementation,"However, even with challenges, a government-enforced ban is necessary because voluntary efforts have failed to make meaningful progress.",concession_and_contrast_feasibility_and_implementation,I should evaluate whether the proposal can actually be implemented and enforced effectively. ,However,evidence_and_authority,cost_benefit_and_impact_analysis,"Evidence shows that reusable alternatives are becoming more affordable and accessible, making the transition not only possible but already underway in many communities.",evidence_and_authority_cost_benefit_and_impact_analysis,"I should quantify and compare costs, benefits, and real-world impacts across economic, social, and environmental dimensions. ",Evidence shows that,baseline,715,252,0.0017788134068862959
423056,1.420625469336111,,,synthesis_faithful,targeted,2,20260206_121005,0.9481534957885742,"Single-use plastics are a major source of pollution that harm wildlife, clog waterways, and contribute to long-term environmental damage. Banning them would push industries to develop eco-friendly alternatives, reducing waste and lowering cleanup costs over time. While some may worry about inconvenience, real-world examples show that bans can be implemented smoothly with public cooperation and support. The environmental and long-term economic benefits far outweigh short-term challenges. A total ban is a necessary step toward protecting our planet for future generations. As someone concerned about the health of our environment and communities, I believe this action is both responsible and achievable.",evidence_and_authority,justice_and_fairness,"Evidence shows that single-use plastics contribute significantly to environmental pollution, harming ecosystems and wildlife.",evidence_and_authority_justice_and_fairness,"I should analyze whether outcomes, processes, and distributions are fair to all parties involved. ",Evidence shows that,addition_and_elaboration,cost_benefit_and_impact_analysis,"Moreover, banning single-use plastics encourages innovation in sustainable alternatives and reduces long-term cleanup costs for communities and governments.",addition_and_elaboration_cost_benefit_and_impact_analysis,"I should quantify and compare costs, benefits, and real-world impacts across economic, social, and environmental dimensions. ",Moreover,exemplification,feasibility_and_implementation,"For example, countries that have implemented similar bans have seen successful transitions, proving it's feasible with proper planning and public support.",exemplification_feasibility_and_implementation,I should evaluate whether the proposal can actually be implemented and enforced effectively. ,For example,targeted,708,46,0.0017333670833745377
1,0.0,,,synthesis_faithful,random,4,20260206_121538,1.0223357677459717,"A total ban on single-use plastics infringes upon personal freedoms by restricting everyday choices that individuals make without harming others. It disproportionately impacts low-income communities who depend on affordable, convenient alternatives that single-use plastics offer. Furthermore, such a ban could lead to unintended environmental consequences, like increased reliance on materials such as paper or thicker plastics, which require more energy and resources to produce and may contribute to deforestation or higher carbon emissions. Rather than imposing blanket restrictions, a more balanced approach—like incentivizing reuse and investing in sustainable alternatives—would support environmental goals without undermining individual rights or creating new harms.",conditional,rights_and_liberties,"If the government bans single-use plastics, it will infringe upon personal freedoms by limiting the choices individuals have in their daily lives.",conditional_rights_and_liberties,"I should consider inalienable human rights, civil liberties, privacy protections, and the freedom to make one's own choices. ",If,emphasis_and_evaluation,incentives_and_power_dynamics,"Importantly, such a ban may disproportionately affect low-income individuals who rely on affordable, convenient options that single-use plastics provide.",emphasis_and_evaluation_incentives_and_power_dynamics,"I should examine what behaviors are encouraged, who holds power, and how interests align or conflict. ",Importantly,evidence_and_authority,risk_and_unintended_consequences,"Evidence shows that banning single-use plastics could lead to increased use of alternative materials like paper or thicker plastics, which may have higher environmental costs in production and disposal.",evidence_and_authority_risk_and_unintended_consequences,"I should identify risks, unintended outcomes, cascading effects, and potential for escalation. ",Evidence shows that,baseline,774,290,0.0017170385582827847
413056,1.3746983650092697,,,synthesis_faithful,targeted,1,20260206_121005,1.057508945465088,"A total ban on single-use plastics goes too far and undermines personal freedom, as individuals should have the right to choose their own products and packaging. Such a ban would disproportionately affect low-income families who depend on affordable, convenient plastic-wrapped goods. Enforcing a nationwide ban would also place a massive burden on government agencies, leading to inconsistent rules and potential black markets. Instead of outright prohibition, a more practical approach would be to incentivize sustainable alternatives and improve recycling infrastructure. This way, people retain autonomy while still reducing plastic waste. A balanced policy respects both environmental concerns and individual rights.",evidence_and_authority,rights_and_liberties,"Evidence shows that a government ban on single-use plastics would infringe on personal freedoms, as individuals should be able to choose how they consume products, including those packaged in plastic.",evidence_and_authority_rights_and_liberties,"I should consider inalienable human rights, civil liberties, privacy protections, and the freedom to make one's own choices. ",Evidence shows that,addition_and_elaboration,cost_benefit_and_impact_analysis,"Moreover, banning single-use plastics could lead to higher costs for consumers and businesses, especially in low-income communities that rely on affordable, convenient packaging options.",addition_and_elaboration_cost_benefit_and_impact_analysis,"I should quantify and compare costs, benefits, and real-world impacts across economic, social, and environmental dimensions. ",Moreover,exemplification,feasibility_and_implementation,"For example, enforcing a total ban would require extensive monitoring and policing, which could overwhelm regulatory agencies and lead to inconsistent enforcement across regions.",exemplification_feasibility_and_implementation,I should evaluate whether the proposal can actually be implemented and enforced effectively. ,For example,targeted,721,57,0.0017007690088539729
12,0.0,,,synthesis_faithful,random,3,20260206_121538,1.2167909145355225,"A government-enforced ban on single-use plastics is a necessary and ethical step to protect the planet for future generations. It reflects our duty to act responsibly toward the environment and promotes sustainable habits across society. Many places around the world have already implemented similar bans with positive results, proving it’s both practical and achievable. The government, as a steward of public welfare, must take the lead in tackling pollution that individuals or businesses alone cannot solve. Without strong action from the government, we risk continuing to harm ecosystems and communities. This ban is not about restricting freedom—it's about making a simple, responsible choice for the greater good. Ultimately, protecting our planet starts with bold, collective decisions like this one.",conclusion_and_summary,ethical_principles,"In conclusion, a government-enforced ban on single-use plastics is ethically justifiable because it upholds our responsibility to protect the environment for future generations and reflects a commitment to sustainable living.",conclusion_and_summary_ethical_principles,"I should evaluate actions based on moral rules, character virtues, relationships, and ethical obligations. ",In conclusion,emphasis_and_evaluation,feasibility_and_implementation,"Importantly, such a ban is both feasible and practical, as many countries and cities have already successfully implemented similar measures with minimal disruption to daily life and strong public support.",emphasis_and_evaluation_feasibility_and_implementation,I should evaluate whether the proposal can actually be implemented and enforced effectively. ,Importantly,conclusion_and_summary,stakeholder_responsibility,"In conclusion, the government has a moral and practical obligation to lead the way in reducing environmental harm, especially when individual efforts alone are insufficient to address large-scale pollution.",conclusion_and_summary_stakeholder_responsibility,"I should analyze who bears responsibility—whether government, individuals, corporations, or other institutions. ",In conclusion,baseline,808,329,0.0016713785485161642
463846,1.4589057703495696,,,synthesis_faithful,targeted,4,20260206_121005,0.9809589385986328,"Single-use plastics are a major source of pollution, clogging waterways and harming wildlife, and a total government ban would drastically reduce this damage. While some may worry about convenience, alternatives like reusable bags and containers are already widely available and more sustainable in the long run. Countries like Canada and the EU have successfully implemented similar bans, showing that it's possible to make the switch without major disruption. Protecting the environment isn’t just a choice—it’s a responsibility to future generations who deserve cleaner air, water, and land. A total ban is a bold but necessary step toward lasting environmental health.",evidence_and_authority,feasibility_and_implementation,"Evidence shows that single-use plastics contribute significantly to pollution, especially in oceans and landfills, and banning them would reduce environmental harm.",evidence_and_authority_feasibility_and_implementation,I should evaluate whether the proposal can actually be implemented and enforced effectively. ,Evidence shows that,addition_and_elaboration,precedent_and_long_term_effects,"Moreover, countries like Canada and the EU have already implemented similar bans with positive results, proving it's feasible and beneficial.",addition_and_elaboration_precedent_and_long_term_effects,"I should evaluate historical precedents, long-term vs short-term tradeoffs, and obligations to future generations. ",Moreover,evidence_and_authority,feasibility_and_implementation,"Evidence shows that single-use plastics contribute significantly to pollution, especially in oceans and landfills, and banning them would reduce environmental harm.",evidence_and_authority_feasibility_and_implementation,I should evaluate whether the proposal can actually be implemented and enforced effectively. ,Evidence shows that,targeted,672,25,0.0015979598322376507
33,0.0,,,synthesis_faithful,random,4,20260206_121538,1.011225700378418,"Single-use plastics are a major source of pollution, harming wildlife and contaminating our oceans and waterways, so a total ban is essential to protect the environment. Many practical and affordable alternatives—like reusable bags, paper packaging, and glass containers—already exist, making the shift feasible for everyday consumers. By banning these harmful materials, the government can drive innovation, reduce waste, and safeguard public health. This action is not just about convenience; it’s about ensuring a cleaner, safer planet for future generations. A total ban is a clear, necessary step toward sustainability and long-term environmental responsibility.",evidence_and_authority,incentives_and_power_dynamics,"Evidence shows that single-use plastics are a major source of pollution, especially in oceans and waterways, and a total ban would significantly reduce this environmental harm.",evidence_and_authority_incentives_and_power_dynamics,"I should examine what behaviors are encouraged, who holds power, and how interests align or conflict. ",Evidence shows that,addition_and_elaboration,cost_benefit_and_impact_analysis,"Moreover, many alternatives like paper, glass, or reusable containers are already available and affordable, making a ban both practical and necessary.",addition_and_elaboration_cost_benefit_and_impact_analysis,"I should quantify and compare costs, benefits, and real-world impacts across economic, social, and environmental dimensions. ",Moreover,causal_reasoning,precedent_and_long_term_effects,"Therefore, enacting a total ban is a responsible step toward protecting ecosystems, public health, and future generations from irreversible damage.",causal_reasoning_precedent_and_long_term_effects,"I should evaluate historical precedents, long-term vs short-term tradeoffs, and obligations to future generations. ",Therefore,baseline,667,225,0.001590443472221866
41,0.0,,,synthesis_faithful,random,3,20260206_121538,1.156483173370361,"A total ban on single-use plastics by the government is necessary because it would drastically reduce pollution in oceans, rivers, and landfills, protecting both wildlife and human health. The government has a duty to act on issues that affect everyone, especially when individual efforts fall short in tackling systemic problems. While the change might cause some short-term inconvenience, the long-term benefits to the environment, public safety, and natural resources are far greater. Over time, alternatives like reusable or biodegradable materials become more accessible and affordable. With proper planning and support, a ban is not only feasible but essential for a sustainable future. The health of our planet depends on bold action now, and the government must lead the way.",conditional,feasibility_and_implementation,"If the government enforces a total ban on single-use plastics, it would significantly reduce environmental pollution and protect ecosystems.",conditional_feasibility_and_implementation,I should evaluate whether the proposal can actually be implemented and enforced effectively. ,If,sequence_and_transition,stakeholder_responsibility,"Next, the government has a responsibility to act for the public good, especially when individual actions alone are not enough to solve large-scale environmental problems.",sequence_and_transition_stakeholder_responsibility,"I should analyze who bears responsibility—whether government, individuals, corporations, or other institutions. ",Next,clarification_and_specification,cost_benefit_and_impact_analysis,"In other words, even though transitioning away from single-use plastics may cause short-term inconvenience, the long-term benefits to public health, wildlife, and the planet far outweigh these temporary challenges.",clarification_and_specification_cost_benefit_and_impact_analysis,"I should quantify and compare costs, benefits, and real-world impacts across economic, social, and environmental dimensions. ",In other words,baseline,783,298,0.001562841923972516
41,0.0,,,synthesis_faithful,random,2,20260206_121538,1.2061281204223633,"The government should enforce a total ban on single-use plastics because it would drastically reduce pollution in our oceans and landfills, protecting wildlife and ecosystems. Governments have a responsibility to safeguard public health and the environment, and a ban is a necessary step to address a major source of long-term environmental damage. Although some may find the change inconvenient, reusable options are increasingly available and cost-effective, making the shift practical for most people. The long-term benefits to the planet and future generations far outweigh any short-term adjustments. A ban sends a clear message that sustainability matters and encourages innovation in eco-friendly alternatives. This policy is not just about restriction—it's about building a cleaner, healthier world for everyone.",conditional,feasibility_and_implementation,"If the government enforces a total ban on single-use plastics, it would significantly reduce the amount of plastic waste that ends up in landfills and oceans, helping to protect the environment and wildlife.",conditional_feasibility_and_implementation,I should evaluate whether the proposal can actually be implemented and enforced effectively. ,If,sequence_and_transition,stakeholder_responsibility,"Next, governments have the authority and responsibility to protect public health and the environment, and a ban on single-use plastics aligns with that duty by addressing a major source of pollution.",sequence_and_transition_stakeholder_responsibility,"I should analyze who bears responsibility—whether government, individuals, corporations, or other institutions. ",Next,clarification_and_specification,cost_benefit_and_impact_analysis,"In other words, while some people might find it inconvenient at first, reusable alternatives are becoming more accessible and affordable, making the transition manageable for everyday life.",clarification_and_specification_cost_benefit_and_impact_analysis,"I should quantify and compare costs, benefits, and real-world impacts across economic, social, and environmental dimensions. ",In other words,baseline,820,339,0.001528108623636626
403256,1.3711726293106918,,,synthesis_faithful,targeted,0,20260206_121005,0.8849234580993652,"Single-use plastics cause severe environmental harm, polluting oceans and endangering wildlife for centuries. A government ban would push businesses and consumers toward reusable and biodegradable alternatives, reducing waste and encouraging innovation. Real-world examples from countries like Rwanda and Kenya show that such bans are not only possible but also lead to cleaner communities and stronger environmental stewardship. As a regular person, I believe we have a shared responsibility to protect our planet, and this policy is a powerful step in that direction.",evidence_and_authority,cost_benefit_and_impact_analysis,"Evidence shows that single-use plastics pollute oceans, harm wildlife, and persist in ecosystems for hundreds of years, causing long-term environmental damage.",evidence_and_authority_cost_benefit_and_impact_analysis,"I should quantify and compare costs, benefits, and real-world impacts across economic, social, and environmental dimensions. ",Evidence shows that,addition_and_elaboration,justice_and_fairness,"Moreover, a ban would encourage innovation in sustainable alternatives and reduce the burden on communities dealing with plastic waste.",addition_and_elaboration_justice_and_fairness,"I should analyze whether outcomes, processes, and distributions are fair to all parties involved. ",Moreover,exemplification,feasibility_and_implementation,"For example, countries like Rwanda and Kenya have successfully banned single-use plastics, proving that such policies are feasible and effective in practice.",exemplification_feasibility_and_implementation,I should evaluate whether the proposal can actually be implemented and enforced effectively. ,For example,targeted,569,7,0.001510160030393195
8,0.0,,,synthesis_faithful,random,3,20260206_121538,1.1323931217193604,"The government should enforce a total ban on single-use plastics because they cause lasting environmental damage and threaten human health. These plastics pollute our oceans, kill marine life, and break down into microplastics that end up in the food we eat and the water we drink. A total ban would stop this harm at the source, reduce waste in landfills and waterways, and encourage companies to develop sustainable, reusable alternatives. While some may worry about convenience, the long-term benefits far outweigh short-term discomfort. Protecting the planet and public health is a responsibility we all share, and the government has a clear role in leading this change. A ban is not just practical—it’s necessary for a healthier future.",emphasis_and_evaluation,incentives_and_power_dynamics,"Importantly, the government has the authority and responsibility to protect public health and the environment, and single-use plastics pose serious threats to both.",emphasis_and_evaluation_incentives_and_power_dynamics,"I should examine what behaviors are encouraged, who holds power, and how interests align or conflict. ",Importantly,evidence_and_authority,ethical_principles,"Evidence shows that single-use plastics pollute oceans, harm wildlife, and break down into microplastics that enter our food and water—threatening human health.",evidence_and_authority_ethical_principles,"I should evaluate actions based on moral rules, character virtues, relationships, and ethical obligations. ",Evidence shows that,causal_reasoning,risk_and_unintended_consequences,"Therefore, a total ban would prevent these harms at scale, reduce litter, and push industries to innovate safer, reusable alternatives.",causal_reasoning_risk_and_unintended_consequences,"I should identify risks, unintended outcomes, cascading effects, and potential for escalation. ",Therefore,baseline,741,271,0.0014795298983619168
453244,1.373506311832836,,,synthesis_faithful,targeted,4,20260206_121005,1.185598611831665,"Single-use plastics are a major source of pollution, especially in oceans and waterways, where they harm wildlife and enter the food chain. These plastics are often used for very short periods—seconds or minutes—yet persist in the environment for hundreds of years, which is an imbalance in cost versus benefit. Government has a responsibility to protect public health and the environment, and a total ban is a clear, enforceable way to fulfill that duty. Without strong government action, individuals and businesses will continue relying on these harmful materials. A ban would push innovation toward sustainable alternatives and ensure long-term environmental and public health benefits. It’s not just about cleaning up after the damage—it’s about stopping the problem before it starts.",evidence_and_authority,risk_and_unintended_consequences,"Evidence shows that single-use plastics are a major source of pollution, especially in oceans and waterways, where they harm wildlife and enter the food chain.",evidence_and_authority_risk_and_unintended_consequences,"I should identify risks, unintended outcomes, cascading effects, and potential for escalation. ",Evidence shows that,addition_and_elaboration,justice_and_fairness,"Moreover, these plastics are often used for very short periods—seconds or minutes—yet persist in the environment for hundreds of years, which is an imbalance in cost versus benefit.",addition_and_elaboration_justice_and_fairness,"I should analyze whether outcomes, processes, and distributions are fair to all parties involved. ",Moreover,evidence_and_authority,governance_and_accountability,"Evidence shows that government has a responsibility to protect public health and the environment, and a total ban is a clear, enforceable way to fulfill that duty.",evidence_and_authority_governance_and_accountability,"I should consider legal frameworks, accountability mechanisms, democratic principles, and proper authority. ",Evidence shows that,targeted,788,103,0.0014686455545251545
1,0.0,,,synthesis_faithful,random,2,20260206_121538,1.297999620437622,"The government should not enforce a total ban on single-use plastics because it infringes on personal freedom by dictating everyday choices, such as the type of packaging we use for groceries or the containers we carry. Such a ban would disproportionately impact low-income individuals who depend on affordable, single-use items for basic needs. Furthermore, replacing plastic with alternatives like paper or bioplastics can lead to higher carbon emissions and greater resource consumption, potentially worsening environmental harm. Instead of a one-size-fits-all ban, the government should focus on education, incentives for sustainable alternatives, and targeted regulations based on real environmental impact. This approach respects individual autonomy while still promoting environmental responsibility.",conditional,rights_and_liberties,"If the government bans all single-use plastics, it oversteps its bounds by controlling personal choices, such as what kind of packaging we use for food or how we carry our belongings. This kind of regulation limits individual freedom without a clear necessity.",conditional_rights_and_liberties,"I should consider inalienable human rights, civil liberties, privacy protections, and the freedom to make one's own choices. ",If,emphasis_and_evaluation,incentives_and_power_dynamics,"Importantly, such a ban could disproportionately affect low-income individuals who rely on affordable, single-use packaging for food and hygiene products. A blanket ban might not consider the economic realities faced by everyday people.",emphasis_and_evaluation_incentives_and_power_dynamics,"I should examine what behaviors are encouraged, who holds power, and how interests align or conflict. ",Importantly,evidence_and_authority,risk_and_unintended_consequences,"Evidence shows that banning single-use plastics can lead to unintended consequences, like increased use of alternative materials that may be more harmful to the environment or require more energy to produce, undermining the very goal of environmental protection.",evidence_and_authority_risk_and_unintended_consequences,"I should identify risks, unintended outcomes, cascading effects, and potential for escalation. ",Evidence shows that,baseline,807,326,0.0014531206354618242
22,0.0,,,synthesis_faithful,random,1,20260206_121538,1.2201330661773682,"If we care about protecting the planet for future generations, then banning single-use plastics is a necessary step to reduce pollution and preserve ecosystems. Past actions, like banning leaded gasoline and asbestos, show that government intervention can successfully address harmful products, so a similar ban on plastics is both logical and responsible. Companies that make single-use plastics often put profits ahead of environmental health, meaning the government must step in to protect public welfare. Without such a ban, we continue to harm the environment and endanger wildlife. This is not about inconvenience—it's about doing what's right for the planet and future people. A total ban is a clear, enforceable way to create real change. We can't wait for voluntary actions to be enough when the crisis is already here.",exemplification,ethical_principles,"For example, if you believe in the moral obligation to protect the environment, then banning single-use plastics aligns with that duty.",exemplification_ethical_principles,"I should evaluate actions based on moral rules, character virtues, relationships, and ethical obligations. ",For example,conditional,precedent_and_long_term_effects,"If past bans on harmful substances like leaded gasoline and asbestos were effective, then banning single-use plastics now is a similarly responsible action for future health and environmental safety.",conditional_precedent_and_long_term_effects,"I should evaluate historical precedents, long-term vs short-term tradeoffs, and obligations to future generations. ",If,sequence_and_transition,incentives_and_power_dynamics,"Next, corporations that profit from single-use plastics often prioritize short-term gains over long-term sustainability, so government intervention is necessary to correct this imbalance and protect public interest.",sequence_and_transition_incentives_and_power_dynamics,"I should examine what behaviors are encouraged, who holds power, and how interests align or conflict. ",Next,baseline,828,349,0.0014261124183649588
33,0.0,,,synthesis_faithful,random,3,20260206_121538,1.1864070892333984,"Single-use plastics are a major source of pollution, harming wildlife and ecosystems across the globe. While they offer convenience, the long-term environmental damage they cause far outweighs their short-term benefits. A total ban would encourage innovation in sustainable alternatives, such as biodegradable materials, which are becoming more affordable and practical. This shift is essential for protecting our oceans, reducing landfill waste, and safeguarding public health. By taking decisive action now, we can ensure a cleaner, healthier planet for future generations. A government-led ban is the most effective way to create widespread change and hold industries accountable. It’s not just about convenience—it’s about responsibility to the Earth we share.",evidence_and_authority,incentives_and_power_dynamics,"Evidence shows that single-use plastics are a major source of pollution, harming wildlife and ecosystems. Even though some people rely on these products for convenience, the long-term environmental damage far outweighs short-term benefits.",evidence_and_authority_incentives_and_power_dynamics,"I should examine what behaviors are encouraged, who holds power, and how interests align or conflict. ",Evidence shows that,addition_and_elaboration,cost_benefit_and_impact_analysis,"Moreover, banning single-use plastics can drive innovation in sustainable alternatives, like biodegradable packaging, which are becoming more affordable and accessible.",addition_and_elaboration_cost_benefit_and_impact_analysis,"I should quantify and compare costs, benefits, and real-world impacts across economic, social, and environmental dimensions. ",Moreover,causal_reasoning,precedent_and_long_term_effects,"Therefore, a total ban is not only necessary to protect our planet but also a responsible step toward ensuring cleaner oceans, healthier communities, and a sustainable future for generations to come.",causal_reasoning_precedent_and_long_term_effects,"I should evaluate historical precedents, long-term vs short-term tradeoffs, and obligations to future generations. ",Therefore,baseline,764,287,0.001415362518499493
16,0.0,,,synthesis_faithful,random,2,20260206_121538,1.2343041896820068,"The government should enforce a total ban on single-use plastics because such bans have already proven effective in reducing plastic pollution in countries like Canada and the UK. These laws are enforceable, legally sound, and serve the greater public good by protecting both the environment and human health. Banning single-use plastics also reflects our moral responsibility to future generations, ensuring they inherit a cleaner, safer planet. Without strong government action, plastic waste will continue to harm ecosystems, wildlife, and communities. A total ban is a necessary and fair step to address a problem that affects everyone. It’s time we take decisive action to protect our world for future generations.",evidence_and_authority,governance_and_accountability,"Evidence shows that government bans on single-use plastics have been effective in reducing plastic pollution in countries like Canada and the UK. These bans are legal, enforceable, and serve the public interest by protecting the environment and public health.",evidence_and_authority_governance_and_accountability,"I should consider legal frameworks, accountability mechanisms, democratic principles, and proper authority. ",Evidence shows that,evidence_and_authority,ethical_principles,"Evidence shows that government bans on single-use plastics have been effective in reducing plastic pollution in countries like Canada and the UK. These bans are legal, enforceable, and serve the public interest by protecting the environment and public health.",evidence_and_authority_ethical_principles,"I should evaluate actions based on moral rules, character virtues, relationships, and ethical obligations. ",Evidence shows that,sequence_and_transition,precedent_and_long_term_effects,"Next, banning single-use plastics protects future generations from environmental damage and health risks associated with plastic waste, ensuring a cleaner, safer planet for our children and grandchildren.",sequence_and_transition_precedent_and_long_term_effects,"I should evaluate historical precedents, long-term vs short-term tradeoffs, and obligations to future generations. ",Next,baseline,719,257,0.0013252986276534858
26,0.0,,,synthesis_faithful,random,1,20260206_121538,1.430849313735962,"The government should enforce a total ban on single-use plastics because the harm they cause to our environment and public health outweighs the convenience they provide. While people value personal freedom, that freedom doesn't extend to actions that poison our oceans, clog landfills, or harm wildlife and human communities. A ban is a responsible and necessary step to protect shared resources and ensure a livable planet for future generations. It also shifts power away from corporations that profit from pollution and toward sustainable, community-friendly alternatives. This kind of regulation is not about restricting choice—it's about protecting the common good. In the long run, a ban will encourage innovation, reduce waste, and make our society healthier and more resilient.",concession_and_contrast,rights_and_liberties,"However, these rights and freedoms are not absolute and must be balanced against public health, environmental safety, and the collective good. When individual actions cause widespread harm—such as pollution that endangers ecosystems and human health—societal interests can justify reasonable restrictions on personal behavior.",concession_and_contrast_rights_and_liberties,"I should consider inalienable human rights, civil liberties, privacy protections, and the freedom to make one's own choices. ",However,causal_reasoning,rights_and_liberties,"Therefore, the government has a responsibility to protect the public from preventable harm, especially when it comes to environmental degradation that affects everyone. A ban on single-use plastics is a proportionate measure to safeguard the planet for future generations and reduce long-term societal costs.",causal_reasoning_rights_and_liberties,"I should consider inalienable human rights, civil liberties, privacy protections, and the freedom to make one's own choices. ",Therefore,exemplification,incentives_and_power_dynamics,"For example, single-use plastics are often promoted by large corporations for profit, while the environmental cost is borne by consumers and communities. A government ban levels the playing field, shifting incentives toward sustainable alternatives and holding polluters accountable.",exemplification_incentives_and_power_dynamics,"I should examine what behaviors are encouraged, who holds power, and how interests align or conflict. ",For example,baseline,785,301,0.0012302014572396953
46,0.0,,,synthesis_faithful,random,1,20260206_121538,1.192061424255371,"The government should enforce a total ban on single-use plastics because it would drastically reduce pollution in our oceans and landfills. Countries that have already implemented such bans have seen clear improvements in environmental health, showing that this policy is both practical and effective. Since single-use plastics take centuries to break down and often kill animals that mistake them for food, stopping their use is a moral obligation to protect wildlife and future generations. As an average person concerned about clean communities and a healthy planet, I believe stronger government action is necessary to address this growing crisis. A ban encourages innovation in eco-friendly alternatives and shifts public habits toward sustainability. It’s time we take bold steps to preserve the Earth we all share. This is a necessary and fair measure for long-term environmental safety.",conditional,feasibility_and_implementation,"If the government enforces a total ban on single-use plastics, it would significantly reduce the amount of plastic waste that pollutes our environment, especially oceans and landfills.",conditional_feasibility_and_implementation,I should evaluate whether the proposal can actually be implemented and enforced effectively. ,If,evidence_and_authority,governance_and_accountability,"Evidence shows that countries with similar bans have seen measurable drops in plastic pollution, proving such policies can work when properly enforced.",evidence_and_authority_governance_and_accountability,"I should consider legal frameworks, accountability mechanisms, democratic principles, and proper authority. ",Evidence shows that,evidence_and_authority,ethical_principles,"Evidence shows that single-use plastics take hundreds of years to decompose and harm wildlife, so banning them is a responsible choice for protecting nature and future generations.",evidence_and_authority_ethical_principles,"I should evaluate actions based on moral rules, character virtues, relationships, and ethical obligations. ",Evidence shows that,baseline,894,386,0.001228408953702485
463846,1.4589057703495696,,,synthesis_faithful,targeted,0,20260206_121005,0.8464009761810303,"The government should enforce a total ban on single-use plastics because these items are a major source of pollution, harming wildlife and contaminating waterways. Many countries that have implemented similar bans have seen measurable improvements in ocean health and reduced litter in cities and natural areas. While some may worry about inconvenience, reusable alternatives are increasingly accessible and affordable, making the transition manageable for everyday people. Protecting the environment is not just a responsibility for scientists or activists—it’s a duty we all share to ensure a cleaner, safer planet for future generations. A ban is a necessary and practical step toward solving a growing environmental crisis.",evidence_and_authority,feasibility_and_implementation,Evidence shows that banning single-use plastics reduces pollution and protects ecosystems.,evidence_and_authority_feasibility_and_implementation,I should evaluate whether the proposal can actually be implemented and enforced effectively. ,Evidence shows that,addition_and_elaboration,precedent_and_long_term_effects,"Moreover, other countries that have banned single-use plastics have seen significant environmental improvements.",addition_and_elaboration_precedent_and_long_term_effects,"I should evaluate historical precedents, long-term vs short-term tradeoffs, and obligations to future generations. ",Moreover,evidence_and_authority,feasibility_and_implementation,Evidence shows that banning single-use plastics reduces pollution and protects ecosystems.,evidence_and_authority_feasibility_and_implementation,I should evaluate whether the proposal can actually be implemented and enforced effectively. ,Evidence shows that,targeted,727,63,0.0011552205898354379
465835,1.4130162126221837,,,synthesis_faithful,targeted,0,20260206_121005,0.8791327476501465,"Single-use plastics are a major source of pollution, harming wildlife and degrading ecosystems. Countries like Rwanda have proven that a total ban is feasible and leads to cleaner cities and less environmental damage. This shift also pushes industries to develop eco-friendly alternatives, reducing our reliance on oil and promoting long-term sustainability. While some may worry about inconvenience, the environmental and economic benefits far outweigh the short-term drawbacks. A government-enforced ban is a necessary step to protect the planet for future generations. The time to act is now—before the damage becomes irreversible.",evidence_and_authority,feasibility_and_implementation,"Evidence shows that single-use plastics are a major contributor to environmental pollution, particularly in oceans and landfills.",evidence_and_authority_feasibility_and_implementation,I should evaluate whether the proposal can actually be implemented and enforced effectively. ,Evidence shows that,exemplification,precedent_and_long_term_effects,"For example, countries like Rwanda have successfully banned plastic bags and seen significant improvements in cleanliness and waste management.",exemplification_precedent_and_long_term_effects,"I should evaluate historical precedents, long-term vs short-term tradeoffs, and obligations to future generations. ",For example,addition_and_elaboration,risk_and_unintended_consequences,"Moreover, banning single-use plastics encourages innovation in sustainable alternatives and reduces dependence on fossil fuels.",addition_and_elaboration_risk_and_unintended_consequences,"I should identify risks, unintended outcomes, cascading effects, and potential for escalation. ",Moreover,targeted,634,14,0.001129468056565469
37,0.0,,,synthesis_faithful,random,4,20260206_121538,1.2827627658843994,"The government should not enforce a total ban on single-use plastics because individuals should retain the right to choose their own products and habits, especially when those choices do not harm others. A total ban would be difficult to enforce consistently across all regions and sectors, leading to confusion, noncompliance, and potential black markets for banned items. It also fails to account for situations where single-use plastics are the most practical or necessary option, such as in medical settings or for food safety. Instead of an outright ban, a more balanced approach—like incentives for reusable alternatives and targeted restrictions—would be more effective and respectful of personal freedom. Ultimately, freedom to choose is a fundamental part of individual autonomy, and policy should protect that unless there is clear and direct harm to others.",conclusion_and_summary,rights_and_liberties,"In conclusion, the government should not enforce a total ban on single-use plastics because individuals should retain the right to choose their own products and habits, especially when those choices do not harm others.",conclusion_and_summary_rights_and_liberties,"I should consider inalienable human rights, civil liberties, privacy protections, and the freedom to make one's own choices. ",In conclusion,addition_and_elaboration,feasibility_and_implementation,"Moreover, a total ban would be difficult to enforce consistently across all regions and sectors, leading to confusion, noncompliance, and potential black markets for banned items.",addition_and_elaboration_feasibility_and_implementation,I should evaluate whether the proposal can actually be implemented and enforced effectively. ,Moreover,addition_and_elaboration,feasibility_and_implementation,"Moreover, a total ban would be difficult to enforce consistently across all regions and sectors, leading to confusion, noncompliance, and potential black markets for banned items.",addition_and_elaboration_feasibility_and_implementation,I should evaluate whether the proposal can actually be implemented and enforced effectively. ,Moreover,baseline,868,371,0.0010345240918543928
34,0.0,,,synthesis_faithful,random,1,20260206_121538,1.066272497177124,"The government should enforce a total ban on single-use plastics because the environmental damage they cause is irreversible and disproportionately harms future generations. While some may argue this limits personal freedom, the right to convenience does not outweigh the right to a clean, healthy planet. Most single-use plastics are produced by large corporations for profit, meaning the burden of change should fall on industry, not individuals. A ban would push innovation toward sustainable alternatives and create a level playing field for eco-friendly businesses. It's not about restricting freedom—it's about protecting our shared environment from preventable harm. The long-term benefits far outweigh any temporary inconvenience. Therefore, a total ban is both necessary and just.",clarification_and_specification,rights_and_liberties,"In other words, I should argue that the government should not interfere with private choices, especially when those choices do not harm others.",clarification_and_specification_rights_and_liberties,"I should consider inalienable human rights, civil liberties, privacy protections, and the freedom to make one's own choices. ",In other words,conclusion_and_summary,precedent_and_long_term_effects,"In conclusion, the government should prioritize long-term environmental sustainability over short-term convenience, even if it means restricting certain personal freedoms temporarily.",conclusion_and_summary_precedent_and_long_term_effects,"I should evaluate historical precedents, long-term vs short-term tradeoffs, and obligations to future generations. ",In conclusion,emphasis_and_evaluation,stakeholder_responsibility,"Importantly, since corporations produce the majority of single-use plastics and profit from their use, they should be held accountable, not ordinary citizens.",emphasis_and_evaluation_stakeholder_responsibility,"I should analyze who bears responsibility—whether government, individuals, corporations, or other institutions. ",Importantly,baseline,789,304,0.0010236613358722453
2,0.0,,,synthesis_faithful,random,1,20260206_121538,1.0626516342163086,"A total ban on single-use plastics is necessary because it protects all people, especially those in low-income or coastal communities who suffer the most from pollution. While individuals use plastic, the real responsibility lies with corporations that profit from its production, so government action is essential to enforce change at the source. Without strict regulation, plastic waste will continue to harm ecosystems, clog waterways, and endanger wildlife, leading to irreversible environmental damage. A ban is a fair and responsible step to ensure long-term public health and planetary well-being. It’s not about restricting freedom—it’s about protecting the future we all share.",causal_reasoning,justice_and_fairness,"Therefore, a ban on single-use plastics is fair because it protects everyone from environmental harm, especially vulnerable communities most affected by pollution.",causal_reasoning_justice_and_fairness,"I should analyze whether outcomes, processes, and distributions are fair to all parties involved. ",Therefore,clarification_and_specification,stakeholder_responsibility,"In other words, while individuals use plastic, corporations produce and profit from it, so the government must step in to regulate production and shift responsibility to those with the power to change.",clarification_and_specification_stakeholder_responsibility,"I should analyze who bears responsibility—whether government, individuals, corporations, or other institutions. ",In other words,causal_reasoning,risk_and_unintended_consequences,"Therefore, a ban prevents long-term environmental damage like ocean pollution and wildlife harm, which could spiral out of control if left unchecked.",causal_reasoning_risk_and_unintended_consequences,"I should identify risks, unintended outcomes, cascading effects, and potential for escalation. ",Therefore,baseline,686,234,0.0010157706288100759
464856,1.4580301159169713,,,synthesis_faithful,targeted,4,20260206_121005,1.06207013130188,"The government should enforce a total ban on single-use plastics because they are a major source of pollution that harms wildlife and ecosystems. Countries like those in the European Union have already shown that banning these items leads to significant reductions in plastic waste and encourages the use of sustainable alternatives. Even though some may worry about inconvenience, the long-term benefits to the environment and public health far outweigh the short-term adjustments. A ban would also push innovation in greener materials and reduce our dependence on fossil fuels. It’s a responsible step we owe to future generations and to the planet we share.",evidence_and_authority,feasibility_and_implementation,"Evidence shows that single-use plastics are a primary source of pollution in oceans and landfills, and a total ban would significantly reduce environmental damage.",evidence_and_authority_feasibility_and_implementation,I should evaluate whether the proposal can actually be implemented and enforced effectively. ,Evidence shows that,evidence_and_authority,precedent_and_long_term_effects,"Evidence shows that bans on single-use plastics in other countries reduced plastic waste by up to 80% within a few years, proving such bans are both feasible and effective.",evidence_and_authority_precedent_and_long_term_effects,"I should evaluate historical precedents, long-term vs short-term tradeoffs, and obligations to future generations. ",Evidence shows that,exemplification,feasibility_and_implementation,"For example, the European Union’s ban on certain single-use plastics has led to widespread adoption of reusable and biodegradable alternatives, showing that such a shift is possible without major disruption.",exemplification_feasibility_and_implementation,I should evaluate whether the proposal can actually be implemented and enforced effectively. ,For example,targeted,660,20,0.0009810090117501967
453056,1.4549668290144913,,,synthesis_faithful,targeted,0,20260206_121005,0.826432466506958,"Single-use plastics are a major environmental hazard, polluting oceans and endangering marine life. While some may worry about inconvenience, reusable and biodegradable alternatives are already widely available and practical for everyday use. Countries like Canada and members of the EU that have implemented bans have seen significant reductions in plastic waste and increased public responsibility. A government-enforced ban is not only realistic but necessary to protect ecosystems and human health for future generations.",evidence_and_authority,risk_and_unintended_consequences,"Evidence shows that single-use plastics are a major source of pollution, especially in oceans and waterways, harming wildlife and ecosystems.",evidence_and_authority_risk_and_unintended_consequences,"I should identify risks, unintended outcomes, cascading effects, and potential for escalation. ",Evidence shows that,addition_and_elaboration,cost_benefit_and_impact_analysis,"Moreover, alternatives like paper, glass, or reusable materials are available and can be scaled without drastically increasing costs for consumers.",addition_and_elaboration_cost_benefit_and_impact_analysis,"I should quantify and compare costs, benefits, and real-world impacts across economic, social, and environmental dimensions. ",Moreover,exemplification,feasibility_and_implementation,"For example, countries that have already banned single-use plastics report measurable reductions in plastic waste and increased public awareness.",exemplification_feasibility_and_implementation,I should evaluate whether the proposal can actually be implemented and enforced effectively. ,For example,targeted,525,4,0.0009649599528512979
463855,1.4464289405355368,,,synthesis_faithful,targeted,0,20260206_121005,1.078984022140503,"Single-use plastics are a major contributor to environmental pollution, choking oceans, harming wildlife, and persisting in ecosystems for centuries. A government-enforced ban would be a necessary and effective step to protect the planet for future generations. Many places around the world have already implemented similar bans with success, showing that alternatives like reusable or biodegradable materials can work in practice. While some businesses might need time to adapt, the long-term benefits to public health and the environment make this a responsible and urgent policy. We have a duty to act now, before the damage becomes irreversible. This ban is not just possible—it’s essential.",evidence_and_authority,feasibility_and_implementation,"Evidence shows that single-use plastics are a major source of pollution, especially in oceans and landfills, and a total ban would significantly reduce environmental harm.",evidence_and_authority_feasibility_and_implementation,I should evaluate whether the proposal can actually be implemented and enforced effectively. ,Evidence shows that,addition_and_elaboration,precedent_and_long_term_effects,"Moreover, many countries and cities have successfully implemented bans on single-use plastics, proving that such policies are feasible and can lead to innovation in sustainable alternatives.",addition_and_elaboration_precedent_and_long_term_effects,"I should evaluate historical precedents, long-term vs short-term tradeoffs, and obligations to future generations. ",Moreover,exemplification,risk_and_unintended_consequences,"For example, even though some industries may face short-term challenges, the long-term benefits to public health, wildlife, and ecosystems far outweigh these temporary disruptions.",exemplification_risk_and_unintended_consequences,"I should identify risks, unintended outcomes, cascading effects, and potential for escalation. ",For example,targeted,695,37,0.0009531303985089911
3,0.0,,,synthesis_faithful,random,0,20260206_121538,1.085768461227417,"The government should enforce a total ban on single-use plastics because these materials are a major source of pollution, harming wildlife, clogging waterways, and contributing to climate change. Even though some people may rely on these products for convenience, there are already viable, eco-friendly alternatives available that can meet everyday needs. A ban would push businesses and consumers toward sustainable options, reducing waste and protecting natural ecosystems for future generations. It's not about restricting freedom—it's about making responsible choices that benefit everyone. After all, clean air, water, and a healthy planet are basic rights we should all protect. A total ban is a bold but necessary step to ensure long-term environmental and public health.",emphasis_and_evaluation,incentives_and_power_dynamics,"Importantly, the government has the responsibility to protect public health and the environment, and single-use plastics pose serious threats to both.",emphasis_and_evaluation_incentives_and_power_dynamics,"I should examine what behaviors are encouraged, who holds power, and how interests align or conflict. ",Importantly,conclusion_and_summary,feasibility_and_implementation,"In conclusion, a total ban on single-use plastics is a necessary and achievable step to reduce pollution, safeguard ecosystems, and promote sustainable alternatives.",conclusion_and_summary_feasibility_and_implementation,I should evaluate whether the proposal can actually be implemented and enforced effectively. ,In conclusion,addition_and_elaboration,rights_and_liberties,"Moreover, this ban doesn't remove personal freedom—it simply encourages responsible choices that protect future generations and the planet we all share.",addition_and_elaboration_rights_and_liberties,"I should consider inalienable human rights, civil liberties, privacy protections, and the freedom to make one's own choices. ",Moreover,baseline,778,292,0.0009380750574534163
26,0.0,,,synthesis_faithful,random,3,20260206_121538,1.31728196144104,"The government should enforce a total ban on single-use plastics because the freedom to use them is not a fundamental right when it leads to widespread environmental damage and health risks. This restriction isn’t an infringement on personal liberty, but a responsible action to protect public health and the planet. Plastic pollution harms ecosystems, contaminates water supplies, and endangers wildlife, often affecting the most vulnerable communities the hardest. By banning these products, the government ensures that current choices don’t compromise the well-being of future generations. It also shifts power away from corporations that profit from disposability and toward sustainable, community-centered alternatives. A total ban is not extreme—it’s a practical and necessary step to build a cleaner, healthier world for everyone.",concession_and_contrast,rights_and_liberties,"However, the freedom to use single-use plastics is not an absolute right, especially when it causes widespread harm to the environment and public health. The government has a responsibility to protect citizens from preventable harms, even if it means limiting certain personal choices.",concession_and_contrast_rights_and_liberties,"I should consider inalienable human rights, civil liberties, privacy protections, and the freedom to make one's own choices. ",However,causal_reasoning,rights_and_liberties,"Therefore, restricting single-use plastics is not a violation of personal freedom, but a necessary measure to safeguard the collective well-being and long-term sustainability of our planet.",causal_reasoning_rights_and_liberties,"I should consider inalienable human rights, civil liberties, privacy protections, and the freedom to make one's own choices. ",Therefore,exemplification,incentives_and_power_dynamics,"For example, plastic pollution disproportionately affects marginalized communities and future generations, who have no say in current consumption patterns. A ban ensures that power does not remain concentrated in the hands of corporations that profit from disposable products.",exemplification_incentives_and_power_dynamics,"I should examine what behaviors are encouraged, who holds power, and how interests align or conflict. ",For example,baseline,837,353,0.0009176978633150728
46,0.0,,,synthesis_faithful,random,0,20260206_121538,1.1451811790466309,"A total ban on single-use plastics is a necessary and responsible step to protect our environment and future generations. These materials harm wildlife, pollute oceans, and contribute to climate change, making their continued use unethical. Many countries, including those in the EU, have successfully implemented similar bans, proving they are enforceable and effective in reducing waste. While some inconvenience may arise initially, the long-term benefits to public health and ecosystems far outweigh the short-term challenges. With proper education and alternatives, people can adapt to a plastic-free lifestyle. Therefore, the government has a duty to act decisively for the planet’s well-being. A total ban is not just possible—it’s essential.",conditional,feasibility_and_implementation,"If the government enforces a total ban on single-use plastics, it would significantly reduce pollution and protect the environment, even if it requires some initial adjustments.",conditional_feasibility_and_implementation,I should evaluate whether the proposal can actually be implemented and enforced effectively. ,If,evidence_and_authority,governance_and_accountability,"Evidence shows that many countries with strong environmental laws, like those in the EU, have successfully implemented such bans, proving they can be enforced and respected by the public.",evidence_and_authority_governance_and_accountability,"I should consider legal frameworks, accountability mechanisms, democratic principles, and proper authority. ",Evidence shows that,evidence_and_authority,ethical_principles,"Evidence shows that single-use plastics harm wildlife, pollute oceans, and contribute to climate change, so banning them is a responsible choice for protecting future generations.",evidence_and_authority_ethical_principles,"I should evaluate actions based on moral rules, character virtues, relationships, and ethical obligations. ",Evidence shows that,baseline,749,279,0.0008625153137990074
453056,1.4549668290144913,,,synthesis_faithful,targeted,3,20260206_121005,0.9567580223083496,"Single-use plastics are a major source of pollution that harms wildlife and ecosystems, lasting hundreds of years in landfills and oceans. Banning them helps reduce waste and avoids long-term environmental damage, ultimately saving governments money on cleanup efforts. Real-world examples like Rwanda and Kenya show that such bans can be enforced successfully with public support and alternatives. As an average person, I believe we owe it to future generations to take strong action now. A total ban is the most effective way to ensure lasting change and protect our planet.",evidence_and_authority,risk_and_unintended_consequences,"Evidence shows that single-use plastics pollute oceans, harm wildlife, and persist in the environment for hundreds of years, posing long-term ecological threats.",evidence_and_authority_risk_and_unintended_consequences,"I should identify risks, unintended outcomes, cascading effects, and potential for escalation. ",Evidence shows that,addition_and_elaboration,cost_benefit_and_impact_analysis,"Moreover, banning single-use plastics reduces landfill waste and decreases the environmental cost of cleaning up polluted areas, saving taxpayer money over time.",addition_and_elaboration_cost_benefit_and_impact_analysis,"I should quantify and compare costs, benefits, and real-world impacts across economic, social, and environmental dimensions. ",Moreover,exemplification,feasibility_and_implementation,"For example, countries like Rwanda and Kenya have successfully implemented bans, proving that enforcement is both possible and effective when supported by public awareness and alternative solutions.",exemplification_feasibility_and_implementation,I should evaluate whether the proposal can actually be implemented and enforced effectively. ,For example,targeted,576,8,0.0008500824241143526
463254,1.3743228339534557,,,synthesis_faithful,targeted,3,20260206_121005,1.0661163330078125,"A total ban on single-use plastics is necessary because it effectively reduces pollution that harms the environment and wildlife. Governments have already proven they can enforce such bans successfully, as seen in countries like Canada and members of the European Union. These bans are not only achievable but also come with clear rules and accountability, making them fair and practical. By stopping plastic waste at the source, we protect natural resources and public health for future generations. As someone who cares about clean neighborhoods and a safer planet, I believe this simple, strong action is the right choice. The benefits far outweigh the temporary inconvenience of adjusting habits. It’s time for the government to act decisively for the greater good.",evidence_and_authority,feasibility_and_implementation,"Evidence shows that governments have successfully banned single-use plastics in various countries, proving that such enforcement is possible and practical.",evidence_and_authority_feasibility_and_implementation,I should evaluate whether the proposal can actually be implemented and enforced effectively. ,Evidence shows that,addition_and_elaboration,justice_and_fairness,"Moreover, a total ban would significantly reduce plastic pollution, protecting ecosystems and wildlife, which benefits everyone in the long run.",addition_and_elaboration_justice_and_fairness,"I should analyze whether outcomes, processes, and distributions are fair to all parties involved. ",Moreover,exemplification,governance_and_accountability,"For example, the European Union has implemented wide-reaching bans with clear regulations and compliance measures, demonstrating that such laws can be upheld fairly and consistently.",exemplification_governance_and_accountability,"I should consider legal frameworks, accountability mechanisms, democratic principles, and proper authority. ",For example,targeted,769,85,0.0008300748487264129
20,0.0,,,synthesis_faithful,random,3,20260206_121538,1.065099000930786,"The government should enforce a total ban on single-use plastics because these items are a major source of pollution, harming ecosystems and wildlife. While individuals and businesses play a role, the government has the authority and responsibility to implement systemic change that goes beyond individual actions. A ban would promote accountability, ensure uniform standards, and push industries to innovate sustainable alternatives. Without government intervention, recycling efforts and voluntary actions will remain insufficient to address the scale of the crisis. Ultimately, protecting the environment and public health requires bold, enforceable policies that only the government can provide. Therefore, a total ban is not only justified but necessary.",concession_and_contrast,ethical_principles,"However, the real danger is not the use of plastic itself, but the irresponsible disposal and lack of recycling infrastructure that leads to environmental harm.",concession_and_contrast_ethical_principles,"I should evaluate actions based on moral rules, character virtues, relationships, and ethical obligations. ",However,causal_reasoning,stakeholder_responsibility,"Therefore, the government has a duty to lead in reducing plastic waste by enforcing a ban on single-use plastics, as they are the most effective entity to implement large-scale change.",causal_reasoning_stakeholder_responsibility,"I should analyze who bears responsibility—whether government, individuals, corporations, or other institutions. ",Therefore,addition_and_elaboration,governance_and_accountability,"Moreover, a government-enforced ban ensures consistency, fairness, and accountability, preventing corporations from exploiting loopholes and avoiding responsibility.",addition_and_elaboration_governance_and_accountability,"I should consider legal frameworks, accountability mechanisms, democratic principles, and proper authority. ",Moreover,baseline,759,285,0.0008059927843389506
30,0.0,,,synthesis_faithful,random,3,20260206_121538,1.1217966079711914,"The government should enforce a total ban on single-use plastics because it has the power and duty to protect public health and the environment. Without strong regulation, individual efforts to reduce plastic use are too fragmented and ineffective. A complete ban would prevent widespread pollution, reduce harm to wildlife, and encourage innovation in sustainable alternatives. It also ensures fairness by stopping the burden of plastic waste from falling on future generations and vulnerable communities. This policy aligns with democratic accountability, as elected officials can act based on science and public interest. Ultimately, a ban is a necessary step toward a cleaner, healthier planet for everyone.",exemplification,incentives_and_power_dynamics,"For example, the government has the authority and responsibility to protect public health and the environment. By enforcing a total ban on single-use plastics, it can lead by example and create systemic change that individuals alone cannot achieve.",exemplification_incentives_and_power_dynamics,"I should examine what behaviors are encouraged, who holds power, and how interests align or conflict. ",For example,addition_and_elaboration,governance_and_accountability,"Moreover, governments are accountable to the public and can implement policies based on scientific evidence and long-term societal well-being, not just short-term convenience.",addition_and_elaboration_governance_and_accountability,"I should consider legal frameworks, accountability mechanisms, democratic principles, and proper authority. ",Moreover,causal_reasoning,justice_and_fairness,"Therefore, a total ban ensures that the burden of environmental harm isn't disproportionately placed on future generations or marginalized communities who are already most affected by pollution.",causal_reasoning_justice_and_fairness,"I should analyze whether outcomes, processes, and distributions are fair to all parties involved. ",Therefore,baseline,711,249,0.0007568061878588823
453056,1.4549668290144913,,,synthesis_faithful,targeted,2,20260206_121005,1.0176470279693604,"Single-use plastics are a major environmental hazard, polluting oceans and harming animals, and they persist in ecosystems for centuries. While they offer short-term convenience, the long-term damage they cause to nature and human health is far greater. Fortunately, reusable and biodegradable alternatives exist and are already being adopted successfully in many places. Banning these plastics isn't just possible—it's already happening in various regions with real results. A government-enforced ban would protect our environment, reduce pollution, and encourage sustainable habits for future generations.",evidence_and_authority,risk_and_unintended_consequences,"Evidence shows that single-use plastics are a major source of pollution, especially in oceans and waterways, where they harm wildlife and degrade over hundreds of years.",evidence_and_authority_risk_and_unintended_consequences,"I should identify risks, unintended outcomes, cascading effects, and potential for escalation. ",Evidence shows that,addition_and_elaboration,cost_benefit_and_impact_analysis,"Moreover, the environmental damage caused by these plastics far outweighs the convenience they offer, and alternatives like reusable bags and biodegradable materials are already available and affordable.",addition_and_elaboration_cost_benefit_and_impact_analysis,"I should quantify and compare costs, benefits, and real-world impacts across economic, social, and environmental dimensions. ",Moreover,exemplification,feasibility_and_implementation,"For example, several countries and cities have already implemented bans with measurable results, showing that enforcement is feasible and effective when supported by public awareness and policy.",exemplification_feasibility_and_implementation,I should evaluate whether the proposal can actually be implemented and enforced effectively. ,For example,targeted,607,10,0.0007320264475864174
465842,1.4614907258420513,,,synthesis_faithful,targeted,1,20260206_121005,0.899928092956543,"The government should enforce a total ban on single-use plastics because the environmental damage caused by plastic pollution is already severe and worsening. Countries like Rwanda and Kenya have already shown that such bans are not only possible but also effective in drastically reducing plastic waste. With reusable and biodegradable alternatives becoming more affordable and widely available, the shift is practical and fair to everyday consumers, offering long-term benefits for the planet and future generations.",evidence_and_authority,feasibility_and_implementation,"Evidence shows that plastic pollution is already causing severe harm to ecosystems and wildlife, and a total ban would significantly reduce this damage by eliminating the primary source of such pollution.",evidence_and_authority_feasibility_and_implementation,I should evaluate whether the proposal can actually be implemented and enforced effectively. ,Evidence shows that,exemplification,precedent_and_long_term_effects,"For example, countries like Rwanda and Kenya have successfully implemented plastic bans, proving that such policies are feasible and effective when supported by public awareness and enforcement.",exemplification_precedent_and_long_term_effects,"I should evaluate historical precedents, long-term vs short-term tradeoffs, and obligations to future generations. ",For example,evidence_and_authority,justice_and_fairness,"Evidence shows that alternatives like reusable bags and biodegradable packaging are becoming increasingly affordable and accessible, meaning the burden on consumers is minimal and manageable.",evidence_and_authority_justice_and_fairness,"I should analyze whether outcomes, processes, and distributions are fair to all parties involved. ",Evidence shows that,targeted,518,3,0.0007295628804897926
25,0.0,,,synthesis_faithful,random,1,20260206_121538,1.0190610885620115,"The government should enforce a total ban on single-use plastics because individual actions alone aren’t enough to solve a crisis that’s overwhelming our planet. As the entity responsible for public safety and environmental protection, the government is uniquely positioned to create and enforce laws that apply to everyone, not just those who choose to act responsibly. Without legal mandates, companies will continue producing cheap, wasteful plastics, and people won’t have the infrastructure or incentives to switch. A ban is not about restricting freedom—it’s about protecting our air, water, and future. It’s a fair and necessary step toward a cleaner, healthier world for all.",exemplification,stakeholder_responsibility,"For example, while individuals can reduce plastic use, the scale of pollution demands systemic change that only government can enforce.",exemplification_stakeholder_responsibility,"I should analyze who bears responsibility—whether government, individuals, corporations, or other institutions. ",For example,causal_reasoning,governance_and_accountability,"Therefore, the government has both the authority and responsibility to implement a total ban on single-use plastics to protect public health and the environment.",causal_reasoning_governance_and_accountability,"I should consider legal frameworks, accountability mechanisms, democratic principles, and proper authority. ",Therefore,conclusion_and_summary,precedent_and_long_term_effects,"In conclusion, a government-enforced ban is a necessary, fair, and forward-thinking solution to a problem that affects everyone.",conclusion_and_summary_precedent_and_long_term_effects,"I should evaluate historical precedents, long-term vs short-term tradeoffs, and obligations to future generations. ",In conclusion,baseline,683,233,0.0007154313842476546
7,0.0,,,synthesis_faithful,random,0,20260206_121538,1.3301432132720947,"The government should enforce a total ban on single-use plastics because it is a necessary step to protect public health and the environment. Such a policy should be enacted through democratic legislation, ensuring transparency and accountability in decision-making. While some may worry about personal freedom, the right to use disposable plastics does not outweigh the collective right to clean air, safe water, and a healthy planet. The government has a moral duty to act when human and ecological wellbeing are at risk. A ban promotes sustainable choices without eliminating freedom—it simply makes better choices the default. Ultimately, this action reflects responsible leadership and long-term thinking for future generations.",conditional,governance_and_accountability,"If a government chooses to ban single-use plastics, it should do so through legislation passed by elected representatives in a transparent, democratic process. This ensures public input, legal legitimacy, and accountability for decisions that affect everyday life.",conditional_governance_and_accountability,"I should consider legal frameworks, accountability mechanisms, democratic principles, and proper authority. ",If,emphasis_and_evaluation,ethical_principles,"Importantly, the government has a moral responsibility to protect public health and the environment, especially when actions like plastic pollution harm communities and ecosystems. A ban on single-use plastics reflects a commitment to long-term stewardship and intergenerational justice.",emphasis_and_evaluation_ethical_principles,"I should evaluate actions based on moral rules, character virtues, relationships, and ethical obligations. ",Importantly,exemplification,rights_and_liberties,"For example, a ban does not eliminate personal freedom; it simply redirects choices toward sustainable alternatives that are safer for people and the planet. The right to use a plastic bag or straw doesn’t outweigh the right to clean air, water, and a stable climate.",exemplification_rights_and_liberties,"I should consider inalienable human rights, civil liberties, privacy protections, and the freedom to make one's own choices. ",For example,baseline,733,269,0.0006111022568924149
35,0.0,,,synthesis_faithful,random,4,20260206_121538,1.2181110382080078,"The government should enforce a total ban on single-use plastics because it has the power and responsibility to create consistent, enforceable rules that individuals and companies can't achieve on their own. A full ban is more effective than partial rules, as it removes confusion and avoids loopholes that allow continued plastic pollution. Without government action, most people will keep using plastic out of convenience, even if they care about the environment. A ban ensures everyone follows the same standard, protecting ecosystems and reducing waste. It’s not about restricting freedom—it’s about protecting the planet we all share. Ultimately, the government must lead this change to create lasting, meaningful environmental progress.",concession_and_contrast,stakeholder_responsibility,"However, the government holds the most authority to implement large-scale change and enforce consistent standards, making it the most effective entity to lead a ban on single-use plastics.",concession_and_contrast_stakeholder_responsibility,"I should analyze who bears responsibility—whether government, individuals, corporations, or other institutions. ",However,addition_and_elaboration,feasibility_and_implementation,"Moreover, a total ban is more effective than partial restrictions because it eliminates the confusion and loopholes that come with exceptions, ensuring that all single-use plastics are removed from circulation.",addition_and_elaboration_feasibility_and_implementation,I should evaluate whether the proposal can actually be implemented and enforced effectively. ,Moreover,clarification_and_specification,stakeholder_responsibility,"In other words, if individuals and businesses are left to decide on their own, most will continue using cheap, convenient plastics due to low personal cost and lack of awareness, so a government mandate is necessary to shift behavior at scale.",clarification_and_specification_stakeholder_responsibility,"I should analyze who bears responsibility—whether government, individuals, corporations, or other institutions. ",In other words,baseline,742,273,0.0006054516435109071
31,0.0,,,synthesis_faithful,random,3,20260206_121538,1.2848291397094729,"The government should enforce a total ban on single-use plastics because it has a responsibility to protect public health and the environment. Without strong action, pollution will continue to harm ecosystems, wildlife, and human communities, especially in low-income areas that bear the brunt of waste disposal. While some may worry about inconvenience, the short-term adjustments are worth it to prevent long-term environmental damage that future generations will have to live with. It’s unfair to expect individuals to fix a problem that was created by large corporations and enabled by weak regulations. The government must step in and make sustainable choices the standard through enforceable laws. A total ban is not only necessary but also a moral obligation to protect both people and the planet.",evidence_and_authority,governance_and_accountability,"Evidence shows that governments have a responsibility to protect public health and the environment, and a total ban on single-use plastics is a necessary step to prevent long-term ecological damage and reduce pollution that harms communities.",evidence_and_authority_governance_and_accountability,"I should consider legal frameworks, accountability mechanisms, democratic principles, and proper authority. ",Evidence shows that,conditional,precedent_and_long_term_effects,"If we don’t act now, future generations will inherit a planet with irreversible environmental harm, and the short-term inconvenience of a ban is far outweighed by the long-term benefits for public health and sustainability.",conditional_precedent_and_long_term_effects,"I should evaluate historical precedents, long-term vs short-term tradeoffs, and obligations to future generations. ",If,clarification_and_specification,stakeholder_responsibility,"In other words, it’s not fair to place the entire burden on individuals; the government must lead by implementing policies that make sustainable choices the default, especially when large corporations profit from plastic production.",clarification_and_specification_stakeholder_responsibility,"I should analyze who bears responsibility—whether government, individuals, corporations, or other institutions. ",In other words,baseline,804,323,0.0005938816083234787
41,0.0,,,synthesis_faithful,random,4,20260206_121538,1.169503927230835,"A total ban on single-use plastics is necessary because these materials pollute oceans, harm wildlife, and take hundreds of years to decompose. The government must act because corporations profit from producing these harmful items, and without regulation, there’s no incentive for change. While some people worry about the inconvenience, affordable and accessible alternatives like reusable bags and containers already exist. The environmental damage caused by plastic waste far exceeds any short-term hassle of switching habits. Acting now prevents worse outcomes in the future, such as toxic food chains and rising cleanup costs. The government has a duty to protect public health and natural resources. Therefore, a total ban is not only responsible but essential for a sustainable future.",conditional,feasibility_and_implementation,"If the government enforces a total ban on single-use plastics, it would significantly reduce pollution and protect ecosystems from long-term environmental harm.",conditional_feasibility_and_implementation,I should evaluate whether the proposal can actually be implemented and enforced effectively. ,If,sequence_and_transition,stakeholder_responsibility,"Next, since most single-use plastics come from large corporations producing cheap, disposable products, the government has a responsibility to step in and regulate these harmful materials before they cause irreversible damage.",sequence_and_transition_stakeholder_responsibility,"I should analyze who bears responsibility—whether government, individuals, corporations, or other institutions. ",Next,clarification_and_specification,cost_benefit_and_impact_analysis,"In other words, although some people worry about inconvenience, reusable alternatives are increasingly affordable and available, and the long-term health of the planet outweighs temporary discomfort.",clarification_and_specification_cost_benefit_and_impact_analysis,"I should quantify and compare costs, benefits, and real-world impacts across economic, social, and environmental dimensions. ",In other words,baseline,792,311,0.0005712581955992102
26,0.0,,,synthesis_faithful,random,4,20260206_121538,1.3840301036834717,"A total ban on single-use plastics is necessary because the harm they cause to the environment and public health outweighs the convenience they provide. While people value personal freedom, that freedom shouldn’t come at the expense of clean water, safe ecosystems, and the well-being of future generations. Plastic pollution is a global crisis that affects everyone, especially vulnerable communities and wildlife, and government action is essential to stop it. The burden of plastic waste falls disproportionately on those least able to deal with it, making a ban a matter of fairness and justice. By eliminating single-use plastics, we protect both nature and human health, ensuring a safer, cleaner world for all. This isn’t an attack on freedom—it’s a step toward protecting the fundamental rights we all rely on.",concession_and_contrast,rights_and_liberties,"However, when personal choices lead to significant harm to the environment and public health, government intervention becomes necessary to protect the collective good. A total ban on single-use plastics is a reasonable measure to prevent widespread ecological damage and safeguard long-term human well-being.",concession_and_contrast_rights_and_liberties,"I should consider inalienable human rights, civil liberties, privacy protections, and the freedom to make one's own choices. ",However,causal_reasoning,rights_and_liberties,"Therefore, a total ban on single-use plastics is not an overreach but a responsible action that protects citizens’ rights to clean air, safe water, and a healthy planet—rights that are undermined by plastic pollution.",causal_reasoning_rights_and_liberties,"I should consider inalienable human rights, civil liberties, privacy protections, and the freedom to make one's own choices. ",Therefore,exemplification,incentives_and_power_dynamics,"For example, plastic producers benefit from disposable products, but the costs—like polluted oceans and toxic waste—are borne by communities and future generations, making a ban a fair correction of this imbalance.",exemplification_incentives_and_power_dynamics,"I should examine what behaviors are encouraged, who holds power, and how interests align or conflict. ",For example,baseline,818,337,0.0005673823406575783
34,0.0,,,synthesis_faithful,random,2,20260206_121538,1.2421798706054688,"The government should enforce a total ban on single-use plastics because the environmental damage they cause is too severe to ignore. These materials pollute oceans, harm wildlife, and contribute to climate change, and individual actions alone are not enough to reverse the damage. While some may worry about personal inconvenience, the long-term benefits to public health and ecosystems far outweigh short-term discomfort. Governments have a duty to protect both citizens and the planet, and regulations are the most effective way to ensure widespread compliance. Without a ban, industries will continue relying on cheap, disposable plastics, and the environment will continue to suffer. The responsibility lies with policymakers to act decisively, especially when the alternatives—like reusable or biodegradable materials—are already available. A ban isn't an overreach; it's a necessary step toward a sustainable future.",clarification_and_specification,rights_and_liberties,"In other words, the government should not be allowed to restrict my ability to choose what I use, especially when it comes to everyday items like plastic bags or containers.",clarification_and_specification_rights_and_liberties,"I should consider inalienable human rights, civil liberties, privacy protections, and the freedom to make one's own choices. ",In other words,conclusion_and_summary,precedent_and_long_term_effects,"In conclusion, banning single-use plastics is a necessary step to protect the environment for future generations, even if it requires some personal inconvenience today.",conclusion_and_summary_precedent_and_long_term_effects,"I should evaluate historical precedents, long-term vs short-term tradeoffs, and obligations to future generations. ",In conclusion,emphasis_and_evaluation,stakeholder_responsibility,"Importantly, while individuals can make choices, the responsibility to protect the planet ultimately falls on governments to enforce regulations that prevent widespread environmental harm.",emphasis_and_evaluation_stakeholder_responsibility,"I should analyze who bears responsibility—whether government, individuals, corporations, or other institutions. ",Importantly,baseline,923,393,0.0005442517142383292
464856,1.4580301159169713,,,synthesis_faithful,targeted,1,20260206_121005,0.9402689933776855,"Single-use plastics are a major source of pollution, clogging oceans, harming wildlife, and contributing to long-term environmental damage. A total ban is necessary to protect ecosystems and ensure a healthier planet for future generations. Countries like Rwanda and Canada have already demonstrated that such bans are not only possible but also effective when supported by strong policies and public awareness. The short-term inconvenience of changing habits is outweighed by the long-term benefits to human health and the environment. Therefore, the government should take decisive action by enforcing a total ban on single-use plastics to safeguard our planet.",evidence_and_authority,feasibility_and_implementation,"Evidence shows that plastic pollution is already harming ecosystems and wildlife, and a total ban would significantly reduce this damage.",evidence_and_authority_feasibility_and_implementation,I should evaluate whether the proposal can actually be implemented and enforced effectively. ,Evidence shows that,evidence_and_authority,precedent_and_long_term_effects,"Evidence shows that many countries have successfully phased out single-use plastics, proving that such bans are feasible and effective.",evidence_and_authority_precedent_and_long_term_effects,"I should evaluate historical precedents, long-term vs short-term tradeoffs, and obligations to future generations. ",Evidence shows that,exemplification,feasibility_and_implementation,"For example, countries like Rwanda and Canada have implemented plastic bans with strong enforcement and public support, showing that such policies can work in practice.",exemplification_feasibility_and_implementation,I should evaluate whether the proposal can actually be implemented and enforced effectively. ,For example,targeted,663,21,0.0005094863445696949
49,0.0,,,synthesis_faithful,random,1,20260206_121538,1.1420540809631348,"The environmental damage caused by single-use plastics—like pollution in oceans and harm to wildlife—is both widespread and irreversible. As someone who cares about protecting nature for future generations, I believe we cannot afford to delay action. Evidence shows that plastic waste comes mostly from large corporations producing these items, yet individuals are often blamed. A government ban shifts accountability where it belongs—on the producers and policymakers who allow this pollution to continue. Therefore, a total ban is not just practical, but necessary to create a level playing field for businesses and to encourage innovation in sustainable alternatives.",addition_and_elaboration,risk_and_unintended_consequences,"Moreover, the environmental damage caused by single-use plastics—like pollution in oceans and harm to wildlife—is both widespread and irreversible. As someone who cares about protecting nature for future generations, I believe we cannot afford to delay action.",addition_and_elaboration_risk_and_unintended_consequences,"I should identify risks, unintended outcomes, cascading effects, and potential for escalation. ",Moreover,evidence_and_authority,stakeholder_responsibility,"Evidence shows that plastic waste comes mostly from large corporations producing these items, yet individuals are often blamed. A government ban shifts accountability where it belongs—on the producers and policymakers who allow this pollution to continue.",evidence_and_authority_stakeholder_responsibility,"I should analyze who bears responsibility—whether government, individuals, corporations, or other institutions. ",Evidence shows that,causal_reasoning,stakeholder_responsibility,"Therefore, a total ban is not just practical, but necessary to create a level playing field for businesses and to encourage innovation in sustainable alternatives.",causal_reasoning_stakeholder_responsibility,"I should analyze who bears responsibility—whether government, individuals, corporations, or other institutions. ",Therefore,baseline,670,226,0.0005043852550427944
28,0.0,,,synthesis_faithful,random,1,20260206_121538,1.4130127429962158,"A total ban on single-use plastics is essential to protect the environment and safeguard future generations. Right now, plastic waste is choking oceans, poisoning wildlife, and polluting the air and soil — and the damage won’t reverse itself in our lifetime. Governments have a duty to act when public health and ecosystems are at risk, and banning these harmful materials is a clear, responsible step. Fortunately, reusable alternatives like cloth bags, metal straws, and glass containers are already affordable and accessible for most people. This ban isn’t about restricting freedom — it’s about creating a cleaner, safer world for everyone, especially those who can’t afford to pay extra for eco-friendly products. When we act now, we ensure that our children inherit a planet that isn’t buried under plastic.",clarification_and_specification,precedent_and_long_term_effects,"In other words, it's not just about today’s convenience — it’s about protecting the planet for future generations. A total ban on single-use plastics would help reduce pollution that harms wildlife and ecosystems, like oceans and forests, which are already suffering from plastic waste.",clarification_and_specification_precedent_and_long_term_effects,"I should evaluate historical precedents, long-term vs short-term tradeoffs, and obligations to future generations. ",In other words,addition_and_elaboration,governance_and_accountability,"Moreover, governments have the responsibility to protect public health and the environment, and banning single-use plastics is a necessary step to fulfill that duty, especially when alternatives like reusable bags and containers are already widely available.",addition_and_elaboration_governance_and_accountability,"I should consider legal frameworks, accountability mechanisms, democratic principles, and proper authority. ",Moreover,conclusion_and_summary,rights_and_liberties,"In conclusion, a total ban on single-use plastics doesn’t take away personal freedom — it simply encourages better choices that benefit everyone, including those who can’t afford to pay for more expensive eco-friendly alternatives.",conclusion_and_summary_rights_and_liberties,"I should consider inalienable human rights, civil liberties, privacy protections, and the freedom to make one's own choices. ",In conclusion,baseline,813,338,0.0004930293612480428
463855,1.4464289405355368,,,synthesis_faithful,targeted,1,20260206_121005,1.128770351409912,"Single-use plastics are a major contributor to pollution, choking ecosystems and harming wildlife, so a total government ban is necessary to protect the environment. Countries like Canada and the EU have already shown that banning these items is both practical and effective, leading to innovation in greener packaging. Such a ban would push companies to create sustainable alternatives, reducing waste and long-term environmental damage. It’s not just about convenience—it’s about protecting the planet for future generations. As an average person, I believe we should act now to prevent further harm. The small inconvenience of giving up plastic is far outweighed by the lasting benefits to nature and public health.",evidence_and_authority,feasibility_and_implementation,"Evidence shows that single-use plastics are a major source of pollution, especially in oceans and landfills, and a total ban would significantly reduce this environmental harm.",evidence_and_authority_feasibility_and_implementation,I should evaluate whether the proposal can actually be implemented and enforced effectively. ,Evidence shows that,addition_and_elaboration,precedent_and_long_term_effects,"Moreover, countries like Canada and the EU have already successfully implemented bans on certain single-use plastics, proving that such policies are feasible and can lead to innovation in sustainable alternatives.",addition_and_elaboration_precedent_and_long_term_effects,"I should evaluate historical precedents, long-term vs short-term tradeoffs, and obligations to future generations. ",Moreover,exemplification,risk_and_unintended_consequences,"For example, banning single-use plastics would encourage businesses to develop and adopt reusable or biodegradable options, which can reduce long-term environmental costs and improve public health.",exemplification_risk_and_unintended_consequences,"I should identify risks, unintended outcomes, cascading effects, and potential for escalation. ",For example,targeted,718,53,0.00048355957189366344
19,0.0,,,synthesis_faithful,random,0,20260206_121538,0.9740636348724364,"The government should enforce a total ban on single-use plastics because it has the authority and responsibility to protect public health and the environment on a large scale. Individual actions alone are not enough to combat the massive pollution caused by disposable plastics. A ban ensures that the burden of cleanup and environmental damage doesn’t fall unfairly on low-income communities or future generations. It also promotes fairness by supporting innovation and helping businesses transition to sustainable alternatives. Ultimately, government leadership is essential to create lasting change and protect our planet for everyone.",causal_reasoning,stakeholder_responsibility,"Therefore, the government has a critical role in setting standards that protect public health and the environment, especially when individual actions alone cannot solve large-scale pollution problems.",causal_reasoning_stakeholder_responsibility,"I should analyze who bears responsibility—whether government, individuals, corporations, or other institutions. ",Therefore,conclusion_and_summary,justice_and_fairness,"In conclusion, a total ban on single-use plastics ensures that the burden of environmental cleanup does not fall disproportionately on marginalized communities or future generations.",conclusion_and_summary_justice_and_fairness,"I should analyze whether outcomes, processes, and distributions are fair to all parties involved. ",In conclusion,exemplification,justice_and_fairness,"For example, a government-led ban can level the playing field by encouraging innovation in reusable alternatives, helping small businesses adapt and thrive alongside larger corporations.",exemplification_justice_and_fairness,"I should analyze whether outcomes, processes, and distributions are fair to all parties involved. ",For example,baseline,638,219,0.0004722077736499395
6,0.0,,,synthesis_faithful,random,2,20260206_121538,0.9697728157043456,"We have a moral duty to protect the planet for future generations, and single-use plastics cause severe environmental harm, including pollution in oceans and harm to wildlife. A total ban is necessary to shift societal behavior and prioritize long-term ecological health over short-term convenience. While some may worry about economic impacts, such a policy would drive innovation in eco-friendly materials and create new green jobs. The risks of continued plastic pollution—like contaminated water and food sources—far outweigh any temporary inconvenience. Ultimately, protecting our environment is not just a practical choice but an ethical one. A government-enforced ban is the most effective way to ensure lasting change.",concession_and_contrast,ethical_principles,"However, the ethical obligation to protect the environment and future generations outweighs convenience and economic interests.",concession_and_contrast_ethical_principles,"I should evaluate actions based on moral rules, character virtues, relationships, and ethical obligations. ",However,exemplification,incentives_and_power_dynamics,"For example, single-use plastics contribute heavily to pollution, harming ecosystems and wildlife, which we are morally obligated to protect.",exemplification_incentives_and_power_dynamics,"I should examine what behaviors are encouraged, who holds power, and how interests align or conflict. ",For example,addition_and_elaboration,risk_and_unintended_consequences,"Moreover, a total ban would incentivize innovation in sustainable alternatives, reducing long-term environmental and health risks.",addition_and_elaboration_risk_and_unintended_consequences,"I should identify risks, unintended outcomes, cascading effects, and potential for escalation. ",Moreover,baseline,726,261,0.0004606005924696396
32,0.0,,,synthesis_faithful,random,1,20260206_121538,1.205857753753662,"Single-use plastics are a major source of environmental pollution, clogging oceans, harming wildlife, and contributing to climate change. A total ban would significantly reduce this harm and encourage innovation in sustainable alternatives. While some may worry about inconvenience, the long-term benefits to ecosystems and human health far outweigh short-term disruptions. The government has a responsibility to protect citizens and the planet, especially future generations. Many countries that have already implemented such bans have seen successful transitions with minimal societal impact. Ultimately, a ban is a necessary and ethical step toward a cleaner, safer world.",concession_and_contrast,ethical_principles,"However, this argument is not about whether the government should enforce a total ban on single-use plastics. Instead, it is about whether such a ban is justified as a policy to protect the environment and public health.",concession_and_contrast_ethical_principles,"I should evaluate actions based on moral rules, character virtues, relationships, and ethical obligations. ",However,concession_and_contrast,precedent_and_long_term_effects,"However, this argument is not about whether the government should enforce a total ban on single-use plastics. Instead, it is about whether such a ban is justified as a policy to protect the environment and public health.",concession_and_contrast_precedent_and_long_term_effects,"I should evaluate historical precedents, long-term vs short-term tradeoffs, and obligations to future generations. ",However,concession_and_contrast,risk_and_unintended_consequences,"However, this argument is not about whether the government should enforce a total ban on single-use plastics. Instead, it is about whether such a ban is justified as a policy to protect the environment and public health.",concession_and_contrast_risk_and_unintended_consequences,"I should identify risks, unintended outcomes, cascading effects, and potential for escalation. ",However,baseline,675,229,0.0004117872095907768
16,0.0,,,synthesis_faithful,random,1,20260206_121538,1.1730165481567385,"A total ban on single-use plastics is necessary because the government has a responsibility to protect public health and the environment, and it's the only way to ensure meaningful and lasting change. Without strong legal action, individuals and companies will continue relying on cheap, disposable plastics out of convenience, despite the harm they cause. This ban aligns with ethical duty—preserving nature for future generations and reducing pollution that harms wildlife and communities. Past experience shows that voluntary measures and weak policies fail to make a real difference, so strong enforcement is essential. Ultimately, a total ban sends a clear message that our planet's health comes before short-term convenience. This is not an overreach—it’s a necessary step toward a more sustainable future.",evidence_and_authority,governance_and_accountability,"Evidence shows that government regulation is the most effective way to drive large-scale behavioral change, especially when it comes to environmental protection and public health.",evidence_and_authority_governance_and_accountability,"I should consider legal frameworks, accountability mechanisms, democratic principles, and proper authority. ",Evidence shows that,evidence_and_authority,ethical_principles,"Evidence shows that a total ban on single-use plastics is ethically justified because it protects ecosystems, reduces pollution, and ensures a healthier planet for future generations.",evidence_and_authority_ethical_principles,"I should evaluate actions based on moral rules, character virtues, relationships, and ethical obligations. ",Evidence shows that,sequence_and_transition,precedent_and_long_term_effects,"Next, a total ban is the most effective way to eliminate the root cause of plastic pollution, as partial restrictions often fail to stop the widespread use of disposable plastics.",sequence_and_transition_precedent_and_long_term_effects,"I should evaluate historical precedents, long-term vs short-term tradeoffs, and obligations to future generations. ",Next,baseline,812,334,0.000400726676737455
33,0.0,,,synthesis_faithful,random,2,20260206_121538,0.9281673431396484,"Single-use plastics are a major source of pollution, harming wildlife and ecosystems worldwide. A total ban would push industries to develop sustainable alternatives and reduce the massive environmental cleanup costs we face today. While there might be some short-term inconvenience, the long-term benefits to public health, the environment, and future generations are too important to ignore. The government has a responsibility to protect natural resources for all people, not just for current convenience. With proper planning, the transition can be managed fairly and effectively. Ultimately, a ban is a necessary step toward a cleaner, safer, and more sustainable future for everyone.",evidence_and_authority,incentives_and_power_dynamics,"Evidence shows that single-use plastics are a major source of pollution, harming wildlife and ecosystems.",evidence_and_authority_incentives_and_power_dynamics,"I should examine what behaviors are encouraged, who holds power, and how interests align or conflict. ",Evidence shows that,addition_and_elaboration,cost_benefit_and_impact_analysis,"Moreover, a total ban would encourage innovation in sustainable alternatives and reduce long-term environmental cleanup costs.",addition_and_elaboration_cost_benefit_and_impact_analysis,"I should quantify and compare costs, benefits, and real-world impacts across economic, social, and environmental dimensions. ",Moreover,causal_reasoning,precedent_and_long_term_effects,"Therefore, even if some inconvenience arises initially, the long-term benefits to public health and the planet outweigh the temporary drawbacks.",causal_reasoning_precedent_and_long_term_effects,"I should evaluate historical precedents, long-term vs short-term tradeoffs, and obligations to future generations. ",Therefore,baseline,689,235,0.0003991912793790191
0,0.0,,,synthesis_faithful,random,4,20260206_121538,1.270707607269287,"I believe the government should enforce a total ban on single-use plastics because they are a major source of pollution that harms wildlife, clogs landfills, and lingers in ecosystems for hundreds of years. While some worry that alternatives might cause new problems, the long-term environmental damage from plastic waste far outweighs the risks of switching to safer, reusable options. A ban would push innovation in sustainable materials and encourage people to adopt more responsible habits. It’s not just about convenience—it’s about protecting our planet for future generations. The idea that we can’t live without plastic is outdated; we’ve already seen how communities adapt when given better options. With proper support and education, a ban is not only possible but necessary. We owe it to the environment and to our children to act decisively now.",clarification_and_specification,incentives_and_power_dynamics,"In other words, people should be aware of who benefits from the status quo and who is harmed by it.",clarification_and_specification_incentives_and_power_dynamics,"I should examine what behaviors are encouraged, who holds power, and how interests align or conflict. ",In other words,concession_and_contrast,risk_and_unintended_consequences,"However, if a ban on single-use plastics is implemented without careful planning, it could lead to unintended consequences like increased use of alternatives that are equally or more harmful to the environment.",concession_and_contrast_risk_and_unintended_consequences,"I should identify risks, unintended outcomes, cascading effects, and potential for escalation. ",However,concession_and_contrast,risk_and_unintended_consequences,"However, if a ban on single-use plastics is implemented without careful planning, it could lead to unintended consequences like increased use of alternatives that are equally or more harmful to the environment.",concession_and_contrast_risk_and_unintended_consequences,"I should identify risks, unintended outcomes, cascading effects, and potential for escalation. ",However,baseline,857,364,0.0003911303019326619
443056,1.3746983650092697,,,synthesis_faithful,targeted,1,20260206_121005,0.9802651405334472,"The government should enforce a total ban on single-use plastics because it is a vital step to protect both the environment and public health. These plastics are a major source of pollution, clogging landfills and oceans, and harming animals that often mistake them for food. Many nations, including Rwanda and Canada, have already implemented such bans and seen significant improvements in cleanliness and environmental sustainability. With proper planning and public support, a nationwide ban is not only achievable but necessary to prevent long-term damage to ecosystems and human well-being.",evidence_and_authority,governance_and_accountability,"Evidence shows that governments have a duty to protect public health and the environment, and banning single-use plastics is a necessary step to reduce pollution and safeguard ecosystems.",evidence_and_authority_governance_and_accountability,"I should consider legal frameworks, accountability mechanisms, democratic principles, and proper authority. ",Evidence shows that,addition_and_elaboration,cost_benefit_and_impact_analysis,"Moreover, single-use plastics contribute heavily to landfill waste and ocean pollution, which harm wildlife and can eventually affect human health through contaminated food and water sources.",addition_and_elaboration_cost_benefit_and_impact_analysis,"I should quantify and compare costs, benefits, and real-world impacts across economic, social, and environmental dimensions. ",Moreover,exemplification,feasibility_and_implementation,"For example, countries like Rwanda and Canada have successfully implemented plastic bans, proving that such policies are feasible and can lead to widespread behavioral change.",exemplification_feasibility_and_implementation,I should evaluate whether the proposal can actually be implemented and enforced effectively. ,For example,targeted,595,9,0.00037791537175119584
37,0.0,,,synthesis_faithful,random,0,20260206_121538,1.3608067035675049,"The government should not enforce a total ban on single-use plastics because such a ban infringes on personal freedom and the right to make individual choices about everyday products. While plastic pollution is a serious concern, people should have the autonomy to decide what they use based on their needs and circumstances. A total ban would be difficult to enforce consistently across diverse communities and contexts, leading to confusion, non-compliance, and potential resentment toward government overreach. Instead of imposing a blanket ban, the government should focus on education, incentives for sustainable alternatives, and targeted regulations where environmental harm is most severe. This balanced approach respects individual choice while still addressing environmental issues effectively. A one-size-fits-all solution fails to account for the complexity of daily life and practical realities. Therefore, a total ban is not the most just or practical path forward.",conclusion_and_summary,rights_and_liberties,"In conclusion, the government should not enforce a total ban on single-use plastics because such a ban infringes on personal freedom and the right to make individual choices about everyday products.",conclusion_and_summary_rights_and_liberties,"I should consider inalienable human rights, civil liberties, privacy protections, and the freedom to make one's own choices. ",In conclusion,addition_and_elaboration,feasibility_and_implementation,"Moreover, a total ban on single-use plastics would be difficult to enforce consistently across diverse communities and contexts, leading to confusion, non-compliance, and potential resentment toward government overreach.",addition_and_elaboration_feasibility_and_implementation,I should evaluate whether the proposal can actually be implemented and enforced effectively. ,Moreover,addition_and_elaboration,feasibility_and_implementation,"Moreover, a total ban on single-use plastics would be difficult to enforce consistently across diverse communities and contexts, leading to confusion, non-compliance, and potential resentment toward government overreach.",addition_and_elaboration_feasibility_and_implementation,I should evaluate whether the proposal can actually be implemented and enforced effectively. ,Moreover,baseline,979,404,0.0003640677864114508
4,0.0,,,synthesis_faithful,random,3,20260206_121538,1.2236080169677734,"As an average person, I believe the government should enforce a total ban on single-use plastics because individuals alone can’t fix this problem—systemic change requires strong leadership. The government has a responsibility to protect both people and the planet, and single-use plastics cause serious harm to wildlife, oceans, and our own health. Just as governments have banned dangerous products like lead paint or tobacco, they should act decisively to eliminate a known environmental hazard. A ban would push companies to innovate greener alternatives, reduce pollution, and encourage sustainable habits. Without government action, we’ll keep polluting for years, and the cost will be paid by future generations. A total ban is a fair, necessary, and long-overdue step toward a cleaner, healthier world.",concession_and_contrast,stakeholder_responsibility,"However, since individuals often lack the power to drive systemic change, it’s essential that the government step in to create and enforce regulations that protect the environment.",concession_and_contrast_stakeholder_responsibility,"I should analyze who bears responsibility—whether government, individuals, corporations, or other institutions. ",However,causal_reasoning,ethical_principles,"Therefore, the government has a moral duty to protect public health and the natural environment, particularly when single-use plastics harm ecosystems and human well-being.",causal_reasoning_ethical_principles,"I should evaluate actions based on moral rules, character virtues, relationships, and ethical obligations. ",Therefore,exemplification,governance_and_accountability,"For example, governments already regulate harmful substances and practices—like tobacco or lead in paint—so banning single-use plastics fits within their legitimate authority to safeguard citizens.",exemplification_governance_and_accountability,"I should consider legal frameworks, accountability mechanisms, democratic principles, and proper authority. ",For example,baseline,809,330,0.00036396692460949153
43,0.0,,,synthesis_faithful,random,0,20260206_121538,1.1615521907806396,"The government should enforce a total ban on single-use plastics because it has the legal authority and responsibility to protect public health and the environment. While individuals have the right to make personal choices, these rights are not absolute when they lead to significant harm to others or the planet. Single-use plastics pollute ecosystems, harm wildlife, and contribute to climate change—problems that affect everyone, not just the users. In such cases, government intervention is justified to prevent widespread harm and ensure long-term sustainability. Laws that restrict harmful products are common and accepted, such as bans on leaded gasoline or tobacco advertising. Therefore, a ban on single-use plastics is a necessary and reasonable action to safeguard both people and the planet.",evidence_and_authority,governance_and_accountability,"Evidence shows that the government has the legal authority and responsibility to regulate harmful products, including single-use plastics, to protect public health and the environment.",evidence_and_authority_governance_and_accountability,"I should consider legal frameworks, accountability mechanisms, democratic principles, and proper authority. ",Evidence shows that,exemplification,rights_and_liberties,"For example, individuals have the right to make choices about their own consumption, and government bans may infringe on personal freedom and autonomy.",exemplification_rights_and_liberties,"I should consider inalienable human rights, civil liberties, privacy protections, and the freedom to make one's own choices. ",For example,conditional,governance_and_accountability,"If a product is proven to cause widespread environmental damage and harm to public health, the government has a duty to act in the public interest, even if it limits individual choices.",conditional_governance_and_accountability,"I should consider legal frameworks, accountability mechanisms, democratic principles, and proper authority. ",If,baseline,803,321,0.0003566128840899067
40,0.0,,,synthesis_faithful,random,1,20260206_121538,1.1836915016174316,"The government should enforce a total ban on single-use plastics because these items cause severe and long-lasting environmental damage. They pollute our oceans, endanger marine life, and can take over 500 years to break down, which harms ecosystems and human health. While some may argue about personal freedom, the right to a clean and safe environment is more important than the convenience of disposable plastics. A ban would encourage innovation in sustainable alternatives and reduce waste at the source. Governments have a responsibility to protect public health and the planet, and a total ban is a clear, effective step in that direction. This kind of policy reflects the will of the people who care about future generations and the world we live in.",sequence_and_transition,governance_and_accountability,"Next, I’ll argue that banning single-use plastics is a reasonable and necessary step for public health and environmental protection, especially when such items are widely available and harmful.",sequence_and_transition_governance_and_accountability,"I should consider legal frameworks, accountability mechanisms, democratic principles, and proper authority. ",Next,emphasis_and_evaluation,cost_benefit_and_impact_analysis,"Importantly, single-use plastics pollute our oceans, harm wildlife, and take hundreds of years to decompose—these harms far outweigh the convenience they provide.",emphasis_and_evaluation_cost_benefit_and_impact_analysis,"I should quantify and compare costs, benefits, and real-world impacts across economic, social, and environmental dimensions. ",Importantly,exemplification,rights_and_liberties,"For example, the right to a clean and healthy environment is a fundamental human right, and allowing unlimited plastic waste violates that right for current and future generations.",exemplification_rights_and_liberties,"I should consider inalienable human rights, civil liberties, privacy protections, and the freedom to make one's own choices. ",For example,baseline,759,283,0.0003448635817523092
32,0.0,,,synthesis_faithful,random,4,20260206_121538,1.20127272605896,"The government should enforce a total ban on single-use plastics because they cause severe environmental harm, polluting oceans, harming wildlife, and contributing to climate change. Even though some people might find alternatives inconvenient, the long-term benefits to the planet and public health far outweigh the short-term discomfort. We have a moral responsibility to protect the Earth for future generations, and banning these plastics is a clear and necessary step toward that goal. While it might seem extreme, past bans on harmful products like leaded gasoline and tobacco show that strong government action can lead to positive change. Without a total ban, plastic waste will continue to accumulate, and the damage will become irreversible. Therefore, a comprehensive ban is not only justified but essential for a sustainable future.",concession_and_contrast,ethical_principles,"However, the government should enforce a total ban on single-use plastics because it is a necessary step to protect the environment and public health for future generations.",concession_and_contrast_ethical_principles,"I should evaluate actions based on moral rules, character virtues, relationships, and ethical obligations. ",However,concession_and_contrast,precedent_and_long_term_effects,"However, the government should enforce a total ban on single-use plastics because it is a necessary step to protect the environment and public health for future generations.",concession_and_contrast_precedent_and_long_term_effects,"I should evaluate historical precedents, long-term vs short-term tradeoffs, and obligations to future generations. ",However,concession_and_contrast,risk_and_unintended_consequences,"However, the government should enforce a total ban on single-use plastics because it is a necessary step to protect the environment and public health for future generations.",concession_and_contrast_risk_and_unintended_consequences,"I should identify risks, unintended outcomes, cascading effects, and potential for escalation. ",However,baseline,844,358,0.00033120600917130284
41,0.0,,,synthesis_faithful,random,0,20260206_121538,1.1477246284484863,"The government should enforce a total ban on single-use plastics because it would push society toward more sustainable habits and reduce pollution. Since the government has a duty to protect both people and the planet, continuing to allow harmful plastic waste is irresponsible. The damage we see from plastic—like clogged waterways, dead marine animals, and contaminated food chains—is far worse than the minor inconvenience of using reusable bags or containers. While some may worry about immediate changes, the shift is manageable and supported by countries that have already banned or limited plastic use. In the end, a ban is a necessary step to preserve our environment and ensure healthier communities for future generations.",conditional,feasibility_and_implementation,"If the government enforces a total ban on single-use plastics, it would create a strong incentive for businesses and consumers to switch to reusable and sustainable alternatives.",conditional_feasibility_and_implementation,I should evaluate whether the proposal can actually be implemented and enforced effectively. ,If,sequence_and_transition,stakeholder_responsibility,"Next, the government has a responsibility to protect public health and the environment, and allowing single-use plastics to continue contributes to pollution and harm to ecosystems.",sequence_and_transition_stakeholder_responsibility,"I should analyze who bears responsibility—whether government, individuals, corporations, or other institutions. ",Next,clarification_and_specification,cost_benefit_and_impact_analysis,"In other words, the long-term environmental and economic costs of plastic pollution—like cleaning up oceans, harming wildlife, and damaging fisheries—far exceed the short-term convenience of single-use plastics.",clarification_and_specification_cost_benefit_and_impact_analysis,"I should quantify and compare costs, benefits, and real-world impacts across economic, social, and environmental dimensions. ",In other words,baseline,732,267,0.0003197265265886147
4,0.0,,,synthesis_faithful,random,0,20260206_121538,0.995246410369873,"The government should enforce a total ban on single-use plastics because it has the authority and responsibility to protect public health and the environment. While individuals and businesses can make changes, systemic problems like plastic pollution require systemic solutions that only the government can deliver. A ban would reduce pollution, conserve natural resources, and encourage innovation in sustainable alternatives. Without government action, progress will be too slow and inconsistent across regions. This isn't about restricting freedom—it's about safeguarding our planet and future generations. The government must act decisively, not because it's easy, but because it's necessary and right.",concession_and_contrast,stakeholder_responsibility,"However, the government holds the most power to enforce large-scale change, and it's unrealistic to expect individuals to solve this crisis alone.",concession_and_contrast_stakeholder_responsibility,"I should analyze who bears responsibility—whether government, individuals, corporations, or other institutions. ",However,causal_reasoning,ethical_principles,"Therefore, the government has a moral duty to protect public health and the environment, which single-use plastics severely endanger.",causal_reasoning_ethical_principles,"I should evaluate actions based on moral rules, character virtues, relationships, and ethical obligations. ",Therefore,exemplification,governance_and_accountability,"For example, the government can create laws that ban single-use plastics, enforce them fairly, and hold companies accountable for pollution.",exemplification_governance_and_accountability,"I should consider legal frameworks, accountability mechanisms, democratic principles, and proper authority. ",For example,baseline,706,248,0.00031166477610835045
49,0.0,,,synthesis_faithful,random,0,20260206_121538,0.9309298992156982,"Single-use plastics are a major source of environmental pollution, clogging waterways and harming marine life, which makes urgent action necessary. While individuals can reduce their usage, systemic change requires consistent and enforceable policies that only a government can implement. A total ban would compel industries to innovate and adopt eco-friendly alternatives, reducing waste at the source. This shift would not only protect ecosystems but also promote long-term sustainability for future generations. With widespread support and clear regulations, such a ban is both feasible and essential for environmental preservation.",addition_and_elaboration,risk_and_unintended_consequences,"Moreover, single-use plastics contribute significantly to pollution, especially in oceans and waterways, where they harm wildlife and degrade ecosystems.",addition_and_elaboration_risk_and_unintended_consequences,"I should identify risks, unintended outcomes, cascading effects, and potential for escalation. ",Moreover,evidence_and_authority,stakeholder_responsibility,Evidence shows that individual actions alone are insufficient to solve the problem; large-scale change requires government intervention to set standards and enforce accountability.,evidence_and_authority_stakeholder_responsibility,"I should analyze who bears responsibility—whether government, individuals, corporations, or other institutions. ",Evidence shows that,causal_reasoning,stakeholder_responsibility,"Therefore, a government-enforced ban would pressure manufacturers to innovate and adopt sustainable alternatives, shifting the burden from consumers to producers.",causal_reasoning_stakeholder_responsibility,"I should analyze who bears responsibility—whether government, individuals, corporations, or other institutions. ",Therefore,baseline,635,218,0.00029066371761151034
463226,1.3759924927282563,,,synthesis_faithful,targeted,2,20260206_121005,0.967719316482544,"Single-use plastics are a major source of pollution that harms wildlife, clogs landfills, and lingers in ecosystems for centuries. A total ban by the government would force industries to adopt eco-friendly alternatives, leading to innovation and long-term environmental benefits. While some may worry about inconvenience, the government can ease the transition with public education and support for sustainable products. This shift protects the planet for future generations and reduces the health risks linked to plastic contamination. The long-term gains far outweigh any short-term challenges. Therefore, the government should enforce a total ban on single-use plastics.",evidence_and_authority,feasibility_and_implementation,"Evidence shows that single-use plastics contribute significantly to environmental pollution, especially in oceans and landfills, and a total ban would drastically reduce this harm.",evidence_and_authority_feasibility_and_implementation,I should evaluate whether the proposal can actually be implemented and enforced effectively. ,Evidence shows that,addition_and_elaboration,justice_and_fairness,"Moreover, a ban would push companies to innovate sustainable alternatives, benefiting both the environment and long-term public health.",addition_and_elaboration_justice_and_fairness,"I should analyze whether outcomes, processes, and distributions are fair to all parties involved. ",Moreover,concession_and_contrast,feasibility_and_implementation,"However, the government can support the transition by offering incentives for green businesses and educating the public, making the shift practical and manageable.",concession_and_contrast_feasibility_and_implementation,I should evaluate whether the proposal can actually be implemented and enforced effectively. ,However,targeted,673,27,0.0002343759930480165
27,0.0,,,synthesis_faithful,random,0,20260206_121538,1.3457989692687988,"Single-use plastics are a major source of pollution that harm wildlife, clog waterways, and contribute to climate change, and their effects are long-lasting and hard to reverse. While some may worry about convenience, alternatives like reusable bags and compostable packaging are already widely available and improving in accessibility. A total ban would push society toward these sustainable options, encouraging innovation and reducing environmental harm over time. It’s not asking for too much—many people already use reusable products, and this change simply makes that the standard. Protecting the planet for future generations requires bold action now, and a ban on single-use plastics is a necessary and responsible step.",emphasis_and_evaluation,risk_and_unintended_consequences,"Importantly, single-use plastics cause long-term environmental damage, polluting oceans, harming wildlife, and contributing to climate change. Since these effects are irreversible and widespread, acting now with a total ban is necessary to prevent further harm.",emphasis_and_evaluation_risk_and_unintended_consequences,"I should identify risks, unintended outcomes, cascading effects, and potential for escalation. ",Importantly,concession_and_contrast,precedent_and_long_term_effects,"However, there are alternatives—like reusable bags, compostable materials, and innovative packaging—that are already available and becoming more affordable. A ban would push businesses and consumers toward these better options, creating long-term environmental and economic benefits.",concession_and_contrast_precedent_and_long_term_effects,"I should evaluate historical precedents, long-term vs short-term tradeoffs, and obligations to future generations. ",However,addition_and_elaboration,precedent_and_long_term_effects,"Moreover, people are already changing habits—many already bring reusable containers and bottles—so a ban isn’t an unreasonable demand. It’s a logical next step to support that shift and protect future generations from living in a world overwhelmed by plastic waste.",addition_and_elaboration_precedent_and_long_term_effects,"I should evaluate historical precedents, long-term vs short-term tradeoffs, and obligations to future generations. ",Moreover,baseline,728,263,0.00021525536407601985
42,0.0,,,synthesis_faithful,random,1,20260206_121538,1.0981550216674805,"We have a moral duty to protect the planet for future generations, and banning single-use plastics is a responsible action to fulfill that duty. These materials pollute our oceans, kill marine life, and take centuries to break down, causing lasting harm to ecosystems. While some might worry about the inconvenience or cost, the long-term benefits to the environment and public health are far greater. Many countries have already implemented similar bans with success, showing it's both feasible and effective. By making this change, we can reduce waste, protect wildlife, and encourage innovation in sustainable alternatives. Ultimately, a total ban is a necessary step toward a cleaner, healthier world.",emphasis_and_evaluation,ethical_principles,"Importantly, we have a moral duty to protect the environment for future generations, and banning single-use plastics is a responsible step toward fulfilling that duty.",emphasis_and_evaluation_ethical_principles,"I should evaluate actions based on moral rules, character virtues, relationships, and ethical obligations. ",Importantly,evidence_and_authority,cost_benefit_and_impact_analysis,"Evidence shows that single-use plastics pollute oceans, harm wildlife, and take hundreds of years to decompose, making a ban both practical and necessary.",evidence_and_authority_cost_benefit_and_impact_analysis,"I should quantify and compare costs, benefits, and real-world impacts across economic, social, and environmental dimensions. ",Evidence shows that,conclusion_and_summary,cost_benefit_and_impact_analysis,"In conclusion, the long-term environmental and health benefits of banning single-use plastics far outweigh the short-term inconveniences or costs to consumers and businesses.",conclusion_and_summary_cost_benefit_and_impact_analysis,"I should quantify and compare costs, benefits, and real-world impacts across economic, social, and environmental dimensions. ",In conclusion,baseline,705,246,0.00020832448064677663
45,0.0,,,synthesis_faithful,random,3,20260206_121538,1.1280317306518557,"The government should enforce a total ban on single-use plastics because it is the only entity with the authority and reach to make systemic changes needed to protect the environment. As a shared moral responsibility, preserving clean oceans, wildlife, and air for future generations requires decisive action, and the government is best positioned to lead that effort. A ban is not an overreach but a necessary step to hold polluters accountable and stop the flow of plastic waste into ecosystems. Without government enforcement, individual efforts and voluntary actions will never be enough to solve a crisis of this scale. A total ban sends a clear message that environmental protection is a public priority. It is time for leaders to act boldly and ensure our planet remains livable for all.",concession_and_contrast,stakeholder_responsibility,"However, since the government holds the power to implement broad, enforceable policies, it must take the lead in solving large-scale environmental problems like plastic pollution.",concession_and_contrast_stakeholder_responsibility,"I should analyze who bears responsibility—whether government, individuals, corporations, or other institutions. ",However,addition_and_elaboration,ethical_principles,"Moreover, protecting the environment is a shared moral duty, and the government has a responsibility to safeguard natural resources for future generations.",addition_and_elaboration_ethical_principles,"I should evaluate actions based on moral rules, character virtues, relationships, and ethical obligations. ",Moreover,addition_and_elaboration,governance_and_accountability,"Moreover, a government ban is a legitimate and necessary use of authority to prevent irreversible harm to ecosystems and public health.",addition_and_elaboration_governance_and_accountability,"I should consider legal frameworks, accountability mechanisms, democratic principles, and proper authority. ",Moreover,baseline,794,313,0.00020629378475252379
15,0.0,,,synthesis_faithful,random,3,20260206_121538,1.096177101135254,"The government should enforce a total ban on single-use plastics because it would significantly reduce environmental pollution and protect ecosystems. If we continue using single-use plastics, we are harming the planet and future generations, which is an injustice to both nature and humanity. In other words, banning single-use plastics is not only possible but already being successfully implemented in many countries, proving that alternatives are viable and accessible. This ban would encourage innovation in sustainable materials and reduce the burden on landfills and oceans. It's a necessary step to protect our environment and ensure a healthier planet for everyone. As an average person concerned about our shared future, I believe this action is both practical and morally right.",clarification_and_specification,justice_and_fairness,"In other words, I believe the government should enforce a total ban on single-use plastics because it would significantly reduce environmental pollution and protect ecosystems.",clarification_and_specification_justice_and_fairness,"I should analyze whether outcomes, processes, and distributions are fair to all parties involved. ",In other words,conditional,rights_and_liberties,"If we continue using single-use plastics, we are harming the planet and future generations, which is an injustice to both nature and humanity.",conditional_rights_and_liberties,"I should consider inalienable human rights, civil liberties, privacy protections, and the freedom to make one's own choices. ",If,clarification_and_specification,feasibility_and_implementation,"In other words, banning single-use plastics is not only possible but already being successfully implemented in many countries, proving that alternatives are viable and accessible.",clarification_and_specification_feasibility_and_implementation,I should evaluate whether the proposal can actually be implemented and enforced effectively. ,In other words,baseline,789,305,0.00020478903852565053
17,0.0,,,synthesis_faithful,random,3,20260206_121538,1.1018571853637695,"The government should enforce a total ban on single-use plastics because it is morally right to protect the environment for future generations. Single-use plastics pollute oceans, harm wildlife, and contribute to climate change, which unfairly impacts vulnerable communities and future populations. A government ban is a fair and necessary measure to hold industries accountable, as individual efforts are insufficient to address such widespread environmental damage. By enforcing a ban, the government upholds its responsibility to protect public health and the planet, aligning with democratic values and long-term sustainability. This action reflects a commitment to justice, fairness, and intergenerational responsibility. Therefore, a total ban is not just practical—it is ethically required.",causal_reasoning,ethical_principles,"Therefore, the government should enforce a total ban on single-use plastics because it is ethically imperative to protect the environment for future generations.",causal_reasoning_ethical_principles,"I should evaluate actions based on moral rules, character virtues, relationships, and ethical obligations. ",Therefore,evidence_and_authority,justice_and_fairness,"Evidence shows that single-use plastics pollute oceans, harm wildlife, and contribute to climate change, which disproportionately affects vulnerable communities and future populations.",evidence_and_authority_justice_and_fairness,"I should analyze whether outcomes, processes, and distributions are fair to all parties involved. ",Evidence shows that,sequence_and_transition,governance_and_accountability,"Next, enforcing a ban through government policy is a just and necessary step to ensure accountability, especially since individual actions alone cannot solve large-scale environmental harm.",sequence_and_transition_governance_and_accountability,"I should consider legal frameworks, accountability mechanisms, democratic principles, and proper authority. ",Next,baseline,797,314,0.00019296520274797118
0,0.0,,,synthesis_faithful,random,2,20260206_121538,1.175217628479004,"The government should enforce a total ban on single-use plastics because they cause severe and long-lasting damage to the environment and public health. Single-use plastics often end up in oceans, harming marine life and eventually making their way into our food and water. Even though these items are convenient, the cost to ecosystems and human well-being is far too high to ignore. A total ban would push innovation toward safer, reusable alternatives and reduce the burden on waste management systems. It’s not just about convenience—it’s about protecting the planet for future generations. Simple, everyday actions can have a big impact when done collectively, and a ban sends a clear message that sustainability matters.",clarification_and_specification,incentives_and_power_dynamics,"In other words, the government has the responsibility to protect public health and the environment, and single-use plastics pose a clear and growing threat to both.",clarification_and_specification_incentives_and_power_dynamics,"I should examine what behaviors are encouraged, who holds power, and how interests align or conflict. ",In other words,concession_and_contrast,risk_and_unintended_consequences,"However, the harm caused by plastic pollution—such as ocean contamination, wildlife endangerment, and microplastics entering our food chain—outweighs the convenience single-use plastics provide.",concession_and_contrast_risk_and_unintended_consequences,"I should identify risks, unintended outcomes, cascading effects, and potential for escalation. ",However,concession_and_contrast,risk_and_unintended_consequences,"However, the harm caused by plastic pollution—such as ocean contamination, wildlife endangerment, and microplastics entering our food chain—outweighs the convenience single-use plastics provide.",concession_and_contrast_risk_and_unintended_consequences,"I should identify risks, unintended outcomes, cascading effects, and potential for escalation. ",However,baseline,726,262,0.00019258250001031398
2,0.0,,,synthesis_faithful,random,4,20260206_121538,1.0890834331512451,"The government should enforce a total ban on single-use plastics because it’s essential to protecting the environment and public health. Plastic waste harms wildlife, pollutes oceans, and eventually enters our food chain through microplastics. While individuals use these products, the real responsibility lies with governments to create policies that drive widespread change. A total ban would eliminate the source of this pollution and encourage innovation in sustainable alternatives. It’s not just about convenience—it’s about ensuring a livable planet for future generations. Without strong government action, progress will be too slow and inconsistent. So, a ban is a necessary and fair step toward a cleaner, healthier world.",causal_reasoning,justice_and_fairness,"Therefore, the government should enforce a total ban on single-use plastics because it addresses environmental harm and protects public health.",causal_reasoning_justice_and_fairness,"I should analyze whether outcomes, processes, and distributions are fair to all parties involved. ",Therefore,clarification_and_specification,stakeholder_responsibility,"In other words, plastic pollution is largely caused by industrial production and consumer habits, but the government is best positioned to make systemic changes that individuals alone cannot achieve.",clarification_and_specification_stakeholder_responsibility,"I should analyze who bears responsibility—whether government, individuals, corporations, or other institutions. ",In other words,causal_reasoning,risk_and_unintended_consequences,"Therefore, a total ban would prevent further environmental degradation, reduce marine pollution, and avoid long-term health risks associated with microplastics in food and water.",causal_reasoning_risk_and_unintended_consequences,"I should identify risks, unintended outcomes, cascading effects, and potential for escalation. ",Therefore,baseline,732,268,0.00019246870429196638
24,0.0,,,synthesis_faithful,random,3,20260206_121538,1.1219501495361328,"A total ban on single-use plastics is fair because it protects public health and the environment without placing undue burden on ordinary people. It pushes companies to innovate greener alternatives, shifting power from polluters to sustainable businesses. This change supports our fundamental right to clean air, water, and land, which should take priority over convenience. While some may miss the ease of plastic, the long-term benefits for people and the planet far outweigh temporary inconvenience. The ban is not about restricting freedom—it’s about ensuring a livable future for everyone. By acting now, we prevent irreversible environmental damage. It’s time to choose responsibility over waste.",causal_reasoning,justice_and_fairness,"Therefore, it is fair to implement a total ban on single-use plastics, as it protects everyone from environmental harm and places the burden of change on producers and industries, not on individuals.",causal_reasoning_justice_and_fairness,"I should analyze whether outcomes, processes, and distributions are fair to all parties involved. ",Therefore,sequence_and_transition,incentives_and_power_dynamics,"Next, a total ban encourages responsible corporate behavior by forcing companies to innovate sustainable alternatives, thereby shifting power from polluters to environmentally conscious producers.",sequence_and_transition_incentives_and_power_dynamics,"I should examine what behaviors are encouraged, who holds power, and how interests align or conflict. ",Next,causal_reasoning,rights_and_liberties,"Therefore, the right to a clean and healthy environment outweighs the convenience of single-use plastics, making the ban a necessary protection of fundamental human rights.",causal_reasoning_rights_and_liberties,"I should consider inalienable human rights, civil liberties, privacy protections, and the freedom to make one's own choices. ",Therefore,baseline,703,244,0.000185824594695512
17,0.0,,,synthesis_faithful,random,2,20260206_121538,0.9485030174255372,"We have a moral duty to protect the planet for future generations by minimizing pollution and conserving natural resources. Single-use plastics are a major source of environmental harm, contaminating oceans, killing wildlife, and entering the food chain, which ultimately threatens human health. While personal choices matter, they are not enough—without legal action, most people will continue using convenient but harmful plastics. Governments have the authority and responsibility to implement policies that protect public welfare and the environment. A total ban ensures consistency, accountability, and widespread change. This is not about restricting freedom, but about safeguarding our shared world.",causal_reasoning,ethical_principles,"Therefore, we have a moral obligation to protect the environment for future generations by reducing pollution and conserving natural resources.",causal_reasoning_ethical_principles,"I should evaluate actions based on moral rules, character virtues, relationships, and ethical obligations. ",Therefore,evidence_and_authority,justice_and_fairness,"Evidence shows that single-use plastics cause severe harm to ecosystems, wildlife, and human health, disproportionately affecting vulnerable communities.",evidence_and_authority_justice_and_fairness,"I should analyze whether outcomes, processes, and distributions are fair to all parties involved. ",Evidence shows that,sequence_and_transition,governance_and_accountability,"Next, laws are essential for enforcing collective action, especially when individual choices fail to protect the public good.",sequence_and_transition_governance_and_accountability,"I should consider legal frameworks, accountability mechanisms, democratic principles, and proper authority. ",Next,baseline,706,247,0.00017148852989914493
423056,1.420625469336111,,,synthesis_faithful,targeted,3,20260206_121005,1.1428391933441162,"Single-use plastics are a major cause of pollution that harms animals, clogs waterways, and lingers in the environment for centuries. A total ban would protect ecosystems and reduce the long-term damage we’re leaving for future generations. Fortunately, reusable and biodegradable alternatives are now easy to find and use, so switching isn’t difficult for everyday people. Places that have already implemented bans have seen cleaner cities and less plastic waste, showing it’s both practical and effective. By taking this step now, we can ensure a healthier planet for everyone. A ban isn’t just fair—it’s a responsible choice for our shared future.",evidence_and_authority,justice_and_fairness,"Evidence shows that single-use plastics cause serious environmental harm, such as pollution in oceans and harm to wildlife, making a ban a fair and necessary step to protect shared natural resources.",evidence_and_authority_justice_and_fairness,"I should analyze whether outcomes, processes, and distributions are fair to all parties involved. ",Evidence shows that,addition_and_elaboration,cost_benefit_and_impact_analysis,"Moreover, many alternatives like reusable bags and compostable materials are now affordable and widely available, so the cost of switching is manageable for most people and businesses.",addition_and_elaboration_cost_benefit_and_impact_analysis,"I should quantify and compare costs, benefits, and real-world impacts across economic, social, and environmental dimensions. ",Moreover,exemplification,feasibility_and_implementation,"For example, cities and countries that have already banned single-use plastics report cleaner streets, reduced waste in landfills, and increased public awareness—proving the policy works in practice.",exemplification_feasibility_and_implementation,I should evaluate whether the proposal can actually be implemented and enforced effectively. ,For example,targeted,650,18,0.0001647188977702108
7,0.0,,,synthesis_faithful,random,4,20260206_121538,1.2378406524658203,"The government should enforce a total ban on single-use plastics because it has both the legal authority and moral duty to protect public health and the environment. Such a ban is not an overreach but a necessary action to prevent long-term ecological harm caused by plastic waste. While individuals value convenience, our freedom to make personal choices must not come at the expense of clean water, safe food, and a stable climate—rights essential to human dignity. A ban ensures that industries and consumers alike take responsibility for their environmental impact. Ultimately, protecting future generations is a shared ethical obligation, and banning single-use plastics is a clear, effective step toward fulfilling that duty.",conditional,governance_and_accountability,"If the government has the legal authority and democratic mandate to regulate activities that harm public health and the environment, then it has the right to enforce a total ban on single-use plastics, especially when they are proven to cause significant ecological damage.",conditional_governance_and_accountability,"I should consider legal frameworks, accountability mechanisms, democratic principles, and proper authority. ",If,emphasis_and_evaluation,ethical_principles,"Importantly, protecting the planet and future generations is a moral duty, and banning single-use plastics aligns with this responsibility by preventing pollution and safeguarding ecosystems for all life.",emphasis_and_evaluation_ethical_principles,"I should evaluate actions based on moral rules, character virtues, relationships, and ethical obligations. ",Importantly,exemplification,rights_and_liberties,"For example, the freedom to choose convenience products should not outweigh the collective right to clean air, water, and a safe environment—basic human rights that are undermined by plastic pollution.",exemplification_rights_and_liberties,"I should consider inalienable human rights, civil liberties, privacy protections, and the freedom to make one's own choices. ",For example,baseline,731,266,0.0001596176697256035
33,0.0,,,synthesis_faithful,random,0,20260206_121538,1.0604865550994873,"Single-use plastics are a major source of pollution, harming wildlife, clogging waterways, and creating long-lasting environmental damage. Banning them would reduce landfill waste, lower public cleanup costs, and drive innovation in eco-friendly alternatives. As a responsible society, we must act now to protect the planet for future generations. A government-enforced ban is a clear, effective way to address this growing crisis. It’s not just about convenience—it’s about sustainability and our collective well-being. Without strong regulations, recycling efforts alone won’t solve the problem. The long-term benefits far outweigh any short-term inconvenience.",evidence_and_authority,incentives_and_power_dynamics,"Evidence shows that single-use plastics are a major source of pollution, clogging waterways, harming wildlife, and contributing to long-term environmental degradation.",evidence_and_authority_incentives_and_power_dynamics,"I should examine what behaviors are encouraged, who holds power, and how interests align or conflict. ",Evidence shows that,addition_and_elaboration,cost_benefit_and_impact_analysis,"Moreover, banning single-use plastics would reduce waste in landfills, lower cleanup costs for communities, and encourage innovation in sustainable alternatives.",addition_and_elaboration_cost_benefit_and_impact_analysis,"I should quantify and compare costs, benefits, and real-world impacts across economic, social, and environmental dimensions. ",Moreover,causal_reasoning,precedent_and_long_term_effects,"Therefore, a government-enforced ban is a necessary and responsible step to protect public health, preserve natural ecosystems, and ensure a cleaner, safer future for everyone.",causal_reasoning_precedent_and_long_term_effects,"I should evaluate historical precedents, long-term vs short-term tradeoffs, and obligations to future generations. ",Therefore,baseline,663,224,0.00015085822554529565
28,0.0,,,synthesis_faithful,random,2,20260206_121538,1.1664316654205322,"Single-use plastics are a major source of pollution that harms ecosystems and wildlife, and a total ban would be a necessary step to protect our planet. Governments have the responsibility and authority to pass laws that prioritize public and environmental health over short-term convenience. While some may worry about personal inconvenience, the long-term benefits to our health, environment, and future generations far outweigh the temporary discomfort of change. A ban would encourage innovation in sustainable alternatives and reduce the burden on landfills and oceans. It's not just about protecting nature—it's about ensuring a livable world for our children and grandchildren. Ultimately, responsible governance means making tough decisions today for the greater good tomorrow. Therefore, the government should enforce a total ban on single-use plastics.",clarification_and_specification,precedent_and_long_term_effects,"In other words, single-use plastics are a major source of pollution that harms ecosystems and wildlife, and a total ban would be a necessary step to protect our planet.",clarification_and_specification_precedent_and_long_term_effects,"I should evaluate historical precedents, long-term vs short-term tradeoffs, and obligations to future generations. ",In other words,addition_and_elaboration,governance_and_accountability,"Moreover, governments have the responsibility and authority to pass laws that prioritize public and environmental health over short-term convenience.",addition_and_elaboration_governance_and_accountability,"I should consider legal frameworks, accountability mechanisms, democratic principles, and proper authority. ",Moreover,conclusion_and_summary,rights_and_liberties,"In conclusion, while some may worry about personal inconvenience, the long-term benefits to our health, environment, and future generations far outweigh the temporary discomfort of change.",conclusion_and_summary_rights_and_liberties,"I should consider inalienable human rights, civil liberties, privacy protections, and the freedom to make one's own choices. ",In conclusion,baseline,862,368,0.00015030417011810065
2,0.0,,,synthesis_faithful,random,3,20260206_121538,1.116777420043945,"A total ban on single-use plastics is essential because it ensures fairness by protecting everyone from environmental damage, especially communities most affected by pollution. While individuals use these products, the government must take responsibility for creating policies that promote sustainable choices and prevent harm at scale. Without a ban, plastic waste will keep increasing, leading to irreversible damage to oceans, wildlife, and public health. The long-term benefits of cleaner streets, healthier ecosystems, and reduced pollution far outweigh the short-term inconvenience of change. This policy is not about restricting freedom—it’s about protecting our shared future and ensuring that future generations inherit a livable planet. A total ban is the most effective and just way forward.",causal_reasoning,justice_and_fairness,"Therefore, a total ban on single-use plastics is fair because it protects everyone from environmental harm, especially vulnerable communities that suffer most from pollution.",causal_reasoning_justice_and_fairness,"I should analyze whether outcomes, processes, and distributions are fair to all parties involved. ",Therefore,clarification_and_specification,stakeholder_responsibility,"In other words, while individuals use single-use plastics, the responsibility lies with the government to enact policies that guide sustainable behavior and force systemic change.",clarification_and_specification_stakeholder_responsibility,"I should analyze who bears responsibility—whether government, individuals, corporations, or other institutions. ",In other words,causal_reasoning,risk_and_unintended_consequences,"Therefore, a total ban is necessary because without it, plastic pollution will continue to grow, harming marine life, ecosystems, and human health for decades.",causal_reasoning_risk_and_unintended_consequences,"I should identify risks, unintended outcomes, cascading effects, and potential for escalation. ",Therefore,baseline,802,319,0.00014951491327050865
36,0.0,,,synthesis_faithful,random,4,20260206_121538,1.104173183441162,"Single-use plastics are a major source of pollution that harms marine life, clogs landfills, and lingers in the environment for hundreds of years. A total ban is the only effective way to stop this damage and protect ecosystems for future generations. While some may worry about inconvenience, we’ve seen before that societies can adapt to major restrictions when the long-term benefits outweigh short-term disruptions. For example, bans on smoking in public and leaded gasoline were initially met with resistance but ultimately improved public health and safety. Ultimately, protecting our planet and future generations requires bold, decisive action—and a total ban on single-use plastics is the most responsible choice.",sequence_and_transition,risk_and_unintended_consequences,"Next, I am considering the overwhelming environmental harm caused by single-use plastics, particularly how they pollute oceans, harm wildlife, and persist in ecosystems for centuries.",sequence_and_transition_risk_and_unintended_consequences,"I should identify risks, unintended outcomes, cascading effects, and potential for escalation. ",Next,causal_reasoning,precedent_and_long_term_effects,"Therefore, a total ban is a necessary step to protect ecosystems and ensure cleaner, safer environments for future generations.",causal_reasoning_precedent_and_long_term_effects,"I should evaluate historical precedents, long-term vs short-term tradeoffs, and obligations to future generations. ",Therefore,addition_and_elaboration,precedent_and_long_term_effects,"Moreover, even though some industries rely on plastic, history shows that societies can adapt to bans—like with leaded gasoline or smoking in public spaces—without collapsing.",addition_and_elaboration_precedent_and_long_term_effects,"I should evaluate historical precedents, long-term vs short-term tradeoffs, and obligations to future generations. ",Moreover,baseline,722,260,0.00014137219478351908
468856,1.464114794916848,,,synthesis_faithful,targeted,0,20260206_121005,1.009371042251587,"Single-use plastics are a major source of pollution that harms wildlife, clogs waterways, and degrades ecosystems for centuries. Banning them completely is a necessary step to protect the environment and ensure cleaner, healthier communities. Countries and cities that have already implemented such bans have shown that alternatives exist and that people can adapt without major disruption. This kind of policy is not just about restriction—it’s about responsibility to future generations and the planet we share. A total ban is the most effective way to drive lasting change and stop the cycle of plastic waste at its source.",evidence_and_authority,feasibility_and_implementation,"Evidence shows that single-use plastics are a major contributor to environmental pollution, especially in oceans and landfills, where they take hundreds of years to decompose.",evidence_and_authority_feasibility_and_implementation,I should evaluate whether the proposal can actually be implemented and enforced effectively. ,Evidence shows that,sequence_and_transition,precedent_and_long_term_effects,"Next, I consider that similar bans in other countries have already reduced plastic waste significantly and proven that alternatives like paper or reusable containers are viable.",sequence_and_transition_precedent_and_long_term_effects,"I should evaluate historical precedents, long-term vs short-term tradeoffs, and obligations to future generations. ",Next,exemplification,feasibility_and_implementation,"For example, cities like San Francisco and countries like Canada have successfully implemented plastic bans, showing that enforcement is possible with public education and business adaptation.",exemplification_feasibility_and_implementation,I should evaluate whether the proposal can actually be implemented and enforced effectively. ,For example,targeted,626,12,0.00013896128538003208
15,0.0,,,synthesis_faithful,random,1,20260206_121538,0.858034610748291,"A fair outcome must ensure all individuals are treated equitably, not just those with power or influence. If a policy infringes on basic freedoms or personal choices without sufficient justification, it fails the test of fairness. Additionally, any proposal must be practical and enforceable—otherwise, it cannot achieve justice in reality. Therefore, fairness depends on balance: protecting rights, ensuring equity, and implementing policies that can actually work. Without all three, no outcome can truly be considered fair.",clarification_and_specification,justice_and_fairness,"In other words, a fair outcome is one where all relevant parties are treated equitably, not just the most powerful or influential.",clarification_and_specification_justice_and_fairness,"I should analyze whether outcomes, processes, and distributions are fair to all parties involved. ",In other words,conditional,rights_and_liberties,"If a policy violates fundamental rights or limits personal autonomy without just cause, it undermines fairness.",conditional_rights_and_liberties,"I should consider inalienable human rights, civil liberties, privacy protections, and the freedom to make one's own choices. ",If,clarification_and_specification,feasibility_and_implementation,"In other words, if a policy is impractical or impossible to enforce, it cannot lead to a fair outcome regardless of its intentions.",clarification_and_specification_feasibility_and_implementation,I should evaluate whether the proposal can actually be implemented and enforced effectively. ,In other words,baseline,526,208,0.00012578597827307607
44,0.0,,,synthesis_faithful,random,1,20260206_121538,1.064971685409546,"A total ban on single-use plastics is necessary because it would drastically reduce pollution in our oceans and landfills, protecting wildlife and ecosystems. It would also force companies to innovate and create eco-friendly alternatives, leading to long-term environmental and economic benefits. Given that these plastics take hundreds of years to break down and contribute to climate change, continuing their use is ethically irresponsible. As an average person concerned about the world we leave for future generations, I believe we must act now to protect our planet. The short-term inconvenience of change is outweighed by the long-term health of our environment. A ban is a clear, decisive step toward sustainability and responsibility.",addition_and_elaboration,risk_and_unintended_consequences,"Moreover, a total ban would drastically reduce the amount of plastic waste polluting our oceans and landfills, which is already harming wildlife and ecosystems.",addition_and_elaboration_risk_and_unintended_consequences,"I should identify risks, unintended outcomes, cascading effects, and potential for escalation. ",Moreover,sequence_and_transition,incentives_and_power_dynamics,"Next, it would push manufacturers to innovate and develop sustainable alternatives, leading to long-term environmental and economic benefits.",sequence_and_transition_incentives_and_power_dynamics,"I should examine what behaviors are encouraged, who holds power, and how interests align or conflict. ",Next,evidence_and_authority,ethical_principles,"Evidence shows that single-use plastics take hundreds of years to decompose, and their production contributes to climate change—continuing this practice is ethically irresponsible.",evidence_and_authority_ethical_principles,"I should evaluate actions based on moral rules, character virtues, relationships, and ethical obligations. ",Evidence shows that,baseline,742,272,0.00012087527962671968
2,0.0,,,synthesis_faithful,random,0,20260206_121538,1.0450642108917236,"A total ban on single-use plastics is the fairest and most responsible policy because it protects everyone, especially those most vulnerable to environmental degradation. Since major corporations profit from producing plastic, it's only right that the government regulates their actions to reduce widespread harm. Without such a ban, pollution will continue to damage ecosystems, harm wildlife, and threaten human health for decades. This measure is not about restricting freedom but about protecting public well-being and ensuring a sustainable future for all. The risks of inaction far outweigh the temporary inconvenience of change. Ultimately, a total ban is a necessary step toward a cleaner, healthier planet.",causal_reasoning,justice_and_fairness,"Therefore, a total ban on single-use plastics is a fair approach because it protects everyone, especially vulnerable populations, from long-term environmental harm.",causal_reasoning_justice_and_fairness,"I should analyze whether outcomes, processes, and distributions are fair to all parties involved. ",Therefore,clarification_and_specification,stakeholder_responsibility,"In other words, since large corporations produce and profit from plastic waste, it's only fair that the government steps in to regulate and reduce their environmental impact.",clarification_and_specification_stakeholder_responsibility,"I should analyze who bears responsibility—whether government, individuals, corporations, or other institutions. ",In other words,causal_reasoning,risk_and_unintended_consequences,"Therefore, a total ban prevents ongoing pollution that could harm ecosystems, wildlife, and human health for generations to come.",causal_reasoning_risk_and_unintended_consequences,"I should identify risks, unintended outcomes, cascading effects, and potential for escalation. ",Therefore,baseline,715,253,0.0001087430402573225
23,0.0,,,synthesis_faithful,random,2,20260206_121538,1.115062952041626,"We have a moral obligation to protect the planet and future generations from environmental harm, and banning single-use plastics is a necessary step toward that goal. Such a ban ensures fairness by preventing the burden of pollution from falling on vulnerable communities and future generations. It’s unjust that low-income communities and developing nations often bear the brunt of plastic waste, even though they contribute the least to its creation. A total ban would reduce pollution, conserve natural resources, and promote sustainable alternatives. This action reflects our shared responsibility to live ethically and care for the Earth we all depend on. Therefore, the government should enforce a total ban on single-use plastics for the sake of justice, sustainability, and our collective future.",clarification_and_specification,ethical_principles,"In other words, if we care about protecting the environment and future generations, we must act decisively to eliminate harmful practices like single-use plastics.",clarification_and_specification_ethical_principles,"I should evaluate actions based on moral rules, character virtues, relationships, and ethical obligations. ",In other words,addition_and_elaboration,justice_and_fairness,"Moreover, banning single-use plastics ensures fairness by preventing the burden of pollution from falling disproportionately on marginalized communities and future generations.",addition_and_elaboration_justice_and_fairness,"I should analyze whether outcomes, processes, and distributions are fair to all parties involved. ",Moreover,exemplification,justice_and_fairness,"For example, the continued production and use of single-use plastics disproportionately harm low-income communities and developing nations that often receive plastic waste as dumping grounds.",exemplification_justice_and_fairness,"I should analyze whether outcomes, processes, and distributions are fair to all parties involved. ",For example,baseline,804,322,0.00010715453243944319
1,0.0,,,synthesis_faithful,random,1,20260206_121538,1.4753475189208984,"The government should not enforce a total ban on single-use plastics because it infringes on personal freedom and places an unfair burden on everyday people. Many individuals rely on these items for convenience and accessibility, especially those with limited financial resources who cannot afford reusable alternatives. Banning them without providing practical options forces compliance through restriction rather than encouraging responsible behavior. Moreover, such bans often lead to unintended consequences, like the increased use of materials that are more harmful to the environment. Instead of top-down prohibition, a better solution is to educate the public and invest in sustainable alternatives that people can choose freely. Ultimately, freedom of choice and equitable access should take precedence over top-down mandates that may do more harm than good.",conditional,rights_and_liberties,"If the government bans a product that people use every day, like plastic bags or straws, it’s an overreach of power. It limits personal freedom and forces people to conform to what the government thinks is best, even when they might prefer the convenience of single-use plastics.",conditional_rights_and_liberties,"I should consider inalienable human rights, civil liberties, privacy protections, and the freedom to make one's own choices. ",If,emphasis_and_evaluation,incentives_and_power_dynamics,"Importantly, such a ban would place the burden on individuals to change their habits without adequate access to alternatives, especially for lower-income communities who may not afford reusable products. This creates an unfair burden and doesn’t address the root causes of plastic waste.",emphasis_and_evaluation_incentives_and_power_dynamics,"I should examine what behaviors are encouraged, who holds power, and how interests align or conflict. ",Importantly,evidence_and_authority,risk_and_unintended_consequences,"Evidence shows that bans often lead to black markets or the use of alternative materials that may be more harmful to the environment, such as paper or bioplastics that require more energy to produce and don’t decompose easily. This could make the environmental problem worse, not better.",evidence_and_authority_risk_and_unintended_consequences,"I should identify risks, unintended outcomes, cascading effects, and potential for escalation. ",Evidence shows that,baseline,866,369,0.0001032745184123105
13,0.0,,,synthesis_faithful,random,3,20260206_121538,1.2804391384124756,"Single-use plastics are a major source of pollution that harms wildlife, contaminates our oceans, and even ends up in our food. While they may seem convenient now, the long-term damage they cause to the environment and human health far outweighs their short-term benefits. Governments have successfully banned other harmful products in the past, like leaded gasoline and tobacco, showing that regulation can protect public welfare. A total ban on single-use plastics is a responsible, forward-thinking action that protects both the planet and future generations. It's time to prioritize sustainability over convenience and make lasting change.",exemplification,incentives_and_power_dynamics,"For example, the current system allows companies to profit from single-use plastics, which are often seen as convenient, even though they cause long-term harm to the environment and public health. This creates a conflict where immediate convenience is prioritized over long-term sustainability.",exemplification_incentives_and_power_dynamics,"I should examine what behaviors are encouraged, who holds power, and how interests align or conflict. ",For example,addition_and_elaboration,precedent_and_long_term_effects,"Moreover, past bans on harmful products like leaded gasoline and tobacco show that governments can successfully regulate dangerous items when public health and environmental risks are clear. A ban on single-use plastics follows a similar logic—protecting future generations from pollution and ecosystem collapse.",addition_and_elaboration_precedent_and_long_term_effects,"I should evaluate historical precedents, long-term vs short-term tradeoffs, and obligations to future generations. ",Moreover,evidence_and_authority,precedent_and_long_term_effects,"Evidence shows that single-use plastics take hundreds of years to degrade, pollute oceans, harm wildlife, and even enter the human food chain. Banning them now is a necessary step to prevent irreversible environmental damage.",evidence_and_authority_precedent_and_long_term_effects,"I should evaluate historical precedents, long-term vs short-term tradeoffs, and obligations to future generations. ",Evidence shows that,baseline,643,220,0.00010247219655801885
11,0.0,,,synthesis_faithful,random,3,20260206_121538,1.2185730934143066,"The government should enforce a total ban on single-use plastics because it has the authority to implement large-scale changes that individuals alone cannot achieve. While people can try to reduce plastic use, the widespread availability and convenience of these products make it nearly impossible to avoid them without systemic intervention. A total ban ensures that companies stop producing harmful plastics, which in turn reduces pollution, protects wildlife, and pushes innovation toward sustainable alternatives. Without a firm policy, progress will be slow and inconsistent, allowing plastic waste to continue harming our planet. A ban sends a clear message that environmental protection is a priority and helps build a long-term culture of sustainability. Ultimately, the government has both the responsibility and the power to take bold action where individual efforts fall short.",emphasis_and_evaluation,incentives_and_power_dynamics,"Importantly, the government holds the power to regulate harmful practices on a large scale, and it is only through strong, enforceable policies that widespread behavioral change can occur.",emphasis_and_evaluation_incentives_and_power_dynamics,"I should examine what behaviors are encouraged, who holds power, and how interests align or conflict. ",Importantly,sequence_and_transition,incentives_and_power_dynamics,"Next, while individuals can make better choices, relying solely on personal responsibility ignores the systemic issue of how easy and cheap single-use plastics are to use and dispose of.",sequence_and_transition_incentives_and_power_dynamics,"I should examine what behaviors are encouraged, who holds power, and how interests align or conflict. ",Next,causal_reasoning,risk_and_unintended_consequences,"Therefore, a total ban is necessary because even partial restrictions allow companies to keep producing and selling these materials, which continues environmental harm and delays real change.",causal_reasoning_risk_and_unintended_consequences,"I should identify risks, unintended outcomes, cascading effects, and potential for escalation. ",Therefore,baseline,888,384,0.00010126936473944078
47,0.0,,,synthesis_faithful,random,4,20260206_121538,1.051941156387329,"The current system for distributing resources is not fair to everyone, as it often benefits powerful interests while leaving vulnerable populations behind. Importantly, the legal system does not currently hold powerful entities accountable for systemic harms, and democratic processes are often influenced by those with more resources. Moreover, failing to address these inequalities reflects a moral failure to uphold the principles of justice and fairness that society claims to value. A just society must ensure equitable access to resources and opportunities, and this requires challenging existing power structures. Without meaningful reform, inequality will persist and deepen. Therefore, we must prioritize fairness and justice in how resources are allocated and decisions are made.",concession_and_contrast,justice_and_fairness,"However, the current system for distributing resources is not fair to everyone, as it often benefits powerful interests while leaving vulnerable populations behind.",concession_and_contrast_justice_and_fairness,"I should analyze whether outcomes, processes, and distributions are fair to all parties involved. ",However,emphasis_and_evaluation,governance_and_accountability,"Importantly, the legal system does not currently hold powerful entities accountable for systemic harms, and democratic processes are often influenced by those with more resources.",emphasis_and_evaluation_governance_and_accountability,"I should consider legal frameworks, accountability mechanisms, democratic principles, and proper authority. ",Importantly,addition_and_elaboration,ethical_principles,"Moreover, failing to address these inequalities reflects a moral failure to uphold the principles of justice and fairness that society claims to value.",addition_and_elaboration_ethical_principles,"I should evaluate actions based on moral rules, character virtues, relationships, and ethical obligations. ",Moreover,baseline,789,307,9.144956167365034e-05
40,0.0,,,synthesis_faithful,random,0,20260206_121538,1.2706212997436523,"The government should enforce a total ban on single-use plastics because it has a duty to protect public health and the environment through strong, enforceable laws. The long-term damage caused by plastic pollution—such as ocean contamination, harm to marine life, and risks to human health—outweighs the temporary convenience of disposable plastics. This ban would not infringe on personal freedom but instead encourage responsible choices that benefit society as a whole. By taking decisive action now, the government can prevent irreversible environmental harm and promote a cleaner, healthier future for all. A total ban is the most effective way to ensure widespread compliance and meaningful change. It’s not about limiting choice—it’s about protecting the planet we all share.",sequence_and_transition,governance_and_accountability,"Next, the government has the responsibility to protect public health and the environment through enforceable laws, and a ban on single-use plastics is a necessary step to reduce pollution and safeguard ecosystems.",sequence_and_transition_governance_and_accountability,"I should consider legal frameworks, accountability mechanisms, democratic principles, and proper authority. ",Next,emphasis_and_evaluation,cost_benefit_and_impact_analysis,"Importantly, the long-term environmental and health costs of plastic pollution—like contaminated water, harm to wildlife, and increased healthcare burdens—far exceed the short-term convenience and economic gains from using single-use plastics.",emphasis_and_evaluation_cost_benefit_and_impact_analysis,"I should quantify and compare costs, benefits, and real-world impacts across economic, social, and environmental dimensions. ",Importantly,exemplification,rights_and_liberties,"For example, banning single-use plastics doesn't eliminate personal freedom—it redirects choices toward more sustainable, responsible behavior that protects shared resources like clean air, water, and soil for everyone.",exemplification_rights_and_liberties,"I should consider inalienable human rights, civil liberties, privacy protections, and the freedom to make one's own choices. ",For example,baseline,783,297,9.011155885862124e-05
44,0.0,,,synthesis_faithful,random,3,20260206_121538,1.1501049995422363,"Single-use plastics are a major source of pollution, clogging oceans and landfills, and endangering wildlife and ecosystems. A total ban would push companies to create safer, reusable, and biodegradable alternatives, encouraging innovation and long-term environmental responsibility. Beyond practical benefits, we have a moral obligation to protect the planet for future generations, who shouldn’t inherit a world poisoned by our convenience. The environmental harm caused by plastic is not temporary—it lasts for hundreds of years, and we must act decisively now. While some may worry about short-term inconvenience, the long-term benefits to health, nature, and sustainability far outweigh these concerns. A ban reflects a responsible choice that aligns with common sense and shared values. It’s time to prioritize the planet over disposable habits.",addition_and_elaboration,risk_and_unintended_consequences,"Moreover, single-use plastics contribute significantly to pollution, especially in oceans and landfills, harming wildlife and ecosystems.",addition_and_elaboration_risk_and_unintended_consequences,"I should identify risks, unintended outcomes, cascading effects, and potential for escalation. ",Moreover,sequence_and_transition,incentives_and_power_dynamics,"Next, a total ban would incentivize businesses to innovate and develop sustainable alternatives, reducing dependency on harmful materials.",sequence_and_transition_incentives_and_power_dynamics,"I should examine what behaviors are encouraged, who holds power, and how interests align or conflict. ",Next,evidence_and_authority,ethical_principles,"Evidence shows that plastic waste endures for centuries, causing long-term harm to the environment and future generations, which we have a moral duty to prevent.",evidence_and_authority_ethical_principles,"I should evaluate actions based on moral rules, character virtues, relationships, and ethical obligations. ",Evidence shows that,baseline,851,361,8.84694099120448e-05
22,0.0,,,synthesis_faithful,random,0,20260206_121538,1.2774484157562256,"The government should enforce a total ban on single-use plastics because protecting the environment and public health is a fundamental duty of any fair and responsible government. Allowing these materials to persist threatens ecosystems, pollutes our oceans and water supplies, and harms both wildlife and human well-being. Future generations have a right to inherit a clean, safe planet, and we are failing that obligation by continuing to rely on disposable plastic products. While the ban may require adjustments in daily habits, the long-term benefits to the environment and public health far outweigh the short-term inconvenience. The government has a moral and practical responsibility to lead the way in creating sustainable change. By taking this decisive action, we set a powerful example and create a ripple effect that encourages innovation and environmentally responsible behavior across society.",exemplification,ethical_principles,"For example, the government has a duty to protect the environment and public health, which are essential for the well-being of all citizens.",exemplification_ethical_principles,"I should evaluate actions based on moral rules, character virtues, relationships, and ethical obligations. ",For example,conditional,precedent_and_long_term_effects,"If we allow single-use plastics to continue unchecked, we are passing on irreversible environmental damage to future generations, which violates our ethical responsibility to preserve the planet for those who come after us.",conditional_precedent_and_long_term_effects,"I should evaluate historical precedents, long-term vs short-term tradeoffs, and obligations to future generations. ",If,sequence_and_transition,incentives_and_power_dynamics,"Next, single-use plastics are deeply embedded in consumer culture, but this convenience comes at a high cost to ecosystems and human health—especially through pollution that infiltrates our water, soil, and food.",sequence_and_transition_incentives_and_power_dynamics,"I should examine what behaviors are encouraged, who holds power, and how interests align or conflict. ",Next,baseline,908,389,8.647337644165278e-05
29,0.0,,,synthesis_faithful,random,2,20260206_121538,1.2830305099487305,"The government should enforce a total ban on single-use plastics because it is a moral obligation to protect the environment for future generations, and continuing to allow such harmful products undermines our responsibility to preserve natural resources and ecosystems. The government has the authority and duty to regulate harmful products that endanger public health and the environment, and a total ban on single-use plastics aligns with its responsibility to enforce laws that safeguard citizens and the planet. Moreover, the long-term environmental and economic benefits—such as reduced pollution, lower waste management costs, and conservation of natural resources—far outweigh the short-term inconvenience of phasing out single-use plastics.",emphasis_and_evaluation,ethical_principles,"Importantly, I believe the government should enforce a total ban on single-use plastics because it is a moral obligation to protect the environment for future generations, and continuing to allow such harmful products undermines our responsibility to preserve natural resources and ecosystems.",emphasis_and_evaluation_ethical_principles,"I should evaluate actions based on moral rules, character virtues, relationships, and ethical obligations. ",Importantly,emphasis_and_evaluation,governance_and_accountability,"Importantly, the government has the authority and duty to regulate harmful products that endanger public health and the environment, and a total ban on single-use plastics aligns with its responsibility to enforce laws that safeguard citizens and the planet.",emphasis_and_evaluation_governance_and_accountability,"I should consider legal frameworks, accountability mechanisms, democratic principles, and proper authority. ",Importantly,addition_and_elaboration,cost_benefit_and_impact_analysis,"Moreover, the long-term environmental and economic benefits—such as reduced pollution, lower waste management costs, and conservation of natural resources—far outweigh the short-term inconvenience of phasing out single-use plastics.",addition_and_elaboration_cost_benefit_and_impact_analysis,"I should quantify and compare costs, benefits, and real-world impacts across economic, social, and environmental dimensions. ",Moreover,baseline,749,278,7.536170993964745e-05
6,0.0,,,synthesis_faithful,random,1,20260206_121538,1.2500941753387451,"The government should enforce a total ban on single-use plastics because it is our moral duty to protect the planet for future generations. By doing so, we uphold ethical responsibilities to preserve ecosystems and prevent harm to animals and human health. Although some may worry about short-term inconvenience, the long-term consequences of plastic pollution—such as contaminated oceans and food chains—are far more dangerous and irreversible. A ban encourages innovation in sustainable materials and shifts industries toward environmentally responsible practices. This policy reflects fairness and justice, ensuring that no one—especially vulnerable communities—bears the brunt of environmental degradation. Ultimately, protecting the Earth is not a luxury; it’s a necessity we all share.",concession_and_contrast,ethical_principles,"However, the government should enforce a total ban on single-use plastics because it is a moral imperative to protect the environment for future generations, and such a ban reflects our ethical responsibility to preserve the planet.",concession_and_contrast_ethical_principles,"I should evaluate actions based on moral rules, character virtues, relationships, and ethical obligations. ",However,exemplification,incentives_and_power_dynamics,"For example, by banning single-use plastics, the government can redirect industrial practices toward sustainable alternatives, reducing pollution and preventing harm to wildlife, which is a more just and equitable outcome.",exemplification_incentives_and_power_dynamics,"I should examine what behaviors are encouraged, who holds power, and how interests align or conflict. ",For example,addition_and_elaboration,risk_and_unintended_consequences,"Moreover, while some may argue that such a ban could inconvenience consumers, the long-term environmental and health risks of continuing plastic use—like ocean pollution and microplastic contamination—are far more damaging and irreversible.",addition_and_elaboration_risk_and_unintended_consequences,"I should identify risks, unintended outcomes, cascading effects, and potential for escalation. ",Moreover,baseline,791,309,7.23269807376148e-05
14,0.0,,,synthesis_faithful,random,4,20260206_121538,1.1047382354736328,"The government should enforce a total ban on single-use plastics because individual efforts alone can't fix a crisis that affects everyone. While personal freedom matters, it doesn't excuse actions that harm public health and the environment on a massive scale. Banning these plastics is not about limiting choice—it's about protecting shared resources like clean water, air, and ecosystems that sustain all of us. The government has a responsibility to act where market forces and personal habits fall short. Without strong regulation, pollution will continue unchecked, harming wildlife and communities. A total ban is a decisive, necessary step toward a healthier planet for future generations.",causal_reasoning,stakeholder_responsibility,"Therefore, the government must take the lead in enforcing a total ban on single-use plastics, because individual actions alone won’t solve the widespread pollution crisis.",causal_reasoning_stakeholder_responsibility,"I should analyze who bears responsibility—whether government, individuals, corporations, or other institutions. ",Therefore,concession_and_contrast,rights_and_liberties,"However, this doesn’t mean we can’t regulate harmful practices that endanger public health and the environment—rights aren’t absolute when they cause widespread harm.",concession_and_contrast_rights_and_liberties,"I should consider inalienable human rights, civil liberties, privacy protections, and the freedom to make one's own choices. ",However,clarification_and_specification,incentives_and_power_dynamics,"In other words, banning single-use plastics isn’t a restriction on freedom—it’s a necessary shift to protect shared resources like clean water, air, and ecosystems we all depend on.",clarification_and_specification_incentives_and_power_dynamics,"I should examine what behaviors are encouraged, who holds power, and how interests align or conflict. ",In other words,baseline,697,240,6.718777750730393e-05
44,0.0,,,synthesis_faithful,random,2,20260206_121538,1.1981520652770996,"Single-use plastics are a major source of pollution that harms wildlife, contaminates water supplies, and even enters the human food chain through microplastics. A total government ban would force a shift toward reusable and biodegradable alternatives, driving innovation and reducing environmental damage in the long term. We have a moral obligation to protect the planet for future generations, and allowing unrestricted use of plastic undermines that responsibility. As regular citizens, we deserve a cleaner, safer environment, and a ban is the most effective way to ensure that happens. Without strong government action, individual efforts will not be enough to reverse the damage. Therefore, a total ban is both necessary and justifiable for the well-being of people and the planet.",addition_and_elaboration,risk_and_unintended_consequences,"Moreover, the harm caused by single-use plastics is not limited to environmental damage—it impacts human health through microplastics entering the food chain, which is a serious concern for everyone, not just experts.",addition_and_elaboration_risk_and_unintended_consequences,"I should identify risks, unintended outcomes, cascading effects, and potential for escalation. ",Moreover,sequence_and_transition,incentives_and_power_dynamics,"Next, a total ban would push businesses and consumers toward sustainable alternatives, encouraging innovation and reducing reliance on disposable products that harm ecosystems.",sequence_and_transition_incentives_and_power_dynamics,"I should examine what behaviors are encouraged, who holds power, and how interests align or conflict. ",Next,evidence_and_authority,ethical_principles,"Evidence shows that the planet's health is a shared responsibility, and we have a moral duty to protect future generations from the lasting pollution caused by plastic waste.",evidence_and_authority_ethical_principles,"I should evaluate actions based on moral rules, character virtues, relationships, and ethical obligations. ",Evidence shows that,baseline,788,302,6.650779735403824e-05
473056,1.3746983650092697,,,synthesis_faithful,targeted,1,20260206_121005,1.3159830570220947,"As an average person, I see how everyday items like plastic bags and water bottles end up polluting our streets and oceans, and I believe we need stronger action. A total ban on single-use plastics is a necessary step to protect our planet and reduce the harm caused by plastic waste. It’s not just about individual choices—it’s about holding entire industries accountable and encouraging smarter, sustainable alternatives. Countries around the world have already shown that such bans can work without causing chaos. Instead of waiting for disaster, we should act now to preserve clean air, water, and soil for future generations. The benefits far outweigh the temporary inconvenience of adjusting our habits. That’s why I support a government-enforced ban on single-use plastics.",evidence_and_authority,incentives_and_power_dynamics,"Evidence shows that even small, personal habits like using plastic bags or straws add up to massive environmental damage over time. As an average person, I’ve noticed how often these items end up in landfills or oceans, and I worry about what that means for future generations.",evidence_and_authority_incentives_and_power_dynamics,"I should examine what behaviors are encouraged, who holds power, and how interests align or conflict. ",Evidence shows that,addition_and_elaboration,cost_benefit_and_impact_analysis,"Moreover, banning single-use plastics pushes companies to innovate with safer, reusable, or compostable alternatives, which ultimately benefits both consumers and the environment in the long run.",addition_and_elaboration_cost_benefit_and_impact_analysis,"I should quantify and compare costs, benefits, and real-world impacts across economic, social, and environmental dimensions. ",Moreover,exemplification,feasibility_and_implementation,"For example, countries like Canada and the European Union have successfully phased out certain single-use plastics through clear laws and public awareness campaigns, proving it’s both possible and practical.",exemplification_feasibility_and_implementation,I should evaluate whether the proposal can actually be implemented and enforced effectively. ,For example,targeted,780,93,6.45561284584847e-05
17,0.0,,,synthesis_faithful,random,4,20260206_121538,1.274984359741211,"As a responsible citizen, I believe the government should enforce a total ban on single-use plastics because it is our moral duty to protect the environment for future generations. Evidence shows that single-use plastics pollute oceans, harm wildlife, and persist in ecosystems for centuries, which is deeply unfair to both nature and future human populations. The government has a legitimate role in protecting public health and the environment, and a total ban is a reasonable and enforceable policy tool to achieve that goal. This action aligns with our shared responsibility to live sustainably and ethically. Without strong government intervention, individuals cannot solve this crisis alone. A ban would encourage innovation in reusable alternatives and reduce long-term environmental damage. Ultimately, protecting the planet is not optional—it's a moral obligation we all must uphold.",causal_reasoning,ethical_principles,"Therefore, as a responsible citizen, I believe the government should enforce a total ban on single-use plastics because it is our moral duty to protect the environment for future generations.",causal_reasoning_ethical_principles,"I should evaluate actions based on moral rules, character virtues, relationships, and ethical obligations. ",Therefore,evidence_and_authority,justice_and_fairness,"Evidence shows that single-use plastics pollute oceans, harm wildlife, and persist in ecosystems for centuries, which is deeply unfair to both nature and future human populations.",evidence_and_authority_justice_and_fairness,"I should analyze whether outcomes, processes, and distributions are fair to all parties involved. ",Evidence shows that,sequence_and_transition,governance_and_accountability,"Next, the government has a legitimate role in protecting public health and the environment, and a total ban is a reasonable and enforceable policy tool to achieve that goal.",sequence_and_transition_governance_and_accountability,"I should consider legal frameworks, accountability mechanisms, democratic principles, and proper authority. ",Next,baseline,892,385,6.288800202253581e-05
413256,1.3711726293106918,,,synthesis_faithful,targeted,1,20260206_121005,1.045820236206055,"The government should not enforce a total ban on single-use plastics because it infringes upon personal freedom and autonomy. Such a sweeping restriction limits individual choice, especially when people need convenient, affordable options for everyday life. A total ban would disproportionately affect low-income individuals who rely on single-use items due to their cost-effectiveness and accessibility. Furthermore, enforcing such a ban would be impractical and could lead to black markets or widespread non-compliance, weakening public trust in government policies. Instead of a total ban, a more balanced approach—like targeted restrictions and incentives for sustainable alternatives—would be both fairer and more effective.",evidence_and_authority,rights_and_liberties,"Evidence shows that the government should not enforce a total ban on single-use plastics, as such a restriction infringes upon personal freedom and autonomy.",evidence_and_authority_rights_and_liberties,"I should consider inalienable human rights, civil liberties, privacy protections, and the freedom to make one's own choices. ",Evidence shows that,addition_and_elaboration,justice_and_fairness,"Moreover, a total ban would disproportionately impact low-income individuals who rely on affordable, convenient single-use items for daily needs.",addition_and_elaboration_justice_and_fairness,"I should analyze whether outcomes, processes, and distributions are fair to all parties involved. ",Moreover,exemplification,feasibility_and_implementation,"For example, enforcing a ban on all single-use plastics would be logistically challenging and may lead to black markets or non-compliance, undermining public trust.",exemplification_feasibility_and_implementation,I should evaluate whether the proposal can actually be implemented and enforced effectively. ,For example,targeted,729,64,6.248073543637402e-05
18,0.0,,,synthesis_faithful,random,0,20260206_121538,1.203089475631714,"The government should enforce a total ban on single-use plastics because it's a moral imperative to protect the environment for future generations and uphold our ethical responsibility to nature. While personal freedom is important, the right to convenience should not outweigh the right to clean air, water, and a stable climate. When individual behaviors lead to mass pollution and harm ecosystems, societal rules must intervene to safeguard the common good. Single-use plastics contribute to plastic waste in oceans, harm wildlife, and persist in the environment for centuries. A ban would encourage innovation in sustainable alternatives and shift consumer habits toward long-term environmental health. Ultimately, protecting the planet is not just a policy issue—it's a shared moral duty we all must fulfill.",causal_reasoning,ethical_principles,"Therefore, the government should enforce a total ban on single-use plastics because it's a moral imperative to protect the environment for future generations and uphold our ethical responsibility to nature.",causal_reasoning_ethical_principles,"I should evaluate actions based on moral rules, character virtues, relationships, and ethical obligations. ",Therefore,concession_and_contrast,rights_and_liberties,"However, the freedom to use single-use plastics comes at the cost of widespread environmental harm, which undermines the fundamental human right to a healthy and sustainable planet.",concession_and_contrast_rights_and_liberties,"I should consider inalienable human rights, civil liberties, privacy protections, and the freedom to make one's own choices. ",However,sequence_and_transition,rights_and_liberties,"Next, while personal choice matters, it should not override collective well-being; when individual habits cause irreversible damage, societal rules must step in to protect the common good.",sequence_and_transition_rights_and_liberties,"I should consider inalienable human rights, civil liberties, privacy protections, and the freedom to make one's own choices. ",Next,baseline,813,335,6.136092425265708e-05
7,0.0,,,synthesis_faithful,random,3,20260206_121538,1.3066205978393557,"The government should enforce a total ban on single-use plastics because it is a necessary step to protect public health and the environment. These plastics cause long-lasting pollution that harms wildlife, contaminates our water and food supplies, and contributes to climate change. By banning them, the government upholds its responsibility to safeguard the well-being of current and future generations. This action is not an overreach but a moral obligation to ensure everyone has the right to live in a clean and safe world. While personal choice matters, it should not come at the expense of collective health and environmental stability. A ban is a clear, enforceable way to drive real change and hold industries accountable. Ultimately, protecting our planet and communities justifies strong, decisive government action.",conditional,governance_and_accountability,"If the government is responsible for protecting public health and the environment, it has a duty to enforce laws that reduce widespread harm. A total ban on single-use plastics directly addresses a major source of pollution that endangers ecosystems and human well-being.",conditional_governance_and_accountability,"I should consider legal frameworks, accountability mechanisms, democratic principles, and proper authority. ",If,emphasis_and_evaluation,ethical_principles,"Importantly, a ban reflects a moral commitment to future generations—ensuring they inherit a cleaner, healthier planet rather than a world choked by waste.",emphasis_and_evaluation_ethical_principles,"I should evaluate actions based on moral rules, character virtues, relationships, and ethical obligations. ",Importantly,exemplification,rights_and_liberties,"For example, individuals have the right to live in a clean and safe environment, and this right is undermined when pollution from single-use plastics contaminates water, soil, and air.",exemplification_rights_and_liberties,"I should consider inalienable human rights, civil liberties, privacy protections, and the freedom to make one's own choices. ",For example,baseline,827,348,6.01825713768177e-05
42,0.0,,,synthesis_faithful,random,3,20260206_121538,1.143979549407959,"The government has a moral duty to protect the environment and public health, and banning single-use plastics is a vital step toward fulfilling that responsibility. These materials cause widespread pollution, damage marine life, and contribute to climate change, all of which threaten the planet’s stability. Although some businesses may need time to adjust, the long-term benefits to ecosystems and human well-being make this ban not just reasonable, but necessary. The environmental cost of inaction is far greater than the short-term economic adjustments. A ban encourages innovation in sustainable alternatives and promotes responsible consumption. Ultimately, protecting the planet for future generations requires bold action today. Therefore, a total ban on single-use plastics is the right and responsible choice.",emphasis_and_evaluation,ethical_principles,"Importantly, the government has a duty to protect the environment and public health, and banning single-use plastics is a necessary step to fulfill this responsibility.",emphasis_and_evaluation_ethical_principles,"I should evaluate actions based on moral rules, character virtues, relationships, and ethical obligations. ",Importantly,evidence_and_authority,cost_benefit_and_impact_analysis,"Evidence shows that single-use plastics pollute oceans, harm wildlife, and contribute to climate change, making a ban essential for long-term environmental sustainability.",evidence_and_authority_cost_benefit_and_impact_analysis,"I should quantify and compare costs, benefits, and real-world impacts across economic, social, and environmental dimensions. ",Evidence shows that,conclusion_and_summary,cost_benefit_and_impact_analysis,"In conclusion, while some industries may face short-term challenges, the long-term benefits to ecosystems, human health, and future generations far outweigh any temporary inconvenience.",conclusion_and_summary_cost_benefit_and_impact_analysis,"I should quantify and compare costs, benefits, and real-world impacts across economic, social, and environmental dimensions. ",In conclusion,baseline,820,340,5.944760352205126e-05
3,0.0,,,synthesis_faithful,random,1,20260206_121538,1.4020586013793943,"A total ban on single-use plastics is necessary because it makes eco-friendly choices easy and automatic for ordinary people, removing the burden of having to decide what’s sustainable. Without government action, most individuals won’t change their habits, even if they care about the environment. This ban protects our fundamental right to a safe and healthy planet, ensuring clean water, air, and ecosystems for future generations. It’s not about controlling people—it’s about protecting everyone from the long-term dangers of plastic pollution. By enforcing a ban, the government takes a strong, clear stand in favor of our collective future. A world without single-use plastics is not only possible—it’s essential.",emphasis_and_evaluation,incentives_and_power_dynamics,"Importantly, a total ban on single-use plastics empowers everyday citizens to make environmentally responsible choices without needing to research or understand complex ecological systems. By removing these items from circulation, the government makes sustainable behavior the default, simplifying decisions for regular people.",emphasis_and_evaluation_incentives_and_power_dynamics,"I should examine what behaviors are encouraged, who holds power, and how interests align or conflict. ",Importantly,conclusion_and_summary,feasibility_and_implementation,"In conclusion, a government-enforced ban is the most practical way to ensure widespread compliance, because relying on voluntary action or individual awareness won’t produce the scale of change needed to protect our planet. Without a rule in place, most people won’t change their habits, even if they want to.",conclusion_and_summary_feasibility_and_implementation,I should evaluate whether the proposal can actually be implemented and enforced effectively. ,In conclusion,addition_and_elaboration,rights_and_liberties,"Moreover, a total ban doesn’t remove personal freedom—it actually protects it by preventing long-term environmental harm that could destroy clean air, safe water, and healthy ecosystems, which are essential for human well-being and dignity.",addition_and_elaboration_rights_and_liberties,"I should consider inalienable human rights, civil liberties, privacy protections, and the freedom to make one's own choices. ",Moreover,baseline,718,254,5.7801712516792527e-05
4,0.0,,,synthesis_faithful,random,4,20260206_121538,1.0968546867370603,"The government should enforce a total ban on single-use plastics because it has the authority and responsibility to protect public health and the environment. While individuals and businesses can make changes, only the government can implement nationwide regulations that stop the production and distribution of harmful materials at scale. A ban ensures that dangerous plastics, which pollute ecosystems and harm wildlife, are no longer available, reducing long-term environmental damage. This action reflects a moral duty to safeguard both current and future generations. Without government intervention, efforts by individuals or companies will remain fragmented and ineffective. Therefore, a total ban is not only necessary but also a responsible use of governmental power.",concession_and_contrast,stakeholder_responsibility,"However, because the government has the authority to regulate large-scale production and distribution, it is best positioned to create sweeping changes that individuals alone cannot achieve.",concession_and_contrast_stakeholder_responsibility,"I should analyze who bears responsibility—whether government, individuals, corporations, or other institutions. ",However,causal_reasoning,ethical_principles,"Therefore, the government has a moral obligation to protect public health and the environment, especially when harmful products like single-use plastics are widely available and cause long-term damage.",causal_reasoning_ethical_principles,"I should evaluate actions based on moral rules, character virtues, relationships, and ethical obligations. ",Therefore,exemplification,governance_and_accountability,"For example, governments can set laws that prevent harmful products from being manufactured and sold, ensuring public safety and long-term environmental sustainability.",exemplification_governance_and_accountability,"I should consider legal frameworks, accountability mechanisms, democratic principles, and proper authority. ",For example,baseline,776,291,5.695681328454488e-05
8,0.0,,,synthesis_faithful,random,4,20260206_121538,1.176463603973389,"The government should enforce a total ban on single-use plastics because it has a duty to protect both public health and the environment. Plastic waste is polluting our oceans, killing marine life, and entering the food chain, which poses serious risks to human well-being. A total ban is a responsible and necessary measure to stop this damage before it becomes irreversible. While some may argue it’s inconvenient, the long-term benefits to ecosystems and future generations far outweigh short-term discomfort. We can’t afford to wait for further harm when we already have sustainable alternatives. This ban is not about restricting freedom—it’s about protecting our planet and our collective future.",emphasis_and_evaluation,incentives_and_power_dynamics,"Importantly, the government has the authority and responsibility to protect public health and the environment, and a total ban on single-use plastics is a necessary step to address the growing crisis of plastic pollution.",emphasis_and_evaluation_incentives_and_power_dynamics,"I should examine what behaviors are encouraged, who holds power, and how interests align or conflict. ",Importantly,evidence_and_authority,ethical_principles,"Evidence shows that single-use plastics contaminate oceans, harm wildlife, and persist in ecosystems for hundreds of years, making it ethically wrong to continue allowing their widespread use without strong regulation.",evidence_and_authority_ethical_principles,"I should evaluate actions based on moral rules, character virtues, relationships, and ethical obligations. ",Evidence shows that,causal_reasoning,risk_and_unintended_consequences,"Therefore, a total ban is not an overreaction but a proportionate response to a long-term environmental threat that could lead to irreversible ecological damage if left unaddressed.",causal_reasoning_risk_and_unintended_consequences,"I should identify risks, unintended outcomes, cascading effects, and potential for escalation. ",Therefore,baseline,702,243,5.129054973077713e-05
10,0.0,,,synthesis_faithful,random,0,20260206_121538,1.2679409980773926,"The government should not enforce a total ban on single-use plastics because it infringes on individual freedoms and restricts personal choices, even when driven by environmental concerns. Enforcing such a ban would be extremely difficult to monitor, especially in homes and small businesses, leading to widespread non-compliance and potential resentment. A more practical solution is to gradually reduce plastic use through education, incentives, and targeted regulations rather than sweeping prohibitions. This approach respects everyday realities while still working toward sustainability. By focusing on long-term behavioral change, we can achieve real environmental progress without overreaching government control. Ultimately, freedom and responsibility should go hand in hand, not be sacrificed for a one-size-fits-all policy. Therefore, a total ban is neither effective nor fair.",emphasis_and_evaluation,rights_and_liberties,"Importantly, the government should uphold individual freedoms and not impose blanket bans that restrict personal choice, even if the intention is to protect the environment.",emphasis_and_evaluation_rights_and_liberties,"I should consider inalienable human rights, civil liberties, privacy protections, and the freedom to make one's own choices. ",Importantly,conditional,feasibility_and_implementation,"If the government attempts to enforce a total ban on single-use plastics, it would be extremely difficult to monitor and uphold, especially in private homes and small businesses, leading to widespread non-compliance.",conditional_feasibility_and_implementation,I should evaluate whether the proposal can actually be implemented and enforced effectively. ,If,causal_reasoning,precedent_and_long_term_effects,"Therefore, while reducing plastic pollution is important, a total ban is not practical, and a more balanced, gradual approach would be more effective and respectful of people’s daily lives.",causal_reasoning_precedent_and_long_term_effects,"I should evaluate historical precedents, long-term vs short-term tradeoffs, and obligations to future generations. ",Therefore,baseline,887,382,4.876337977216614e-05
22,0.0,,,synthesis_faithful,random,3,20260206_121538,1.0199344158172607,"We have a moral duty to protect the environment for ourselves and future generations, and single-use plastics are a major source of pollution that harms wildlife and ecosystems. Without action, our oceans will continue to fill with plastic waste, leading to long-term environmental damage and health risks we can’t afford. The government has the power to enforce a total ban, which would stop corporations from exploiting loopholes and prioritize profit over the planet. A ban would encourage innovation in sustainable alternatives and promote responsible consumer habits. This is not just about convenience—it’s about doing what’s right for our shared future. Therefore, a government-enforced ban on single-use plastics is both necessary and just.",exemplification,ethical_principles,"For example, we have a moral responsibility to care for the environment, as it supports our well-being and that of future generations.",exemplification_ethical_principles,"I should evaluate actions based on moral rules, character virtues, relationships, and ethical obligations. ",For example,conditional,precedent_and_long_term_effects,"If we don’t reduce plastic pollution now, future generations will suffer from degraded ecosystems and health issues.",conditional_precedent_and_long_term_effects,"I should evaluate historical precedents, long-term vs short-term tradeoffs, and obligations to future generations. ",If,sequence_and_transition,incentives_and_power_dynamics,"Next, the government can enforce a ban to prevent corporations from prioritizing profit over environmental harm.",sequence_and_transition_incentives_and_power_dynamics,"I should examine what behaviors are encouraged, who holds power, and how interests align or conflict. ",Next,baseline,748,276,4.8154824735161925e-05
465845,1.4145969764192112,,,synthesis_faithful,targeted,3,20260206_121005,0.9413373470306396,"The government should enforce a total ban on single-use plastics because it is both practical and necessary. Countries like Canada and the UK have already implemented similar bans with little disruption to consumers, proving that such policies can work in real-world settings. These bans have significantly reduced plastic waste in oceans and helped protect marine life, which is increasingly threatened by plastic pollution. As someone who cares about the environment and wants a cleaner world for future generations, I believe we can’t afford to wait any longer. The benefits of reducing pollution and safeguarding ecosystems far outweigh any short-term inconveniences. A total ban is a clear, decisive step toward a sustainable future.",evidence_and_authority,feasibility_and_implementation,Evidence shows that banning single-use plastics is feasible and has been successfully implemented in many countries.,evidence_and_authority_feasibility_and_implementation,I should evaluate whether the proposal can actually be implemented and enforced effectively. ,Evidence shows that,exemplification,precedent_and_long_term_effects,"For example, countries like Canada and the UK have already enacted bans with minimal disruption to daily life.",exemplification_precedent_and_long_term_effects,"I should evaluate historical precedents, long-term vs short-term tradeoffs, and obligations to future generations. ",For example,evidence_and_authority,risk_and_unintended_consequences,"Evidence shows that banning single-use plastics reduces ocean pollution and protects wildlife, particularly marine species.",evidence_and_authority_risk_and_unintended_consequences,"I should identify risks, unintended outcomes, cascading effects, and potential for escalation. ",Evidence shows that,targeted,738,68,4.4480816961651914e-05
34,0.0,,,synthesis_faithful,random,4,20260206_121538,0.9884529113769532,"The government should not enforce a total ban on single-use plastics because such a ban infringes on personal freedom and choice. People should be able to decide what products to use in their daily lives, especially when alternatives exist and are accessible. Instead of imposing top-down restrictions, the government should focus on education, incentives, and supporting innovation in sustainable materials. This approach respects individual autonomy while still encouraging environmental responsibility. Moreover, holding individuals solely accountable for plastic waste ignores the larger role of corporations and industrial systems in producing the problem. A balanced, collaborative strategy that empowers people with information and options is more ethical and effective than a sweeping ban.",clarification_and_specification,rights_and_liberties,"In other words, any law that infringes on these rights without a compelling reason is unjust and should be avoided.",clarification_and_specification_rights_and_liberties,"I should consider inalienable human rights, civil liberties, privacy protections, and the freedom to make one's own choices. ",In other words,conclusion_and_summary,precedent_and_long_term_effects,"In conclusion, we should not pass laws that restrict freedom of choice unless they are necessary to address urgent and widespread harm.",conclusion_and_summary_precedent_and_long_term_effects,"I should evaluate historical precedents, long-term vs short-term tradeoffs, and obligations to future generations. ",In conclusion,emphasis_and_evaluation,stakeholder_responsibility,"Importantly, the government should not overreach by forcing individual behavior when shared responsibility and education are more effective.",emphasis_and_evaluation_stakeholder_responsibility,"I should analyze who bears responsibility—whether government, individuals, corporations, or other institutions. ",Importantly,baseline,797,315,3.9777564088371386e-05
20,0.0,,,synthesis_faithful,random,2,20260206_121538,1.0402264595031738,"The government should enforce a total ban on single-use plastics because they cause irreversible harm to the environment, and as a society, we have a moral obligation to protect nature for future generations. While individuals can reduce plastic use, only the government has the authority and reach to implement large-scale change, making it the most responsible entity to enforce a ban. Moreover, a government-enforced ban ensures fairness and consistency, prevents companies from greenwashing, and holds all actors accountable under the same rules.",concession_and_contrast,ethical_principles,"However, I believe that the government should enforce a total ban on single-use plastics because they cause irreversible harm to the environment, and as a society, we have a moral obligation to protect nature for future generations.",concession_and_contrast_ethical_principles,"I should evaluate actions based on moral rules, character virtues, relationships, and ethical obligations. ",However,causal_reasoning,stakeholder_responsibility,"Therefore, while individuals can reduce plastic use, only the government has the authority and reach to implement large-scale change, making it the most responsible entity to enforce a ban.",causal_reasoning_stakeholder_responsibility,"I should analyze who bears responsibility—whether government, individuals, corporations, or other institutions. ",Therefore,addition_and_elaboration,governance_and_accountability,"Moreover, a government-enforced ban ensures fairness and consistency, prevents companies from greenwashing, and holds all actors accountable under the same rules.",addition_and_elaboration_governance_and_accountability,"I should consider legal frameworks, accountability mechanisms, democratic principles, and proper authority. ",Moreover,baseline,550,210,3.813210090682444e-05
23,0.0,,,synthesis_faithful,random,1,20260206_121538,1.1185247898101809,"Protecting the environment is a moral duty we all share, and banning single-use plastics is a necessary step toward fulfilling that duty. These plastics disproportionately harm vulnerable communities and ecosystems, making their continued use morally unjustifiable. For example, plastic waste often ends up in poor neighborhoods or developing nations, where waste management systems are under-resourced, creating an unfair burden. Since we all benefit from a healthy planet, we must also accept responsibility for its preservation. A total ban is the most effective way to reduce pollution and protect natural resources for future generations. It’s not just about convenience—it’s about justice, sustainability, and our shared future. Therefore, the government should enforce a total ban on single-use plastics.",clarification_and_specification,ethical_principles,"In other words, I believe that protecting the environment is a moral duty we all share, and banning single-use plastics is a necessary step toward fulfilling that duty.",clarification_and_specification_ethical_principles,"I should evaluate actions based on moral rules, character virtues, relationships, and ethical obligations. ",In other words,addition_and_elaboration,justice_and_fairness,"Moreover, single-use plastics disproportionately harm vulnerable communities and ecosystems, making their continued use morally unjustifiable.",addition_and_elaboration_justice_and_fairness,"I should analyze whether outcomes, processes, and distributions are fair to all parties involved. ",Moreover,exemplification,justice_and_fairness,"For example, plastic waste often ends up in poor neighborhoods or developing nations, where waste management systems are under-resourced, creating an unfair burden.",exemplification_justice_and_fairness,"I should analyze whether outcomes, processes, and distributions are fair to all parties involved. ",For example,baseline,811,331,3.6977973532683635e-05
10,0.0,,,synthesis_faithful,random,1,20260206_121538,1.5530593395233154,"Importantly, personal autonomy and individual freedom are fundamental to a functioning society. While there may be environmental benefits to reducing plastic use, forcing compliance through a total ban infringes on the rights of individuals to choose the products they use, even if those choices are not perfectly eco-friendly. If the government were to enforce a total ban on single-use plastics, it would face immense logistical and practical challenges, such as monitoring compliance across millions of businesses and households, which could lead to inconsistent enforcement and public backlash. Therefore, a total ban is not only impractical but also potentially counterproductive; it may lead to the unintended use of more harmful alternatives, such as paper or glass, which have their own environmental costs. A better approach would be to promote education, incentives, and voluntary reduction rather than top-down mandates. Ultimately, respecting individual choice is essential for sustainable change, not coercion.",emphasis_and_evaluation,rights_and_liberties,"Importantly, personal autonomy and individual freedom are fundamental to a functioning society. While there may be environmental benefits to reducing plastic use, forcing compliance through a total ban infringes on the rights of individuals to choose the products they use, even if those choices are not perfectly eco-friendly.",emphasis_and_evaluation_rights_and_liberties,"I should consider inalienable human rights, civil liberties, privacy protections, and the freedom to make one's own choices. ",Importantly,conditional,feasibility_and_implementation,"If the government were to enforce a total ban on single-use plastics, it would face immense logistical and practical challenges, such as monitoring compliance across millions of businesses and households, which could lead to inconsistent enforcement and public backlash.",conditional_feasibility_and_implementation,I should evaluate whether the proposal can actually be implemented and enforced effectively. ,If,causal_reasoning,precedent_and_long_term_effects,"Therefore, a total ban is not only impractical but also potentially counterproductive; it may lead to the unintended use of more harmful alternatives, such as paper or glass, which have their own environmental costs.",causal_reasoning_precedent_and_long_term_effects,"I should evaluate historical precedents, long-term vs short-term tradeoffs, and obligations to future generations. ",Therefore,baseline,1023,407,3.6595111793911305e-05
5,0.0,,,synthesis_faithful,random,2,20260206_121538,0.8759868144989014,"We must act now to prevent irreversible harm to our planet—single-use plastics pollute oceans, harm wildlife, and even enter our food chain, threatening human health. A government-enforced ban ensures everyone follows clear, consistent rules, eliminating confusion from varying local laws and making compliance easier. Since the government is responsible for protecting public health and the environment, a total ban is a necessary and justifiable step to safeguard both current and future generations.",concession_and_contrast,risk_and_unintended_consequences,"However, if we don't act now, the environmental damage from single-use plastics will become irreversible, harming ecosystems and human health.",concession_and_contrast_risk_and_unintended_consequences,"I should identify risks, unintended outcomes, cascading effects, and potential for escalation. ",However,sequence_and_transition,governance_and_accountability,"Next, a government ban ensures accountability and creates consistent rules that everyone must follow, preventing a patchwork of confusing local laws.",sequence_and_transition_governance_and_accountability,"I should consider legal frameworks, accountability mechanisms, democratic principles, and proper authority. ",Next,emphasis_and_evaluation,governance_and_accountability,"Importantly, the government has a responsibility to protect public health and the environment, and a ban is a necessary step to fulfill that duty.",emphasis_and_evaluation_governance_and_accountability,"I should consider legal frameworks, accountability mechanisms, democratic principles, and proper authority. ",Importantly,baseline,502,205,3.623410184880409e-05
10,0.0,,,synthesis_faithful,random,4,20260206_121538,1.000149488449097,"Importantly, individuals should have the right to make their own decisions without excessive government interference, especially when those decisions don’t directly harm others. If the government imposes a ban on single-use plastics without a clear plan for enforcement and alternatives, it may lead to confusion, non-compliance, and unintended consequences. Therefore, while environmental protection is important, drastic measures like a total ban could disrupt supply chains, harm small businesses, and disproportionately affect low-income communities who rely on affordable plastic products.",emphasis_and_evaluation,rights_and_liberties,"Importantly, individuals should have the right to make their own decisions without excessive government interference, especially when those decisions don’t directly harm others.",emphasis_and_evaluation_rights_and_liberties,"I should consider inalienable human rights, civil liberties, privacy protections, and the freedom to make one's own choices. ",Importantly,conditional,feasibility_and_implementation,"If the government imposes a ban on single-use plastics without a clear plan for enforcement and alternatives, it may lead to confusion, non-compliance, and unintended consequences.",conditional_feasibility_and_implementation,I should evaluate whether the proposal can actually be implemented and enforced effectively. ,If,causal_reasoning,precedent_and_long_term_effects,"Therefore, while environmental protection is important, drastic measures like a total ban could disrupt supply chains, harm small businesses, and disproportionately affect low-income communities who rely on affordable plastic products.",causal_reasoning_precedent_and_long_term_effects,"I should evaluate historical precedents, long-term vs short-term tradeoffs, and obligations to future generations. ",Therefore,baseline,594,213,3.3193340475275915e-05
11,0.0,,,synthesis_faithful,random,2,20260206_121538,1.1275370121002195,"Single-use plastics are a major source of pollution that harms ecosystems and wildlife, especially in oceans and landfills, where they can take hundreds of years to break down. A government-enforced total ban ensures that all regions follow the same rules, making it easier for people and businesses to adapt without confusion. Without a complete ban, manufacturers may simply shift to alternative plastic products or loopholes, meaning pollution continues. A total ban is the only way to force real change and protect the environment for future generations. As a regular person, I want cleaner streets, safer oceans, and a healthier planet—this ban is a clear, necessary step toward that.",emphasis_and_evaluation,incentives_and_power_dynamics,"Importantly, single-use plastics are a major contributor to environmental pollution, particularly in oceans and landfills, where they persist for centuries and harm wildlife.",emphasis_and_evaluation_incentives_and_power_dynamics,"I should examine what behaviors are encouraged, who holds power, and how interests align or conflict. ",Importantly,sequence_and_transition,incentives_and_power_dynamics,"Next, banning these items at the government level ensures consistency and scale, making it easier for individuals and businesses to adapt without confusion or uneven rules across regions.",sequence_and_transition_incentives_and_power_dynamics,"I should examine what behaviors are encouraged, who holds power, and how interests align or conflict. ",Next,causal_reasoning,risk_and_unintended_consequences,"Therefore, a total ban is necessary to eliminate the root cause of plastic waste, since partial measures often fail to achieve meaningful change due to loopholes and continued production.",causal_reasoning_risk_and_unintended_consequences,"I should identify risks, unintended outcomes, cascading effects, and potential for escalation. ",Therefore,baseline,689,236,3.254191257818274e-05
42,0.0,,,synthesis_faithful,random,0,20260206_121538,1.1327145099639893,"The government should enforce a total ban on single-use plastics because it has a moral obligation to protect both public health and the environment. These plastics are a major source of pollution, harming marine life, contaminating ecosystems, and contributing to climate change. While some may worry about economic disruptions or inconvenience, the long-term benefits of cleaner oceans, reduced waste, and healthier communities make the ban a necessary and responsible choice. Alternatives like reusable or biodegradable materials are already available and becoming more affordable. The switch is not just practical—it’s essential for the well-being of future generations. A total ban sends a clear message that sustainability is a priority. Ultimately, protecting our planet and people is more important than convenience.",emphasis_and_evaluation,ethical_principles,"Importantly, the government has a responsibility to protect public health and the environment, and banning single-use plastics aligns with this duty.",emphasis_and_evaluation_ethical_principles,"I should evaluate actions based on moral rules, character virtues, relationships, and ethical obligations. ",Importantly,evidence_and_authority,cost_benefit_and_impact_analysis,"Evidence shows that single-use plastics pollute oceans, harm wildlife, and contribute to climate change, making a ban necessary for long-term environmental stability.",evidence_and_authority_cost_benefit_and_impact_analysis,"I should quantify and compare costs, benefits, and real-world impacts across economic, social, and environmental dimensions. ",Evidence shows that,conclusion_and_summary,cost_benefit_and_impact_analysis,"In conclusion, even though alternatives may have short-term costs, the long-term benefits to public health, ecosystems, and sustainability far outweigh them.",conclusion_and_summary_cost_benefit_and_impact_analysis,"I should quantify and compare costs, benefits, and real-world impacts across economic, social, and environmental dimensions. ",In conclusion,baseline,824,347,3.100991690264581e-05
8,0.0,,,synthesis_faithful,random,2,20260206_121538,1.048220157623291,"The government should enforce a total ban on single-use plastics because they cause lasting environmental harm and endanger wildlife. These plastics don’t break down easily, polluting oceans and harming animals, which is both unsustainable and ethically troubling. A complete ban would stop this pollution at the source, reducing the burden on ecosystems and ensuring cleaner, safer environments for future generations. It’s a necessary step to protect our planet and public health. The government has a duty to act in the best interest of citizens and the environment, and this ban is a clear, decisive way to fulfill that duty.",emphasis_and_evaluation,incentives_and_power_dynamics,"Importantly, the government has the authority and responsibility to protect public health and the environment, and single-use plastics pose clear threats to both through pollution and harm to wildlife.",emphasis_and_evaluation_incentives_and_power_dynamics,"I should examine what behaviors are encouraged, who holds power, and how interests align or conflict. ",Importantly,evidence_and_authority,ethical_principles,"Evidence shows that single-use plastics take hundreds of years to decompose, often ending up in oceans and harming marine life, which is both environmentally irresponsible and morally wrong.",evidence_and_authority_ethical_principles,"I should evaluate actions based on moral rules, character virtues, relationships, and ethical obligations. ",Evidence shows that,causal_reasoning,risk_and_unintended_consequences,"Therefore, a total ban would prevent plastic waste from accumulating in landfills and ecosystems, reducing long-term environmental damage and protecting future generations.",causal_reasoning_risk_and_unintended_consequences,"I should identify risks, unintended outcomes, cascading effects, and potential for escalation. ",Therefore,baseline,629,217,3.082672022707001e-05
33,0.0,,,synthesis_faithful,random,1,20260206_121538,1.2718613147735596,"Single-use plastics are a major source of pollution that harms wildlife, contaminates our oceans, and damages ecosystems. As an everyday person who wants clean streets and a healthier planet, I believe the government must take bold action to stop this problem at its root. Fortunately, eco-friendly alternatives are already affordable and accessible, so a ban won’t disrupt daily life. Past efforts to reduce plastic use have failed because they relied on voluntary actions instead of enforceable rules. A total ban is not unreasonable—it’s a responsible step to protect our environment and future generations. Without strong government intervention, pollution will only get worse. We need bold policies to create lasting change.",evidence_and_authority,incentives_and_power_dynamics,"Evidence shows that single-use plastics contribute heavily to pollution, clogging waterways and harming wildlife. As someone who cares about clean communities and a healthy environment, I believe it’s important to act decisively to stop this problem at its source.",evidence_and_authority_incentives_and_power_dynamics,"I should examine what behaviors are encouraged, who holds power, and how interests align or conflict. ",Evidence shows that,addition_and_elaboration,cost_benefit_and_impact_analysis,"Moreover, many alternatives like reusable bags, metal straws, and compostable containers are already affordable and widely available, so banning single-use plastics doesn’t place an unfair burden on average people.",addition_and_elaboration_cost_benefit_and_impact_analysis,"I should quantify and compare costs, benefits, and real-world impacts across economic, social, and environmental dimensions. ",Moreover,causal_reasoning,precedent_and_long_term_effects,"Therefore, a total ban is not extreme—it’s a necessary and practical step to protect our planet for future generations, especially since past efforts to reduce plastic use have been ineffective without strong government action.",causal_reasoning_precedent_and_long_term_effects,"I should evaluate historical precedents, long-term vs short-term tradeoffs, and obligations to future generations. ",Therefore,baseline,729,264,3.0595543780410865e-05
24,0.0,,,synthesis_faithful,random,4,20260206_121538,0.8940362930297852,"A total ban on single-use plastics is fair because it protects the environment for everyone, especially future generations who will inherit the planet. This policy encourages sustainable behaviors by pushing businesses and consumers toward reusable alternatives, which reduces pollution and supports long-term environmental health. Therefore, a ban on single-use plastics does not infringe on personal freedom, since alternatives are widely available and the restriction targets only harmful, non-reusable materials.",causal_reasoning,justice_and_fairness,"Therefore, a total ban on single-use plastics is fair because it protects the environment for everyone, especially future generations who will inherit the planet.",causal_reasoning_justice_and_fairness,"I should analyze whether outcomes, processes, and distributions are fair to all parties involved. ",Therefore,sequence_and_transition,incentives_and_power_dynamics,"Next, this policy encourages sustainable behaviors by pushing businesses and consumers toward reusable alternatives, which reduces pollution and supports long-term environmental health.",sequence_and_transition_incentives_and_power_dynamics,"I should examine what behaviors are encouraged, who holds power, and how interests align or conflict. ",Next,causal_reasoning,rights_and_liberties,"Therefore, a ban on single-use plastics does not infringe on personal freedom, since alternatives are widely available and the restriction targets only harmful, non-reusable materials.",causal_reasoning_rights_and_liberties,"I should consider inalienable human rights, civil liberties, privacy protections, and the freedom to make one's own choices. ",Therefore,baseline,516,207,2.391793526155742e-05
8,0.0,,,synthesis_faithful,random,0,20260206_121538,1.0839736461639404,"The government should enforce a total ban on single-use plastics because it’s a crucial step in protecting our environment and public health. These plastics pollute our oceans, harm animals, and contribute to climate change, which we all have a moral responsibility to prevent. A ban would eliminate the root cause of this pollution and encourage sustainable alternatives, ensuring a cleaner, safer future for everyone. Without strong government action, individuals and businesses will continue to rely on harmful materials out of convenience. A total ban is the most effective way to create lasting change and protect the planet for future generations.",emphasis_and_evaluation,incentives_and_power_dynamics,"Importantly, the government has the authority to implement policies that protect public health and the environment, and a total ban on single-use plastics is a necessary step toward reducing pollution and safeguarding ecosystems.",emphasis_and_evaluation_incentives_and_power_dynamics,"I should examine what behaviors are encouraged, who holds power, and how interests align or conflict. ",Importantly,evidence_and_authority,ethical_principles,"Evidence shows that single-use plastics harm wildlife, pollute oceans, and contribute to climate change—actions that violate our responsibility to care for the planet and future generations.",evidence_and_authority_ethical_principles,"I should evaluate actions based on moral rules, character virtues, relationships, and ethical obligations. ",Evidence shows that,causal_reasoning,risk_and_unintended_consequences,"Therefore, a total ban is not only effective but also prevents the continued reliance on disposable plastics, which would otherwise lead to irreversible environmental damage.",causal_reasoning_risk_and_unintended_consequences,"I should identify risks, unintended outcomes, cascading effects, and potential for escalation. ",Therefore,baseline,653,221,2.3567652272995866e-05
46,0.0,,,synthesis_faithful,random,4,20260206_121538,1.1171727180480957,"A total ban on single-use plastics by the government is necessary because it would drastically reduce plastic waste in our environment. Plastic pollution is a growing threat to wildlife, oceans, and even human health, and a ban would hold manufacturers and consumers accountable for their environmental impact. As someone who cares about clean streets, safe water, and a healthier planet, I believe we have a moral duty to act now. With proper alternatives available and public support, such a ban is not only feasible but essential. It would set a strong example for the rest of the world and protect natural resources for future generations. The government has the authority and responsibility to make decisions that benefit the public good, and this is one such decision.",conditional,feasibility_and_implementation,"If the government enforces a total ban on single-use plastics, it would greatly reduce the amount of plastic waste that ends up in landfills and oceans.",conditional_feasibility_and_implementation,I should evaluate whether the proposal can actually be implemented and enforced effectively. ,If,evidence_and_authority,governance_and_accountability,"Evidence shows that plastic pollution harms wildlife and ecosystems, and a ban would align with our responsibility to protect the environment for future generations.",evidence_and_authority_governance_and_accountability,"I should consider legal frameworks, accountability mechanisms, democratic principles, and proper authority. ",Evidence shows that,evidence_and_authority,ethical_principles,"Evidence shows that plastic pollution harms wildlife and ecosystems, and a ban would align with our responsibility to protect the environment for future generations.",evidence_and_authority_ethical_principles,"I should evaluate actions based on moral rules, character virtues, relationships, and ethical obligations. ",Evidence shows that,baseline,774,289,2.2247669938021608e-05
20,0.0,,,synthesis_faithful,random,1,20260206_121538,1.1334505081176758,"Single-use plastics pollute our oceans, harm wildlife, and contribute to long-term environmental degradation, which we have a moral obligation to prevent. As individuals, our efforts are limited and inconsistent, making government action essential to create large-scale change. A total ban empowers communities, ensures fairness by regulating industry and access, and protects future generations. The government has the authority and responsibility to enforce such a ban to uphold public health and environmental ethics. Without this bold step, pollution will continue unchecked, worsening climate and ecological crises. Therefore, a total ban on single-use plastics is not only justified—it is necessary for a sustainable future.",concession_and_contrast,ethical_principles,"However, the use of single-use plastics causes significant harm to the environment and public health, which violates our ethical responsibility to protect nature and future generations. Banning them is a necessary step to reduce pollution and safeguard ecosystems.",concession_and_contrast_ethical_principles,"I should evaluate actions based on moral rules, character virtues, relationships, and ethical obligations. ",However,causal_reasoning,stakeholder_responsibility,"Therefore, it is the government’s duty to act decisively, as individual efforts alone are insufficient to solve a crisis of this scale.",causal_reasoning_stakeholder_responsibility,"I should analyze who bears responsibility—whether government, individuals, corporations, or other institutions. ",Therefore,addition_and_elaboration,governance_and_accountability,"Moreover, a government ban ensures equitable implementation and accountability, preventing the burden from falling unfairly on low-income communities who cannot afford reusable alternatives.",addition_and_elaboration_governance_and_accountability,"I should consider legal frameworks, accountability mechanisms, democratic principles, and proper authority. ",Moreover,baseline,730,265,2.198863797944662e-05
18,0.0,,,synthesis_faithful,random,4,20260206_121538,1.1774983406066897,"We have a moral obligation to protect the environment, and banning single-use plastics is a clear and necessary step toward fulfilling that duty. While we value personal freedom, individual choices should not come at the cost of harming shared resources like clean oceans and air, which are essential to everyone’s well-being. The harm caused by single-use plastics—such as pollution in oceans, harm to wildlife, and health risks from microplastics—outweighs the convenience they provide. A total ban is a straightforward and effective way to reduce this widespread damage. It encourages innovation in sustainable alternatives and shifts societal habits toward long-term environmental responsibility. Ultimately, protecting our planet is not just a choice—it’s a collective duty we all share.",causal_reasoning,ethical_principles,"Therefore, we have a moral obligation to protect the environment, and banning single-use plastics is a clear and necessary step toward fulfilling that duty.",causal_reasoning_ethical_principles,"I should evaluate actions based on moral rules, character virtues, relationships, and ethical obligations. ",Therefore,concession_and_contrast,rights_and_liberties,"However, individual freedoms do not justify actions that harm shared resources like clean oceans and air, which are essential to human well-being.",concession_and_contrast_rights_and_liberties,"I should consider inalienable human rights, civil liberties, privacy protections, and the freedom to make one's own choices. ",However,sequence_and_transition,rights_and_liberties,"Next, the harm caused by single-use plastics—such as pollution in oceans, harm to wildlife, and health risks from microplastics—outweighs the convenience of using them.",sequence_and_transition_rights_and_liberties,"I should consider inalienable human rights, civil liberties, privacy protections, and the freedom to make one's own choices. ",Next,baseline,792,316,1.890945398393075e-05
35,0.0,,,synthesis_faithful,random,0,20260206_121538,1.168165683746338,"The government should enforce a total ban on single-use plastics because individual actions alone can't solve a problem this large. We see plastic pollution everywhere—from oceans to landfills—and it's clear that without strong regulations, nothing will change. The government has the power to make real, lasting change by banning harmful products, supporting eco-friendly alternatives, and holding companies accountable. Many places have already shown that such bans work without causing major disruptions. As someone who just wants a cleaner, healthier planet, I believe it’s time for bold action—and the government is the only one capable of leading it.",concession_and_contrast,stakeholder_responsibility,"However, since the problem of plastic pollution is systemic and widespread, individual efforts alone are not enough to create meaningful change. The government has the authority and reach to implement large-scale solutions that individuals cannot.",concession_and_contrast_stakeholder_responsibility,"I should analyze who bears responsibility—whether government, individuals, corporations, or other institutions. ",However,addition_and_elaboration,feasibility_and_implementation,"Moreover, a total ban on single-use plastics is both realistic and necessary, as many countries and cities have already successfully implemented similar bans with minimal disruption to daily life.",addition_and_elaboration_feasibility_and_implementation,I should evaluate whether the proposal can actually be implemented and enforced effectively. ,Moreover,clarification_and_specification,stakeholder_responsibility,"In other words, the government is the most logical entity to enforce such a ban because it can regulate industries, support sustainable alternatives, and hold polluters accountable—something individuals or companies cannot do on their own.",clarification_and_specification_stakeholder_responsibility,"I should analyze who bears responsibility—whether government, individuals, corporations, or other institutions. ",In other words,baseline,656,223,1.8439206426215457e-05
28,0.0,,,synthesis_faithful,random,4,20260206_121538,0.8727202415466309,"We’ve seen that bans on harmful products like leaded gasoline or asbestos have led to safer environments, proving that government action can drive meaningful change. Governments have the responsibility to protect public health and the environment, and banning single-use plastics is a necessary step to fulfill that duty. In conclusion, while some may worry about personal inconvenience, the long-term benefits to our planet and future generations far outweigh temporary discomfort.",clarification_and_specification,precedent_and_long_term_effects,"In other words, we’ve seen that bans on harmful products like leaded gasoline or asbestos have led to safer environments, proving that government action can drive meaningful change.",clarification_and_specification_precedent_and_long_term_effects,"I should evaluate historical precedents, long-term vs short-term tradeoffs, and obligations to future generations. ",In other words,addition_and_elaboration,governance_and_accountability,"Moreover, governments have the responsibility to protect public health and the environment, and banning single-use plastics is a necessary step to fulfill that duty.",addition_and_elaboration_governance_and_accountability,"I should consider legal frameworks, accountability mechanisms, democratic principles, and proper authority. ",Moreover,conclusion_and_summary,rights_and_liberties,"In conclusion, while some may worry about personal inconvenience, the long-term benefits to our planet and future generations far outweigh temporary discomfort.",conclusion_and_summary_rights_and_liberties,"I should consider inalienable human rights, civil liberties, privacy protections, and the freedom to make one's own choices. ",In conclusion,baseline,482,204,1.4870285664493647e-05
15,0.0,,,synthesis_faithful,random,0,20260206_121538,1.1980366706848145,"I think the government should enforce a total ban on single-use plastics because it’s a simple and effective way to protect our environment. These plastics pollute our oceans, harm wildlife, and take hundreds of years to break down. Even if some people find it inconvenient, there are already reusable alternatives—like cloth bags and metal containers—that are easy to use and more sustainable. The long-term benefits to public health and nature far outweigh any short-term discomfort. Plus, many countries have already banned single-use plastics with success, proving it’s possible. It’s not about taking away freedom—it’s about protecting the planet for everyone, especially future generations.",clarification_and_specification,justice_and_fairness,"In other words, the fairness of outcomes, processes, and distributions must be evaluated in terms of their impact on people's lives, especially those who are most vulnerable.",clarification_and_specification_justice_and_fairness,"I should analyze whether outcomes, processes, and distributions are fair to all parties involved. ",In other words,conditional,rights_and_liberties,"If the outcomes of a policy significantly infringe on basic human rights, such as the freedom to access essential goods or the right to a healthy environment, then the policy may be considered unjust, even if it aims to achieve broader societal benefits.",conditional_rights_and_liberties,"I should consider inalienable human rights, civil liberties, privacy protections, and the freedom to make one's own choices. ",If,clarification_and_specification,feasibility_and_implementation,"In other words, even if a policy is fair in theory, it must be practically feasible to implement and enforce without causing unintended harm or widespread non-compliance.",clarification_and_specification_feasibility_and_implementation,I should evaluate whether the proposal can actually be implemented and enforced effectively. ,In other words,baseline,696,238,1.4504060881858434e-05
39,0.0,,,synthesis_faithful,random,2,20260206_121538,0.978052854537964,"The government should enforce a total ban on single-use plastics because it’s the only way to make a real, lasting impact on environmental pollution. While individuals can make better choices, the scale of plastic waste is too large for personal efforts to fix alone. The government has the authority and responsibility to set rules that protect public health and natural ecosystems. Without strong, enforceable laws, plastic production and use will continue unchecked. A total ban would push industries to innovate and adopt sustainable alternatives, reducing harm to wildlife and oceans. This kind of action is not just possible—it’s essential for the planet’s future.",emphasis_and_evaluation,stakeholder_responsibility,"Importantly, the government is in the best position to enforce large-scale change, especially when it comes to protecting public health and the environment.",emphasis_and_evaluation_stakeholder_responsibility,"I should analyze who bears responsibility—whether government, individuals, corporations, or other institutions. ",Importantly,emphasis_and_evaluation,incentives_and_power_dynamics,"Importantly, individual actions alone are not enough to stop the massive pollution caused by single-use plastics.",emphasis_and_evaluation_incentives_and_power_dynamics,"I should examine what behaviors are encouraged, who holds power, and how interests align or conflict. ",Importantly,concession_and_contrast,feasibility_and_implementation,"However, a total ban is necessary because partial measures like recycling or reusable bags don’t fully solve the problem.",concession_and_contrast_feasibility_and_implementation,I should evaluate whether the proposal can actually be implemented and enforced effectively. ,However,baseline,670,227,1.379857809039512e-05
13,0.0,,,synthesis_faithful,random,1,20260206_121538,1.2150912284851074,"Single-use plastics are a major source of pollution that harm nature, animals, and even human health. While they’re convenient now, the long-term damage isn’t worth the short-term ease. Governments have a responsibility to protect people and the planet, just like they did with smoking bans and leaded fuel. A total ban would encourage companies to create better alternatives and help us build a cleaner, healthier future. We don’t need to rely on disposable plastics—better options already exist. It’s time to make a change before the damage becomes irreversible.",exemplification,incentives_and_power_dynamics,"For example, single-use plastics are often used because they're convenient and cheap, but this convenience comes at a high environmental cost. The government has the power to shift societal behaviors by setting rules that prioritize long-term public health and environmental protection over short-term convenience.",exemplification_incentives_and_power_dynamics,"I should examine what behaviors are encouraged, who holds power, and how interests align or conflict. ",For example,addition_and_elaboration,precedent_and_long_term_effects,"Moreover, similar bans on harmful products like smoking in public spaces or leaded gasoline have proven effective and were initially met with resistance. These bans protected people and the environment, showing that government intervention can lead to positive, lasting change.",addition_and_elaboration_precedent_and_long_term_effects,"I should evaluate historical precedents, long-term vs short-term tradeoffs, and obligations to future generations. ",Moreover,evidence_and_authority,precedent_and_long_term_effects,"Evidence shows that plastic pollution is harming wildlife, entering our food chain, and contributing to climate change. A total ban would push innovation toward reusable and sustainable alternatives, benefiting future generations.",evidence_and_authority_precedent_and_long_term_effects,"I should evaluate historical precedents, long-term vs short-term tradeoffs, and obligations to future generations. ",Evidence shows that,baseline,564,211,1.3369003063502092e-05
45,0.0,,,synthesis_faithful,random,4,20260206_121538,1.0448825359344482,"The government should enforce a total ban on single-use plastics because it has the authority and responsibility to implement large-scale solutions that individuals and companies alone cannot achieve. This ban reflects a moral obligation to protect the environment, prevent pollution, and safeguard natural ecosystems for future generations. As the entity with the power to create and enforce laws, the government is best positioned to ensure consistent compliance and hold industries accountable. Without strong government action, plastic waste will continue to harm wildlife, clog waterways, and contribute to climate change. A total ban is a necessary step toward sustainable living and long-term environmental health.",concession_and_contrast,stakeholder_responsibility,"However, while individuals and industries play roles, the government has the authority and responsibility to implement broad, enforceable policies that can create systemic change.",concession_and_contrast_stakeholder_responsibility,"I should analyze who bears responsibility—whether government, individuals, corporations, or other institutions. ",However,addition_and_elaboration,ethical_principles,"Moreover, banning single-use plastics protects the environment for future generations, which reflects a moral duty to preserve nature and avoid harm to ecosystems and communities.",addition_and_elaboration_ethical_principles,"I should evaluate actions based on moral rules, character virtues, relationships, and ethical obligations. ",Moreover,addition_and_elaboration,governance_and_accountability,"Moreover, the government is the most appropriate body to regulate widespread environmental threats because it can enforce rules consistently and ensure accountability across industries and populations.",addition_and_elaboration_governance_and_accountability,"I should consider legal frameworks, accountability mechanisms, democratic principles, and proper authority. ",Moreover,baseline,721,259,1.288146962651395e-05
413056,1.3746983650092697,,,synthesis_faithful,targeted,2,20260206_121005,1.27520751953125,"The government should not enforce a total ban on single-use plastics because it infringes on individual autonomy and personal freedom. Many everyday choices, such as using a plastic bag or a disposable water bottle, are small but meaningful decisions that people should be allowed to make for themselves. While plastic pollution is a concern, the benefits of single-use plastics—like maintaining hygiene in medical settings and ensuring food safety—make them essential for public health and convenience. A blanket ban would be difficult to enforce fairly and could create unintended consequences, such as illegal trade or a shift to less sustainable alternatives. Instead of an outright ban, it's more effective to promote education, recycling infrastructure, and voluntary reduction. Ultimately, personal responsibility and market innovation should guide change, not top-down mandates.",evidence_and_authority,rights_and_liberties,"Evidence shows that government overreach into personal choices, such as banning single-use plastics, undermines individual autonomy and the freedom to make everyday decisions.",evidence_and_authority_rights_and_liberties,"I should consider inalienable human rights, civil liberties, privacy protections, and the freedom to make one's own choices. ",Evidence shows that,addition_and_elaboration,cost_benefit_and_impact_analysis,"Moreover, while single-use plastics contribute to pollution, the benefits they offer in terms of hygiene, safety, and convenience—especially in healthcare and food packaging—far outweigh the environmental concerns for most people.",addition_and_elaboration_cost_benefit_and_impact_analysis,"I should quantify and compare costs, benefits, and real-world impacts across economic, social, and environmental dimensions. ",Moreover,exemplification,feasibility_and_implementation,"For example, enforcing a total ban would be logistically challenging and could lead to black markets or non-compliance, especially in rural or low-income communities where alternatives are not readily available.",exemplification_feasibility_and_implementation,I should evaluate whether the proposal can actually be implemented and enforced effectively. ,For example,targeted,886,180,9.917995986965386e-06
8,0.0,,,synthesis_faithful,random,1,20260206_121538,1.3919367790222168,"Single-use plastics are a major source of pollution, harming wildlife and contaminating our water and soil. As an average person who cares about a cleaner, healthier planet, I believe the government must take strong action to protect our environment and future generations. These plastics take hundreds of years to break down and release toxic microplastics into ecosystems. A total ban is the most effective way to stop this pollution at the source. While there may be some short-term inconvenience, the long-term benefits to public health and the environment are too important to ignore. We don’t need to wait for perfect alternatives—progress begins with bold, decisive policy. A ban sends a clear message that our planet matters more than convenience.",emphasis_and_evaluation,incentives_and_power_dynamics,"Importantly, single-use plastics are a major source of pollution, clogging waterways and harming wildlife. As an average person concerned about the environment and clean communities, I believe the government has a responsibility to act decisively to protect public health and natural ecosystems.",emphasis_and_evaluation_incentives_and_power_dynamics,"I should examine what behaviors are encouraged, who holds power, and how interests align or conflict. ",Importantly,evidence_and_authority,ethical_principles,"Evidence shows that plastic waste takes hundreds of years to decompose, and even then, it breaks down into microplastics that contaminate soil and water. If we don’t act now, future generations will inherit a planet that’s increasingly damaged and dangerous.",evidence_and_authority_ethical_principles,"I should evaluate actions based on moral rules, character virtues, relationships, and ethical obligations. ",Evidence shows that,causal_reasoning,risk_and_unintended_consequences,"Therefore, a total ban on single-use plastics is the most effective way to reduce pollution at the source. While some may argue about inconvenience, the long-term environmental and health benefits far outweigh temporary discomfort.",causal_reasoning_risk_and_unintended_consequences,"I should identify risks, unintended outcomes, cascading effects, and potential for escalation. ",Therefore,baseline,755,281,9.807374996242377e-06
23,0.0,,,synthesis_faithful,random,0,20260206_121538,0.974933624267578,"We should support a total ban on single-use plastics because it reflects our responsibility to care for the planet and future generations. Such a ban would significantly reduce pollution, protect animals from ingesting or getting trapped in plastic, and create a cleaner environment for everyone. It’s unfair to allow industries to profit at the expense of public health and ecosystems, especially when reusable alternatives are available. A ban ensures that the costs of plastic waste aren’t shouldered by the most vulnerable communities or future generations. Ultimately, doing what’s right means protecting nature and taking action before the damage becomes irreversible.",clarification_and_specification,ethical_principles,"In other words, we should act in ways that reflect our values, such as showing care and responsibility toward the environment and future generations.",clarification_and_specification_ethical_principles,"I should evaluate actions based on moral rules, character virtues, relationships, and ethical obligations. ",In other words,addition_and_elaboration,justice_and_fairness,"Moreover, a total ban on single-use plastics would reduce pollution, protect wildlife, and ensure a cleaner, healthier planet for everyone.",addition_and_elaboration_justice_and_fairness,"I should analyze whether outcomes, processes, and distributions are fair to all parties involved. ",Moreover,exemplification,justice_and_fairness,"For example, banning single-use plastics would prevent harm to marine life and reduce the burden on communities that suffer from plastic waste.",exemplification_justice_and_fairness,"I should analyze whether outcomes, processes, and distributions are fair to all parties involved. ",For example,baseline,674,228,9.407834984113532e-06
3,0.0,,,synthesis_faithful,random,3,20260206_121538,1.109046220779419,"The government should enforce a total ban on single-use plastics because they pollute our oceans, harm wildlife, and contribute to long-term environmental damage. These products are often used for minutes but can take hundreds of years to break down, creating lasting harm to ecosystems. A ban would encourage innovation in sustainable alternatives and reduce the burden on waste management systems. As ordinary citizens, we all want cleaner streets, safer communities, and a healthier planet for our children. A total ban is a responsible and necessary step toward protecting our shared environment. It’s not about restricting freedom—it’s about ensuring we all have the right to live in a clean and safe world.",emphasis_and_evaluation,incentives_and_power_dynamics,"Importantly, the government has a responsibility to protect public health and the environment, and single-use plastics pose serious risks to both.",emphasis_and_evaluation_incentives_and_power_dynamics,"I should examine what behaviors are encouraged, who holds power, and how interests align or conflict. ",Importantly,conclusion_and_summary,feasibility_and_implementation,"In conclusion, a total ban on single-use plastics is a necessary step to reduce pollution and protect ecosystems, and it is achievable with public cooperation and alternative solutions.",conclusion_and_summary_feasibility_and_implementation,I should evaluate whether the proposal can actually be implemented and enforced effectively. ,In conclusion,addition_and_elaboration,rights_and_liberties,"Moreover, people deserve clean air, safe water, and a healthy planet, and a ban on single-use plastics ensures these basic rights are upheld for future generations.",addition_and_elaboration_rights_and_liberties,"I should consider inalienable human rights, civil liberties, privacy protections, and the freedom to make one's own choices. ",Moreover,baseline,712,250,9.111237983205252e-06
46,0.0,,,synthesis_faithful,random,3,20260206_121538,1.0210201740264893,"The government should enforce a total ban on single-use plastics because it would drastically reduce pollution in our oceans, rivers, and landfills. Countries that have already implemented such bans have seen clear improvements in environmental quality and public health. As someone who cares about protecting nature and ensuring clean water and air for future generations, I believe we have a moral responsibility to stop using products that harm the planet and living beings. A ban is not just feasible—it's necessary to safeguard our shared environment and uphold the values of sustainability and responsibility.",conditional,feasibility_and_implementation,"If the government enforces a total ban on single-use plastics, it would significantly reduce the amount of plastic waste that pollutes our environment, especially in oceans and waterways.",conditional_feasibility_and_implementation,I should evaluate whether the proposal can actually be implemented and enforced effectively. ,If,evidence_and_authority,governance_and_accountability,"Evidence shows that countries with strict plastic bans have seen measurable improvements in environmental health and public hygiene, proving that such bans are not only possible but effective.",evidence_and_authority_governance_and_accountability,"I should consider legal frameworks, accountability mechanisms, democratic principles, and proper authority. ",Evidence shows that,evidence_and_authority,ethical_principles,"Evidence shows that the continued use of single-use plastics harms wildlife, contaminates our food and water, and contributes to climate change—values that most people care deeply about.",evidence_and_authority_ethical_principles,"I should evaluate actions based on moral rules, character virtues, relationships, and ethical obligations. ",Evidence shows that,baseline,615,215,9.099559588801687e-06
29,0.0,,,synthesis_faithful,random,3,20260206_121538,0.8870952129364014,"The government should enforce a total ban on single-use plastics because it has a responsibility to protect public health and the environment. These materials often end up in oceans and landfills, harming wildlife and contaminating ecosystems. A ban would not only reduce pollution but also save money in the long run by cutting down on cleanup efforts and environmental damage. With proper alternatives available and government oversight, such a policy is both feasible and necessary for a sustainable future.",emphasis_and_evaluation,ethical_principles,"Importantly, the government has a duty to protect public health and the environment, and single-use plastics pose serious threats to both.",emphasis_and_evaluation_ethical_principles,"I should evaluate actions based on moral rules, character virtues, relationships, and ethical obligations. ",Importantly,emphasis_and_evaluation,governance_and_accountability,"Importantly, the government has the authority to regulate harmful materials to prevent widespread environmental damage and safeguard citizens’ well-being.",emphasis_and_evaluation_governance_and_accountability,"I should consider legal frameworks, accountability mechanisms, democratic principles, and proper authority. ",Importantly,addition_and_elaboration,cost_benefit_and_impact_analysis,"Moreover, a total ban on single-use plastics would reduce pollution, especially in oceans and landfills, leading to long-term cost savings in cleanup and ecosystem restoration.",addition_and_elaboration_cost_benefit_and_impact_analysis,"I should quantify and compare costs, benefits, and real-world impacts across economic, social, and environmental dimensions. ",Moreover,baseline,510,206,8.993888059276337e-06
17,0.0,,,synthesis_faithful,random,1,20260206_121538,1.1966552734375,"It is morally right to protect the environment, and banning single-use plastics is a necessary step to fulfill our responsibility to future generations. These plastics cause widespread pollution, endanger marine life, and worsen climate change, making a ban fairer for both nature and people who depend on clean ecosystems. Governments have the authority and duty to act in the public interest, and enforcing such a ban is a reasonable and just use of that power. By taking this step, we prioritize long-term sustainability over short-term convenience. This action reflects a commitment to ethical stewardship and collective well-being. A total ban is not extreme—it’s a practical and responsible measure to address a growing crisis. We should act now, before the damage becomes irreversible.",causal_reasoning,ethical_principles,"Therefore, it is morally right to protect the environment because it reflects a commitment to stewardship and responsibility toward future generations.",causal_reasoning_ethical_principles,"I should evaluate actions based on moral rules, character virtues, relationships, and ethical obligations. ",Therefore,evidence_and_authority,justice_and_fairness,"Evidence shows that single-use plastics pollute oceans, harm wildlife, and contribute to climate change, so a ban would promote fairness by reducing harm to vulnerable ecosystems and communities.",evidence_and_authority_justice_and_fairness,"I should analyze whether outcomes, processes, and distributions are fair to all parties involved. ",Evidence shows that,sequence_and_transition,governance_and_accountability,"Next, governments have a duty to protect public health and the environment, and enforcing a ban on single-use plastics is a legitimate exercise of that authority to safeguard collective well-being.",sequence_and_transition_governance_and_accountability,"I should consider legal frameworks, accountability mechanisms, democratic principles, and proper authority. ",Next,baseline,792,312,8.125518636220992e-06
10,0.0,,,synthesis_faithful,random,2,20260206_121538,1.1406240463256836,"Personal freedom means people should be able to choose what they want to use, including single-use plastics, without government interference. Enforcing a total ban would be incredibly difficult to implement and maintain across every household, business, and public space. Such a sweeping measure could lead to black markets, widespread non-compliance, and erosion of trust in government regulations. Rather than imposing a blanket ban, it's more effective to promote voluntary reduction, improve recycling infrastructure, and encourage innovation in sustainable alternatives. These approaches respect individual choice while still addressing environmental concerns. A total ban is not only impractical but could backfire by creating resentment and inefficiencies. Ultimately, freedom and environmental responsibility can coexist without the need for extreme government control.",emphasis_and_evaluation,rights_and_liberties,"Importantly, personal freedom means people should be able to choose what they want to use, including single-use plastics, without government interference.",emphasis_and_evaluation_rights_and_liberties,"I should consider inalienable human rights, civil liberties, privacy protections, and the freedom to make one's own choices. ",Importantly,conditional,feasibility_and_implementation,"If the government tries to ban all single-use plastics, it would be incredibly difficult to enforce consistently across every household, business, and public space.",conditional_feasibility_and_implementation,I should evaluate whether the proposal can actually be implemented and enforced effectively. ,If,causal_reasoning,precedent_and_long_term_effects,"Therefore, a total ban is impractical and could lead to black markets or widespread non-compliance, undermining the rule of law.",causal_reasoning_precedent_and_long_term_effects,"I should evaluate historical precedents, long-term vs short-term tradeoffs, and obligations to future generations. ",Therefore,baseline,877,377,6.775688815132241e-06
413256,1.3711726293106918,,,synthesis_faithful,targeted,3,20260206_121005,0.9968383312225342,"A total ban on single-use plastics is an overreach that undermines personal freedom and practical convenience. Many people rely on these items for daily tasks, from grocery shopping to food storage, and banning them forces individuals to adapt to less accessible alternatives. Such restrictions can disproportionately harm low-income communities who depend on inexpensive, disposable products. Enforcing a total ban would also require invasive monitoring and penalties, eroding privacy and creating a culture of surveillance. Rather than imposing sweeping bans, governments should focus on incentives, education, and sustainable alternatives that empower individuals to make environmentally conscious choices without coercion.",evidence_and_authority,rights_and_liberties,"Evidence shows that government policies that restrict personal freedoms, such as a total ban on single-use plastics, often lead to unintended consequences and public backlash.",evidence_and_authority_rights_and_liberties,"I should consider inalienable human rights, civil liberties, privacy protections, and the freedom to make one's own choices. ",Evidence shows that,addition_and_elaboration,justice_and_fairness,"Moreover, such bans can disproportionately impact low-income individuals who rely on affordable, convenient single-use items, making them less equitable than intended.",addition_and_elaboration_justice_and_fairness,"I should analyze whether outcomes, processes, and distributions are fair to all parties involved. ",Moreover,exemplification,feasibility_and_implementation,"For example, enforcement of a nationwide ban would require massive surveillance and policing, infringing on personal privacy and creating administrative burdens.",exemplification_feasibility_and_implementation,I should evaluate whether the proposal can actually be implemented and enforced effectively. ,For example,targeted,726,62,6.523195894230923e-06
43,0.0,,,synthesis_faithful,random,4,20260206_121538,1.442230224609375,"The government should enforce a total ban on single-use plastics because it is a necessary step to protect public health and the environment. Without such action, individuals often lack the information or alternatives to make sustainable choices, leading to widespread pollution. A ban ensures accountability and fairness across communities and businesses, preventing the most harmful practices from continuing. This measure is not an overreach of government power but a responsible use of authority to preserve shared natural resources for current and future generations. Ultimately, protecting the planet aligns with our collective duty to live sustainably and responsibly.",evidence_and_authority,governance_and_accountability,"Evidence shows that government enforcement of bans on single-use plastics is a necessary and effective way to protect public health and the environment. When individuals are left to make their own choices, many lack access to sustainable alternatives or are unaware of the environmental harm caused by plastic waste. A government-imposed ban ensures accountability and creates a level playing field for businesses and consumers alike.",evidence_and_authority_governance_and_accountability,"I should consider legal frameworks, accountability mechanisms, democratic principles, and proper authority. ",Evidence shows that,exemplification,rights_and_liberties,"For example, in the United States, the First Amendment protects the right to speak freely, which includes advocating for change through protest, petition, and public discourse. This right allows citizens to influence policy, including supporting a ban on single-use plastics, without needing government permission to express their views.",exemplification_rights_and_liberties,"I should consider inalienable human rights, civil liberties, privacy protections, and the freedom to make one's own choices. ",For example,conditional,governance_and_accountability,"If the government does not take a firm stance, environmental degradation will continue unchecked, affecting air, water, and soil quality. A total ban on single-use plastics is not an overreach—it is a responsible use of authority to safeguard shared resources that belong to everyone.",conditional_governance_and_accountability,"I should consider legal frameworks, accountability mechanisms, democratic principles, and proper authority. ",If,baseline,675,230,6.12922232818877e-06
453244,1.373506311832836,,,synthesis_faithful,targeted,0,20260206_121005,0.8788731098175049,"Single-use plastics are a major source of pollution that harm ecosystems and wildlife, often leading to death when animals ingest them or become entangled. While some may worry about inconvenience, alternatives like paper, glass, and reusable materials are already widely available and affordable. Governments have the authority and responsibility to protect public health and the environment, and enforcing a total ban is a necessary step to prevent irreversible damage to nature and human well-being.",evidence_and_authority,risk_and_unintended_consequences,"Evidence shows that single-use plastics are a major source of pollution, especially in oceans and landfills, where they take hundreds of years to decompose.",evidence_and_authority_risk_and_unintended_consequences,"I should identify risks, unintended outcomes, cascading effects, and potential for escalation. ",Evidence shows that,addition_and_elaboration,justice_and_fairness,"Moreover, these plastics often harm wildlife, such as sea turtles and birds, which mistake them for food, leading to injury or death.",addition_and_elaboration_justice_and_fairness,"I should analyze whether outcomes, processes, and distributions are fair to all parties involved. ",Moreover,evidence_and_authority,governance_and_accountability,"Evidence shows that banning single-use plastics is not only feasible but has already succeeded in countries like Canada and the EU, where alternatives are widely available.",evidence_and_authority_governance_and_accountability,"I should consider legal frameworks, accountability mechanisms, democratic principles, and proper authority. ",Evidence shows that,targeted,502,1,5.891004972948204e-06
413256,1.3711726293106918,,,synthesis_faithful,targeted,4,20260206_121005,1.075632095336914,"A total ban on single-use plastics infringes on personal freedom and the right to make individual choices about daily life. While environmental concerns are valid, forcing compliance through broad government mandates undermines autonomy and can lead to resentment and non-compliance. It also unfairly impacts low-income individuals who depend on inexpensive, accessible products, making the policy regressive. Additionally, enforcing such a ban would be logistically challenging and could result in inconsistent enforcement across communities. Rather than imposing a one-size-fits-all ban, governments should focus on education, incentives, and supporting sustainable alternatives. This balanced approach respects personal freedom while still promoting environmental responsibility.",evidence_and_authority,rights_and_liberties,"Evidence shows that freedom of choice is essential for human dignity and autonomy, and government overreach into personal decisions can erode trust in institutions and lead to unintended consequences.",evidence_and_authority_rights_and_liberties,"I should consider inalienable human rights, civil liberties, privacy protections, and the freedom to make one's own choices. ",Evidence shows that,addition_and_elaboration,justice_and_fairness,"Moreover, a total ban on single-use plastics may disproportionately affect low-income communities who rely on affordable, convenient alternatives, making such a policy inherently unfair and regressive.",addition_and_elaboration_justice_and_fairness,"I should analyze whether outcomes, processes, and distributions are fair to all parties involved. ",Moreover,exemplification,feasibility_and_implementation,"For example, enforcement would require extensive monitoring and penalties, which could strain public resources and lead to inconsistent application across regions.",exemplification_feasibility_and_implementation,I should evaluate whether the proposal can actually be implemented and enforced effectively. ,For example,targeted,782,97,5.468543075604257e-06
18,0.0,,,synthesis_faithful,random,3,20260206_121538,1.0257289409637451,"A total ban on single-use plastics is morally necessary because it protects the environment and ensures a healthier planet for future generations. While personal freedom to use convenient products is important, it should not come at the expense of collective well-being and ecological survival. Our right to consume should not override the fundamental right to clean air, water, and a stable climate. Every plastic item discarded contributes to pollution that harms wildlife, ecosystems, and human health. By eliminating single-use plastics, the government can lead with responsibility, demonstrating that individual choices must align with environmental stewardship. This ban is not about restriction—it's about protecting our shared world. A small personal inconvenience today leads to long-term benefits for everyone.",causal_reasoning,ethical_principles,"Therefore, a total ban on single-use plastics is morally necessary to protect the environment and future generations.",causal_reasoning_ethical_principles,"I should evaluate actions based on moral rules, character virtues, relationships, and ethical obligations. ",Therefore,concession_and_contrast,rights_and_liberties,"However, the right to convenience and consumption does not outweigh the collective right to a safe and healthy environment.",concession_and_contrast_rights_and_liberties,"I should consider inalienable human rights, civil liberties, privacy protections, and the freedom to make one's own choices. ",However,sequence_and_transition,rights_and_liberties,"Next, personal freedom must be balanced with societal responsibility; we cannot claim freedom to harm the planet without consequence.",sequence_and_transition_rights_and_liberties,"I should consider inalienable human rights, civil liberties, privacy protections, and the freedom to make one's own choices. ",Next,baseline,820,345,5.185238427811177e-06
1,0.0,,,synthesis_faithful,random,3,20260206_121538,1.130882978439331,"A total ban on single-use plastics infringes upon individual freedoms and personal autonomy, as people should have the right to choose what they use, especially when it comes to everyday convenience. Such a ban would likely harm low-income communities who depend on affordable, accessible single-use items and could give corporations greater control over the market for alternatives. Moreover, banning these products might lead to unintended environmental consequences, as substitutes like certain bioplastics or reusable containers can have higher carbon footprints or require more resources to produce. Without careful consideration of these trade-offs, a blanket ban could do more harm than good.",conditional,rights_and_liberties,"If the government enforces a total ban on single-use plastics, it could infringe upon individual freedoms and personal choices, as people may want to use these products for convenience or necessity without government interference.",conditional_rights_and_liberties,"I should consider inalienable human rights, civil liberties, privacy protections, and the freedom to make one's own choices. ",If,emphasis_and_evaluation,incentives_and_power_dynamics,"Importantly, such a ban might disproportionately affect low-income communities who rely on affordable, single-use items, giving more power to corporations that control the alternative market.",emphasis_and_evaluation_incentives_and_power_dynamics,"I should examine what behaviors are encouraged, who holds power, and how interests align or conflict. ",Importantly,evidence_and_authority,risk_and_unintended_consequences,"Evidence shows that banning single-use plastics can lead to unintended consequences, such as increased use of alternatives that may be more harmful to the environment or less sustainable in the long term.",evidence_and_authority_risk_and_unintended_consequences,"I should identify risks, unintended outcomes, cascading effects, and potential for escalation. ",Evidence shows that,baseline,699,241,4.4363379518775925e-06
6,0.0,,,synthesis_faithful,random,0,20260206_121538,1.176725149154663,"As an average person, I believe the government should enforce a total ban on single-use plastics because it's the right thing to do for the planet and future generations. Even if it causes temporary inconvenience, protecting the environment is more important than convenience. These plastics pollute our oceans, harm animals, and can even enter our food chain, threatening public health. A ban would push companies to develop better, reusable alternatives and reduce the massive waste we produce. While some may argue it’s too strict, the long-term benefits to nature and society far outweigh the short-term challenges. The government has a responsibility to act in the public interest, especially when it comes to protecting the Earth we all share. Therefore, a total ban is both necessary and just.",concession_and_contrast,ethical_principles,"However, I should be careful not to assume that governments don't have a responsibility to enforce laws that serve the public good, even if it’s inconvenient.",concession_and_contrast_ethical_principles,"I should evaluate actions based on moral rules, character virtues, relationships, and ethical obligations. ",However,exemplification,incentives_and_power_dynamics,"For example, if single-use plastics harm the environment and public health, then the government has an ethical obligation to act, even if it's unpopular.",exemplification_incentives_and_power_dynamics,"I should examine what behaviors are encouraged, who holds power, and how interests align or conflict. ",For example,addition_and_elaboration,risk_and_unintended_consequences,"Moreover, a total ban on single-use plastics would reduce pollution, protect wildlife, and encourage innovation in sustainable alternatives.",addition_and_elaboration_risk_and_unintended_consequences,"I should identify risks, unintended outcomes, cascading effects, and potential for escalation. ",Moreover,baseline,800,317,4.163550700368498e-06
7,0.0,,,synthesis_faithful,random,1,20260206_121538,1.1800494194030762,"A total ban on single-use plastics is necessary because only government enforcement can ensure all communities follow the same rules, eliminating inconsistent behavior and loopholes that voluntary efforts often allow. It's our moral responsibility to protect the planet and future generations from pollution and ecological harm caused by plastic waste. While some may value the convenience of plastic, the right to clean air, water, and land is far more fundamental than the temporary ease of disposable products. A ban doesn’t restrict freedom—it protects it by ensuring a healthier, safer world for everyone. Without strong government action, plastic pollution will continue to grow, harming ecosystems and human health. Therefore, a total ban is not just practical, but ethically essential.",conditional,governance_and_accountability,"If the government enacts a total ban on single-use plastics, it can ensure consistent enforcement and accountability across all regions, preventing loopholes that voluntary measures might create.",conditional_governance_and_accountability,"I should consider legal frameworks, accountability mechanisms, democratic principles, and proper authority. ",If,emphasis_and_evaluation,ethical_principles,"Importantly, protecting the environment and future generations is a moral duty—banning single-use plastics reflects responsibility toward our shared planet and the well-being of those who come after us.",emphasis_and_evaluation_ethical_principles,"I should evaluate actions based on moral rules, character virtues, relationships, and ethical obligations. ",Importantly,exemplification,rights_and_liberties,"For example, while some may prefer convenience, the right to a clean and safe environment outweighs the convenience of disposable plastic products.",exemplification_rights_and_liberties,"I should consider inalienable human rights, civil liberties, privacy protections, and the freedom to make one's own choices. ",For example,baseline,793,310,3.856825440928029e-06
12,0.0,,,synthesis_faithful,random,1,20260206_121538,1.2154541015625,"The government should enforce a total ban on single-use plastics because it’s a moral responsibility to protect our planet and future generations from irreversible environmental harm. A total ban is essential, as recycling and small fees don’t go far enough to stop the overwhelming pollution caused by these products. The government must take the lead, as it has the power and duty to set strong environmental standards and hold big polluters accountable. Without such a ban, the status quo will continue to degrade our ecosystems, harm wildlife, and endanger human health. This action reflects a commitment to fairness, sustainability, and long-term well-being. We can’t wait for voluntary action—strong government rules are needed now. A total ban is not just possible, it’s necessary for a healthier, cleaner future.",conclusion_and_summary,ethical_principles,"In conclusion, the government should enforce a total ban on single-use plastics because it is a morally responsible action that protects the environment and future generations.",conclusion_and_summary_ethical_principles,"I should evaluate actions based on moral rules, character virtues, relationships, and ethical obligations. ",In conclusion,emphasis_and_evaluation,feasibility_and_implementation,"Importantly, a total ban is necessary because partial measures like recycling or fees are insufficient to stop the massive pollution caused by single-use plastics.",emphasis_and_evaluation_feasibility_and_implementation,I should evaluate whether the proposal can actually be implemented and enforced effectively. ,Importantly,conclusion_and_summary,stakeholder_responsibility,"In conclusion, the government has a duty to lead this change, as it is best positioned to set standards, enforce regulations, and hold corporations accountable for producing harmful products.",conclusion_and_summary_stakeholder_responsibility,"I should analyze who bears responsibility—whether government, individuals, corporations, or other institutions. ",In conclusion,baseline,820,342,3.693784319125086e-06
23,0.0,,,synthesis_faithful,random,3,20260206_121538,0.9247407913208008,"A total ban on single-use plastics is necessary because it reflects our duty to protect the planet and future generations. Even if the transition is challenging, the moral obligation to reduce environmental harm outweighs temporary inconvenience. Such a ban ensures fairer outcomes by reducing pollution that harms vulnerable communities and ecosystems. It promotes long-term sustainability and aligns with our shared responsibility to live ethically. By taking a firm stand now, we set a precedent for responsible behavior. This action is not just practical—it’s a reflection of our values and commitment to a healthier world.",clarification_and_specification,ethical_principles,"In other words, even if some aspects of a rule are not perfect, we should still follow it because it reflects our values and responsibilities.",clarification_and_specification_ethical_principles,"I should evaluate actions based on moral rules, character virtues, relationships, and ethical obligations. ",In other words,addition_and_elaboration,justice_and_fairness,"Moreover, a total ban on single-use plastics protects the environment for future generations, ensuring fairness and sustainability.",addition_and_elaboration_justice_and_fairness,"I should analyze whether outcomes, processes, and distributions are fair to all parties involved. ",Moreover,exemplification,justice_and_fairness,"For example, a ban reduces pollution that disproportionately harms low-income communities and wildlife, promoting justice and equity.",exemplification_justice_and_fairness,"I should analyze whether outcomes, processes, and distributions are fair to all parties involved. ",For example,baseline,627,216,3.1297932126983164e-06
465844,1.5293166057761014,,,synthesis_faithful,targeted,4,20260206_121005,0.7270934581756592,"Single-use plastics are a major source of pollution that harms ecosystems and wildlife, and a total ban would significantly reduce this damage. Countries and cities that have already banned plastic bags have seen measurable decreases in litter and improved environmental outcomes, proving such policies can work in real life. As a responsible government, it’s our duty to protect the environment for future generations, and enforcing a ban is a clear, effective step toward that goal.",evidence_and_authority,feasibility_and_implementation,Evidence shows that single-use plastics are a major contributor to environmental pollution and harm wildlife.,evidence_and_authority_feasibility_and_implementation,I should evaluate whether the proposal can actually be implemented and enforced effectively. ,Evidence shows that,exemplification,precedent_and_long_term_effects,"For example, past bans on items like plastic bags have successfully reduced waste and shifted public behavior.",exemplification_precedent_and_long_term_effects,"I should evaluate historical precedents, long-term vs short-term tradeoffs, and obligations to future generations. ",For example,evidence_and_authority,governance_and_accountability,Evidence shows that governments have the authority and tools to enforce environmental regulations for the public good.,evidence_and_authority_governance_and_accountability,"I should consider legal frameworks, accountability mechanisms, democratic principles, and proper authority. ",Evidence shows that,targeted,484,0,2.7461578187466593e-06
22,0.0,,,synthesis_faithful,random,4,20260206_121538,1.1111431121826172,"We have a moral responsibility to protect the planet for future generations, and continuing to allow single-use plastics undermines that duty. These materials pollute our oceans, harm wildlife, and can enter our food chain, threatening public health. While some may argue it’s inconvenient, the long-term harm far outweighs the short-term convenience. The government has a role in guiding society toward sustainable choices, just as it has banned other harmful products in the past. Enforcing a total ban sends a clear message that profit must not come at the cost of environmental and human well-being. As ordinary citizens, we deserve a government that acts with foresight and integrity to safeguard our shared future. Therefore, a total ban on single-use plastics is not only necessary but morally right.",exemplification,ethical_principles,"For example, being honest and fair is important, and we should act in ways that are consistent with these values.",exemplification_ethical_principles,"I should evaluate actions based on moral rules, character virtues, relationships, and ethical obligations. ",For example,conditional,precedent_and_long_term_effects,"If we don’t act now to reduce plastic pollution, future generations will suffer from environmental degradation and health risks.",conditional_precedent_and_long_term_effects,"I should evaluate historical precedents, long-term vs short-term tradeoffs, and obligations to future generations. ",If,sequence_and_transition,incentives_and_power_dynamics,"Next, allowing single-use plastics perpetuates a system where corporations profit at the environment’s expense, which is unjust.",sequence_and_transition_incentives_and_power_dynamics,"I should examine what behaviors are encouraged, who holds power, and how interests align or conflict. ",Next,baseline,807,327,2.7270785297228774e-06
45,0.0,,,synthesis_faithful,random,2,20260206_121538,1.328847885131836,"As an average person, I believe the government should enforce a total ban on single-use plastics because it’s their responsibility to protect public health and the environment. These plastics cause lasting harm to nature, pollute our oceans, and can even enter our food chain, which raises serious ethical concerns. The government has the power and duty to take strong action where individuals and businesses can’t or won’t. A nationwide ban would push innovation in sustainable materials and create a cleaner, safer world for everyone. It’s not about limiting freedom—it’s about protecting our shared future. So, I support a government-enforced ban as a necessary and fair step toward environmental responsibility.",concession_and_contrast,stakeholder_responsibility,"However, as an average person, I believe it's the government's job to protect public health and the environment, and since single-use plastics are a major source of pollution, it's reasonable for the government to step in and enforce a ban.",concession_and_contrast_stakeholder_responsibility,"I should analyze who bears responsibility—whether government, individuals, corporations, or other institutions. ",However,addition_and_elaboration,ethical_principles,"Moreover, as a citizen who cares about clean communities and a safer planet, I feel it’s morally right for the government to act decisively to stop the harm caused by plastic waste that ends up in oceans, landfills, and even our food.",addition_and_elaboration_ethical_principles,"I should evaluate actions based on moral rules, character virtues, relationships, and ethical obligations. ",Moreover,addition_and_elaboration,governance_and_accountability,"Moreover, the government has the authority and infrastructure to implement large-scale change and enforce rules that individuals and companies often can’t do alone—like replacing plastic with eco-friendly alternatives.",addition_and_elaboration_governance_and_accountability,"I should consider legal frameworks, accountability mechanisms, democratic principles, and proper authority. ",Moreover,baseline,715,251,2.636388722602243e-06
34,0.0,,,synthesis_faithful,random,0,20260206_121538,1.32611083984375,"People should have the freedom to make their own choices about what they use in daily life, including single-use plastics. This right to personal autonomy is fundamental and should not be overridden by government mandates, even if those mandates claim to protect the environment. While plastic pollution is a serious issue, blaming individuals for it ignores the much larger role played by corporations and industrial producers. A total ban would unfairly restrict personal freedom without addressing the root causes of plastic waste. Instead of banning products, the government should focus on making sustainable alternatives accessible and affordable. Ultimately, environmental responsibility should be shared, not placed solely on consumers. Therefore, a total ban on single-use plastics is an overreach that violates individual rights without solving the real problem.",clarification_and_specification,rights_and_liberties,"In other words, people should be free to choose whatever they want, including what they eat, drink, and use in their daily lives. This freedom is a fundamental right and should not be taken away by the government.",clarification_and_specification_rights_and_liberties,"I should consider inalienable human rights, civil liberties, privacy protections, and the freedom to make one's own choices. ",In other words,conclusion_and_summary,precedent_and_long_term_effects,"In conclusion, while regulations may be necessary in some cases, banning single-use plastics would go too far and infringe on basic freedoms. People should be able to make their own decisions about what they use, as long as they are not harming others.",conclusion_and_summary_precedent_and_long_term_effects,"I should evaluate historical precedents, long-term vs short-term tradeoffs, and obligations to future generations. ",In conclusion,emphasis_and_evaluation,stakeholder_responsibility,"Importantly, the responsibility for protecting the environment should not fall solely on individual citizens, especially when corporations and industries are the main contributors to plastic waste.",emphasis_and_evaluation_stakeholder_responsibility,"I should analyze who bears responsibility—whether government, individuals, corporations, or other institutions. ",Importantly,baseline,872,373,2.053561389760541e-06
17,0.0,,,synthesis_faithful,random,0,20260206_121538,1.091158151626587,"We have a moral duty to protect the planet for future generations, and banning single-use plastics is a clear step toward that responsibility. These items pollute our oceans, harm animals, and take hundreds of years to decompose, causing long-term damage that is unfair to both nature and people yet to come. Governments are meant to safeguard public well-being, and this includes protecting our environment from destructive practices. A total ban is the most effective way to stop the flow of plastic waste at the source. Without strong government action, individuals and businesses will continue relying on these harmful materials. Ultimately, a ban reflects our shared obligation to live sustainably and responsibly.",causal_reasoning,ethical_principles,"Therefore, we should act in ways that promote care for the environment and future generations, which aligns with a ban on single-use plastics.",causal_reasoning_ethical_principles,"I should evaluate actions based on moral rules, character virtues, relationships, and ethical obligations. ",Therefore,evidence_and_authority,justice_and_fairness,"Evidence shows that single-use plastics harm wildlife, pollute oceans, and persist in ecosystems for centuries, making their continued use unjust to both nature and future humans.",evidence_and_authority_justice_and_fairness,"I should analyze whether outcomes, processes, and distributions are fair to all parties involved. ",Evidence shows that,sequence_and_transition,governance_and_accountability,"Next, governments have the responsibility to protect public welfare and the environment, and enforcing a ban is a necessary step to uphold that duty.",sequence_and_transition_governance_and_accountability,"I should consider legal frameworks, accountability mechanisms, democratic principles, and proper authority. ",Next,baseline,719,255,1.7924205563085659e-06
29,0.0,,,synthesis_faithful,random,4,20260206_121538,1.1080694198608398,"The government should enforce a total ban on single-use plastics because it has a moral obligation to protect public health and the environment, both of which are severely damaged by these materials. As the institution responsible for safeguarding the common good, the government must act decisively to prevent long-term harm, and a total ban is a clear and necessary step toward that goal. The environmental costs—such as plastic pollution in oceans, harm to marine life, and contamination of ecosystems—are far greater than the temporary convenience of single-use plastics, making this ban not only ethical but essential for future generations.",emphasis_and_evaluation,ethical_principles,"Importantly, the government has a responsibility to protect public health and the environment, both of which are severely threatened by single-use plastics.",emphasis_and_evaluation_ethical_principles,"I should evaluate actions based on moral rules, character virtues, relationships, and ethical obligations. ",Importantly,emphasis_and_evaluation,governance_and_accountability,"Importantly, the government is the institution best equipped to enforce large-scale policies that protect collective well-being, and a total ban on single-use plastics is a necessary step to uphold this duty.",emphasis_and_evaluation_governance_and_accountability,"I should consider legal frameworks, accountability mechanisms, democratic principles, and proper authority. ",Importantly,addition_and_elaboration,cost_benefit_and_impact_analysis,"Moreover, the environmental harm caused by single-use plastics—such as pollution in oceans and harm to wildlife—far outweighs any short-term convenience, making a ban a responsible and sustainable choice.",addition_and_elaboration_cost_benefit_and_impact_analysis,"I should quantify and compare costs, benefits, and real-world impacts across economic, social, and environmental dimensions. ",Moreover,baseline,646,222,1.6263132950395592e-06
42,0.0,,,synthesis_faithful,random,2,20260206_121538,1.0462591648101809,"The government has a moral duty to protect its citizens, and single-use plastics are harmful to both people and the planet. These plastics pollute our oceans, endanger wildlife, and can even enter our food chain, posing serious health risks. While some may argue about convenience, the long-term environmental and health costs far outweigh the short-term benefits. A total ban would encourage innovation in sustainable alternatives and help build a cleaner, healthier society. Ultimately, protecting the environment and public well-being should come before the convenience of disposable products. The time to act is now—banning single-use plastics is not just wise, it’s essential.",emphasis_and_evaluation,ethical_principles,"Importantly, the government has a moral obligation to protect citizens from harmful products, and single-use plastics pose significant environmental and health risks.",emphasis_and_evaluation_ethical_principles,"I should evaluate actions based on moral rules, character virtues, relationships, and ethical obligations. ",Importantly,evidence_and_authority,cost_benefit_and_impact_analysis,"Evidence shows that single-use plastics contribute to pollution, harm wildlife, and degrade ecosystems, with long-term costs far exceeding short-term convenience.",evidence_and_authority_cost_benefit_and_impact_analysis,"I should quantify and compare costs, benefits, and real-world impacts across economic, social, and environmental dimensions. ",Evidence shows that,conclusion_and_summary,cost_benefit_and_impact_analysis,"In conclusion, banning single-use plastics is a necessary step to safeguard public health, reduce environmental damage, and promote sustainable living for future generations.",conclusion_and_summary_cost_benefit_and_impact_analysis,"I should quantify and compare costs, benefits, and real-world impacts across economic, social, and environmental dimensions. ",In conclusion,baseline,681,232,1.6066340751980067e-06
11,0.0,,,synthesis_faithful,random,1,20260206_121538,1.2335152626037598,"The government should enforce a total ban on single-use plastics because they cause serious harm to the environment and public health. These plastics pollute oceans and rivers, kill wildlife, and persist in ecosystems for hundreds of years, affecting both nature and human communities. A ban would push businesses to develop eco-friendly alternatives, reduce waste, and ease the strain on recycling and disposal systems. As a regular person, I believe we have a shared responsibility to protect our planet for future generations, and a government-led ban is the most effective way to make lasting change. Without strong action, plastic pollution will only get worse, and the cost to society will grow. A total ban is not just practical—it’s essential for a cleaner, healthier world.",emphasis_and_evaluation,incentives_and_power_dynamics,"Importantly, governments have a responsibility to protect public health and the environment, and single-use plastics pose clear and documented threats to both, making a ban a necessary and justifiable action.",emphasis_and_evaluation_incentives_and_power_dynamics,"I should examine what behaviors are encouraged, who holds power, and how interests align or conflict. ",Importantly,sequence_and_transition,incentives_and_power_dynamics,"Next, single-use plastics are a major source of pollution, clogging waterways, harming wildlife, and contributing to long-term environmental damage that affects everyone—especially future generations.",sequence_and_transition_incentives_and_power_dynamics,"I should examine what behaviors are encouraged, who holds power, and how interests align or conflict. ",Next,causal_reasoning,risk_and_unintended_consequences,"Therefore, a total ban would encourage innovation in sustainable alternatives and reduce the burden on waste management systems, which are often overwhelmed by plastic waste.",causal_reasoning_risk_and_unintended_consequences,"I should identify risks, unintended outcomes, cascading effects, and potential for escalation. ",Therefore,baseline,782,295,1.5785946593301453e-06
18,0.0,,,synthesis_faithful,random,2,20260206_121538,0.8719546794891357,"Single-use plastics pollute our oceans, harm wildlife, and take hundreds of years to break down. Even though people value convenience, we have a moral obligation to protect the planet for future generations. Choosing reusable alternatives is a small change that leads to big environmental benefits. The freedom to use plastic shouldn’t come at the cost of long-term ecological harm. A total ban encourages innovation and responsibility without restricting basic freedoms. It’s a necessary step to preserve nature and public health. Ultimately, protecting the planet is a shared duty we all must take seriously.",causal_reasoning,ethical_principles,"Therefore, it is right to protect the environment and future generations by banning single-use plastics.",causal_reasoning_ethical_principles,"I should evaluate actions based on moral rules, character virtues, relationships, and ethical obligations. ",Therefore,concession_and_contrast,rights_and_liberties,"However, the right to convenience must not override the collective right to a clean and safe environment.",concession_and_contrast_rights_and_liberties,"I should consider inalienable human rights, civil liberties, privacy protections, and the freedom to make one's own choices. ",However,sequence_and_transition,rights_and_liberties,"Next, the freedom to choose products should not extend to damaging the planet for short-term convenience.",sequence_and_transition_rights_and_liberties,"I should consider inalienable human rights, civil liberties, privacy protections, and the freedom to make one's own choices. ",Next,baseline,610,214,8.082317700615164e-07
42,0.0,,,synthesis_faithful,random,4,20260206_121538,1.157695770263672,"We have a moral obligation to protect the environment for future generations, and allowing single-use plastics to continue in circulation fails that duty. These plastics pollute our oceans, endanger animals, and remain in ecosystems for hundreds of years, causing irreversible damage. While they offer short-term convenience, the long-term environmental and health costs are too high to ignore. A total ban is a clear, decisive action that aligns with our responsibility to safeguard the planet. It encourages innovation in sustainable alternatives and sends a strong message about our values. Ultimately, protecting the Earth requires bold, decisive measures—like a complete ban on single-use plastics. This is not just practical; it’s the right thing to do.",emphasis_and_evaluation,ethical_principles,"Importantly, we have a moral duty to protect the environment for future generations, and continuing to allow single-use plastics undermines this responsibility.",emphasis_and_evaluation_ethical_principles,"I should evaluate actions based on moral rules, character virtues, relationships, and ethical obligations. ",Importantly,evidence_and_authority,cost_benefit_and_impact_analysis,"Evidence shows that single-use plastics pollute oceans, harm wildlife, and persist in ecosystems for centuries, making their continued use unsustainable and environmentally irresponsible.",evidence_and_authority_cost_benefit_and_impact_analysis,"I should quantify and compare costs, benefits, and real-world impacts across economic, social, and environmental dimensions. ",Evidence shows that,conclusion_and_summary,cost_benefit_and_impact_analysis,"In conclusion, the harms caused by single-use plastics far outweigh any short-term convenience they provide, justifying a total ban as a necessary and ethical step for long-term planetary health.",conclusion_and_summary_cost_benefit_and_impact_analysis,"I should quantify and compare costs, benefits, and real-world impacts across economic, social, and environmental dimensions. ",In conclusion,baseline,759,284,4.1572109875432004e-07
413056,1.3746983650092697,,,synthesis_faithful,targeted,4,20260206_121005,1.0690014362335205,"A total ban on single-use plastics is impractical and overly restrictive for everyday people. It infringes on personal freedom by limiting choices that many rely on for convenience and affordability. The government would face enormous challenges enforcing such a ban, especially in rural or underserved areas where alternatives are not readily available. The cost of monitoring and punishing violations would likely far exceed any environmental gains. Instead of a blanket ban, the focus should be on promoting sustainable alternatives and encouraging responsible consumer behavior. Ultimately, people should have the right to make their own decisions, even if they’re not perfect, as long as they don’t harm others.",evidence_and_authority,rights_and_liberties,"Evidence shows that people value the ability to make personal choices, and restricting those choices can lead to public resistance and a sense of loss of autonomy.",evidence_and_authority_rights_and_liberties,"I should consider inalienable human rights, civil liberties, privacy protections, and the freedom to make one's own choices. ",Evidence shows that,addition_and_elaboration,cost_benefit_and_impact_analysis,"Moreover, the financial burden of enforcing a total ban could outweigh the environmental benefits, especially for low-income communities that rely on affordable disposable products.",addition_and_elaboration_cost_benefit_and_impact_analysis,"I should quantify and compare costs, benefits, and real-world impacts across economic, social, and environmental dimensions. ",Moreover,exemplification,feasibility_and_implementation,"For example, tracking and policing every instance of single-use plastic usage would be logistically impossible and would require a massive expansion of surveillance and law enforcement.",exemplification_feasibility_and_implementation,I should evaluate whether the proposal can actually be implemented and enforced effectively. ,For example,targeted,716,52,3.024547446138485e-07
37,0.0,,,synthesis_faithful,random,2,20260206_121538,1.1831867694854736,"The government should not enforce a total ban on single-use plastics because it infringes on personal freedom and is impractical to implement. People should be able to make their own choices about what they use and consume without excessive government control. Enforcing such a ban would require constant monitoring of private behavior, which violates privacy and civil liberties. Additionally, it's unrealistic to expect the government to track and regulate every instance of plastic use in homes, stores, and public areas. Rather than imposing a top-down ban, individuals and communities should be empowered to make sustainable choices through education and incentives. Ultimately, freedom to choose is a fundamental right, and it should not be sacrificed for a policy that cannot be effectively enforced.",conclusion_and_summary,rights_and_liberties,"In conclusion, people should have the right to make personal choices about their lives, including how they live and what they do with their belongings, without government interference.",conclusion_and_summary_rights_and_liberties,"I should consider inalienable human rights, civil liberties, privacy protections, and the freedom to make one's own choices. ",In conclusion,addition_and_elaboration,feasibility_and_implementation,"Moreover, the government cannot reasonably enforce such a ban, as it would require constant surveillance and policing of private behavior, which violates personal freedom.",addition_and_elaboration_feasibility_and_implementation,I should evaluate whether the proposal can actually be implemented and enforced effectively. ,Moreover,addition_and_elaboration,feasibility_and_implementation,"Moreover, even if the ban were attempted, it would be nearly impossible to track and regulate every single instance of single-use plastic use across homes, businesses, and public spaces.",addition_and_elaboration_feasibility_and_implementation,I should evaluate whether the proposal can actually be implemented and enforced effectively. ,Moreover,baseline,807,328,2.6973246815450323e-07
23,0.0,,,synthesis_faithful,random,4,20260206_121538,0.8739545345306396,"We should act according to what is morally right, even if it's inconvenient, because protecting the planet is a shared ethical responsibility. While single-use plastics may be convenient, they cause lasting harm to the environment and future generations. Banning them ensures fair treatment of ecosystems, animals, and people who depend on clean air, water, and land. The long-term benefits of a cleaner, healthier world far outweigh the short-term discomfort of changing habits. Therefore, a total ban on single-use plastics is not only necessary but also just and responsible.",clarification_and_specification,ethical_principles,"In other words, people should act in ways that are morally right, even if they are inconvenient.",clarification_and_specification_ethical_principles,"I should evaluate actions based on moral rules, character virtues, relationships, and ethical obligations. ",In other words,addition_and_elaboration,justice_and_fairness,"Moreover, we should consider what's fair to future generations and the environment, not just short-term convenience.",addition_and_elaboration_justice_and_fairness,"I should analyze whether outcomes, processes, and distributions are fair to all parties involved. ",Moreover,exemplification,justice_and_fairness,"For example, banning single-use plastics protects ecosystems and reduces pollution that harms wildlife and human health.",exemplification_justice_and_fairness,"I should analyze whether outcomes, processes, and distributions are fair to all parties involved. ",For example,baseline,578,212,2.0913844726369627e-07
