trajectory_rank,predicted_score,actual_score_mean,n_observed,experiment_mode,selection_mode,sample_idx,timestamp,runtime_seconds,final_argument,structure_1,content_1,step_1_reasoning,step_1_action_actual,step_1_internal_reasoning,step_1_prefix,structure_2,content_2,step_2_reasoning,step_2_action_actual,step_2_internal_reasoning,step_2_prefix,structure_3,content_3,step_3_reasoning,step_3_action_actual,step_3_internal_reasoning,step_3_prefix,source,arg_length,arg_id,bt_score
38,1.692780150431891,,,synthesis_restructured,targeted,3,20260228_155111,1.3934035301208496,"Single-use plastics are a major source of pollution, with less than 10% being recycled globally—most end up in landfills, oceans, or incinerators, harming wildlife and ecosystems. Even if we improved recycling, the process is energy-intensive and often downcycles plastic into lower-quality materials, creating a never-ending waste cycle. More importantly, microplastics have now been detected in human blood and organs, raising serious concerns about long-term health effects. Countries like Rwanda, Kenya, and members of the EU have already implemented effective bans, resulting in cleaner cities, reduced litter, and a shift toward sustainable alternatives. A total ban is not just an environmental necessity—it’s a practical, proven solution that protects both nature and human health. Given the scale of plastic pollution and its real-world impacts, banning single-use plastics is a responsible and achievable step toward a cleaner, safer future.",emphasis_and_evaluation,recycling_system_failure,"Importantly, most single-use plastics aren't recycled—less than 10% globally—meaning they end up in landfills, oceans, or burned, causing pollution and harm to wildlife.",emphasis_and_evaluation_recycling_system_failure,"I should consider that global plastic recycling rates remain below 10%, much plastic is downcycled or exported, and source reduction through bans is therefore necessary.",Importantly,conclusion_and_summary,microplastics_and_human_health,"In conclusion, banning single-use plastics protects not just the environment but also our own health, as microplastics have now been found in human blood and organs.",conclusion_and_summary_microplastics_and_human_health,"I should examine emerging evidence that microplastics accumulate in human tissue, blood, and organs, posing uncertain but potentially serious health risks.",In conclusion,conclusion_and_summary,success_of_existing_bans,"In conclusion, countries like Rwanda and Kenya have successfully banned single-use plastics and seen dramatic drops in litter and environmental damage—proving a ban is both practical and effective.",conclusion_and_summary_success_of_existing_bans,"I should examine case studies from Rwanda, the EU, Kenya, and various US states showing that bans are enforceable and produce measurable reductions in pollution.",In conclusion,targeted,951,160,43.497169543432314
39,1.675952842387623,,,synthesis_restructured,targeted,3,20260228_155111,1.5862147808074951,"Single-use plastics are a major environmental crisis — less than 10% of the world’s plastic ever gets recycled, and much of it ends up in landfills, oceans, or as toxic microplastics in our air and water. Even if we can’t yet prove every health effect, microplastics are now found in human blood, lungs, and placentas, meaning we’re already being exposed, and stopping their production is the most direct way to protect ourselves. Countries like Rwanda, Kenya, and the EU have already banned single-use plastics with measurable success, showing that such laws are practical and effective, not just idealistic. In the U.S., states like California and Maine have seen dramatic reductions in plastic pollution after similar bans. The evidence is clear: a government-enforced ban isn’t just environmentally responsible — it’s a necessary step to protect our health and planet for future generations. It’s time to act before the damage becomes irreversible.",emphasis_and_evaluation,recycling_system_failure,"Importantly, most single-use plastics aren't recycled — only about 9% globally are, and many are downcycled into lower-quality products or shipped overseas, where they often end up polluting the environment.",emphasis_and_evaluation_recycling_system_failure,"I should consider that global plastic recycling rates remain below 10%, much plastic is downcycled or exported, and source reduction through bans is therefore necessary.",Importantly,conclusion_and_summary,microplastics_and_human_health,"In conclusion, even if the science on health impacts isn't fully settled, we know that microplastics are now found in our blood, lungs, and even placentas — and preventing them from entering our bodies starts with stopping their production in the first place.",conclusion_and_summary_microplastics_and_human_health,"I should examine emerging evidence that microplastics accumulate in human tissue, blood, and organs, posing uncertain but potentially serious health risks.",In conclusion,emphasis_and_evaluation,success_of_existing_bans,"Importantly, countries like Rwanda and Kenya have successfully banned single-use plastics and now have cleaner cities and rivers, proving that such bans are not only possible but effective in real-world conditions.",emphasis_and_evaluation_success_of_existing_bans,"I should examine case studies from Rwanda, the EU, Kenya, and various US states showing that bans are enforceable and produce measurable reductions in pollution.",Importantly,targeted,952,161,38.45253838842132
29,1.705821399919507,,,synthesis_restructured,targeted,4,20260228_155111,1.2172460556030271,"Single-use plastics aren’t just an environmental problem—they’re a threat to our health, with microplastics now detected in human blood and organs. Banning them would protect people from these unseen dangers while reducing massive public costs tied to pollution cleanup, healthcare, and ecosystem damage. Real-world examples from Rwanda, Kenya, and the EU show that such bans are not only feasible but lead to cleaner cities, healthier oceans, and less waste. Most people already adapt quickly to alternatives like reusable bags and containers when they’re supported by policy. A government ban is a necessary step to correct a system where corporations profit while communities pay the price. It’s time to prioritize long-term well-being over short-term convenience. This ban would protect both people and the planet for future generations.",emphasis_and_evaluation,microplastics_and_human_health,"Importantly, single-use plastics have been found in human blood and organs, suggesting they’re not just environmental contaminants but direct threats to human health.",emphasis_and_evaluation_microplastics_and_human_health,"I should examine emerging evidence that microplastics accumulate in human tissue, blood, and organs, posing uncertain but potentially serious health risks.",Importantly,conclusion_and_summary,economic_externalities,"In conclusion, banning single-use plastics would reduce long-term public costs from pollution cleanup, healthcare, and environmental damage, which currently fall on taxpayers and communities.",conclusion_and_summary_economic_externalities,"I should calculate how cleanup costs, healthcare burdens, tourism losses, and ecosystem damage are borne by the public rather than producers—a market failure requiring correction.",In conclusion,evidence_and_authority,success_of_existing_bans,"Evidence shows that countries and regions with plastic bans—like Rwanda and the EU—have dramatically reduced plastic waste, proving such policies are not only possible but effective.",evidence_and_authority_success_of_existing_bans,"I should examine case studies from Rwanda, the EU, Kenya, and various US states showing that bans are enforceable and produce measurable reductions in pollution.",Evidence shows that,targeted,841,101,26.715647357722307
27,1.705821399919507,,,synthesis_restructured,targeted,0,20260228_155111,1.5229780673980713,"A total government ban on single-use plastics is not only necessary but achievable, as proven by countries like Rwanda and Kenya, where nationwide bans have drastically reduced plastic pollution and improved public health and cleanliness. These policies show that with clear regulations and public awareness, communities can adapt quickly, shifting to reusable alternatives without economic or social collapse. In the EU and U.S. states like California, similar bans have led to measurable reductions in plastic waste and encouraged innovation in sustainable packaging. The real cost of plastic isn’t just in the product—it’s in the polluted oceans, clogged landfills, and health risks we all pay for through taxes and environmental damage. By banning single-use plastics, the government steps in to correct this market failure and protect public welfare. This isn’t about restricting freedom—it’s about protecting our planet and future generations from preventable harm. We’ve seen it work; now it’s time to act on a larger scale.",emphasis_and_evaluation,success_of_existing_bans,"Importantly, countries like Rwanda and Kenya have successfully implemented nationwide bans on single-use plastics and seen dramatic reductions in plastic waste, proving such policies are not only feasible but effective in real-world conditions.",emphasis_and_evaluation_success_of_existing_bans,"I should examine case studies from Rwanda, the EU, Kenya, and various US states showing that bans are enforceable and produce measurable reductions in pollution.",Importantly,conclusion_and_summary,economic_externalities,"In conclusion, since plastic pollution imposes massive hidden costs on society—like cleaning up streets, harming wildlife, and damaging tourism—government action is necessary to shift those burdens from taxpayers to the companies creating the waste.",conclusion_and_summary_economic_externalities,"I should calculate how cleanup costs, healthcare burdens, tourism losses, and ecosystem damage are borne by the public rather than producers—a market failure requiring correction.",In conclusion,evidence_and_authority,success_of_existing_bans,"Evidence shows that when governments act—like the EU’s ban on certain single-use items or California’s plastic bag law—plastic waste drops significantly, and alternatives like reusable bags and containers become widely adopted without major disruption.",evidence_and_authority_success_of_existing_bans,"I should examine case studies from Rwanda, the EU, Kenya, and various US states showing that bans are enforceable and produce measurable reductions in pollution.",Evidence shows that,targeted,1031,170,16.270180465298772
10,1.751392550419084,,,synthesis_restructured,targeted,3,20260228_155111,1.399909734725952,"A government-enforced ban on single-use plastics is essential to combat the global environmental and health crisis caused by plastic pollution. Many wealthy nations currently export their plastic waste to poorer countries, often leading to severe environmental degradation and health risks for local communities—making a total ban a matter of global justice. Scientific research has found microplastics in human blood, organs, and even placental tissue, raising serious concerns about long-term health effects that we are only beginning to understand. Fortunately, real-world examples from Rwanda, Kenya, the European Union, and several U.S. states demonstrate that such bans are not only feasible but also highly effective at reducing pollution and encouraging sustainable alternatives. By acting decisively now, governments can prevent further harm to ecosystems, protect public health, and lead the way toward a cleaner, safer future for everyone.",emphasis_and_evaluation,global_waste_trade_injustice,"Importantly, many wealthy nations ship their plastic waste to developing countries, often with little regard for environmental or human health consequences, which makes a blanket ban necessary to stop the root cause of this global injustice.",emphasis_and_evaluation_global_waste_trade_injustice,"I should consider how wealthy countries export plastic waste to poorer nations, making this a global justice issue that requires upstream intervention at the production stage.",Importantly,conclusion_and_summary,microplastics_and_human_health,"In conclusion, banning single-use plastics is a necessary step to protect public health, as microplastics have already been found in human blood and organs, and the long-term health impacts are still unknown.",conclusion_and_summary_microplastics_and_human_health,"I should examine emerging evidence that microplastics accumulate in human tissue, blood, and organs, posing uncertain but potentially serious health risks.",In conclusion,evidence_and_authority,success_of_existing_bans,"Evidence shows that countries and regions that have implemented plastic bans—like Rwanda and the EU—have dramatically reduced plastic litter and improved waste management, proving that such bans are both practical and effective.",evidence_and_authority_success_of_existing_bans,"I should examine case studies from Rwanda, the EU, Kenya, and various US states showing that bans are enforceable and produce measurable reductions in pollution.",Evidence shows that,targeted,950,159,14.525056268394513
36,1.7020849359066772,,,synthesis_restructured,targeted,0,20260228_155111,1.3796615600585938,"Single-use plastics are a major environmental and public health hazard, and a total government ban is a necessary and practical solution. Most single-use plastics aren’t recycled—only about 9% globally—and even when they are, they degrade quickly, limiting reuse. Countries like Rwanda and Kenya have successfully banned plastic bags and seen dramatic reductions in litter and pollution, proving that such bans are enforceable and effective. Beyond environmental damage, plastic pollution costs society billions each year in cleanup, healthcare, ecosystem damage, and lost tourism—costs that are unfairly shouldered by ordinary people, not corporations. A ban shifts responsibility to producers and prevents harm before it happens. Given that alternatives like paper, glass, and reusable materials are widely available and affordable, there’s no good reason not to act now. A total ban is not only achievable but essential for protecting our planet and public well-being.",emphasis_and_evaluation,recycling_system_failure,"Importantly, most single-use plastics aren’t recycled—only about 9% globally—and even when they are, they often degrade in quality, making reuse impractical.",emphasis_and_evaluation_recycling_system_failure,"I should consider that global plastic recycling rates remain below 10%, much plastic is downcycled or exported, and source reduction through bans is therefore necessary.",Importantly,conclusion_and_summary,success_of_existing_bans,"In conclusion, real-world examples like Rwanda and Kenya show that bans are not only possible but effective, dramatically reducing plastic waste and litter in just a few years.",conclusion_and_summary_success_of_existing_bans,"I should examine case studies from Rwanda, the EU, Kenya, and various US states showing that bans are enforceable and produce measurable reductions in pollution.",In conclusion,evidence_and_authority,economic_externalities,"Evidence shows that plastic pollution imposes massive hidden costs on society—cleaning up beaches, protecting wildlife, and dealing with health risks—costing billions annually, which we all end up paying for.",evidence_and_authority_economic_externalities,"I should calculate how cleanup costs, healthcare burdens, tourism losses, and ecosystem damage are borne by the public rather than producers—a market failure requiring correction.",Evidence shows that,targeted,971,163,13.932491955743558
44,1.6715880507208474,,,synthesis_restructured,targeted,3,20260228_155111,1.1229743957519531,"A total ban on single-use plastics is necessary because recycling alone cannot solve the plastic pollution crisis—global recycling rates are dangerously low, and much plastic ends up in landfills or oceans. Even when recycled, most plastic is downcycled into lower-quality materials, making it a temporary fix with no lasting impact. Beyond environmental damage, microplastics have been found in human blood, organs, and even placenta, raising serious concerns about long-term health risks. Countries like Rwanda, Kenya, and members of the EU have already shown that such bans are feasible and lead to dramatic reductions in plastic waste. These real-world successes prove that a total ban is not just ideal but achievable. For the sake of our planet and our own well-being, the government must take bold action now.",emphasis_and_evaluation,recycling_system_failure,"Importantly, banning single-use plastics removes the root cause of plastic pollution rather than relying on ineffective recycling systems.",emphasis_and_evaluation_recycling_system_failure,"I should consider that global plastic recycling rates remain below 10%, much plastic is downcycled or exported, and source reduction through bans is therefore necessary.",Importantly,conclusion_and_summary,microplastics_and_human_health,"In conclusion, a total ban protects not only the environment but also public health by reducing our exposure to harmful microplastics.",conclusion_and_summary_microplastics_and_human_health,"I should examine emerging evidence that microplastics accumulate in human tissue, blood, and organs, posing uncertain but potentially serious health risks.",In conclusion,causal_reasoning,success_of_existing_bans,"Therefore, real-world examples prove that banning single-use plastics is both practical and effective, even in diverse societies.",causal_reasoning_success_of_existing_bans,"I should examine case studies from Rwanda, the EU, Kenya, and various US states showing that bans are enforceable and produce measurable reductions in pollution.",Therefore,targeted,816,75,12.297750276312831
17,1.7418785422452854,,,synthesis_restructured,targeted,0,20260228_155111,1.544269323348999,"Most plastic waste isn’t recycled—only about 9% of all plastic ever made has been recycled—and even when it is, it often ends up degraded or exported to countries without proper waste infrastructure. This means that without a ban, we’re just shifting the pollution problem rather than solving it. Plus, microplastics have already been found in human blood and organs, and while we’re still learning about their long-term health impacts, it’s reasonable to take precautionary steps to reduce exposure. Countries like Rwanda, Kenya, and the European Union have successfully implemented single-use plastic bans, showing they’re practical and effective. In the U.S., cities like San Francisco and Seattle have seen significant drops in plastic waste after similar laws. Given how widespread and persistent plastic pollution is, a total government ban is the most responsible and impactful action we can take to protect our environment and health.",emphasis_and_evaluation,recycling_system_failure,"Importantly, most plastic waste isn't recycled—only about 9% of all plastic ever made has been recycled—and even when it is, it often ends up degraded or exported to other countries, which may not have the infrastructure to handle it responsibly.",emphasis_and_evaluation_recycling_system_failure,"I should consider that global plastic recycling rates remain below 10%, much plastic is downcycled or exported, and source reduction through bans is therefore necessary.",Importantly,conclusion_and_summary,microplastics_and_human_health,"In conclusion, banning single-use plastics is a necessary step to protect both our health and the environment, as microplastics have already been found in human blood and organs, and their long-term effects are still unknown.",conclusion_and_summary_microplastics_and_human_health,"I should examine emerging evidence that microplastics accumulate in human tissue, blood, and organs, posing uncertain but potentially serious health risks.",In conclusion,clarification_and_specification,success_of_existing_bans,"In other words, countries like Rwanda and Kenya have already banned single-use plastics with success, and cities like San Francisco and Seattle have seen dramatic reductions in plastic waste after similar measures—proving that such bans are not only possible but effective.",clarification_and_specification_success_of_existing_bans,"I should examine case studies from Rwanda, the EU, Kenya, and various US states showing that bans are enforceable and produce measurable reductions in pollution.",In other words,targeted,942,157,9.726036026270714
22,1.710499328425406,,,synthesis_restructured,targeted,4,20260228_155111,1.2575271129608154,"Single-use plastics are made from fossil fuels, and their entire lifecycle—from production to disposal—releases harmful greenhouse gases that contribute to climate change. Even after being discarded, these plastics break down into microplastics that are now found in human blood, organs, and even placental tissue, posing serious and unknown health risks. Countries like Rwanda, Kenya, and the EU have already implemented successful bans, resulting in cleaner environments and significantly less plastic pollution. While some may worry about inconvenience, alternatives like reusable bags, glass, and metal are widely available and increasingly affordable. A government ban isn’t just an environmental necessity—it’s a practical and responsible step toward protecting our planet and our health. The time to act is now, before the damage becomes irreversible.",emphasis_and_evaluation,carbon_footprint_and_climate,"Importantly, single-use plastics are made from fossil fuels, and their production and disposal contribute significantly to greenhouse gas emissions, worsening climate change.",emphasis_and_evaluation_carbon_footprint_and_climate,"I should analyze how single-use plastics are petrochemical products that contribute to emissions throughout their lifecycle, from extraction to incineration.",Importantly,conclusion_and_summary,microplastics_and_human_health,"In conclusion, the health risks of microplastic contamination are real and growing, with studies showing microplastics in human blood and organs—making a ban a necessary preventive measure.",conclusion_and_summary_microplastics_and_human_health,"I should examine emerging evidence that microplastics accumulate in human tissue, blood, and organs, posing uncertain but potentially serious health risks.",In conclusion,clarification_and_specification,success_of_existing_bans,"In other words, countries and regions that have already banned single-use plastics—like Rwanda and Kenya—have seen drastic reductions in plastic waste and cleaner cities, proving that such bans are both feasible and effective.",clarification_and_specification_success_of_existing_bans,"I should examine case studies from Rwanda, the EU, Kenya, and various US states showing that bans are enforceable and produce measurable reductions in pollution.",In other words,targeted,858,115,9.183420703737333
34,1.705821399919507,,,synthesis_restructured,targeted,4,20260228_155111,1.4662163257598877,"Single-use plastics are a major source of pollution that harms our environment, wildlife, and communities, and a government ban is a necessary and practical step to fix this problem. Fortunately, there are already affordable and convenient alternatives—like reusable bags, glass containers, and bamboo straws—that can replace most plastic items we use daily. Many places around the world, including Rwanda and Kenya, have successfully banned single-use plastics and seen dramatic improvements in cleanliness and environmental health. These bans don’t just help the planet—they also save money by reducing cleanup costs, protecting tourism, and preventing long-term health issues linked to plastic pollution. Since the burden of plastic waste falls on the public, not the companies that profit from it, government action is fair and justified. A total ban is not just possible—it’s essential for a cleaner, healthier future for everyone.",emphasis_and_evaluation,availability_of_alternatives,"Importantly, many everyday items like shopping bags, food containers, and drinking straws can be replaced with reusable or compostable alternatives—such as cloth bags, glass containers, and bamboo straws—that are already widely available and affordable.",emphasis_and_evaluation_availability_of_alternatives,"I should demonstrate that reusable, compostable, and biodegradable alternatives are available for bags, straws, containers, and packaging, making a ban practically feasible.",Importantly,conclusion_and_summary,economic_externalities,"In conclusion, banning single-use plastics is not just environmentally responsible—it’s also economically smart, because the hidden costs of pollution—like cleaning beaches, protecting marine life, and treating plastic-related health issues—are already paid by taxpayers and communities.",conclusion_and_summary_economic_externalities,"I should calculate how cleanup costs, healthcare burdens, tourism losses, and ecosystem damage are borne by the public rather than producers—a market failure requiring correction.",In conclusion,evidence_and_authority,success_of_existing_bans,"Evidence shows that countries like Rwanda and Kenya, which implemented strict bans, now have cleaner cities and less plastic waste in rivers and oceans, proving that such policies work in real-world conditions.",evidence_and_authority_success_of_existing_bans,"I should examine case studies from Rwanda, the EU, Kenya, and various US states showing that bans are enforceable and produce measurable reductions in pollution.",Evidence shows that,targeted,936,151,7.244895526656652
29,1.705821399919507,,,synthesis_restructured,targeted,0,20260228_155111,1.2360215187072754,"Single-use plastics are a growing threat to both human health and the environment, with microplastics now detected in human blood and organs, posing unknown but serious long-term risks. The burden of cleaning up this pollution falls on communities and taxpayers, not the corporations that profit from disposable plastics—a clear case of environmental injustice. Fortunately, real-world examples from places like Rwanda, Kenya, and several U.S. states prove that banning single-use plastics is not only possible, but leads to cleaner cities and healthier ecosystems. A government-enforced ban would hold polluters accountable, encourage innovation in sustainable alternatives, and protect public health and the planet for future generations. We don’t need to wait for perfect solutions—small, decisive actions today can create lasting change.",emphasis_and_evaluation,microplastics_and_human_health,"Importantly, single-use plastics break down into microplastics that have been found in human blood and organs, raising concerns about long-term health consequences that we're only beginning to understand.",emphasis_and_evaluation_microplastics_and_human_health,"I should examine emerging evidence that microplastics accumulate in human tissue, blood, and organs, posing uncertain but potentially serious health risks.",Importantly,conclusion_and_summary,economic_externalities,"In conclusion, the costs of plastic pollution—cleanups, environmental damage, and health impacts—are paid by taxpayers and communities, not the companies that profit from single-use plastics.",conclusion_and_summary_economic_externalities,"I should calculate how cleanup costs, healthcare burdens, tourism losses, and ecosystem damage are borne by the public rather than producers—a market failure requiring correction.",In conclusion,evidence_and_authority,success_of_existing_bans,Evidence shows that countries and cities that have banned single-use plastics—like Rwanda and Kenya—have seen dramatic reductions in plastic waste and cleaner public spaces.,evidence_and_authority_success_of_existing_bans,"I should examine case studies from Rwanda, the EU, Kenya, and various US states showing that bans are enforceable and produce measurable reductions in pollution.",Evidence shows that,targeted,841,100,6.6499675566037055
19,1.710499328425406,,,synthesis_restructured,targeted,1,20260228_155111,1.501262664794922,"Single-use plastics are a global environmental and public health crisis, and a government-enforced ban is both necessary and achievable. Wealthy nations often export their plastic waste to poorer countries, where it ends up polluting rivers, oceans, and communities that didn’t create the problem—this is a matter of global justice. Beyond environmental harm, microplastics have now been found in human blood and organs, indicating that this isn't just a wildlife issue but a direct threat to our health. Countries like Rwanda, Kenya, and the European Union have already proven that plastic bans can work, reducing pollution and encouraging innovation in reusable materials. Even in the U.S., states like California and Maine have made significant progress with similar policies. A total ban is not only possible—it’s a responsible step toward protecting our planet and our bodies. The cost of inaction is far greater than the effort to transition to sustainable alternatives.",emphasis_and_evaluation,global_waste_trade_injustice,"Importantly, many wealthy countries export their plastic waste to developing nations, where it is often improperly managed, leading to severe environmental and health consequences for communities that didn’t produce the waste.",emphasis_and_evaluation_global_waste_trade_injustice,"I should consider how wealthy countries export plastic waste to poorer nations, making this a global justice issue that requires upstream intervention at the production stage.",Importantly,conclusion_and_summary,microplastics_and_human_health,"In conclusion, banning single-use plastics is not just an environmental necessity—it’s a public health imperative, as microplastics have now been detected in human blood and organs, suggesting long-term risks we are only beginning to understand.",conclusion_and_summary_microplastics_and_human_health,"I should examine emerging evidence that microplastics accumulate in human tissue, blood, and organs, posing uncertain but potentially serious health risks.",In conclusion,clarification_and_specification,success_of_existing_bans,"In other words, countries like Rwanda, Kenya, and the EU have successfully implemented plastic bans, showing that such policies are not only possible but lead to cleaner cities, less marine pollution, and more innovation in sustainable alternatives.",clarification_and_specification_success_of_existing_bans,"I should examine case studies from Rwanda, the EU, Kenya, and various US states showing that bans are enforceable and produce measurable reductions in pollution.",In other words,targeted,976,165,6.122455121085646
7,1.751392550419084,,,synthesis_restructured,targeted,3,20260228_155111,1.2162690162658691,"The government should enforce a total ban on single-use plastics because companies won’t change their practices unless forced to—voluntary pledges rarely lead to real results. These plastics break down into microplastics that are now found in our blood, organs, and even newborns, raising serious health concerns we can’t afford to ignore. Countries like Rwanda, Kenya, and the EU have successfully banned single-use plastics and seen massive improvements in cleanliness and environmental health. Even in the U.S., cities and states that implemented bans reported significant reductions in plastic waste and litter. A national ban would create consistent standards and push innovation toward real, sustainable alternatives. This isn’t just about cleaner streets—it’s about protecting our bodies and the planet for future generations. We can’t wait for the crisis to get worse before taking action.",emphasis_and_evaluation,corporate_behavior_and_voluntary_failure,"Importantly, companies often prioritize profit over sustainability, so they won’t stop using single-use plastics unless forced to by law.",emphasis_and_evaluation_corporate_behavior_and_voluntary_failure,"I should analyze how manufacturers default to cheap plastics despite pledges, and why only binding regulation—not voluntary commitments—can shift industry norms.",Importantly,conclusion_and_summary,microplastics_and_human_health,"In conclusion, the health and environmental dangers of single-use plastics are real and growing—banning them is a necessary step to protect both people and the planet.",conclusion_and_summary_microplastics_and_human_health,"I should examine emerging evidence that microplastics accumulate in human tissue, blood, and organs, posing uncertain but potentially serious health risks.",In conclusion,evidence_and_authority,success_of_existing_bans,"Evidence shows that places that have banned single-use plastics, like Rwanda and the European Union, have seen dramatic drops in plastic waste and cleaner cities.",evidence_and_authority_success_of_existing_bans,"I should examine case studies from Rwanda, the EU, Kenya, and various US states showing that bans are enforceable and produce measurable reductions in pollution.",Evidence shows that,targeted,897,139,4.636890738780591
22,1.710499328425406,,,synthesis_restructured,targeted,2,20260228_155111,1.073354721069336,"Single-use plastics are made from fossil fuels and contribute heavily to climate change through emissions at every stage of their lifecycle. Even after disposal, they break down into microplastics that have been found in human blood, organs, and tissue, raising serious health concerns. Several countries and regions, including Rwanda, Kenya, and the EU, have already implemented effective bans and seen dramatic reductions in plastic pollution. These real-world examples prove that banning single-use plastics is not only feasible but also necessary for protecting both the environment and public health. With growing access to reusable and biodegradable alternatives, a government-enforced ban is a practical and responsible step forward. We don’t have to wait for perfect solutions—acting now can prevent irreversible harm.",emphasis_and_evaluation,carbon_footprint_and_climate,"Importantly, single-use plastics are made from fossil fuels, and their production releases significant greenhouse gases, worsening climate change.",emphasis_and_evaluation_carbon_footprint_and_climate,"I should analyze how single-use plastics are petrochemical products that contribute to emissions throughout their lifecycle, from extraction to incineration.",Importantly,conclusion_and_summary,microplastics_and_human_health,"In conclusion, banning these plastics could protect both our bodies and the planet from long-term harm.",conclusion_and_summary_microplastics_and_human_health,"I should examine emerging evidence that microplastics accumulate in human tissue, blood, and organs, posing uncertain but potentially serious health risks.",In conclusion,clarification_and_specification,success_of_existing_bans,"In other words, bans have already been successfully implemented in multiple places, proving that alternatives exist and that change is possible with public support.",clarification_and_specification_success_of_existing_bans,"I should examine case studies from Rwanda, the EU, Kenya, and various US states showing that bans are enforceable and produce measurable reductions in pollution.",In other words,targeted,826,92,4.105226315327005
12,1.751392550419084,,,synthesis_restructured,targeted,4,20260228_155111,1.2372639179229736,"Single-use plastics are made from fossil fuels and release greenhouse gases at every stage of their life, from production to disposal, making them a major contributor to climate change. Even if the full health impact isn't yet known, microplastics have already been found in human blood, organs, and food—raising serious concerns about long-term safety. Real-world examples from places like Rwanda, Kenya, and the European Union show that bans are not only possible but effective at cutting down on pollution and litter. With reusable and biodegradable alternatives widely available, eliminating single-use plastics is a practical and necessary step for protecting both people and the planet. The government has a responsibility to act now before the damage becomes irreversible. A total ban is the most direct and effective way to drive systemic change.",emphasis_and_evaluation,carbon_footprint_and_climate,"Importantly, single-use plastics are made from fossil fuels, and their production releases greenhouse gases, contributing to climate change—so cutting them reduces our carbon footprint.",emphasis_and_evaluation_carbon_footprint_and_climate,"I should analyze how single-use plastics are petrochemical products that contribute to emissions throughout their lifecycle, from extraction to incineration.",Importantly,conclusion_and_summary,microplastics_and_human_health,"In conclusion, even if the full health impact isn’t fully known, the presence of microplastics in our bodies and food chain is alarming enough to warrant precautionary action.",conclusion_and_summary_microplastics_and_human_health,"I should examine emerging evidence that microplastics accumulate in human tissue, blood, and organs, posing uncertain but potentially serious health risks.",In conclusion,evidence_and_authority,success_of_existing_bans,"Evidence shows that countries and cities with plastic bans have dramatically reduced litter and ocean pollution, proving such laws work in real-world conditions.",evidence_and_authority_success_of_existing_bans,"I should examine case studies from Rwanda, the EU, Kenya, and various US states showing that bans are enforceable and produce measurable reductions in pollution.",Evidence shows that,targeted,854,112,4.081015447107746
44,1.6715880507208474,,,synthesis_restructured,targeted,1,20260228_155111,1.271181583404541,"Most single-use plastics aren’t recycled—less than 10% globally—and even when they are, they degrade quickly, making long-term reuse impractical. These plastics end up in landfills, rivers, and oceans, where they break down into microplastics that can enter our food, water, and even our bodies, posing serious health risks we can’t afford to ignore. Countries like Rwanda, Kenya, and the European Union have already banned single-use plastics with success, showing cleaner streets, less pollution, and strong public support. A government ban isn’t extreme—it’s a responsible step toward protecting our planet and our well-being. With reusable alternatives widely available and cheaper over time, switching is both possible and necessary. We can’t keep waiting for the problem to get worse—banning single-use plastics is the right move, now.",emphasis_and_evaluation,recycling_system_failure,"Importantly, most single-use plastics aren't recycled—less than 10% globally—and even when they are, they often degrade in quality, making reuse difficult.",emphasis_and_evaluation_recycling_system_failure,"I should consider that global plastic recycling rates remain below 10%, much plastic is downcycled or exported, and source reduction through bans is therefore necessary.",Importantly,conclusion_and_summary,microplastics_and_human_health,"In conclusion, banning single-use plastics protects our health, reduces pollution, and shifts society toward more sustainable alternatives we can all support.",conclusion_and_summary_microplastics_and_human_health,"I should examine emerging evidence that microplastics accumulate in human tissue, blood, and organs, posing uncertain but potentially serious health risks.",In conclusion,causal_reasoning,success_of_existing_bans,"Therefore, a government ban is a practical, proven way to reduce pollution—many countries and cities have already succeeded and seen cleaner streets and oceans.",causal_reasoning_success_of_existing_bans,"I should examine case studies from Rwanda, the EU, Kenya, and various US states showing that bans are enforceable and produce measurable reductions in pollution.",Therefore,targeted,841,99,3.9272550440865612
43,1.6716089150957432,,,synthesis_restructured,targeted,3,20260228_155111,1.3964192867279053,"Most single-use plastics aren’t recycled—less than 10% globally—and even when collected, they often end up downcycled or shipped to countries with poor waste management. As a result, plastic pollution damages ecosystems, harms wildlife, and burdens taxpayers with cleanup costs and public health risks. But we’ve already seen that bans work: nations like Rwanda and Kenya, along with several U.S. states, have successfully reduced plastic waste through strict regulations. These examples show that a government-enforced ban is not only realistic but necessary to protect our environment and communities. Given that the current system fails to hold producers accountable, a total ban is a fair and effective step toward lasting change. We don’t need to wait for perfect recycling—what we need is to stop creating the problem in the first place.",emphasis_and_evaluation,recycling_system_failure,"Importantly, most single-use plastics aren't recycled—less than 10% globally—and most of what is collected ends up being downcycled or shipped overseas, often to countries with poor waste management.",emphasis_and_evaluation_recycling_system_failure,"I should consider that global plastic recycling rates remain below 10%, much plastic is downcycled or exported, and source reduction through bans is therefore necessary.",Importantly,conclusion_and_summary,economic_externalities,"In conclusion, the environmental and economic costs of plastic pollution—like clean-up expenses, harm to wildlife, and damage to tourism—are passed on to taxpayers and communities, not the companies that profit from these products.",conclusion_and_summary_economic_externalities,"I should calculate how cleanup costs, healthcare burdens, tourism losses, and ecosystem damage are borne by the public rather than producers—a market failure requiring correction.",In conclusion,sequence_and_transition,success_of_existing_bans,"Next, countries like Rwanda and Kenya have successfully banned single-use plastics and seen dramatic reductions in litter and environmental harm—proving such bans are not only possible but effective in real-world conditions.",sequence_and_transition_success_of_existing_bans,"I should examine case studies from Rwanda, the EU, Kenya, and various US states showing that bans are enforceable and produce measurable reductions in pollution.",Next,targeted,843,106,3.68302537785977
46,0.0,,,synthesis_restructured,random,1,20260228_155741,1.155148983001709,"A total government ban on single-use plastics is essential because real-world examples from Rwanda, Kenya, and the EU show these policies are not only feasible but lead to dramatic reductions in plastic waste. When plastic pollution clogs waterways, harms wildlife, and affects public health, the burden falls on ordinary people through higher cleanup costs, damaged ecosystems, and lost tourism revenue. Yet the companies that profit from producing these plastics rarely pay for this damage—a clear market failure that requires government intervention. A total ban shifts responsibility to producers and encourages innovation in sustainable alternatives. Given that we already have proven models of success, it’s not only possible but morally responsible to act now to protect our environment and public health.",conditional,success_of_existing_bans,"If governments can successfully ban single-use plastics in places like Rwanda and Kenya, then a total ban is both practical and effective.",conditional_success_of_existing_bans,"I should examine case studies from Rwanda, the EU, Kenya, and various US states showing that bans are enforceable and produce measurable reductions in pollution.",If,evidence_and_authority,success_of_existing_bans,"Evidence shows that countries like Rwanda and Kenya have drastically reduced plastic waste after implementing total bans, proving such policies can work in real-world conditions.",evidence_and_authority_success_of_existing_bans,"I should examine case studies from Rwanda, the EU, Kenya, and various US states showing that bans are enforceable and produce measurable reductions in pollution.",Evidence shows that,concession_and_contrast,economic_externalities,"However, the real cost of plastic pollution falls on taxpayers, communities, and ecosystems, not on the companies that make it—so a ban is a necessary correction to this imbalance.",concession_and_contrast_economic_externalities,"I should calculate how cleanup costs, healthcare burdens, tourism losses, and ecosystem damage are borne by the public rather than producers—a market failure requiring correction.",However,baseline,812,242,3.3605325956238103
13,1.751392550419084,,,synthesis_restructured,targeted,3,20260228_155111,1.4506902694702148,"A total government ban on single-use plastics is essential because real-world examples prove it works—countries like Rwanda and Kenya have slashed plastic pollution after enforcing strict bans, showing it's not just idealistic but practical. Even in places like the EU and California, such bans have led to measurable decreases in plastic waste and spurred innovation in reusable packaging. Beyond environmental cleanup, these plastics are now found in human blood and organs, meaning they’re not just harming wildlife—they’re directly threatening our own health. Waiting for perfect evidence before acting could mean irreversible damage to both ecosystems and people. Since alternatives like reusable bags, glass, and metal already exist and are widely available, there's no good reason to keep using something so harmful. The government has a duty to protect public health and the planet, and banning single-use plastics is a clear, necessary step toward that goal.",emphasis_and_evaluation,success_of_existing_bans,"Importantly, countries like Rwanda and Kenya have successfully implemented and enforced total bans on single-use plastics, drastically reducing litter and ocean pollution—proving such measures are not only feasible but effective in real-world settings.",emphasis_and_evaluation_success_of_existing_bans,"I should examine case studies from Rwanda, the EU, Kenya, and various US states showing that bans are enforceable and produce measurable reductions in pollution.",Importantly,conclusion_and_summary,microplastics_and_human_health,"In conclusion, since single-use plastics are now detected in human blood and organs, and we don’t know the full long-term health effects, it’s responsible to eliminate them now rather than risk irreversible harm.",conclusion_and_summary_microplastics_and_human_health,"I should examine emerging evidence that microplastics accumulate in human tissue, blood, and organs, posing uncertain but potentially serious health risks.",In conclusion,evidence_and_authority,success_of_existing_bans,"Evidence shows that when governments act decisively—like the EU’s 2021 ban or California’s plastic bag law—plastic waste drops significantly, and businesses adapt by creating safer, reusable alternatives.",evidence_and_authority_success_of_existing_bans,"I should examine case studies from Rwanda, the EU, Kenya, and various US states showing that bans are enforceable and produce measurable reductions in pollution.",Evidence shows that,targeted,967,162,3.330198901044455
11,1.751392550419084,,,synthesis_restructured,targeted,1,20260228_155111,1.3270258903503418,"Single-use plastics are a major source of pollution that threatens both the environment and our health, persisting for centuries and breaking down into microplastics that have been found in human blood and organs. These plastics harm wildlife, clog waterways, and contribute to climate change through their fossil fuel-based production. However, real-world examples from Rwanda, Kenya, and parts of the EU prove that bans are feasible and lead to cleaner cities, less litter, and a shift toward sustainable alternatives. A total government ban would eliminate the root cause of this crisis, encouraging innovation in reusable and biodegradable materials. Rather than waiting for slow, piecemeal changes, a strong national policy is needed to protect our planet and future generations. The long-term benefits far outweigh the short-term inconvenience of adjusting to new habits.",emphasis_and_evaluation,intergenerational_responsibility,"Importantly, single-use plastics don't just disappear—they linger for hundreds of years, polluting oceans, harming wildlife, and even entering our food chain, which affects human health over time.",emphasis_and_evaluation_intergenerational_responsibility,"I should evaluate how plastics persist for centuries in the environment, meaning today's convenience imposes long-term burdens on future generations who had no say in their creation.",Importantly,conclusion_and_summary,microplastics_and_human_health,"In conclusion, the toxic legacy of plastic pollution—now found in our own bodies—makes a strong case for eliminating single-use plastics at the source before the damage becomes irreversible.",conclusion_and_summary_microplastics_and_human_health,"I should examine emerging evidence that microplastics accumulate in human tissue, blood, and organs, posing uncertain but potentially serious health risks.",In conclusion,evidence_and_authority,success_of_existing_bans,"Evidence shows that countries and regions that have banned single-use plastics have seen significant drops in litter and cleaner ecosystems—proof that a ban is not just idealistic, but practical.",evidence_and_authority_success_of_existing_bans,"I should examine case studies from Rwanda, the EU, Kenya, and various US states showing that bans are enforceable and produce measurable reductions in pollution.",Evidence shows that,targeted,877,126,2.968958188693405
38,1.692780150431891,,,synthesis_restructured,targeted,2,20260228_155111,1.4178385734558103,"Most single-use plastics aren’t recycled—less than 10% make it through the system—so even with recycling efforts, the vast majority end up in landfills or polluting oceans. The problem isn’t just environmental; microplastics are now found in human blood and organs, raising serious health concerns we can’t afford to ignore. Fortunately, countries like Rwanda, Kenya, and the EU have already shown that total bans are achievable and lead to cleaner streets, rivers, and coastlines. Many communities in the U.S. have also enacted similar bans with strong public support and clear environmental benefits. These real-world examples prove that a national ban is not only feasible but urgently needed. As someone who cares about clean air, clean water, and a healthier future, I believe the government must act now to protect both people and the planet by banning single-use plastics entirely.",emphasis_and_evaluation,recycling_system_failure,"Importantly, most single-use plastics aren’t recycled—less than 10% are—so even if we try to recycle them, the system fails to handle the volume, and much ends up in landfills or oceans.",emphasis_and_evaluation_recycling_system_failure,"I should consider that global plastic recycling rates remain below 10%, much plastic is downcycled or exported, and source reduction through bans is therefore necessary.",Importantly,conclusion_and_summary,microplastics_and_human_health,"In conclusion, the health risks from microplastics entering our food and water systems are real and growing, and banning single-use plastics is a practical way to reduce this threat.",conclusion_and_summary_microplastics_and_human_health,"I should examine emerging evidence that microplastics accumulate in human tissue, blood, and organs, posing uncertain but potentially serious health risks.",In conclusion,conclusion_and_summary,success_of_existing_bans,"In conclusion, places like Rwanda and Kenya have successfully banned single-use plastics and seen dramatic reductions in pollution, proving that such bans are not only possible but effective.",conclusion_and_summary_success_of_existing_bans,"I should examine case studies from Rwanda, the EU, Kenya, and various US states showing that bans are enforceable and produce measurable reductions in pollution.",In conclusion,targeted,888,134,2.880850986339003
17,1.7418785422452854,,,synthesis_restructured,targeted,2,20260228_155111,1.2891991138458252,"The government should enforce a total ban on single-use plastics because most of these items aren’t recycled—only about 9% globally make it to recycling, and much of that ends up in landfills or oceans. These plastic items break down into microplastics that have been found in human blood, organs, and tissues, raising serious concerns about long-term health risks. Countries like Rwanda, Kenya, and the EU have already implemented successful bans, resulting in cleaner cities and less pollution. Even in the U.S., states like California and Oregon saw dramatic reductions in plastic waste after introducing similar laws. A total ban isn’t unrealistic—it’s a proven, necessary step to protect both people and the planet. We can’t afford to wait for perfect solutions when the harm is already happening.",emphasis_and_evaluation,recycling_system_failure,"Importantly, most single-use plastics aren’t recycled—only about 9% globally are, and much of that is downcycled or shipped to countries with weak environmental regulations.",emphasis_and_evaluation_recycling_system_failure,"I should consider that global plastic recycling rates remain below 10%, much plastic is downcycled or exported, and source reduction through bans is therefore necessary.",Importantly,conclusion_and_summary,microplastics_and_human_health,"In conclusion, banning single-use plastics is a necessary step to protect our health and environment, especially since microplastics have already been detected in human blood and organs.",conclusion_and_summary_microplastics_and_human_health,"I should examine emerging evidence that microplastics accumulate in human tissue, blood, and organs, posing uncertain but potentially serious health risks.",In conclusion,clarification_and_specification,success_of_existing_bans,"In other words, places like Rwanda and Kenya have successfully banned single-use plastics and seen major improvements in cleanliness and public health—proving that such bans are not only possible but effective.",clarification_and_specification_success_of_existing_bans,"I should examine case studies from Rwanda, the EU, Kenya, and various US states showing that bans are enforceable and produce measurable reductions in pollution.",In other words,targeted,802,63,2.4699925275463244
27,1.705821399919507,,,synthesis_restructured,targeted,4,20260228_155111,1.362032175064087,"The government should enforce a total ban on single-use plastics because real-world examples show it's not only feasible but effective—countries like Rwanda and Kenya have drastically reduced plastic pollution after implementing such bans. Many of us are already paying for plastic waste through higher cleanup costs, damaged ecosystems, and lost tourism, even though the companies that produce these items profit from them. A ban shifts the responsibility back to producers and protects our environment in a way that voluntary actions never can. Places like the European Union and California have proven that these bans reduce litter and improve public health without causing economic collapse. Since the harm caused by single-use plastics affects everyone, especially vulnerable communities and future generations, it's fair and necessary for the government to step in. This isn’t about restricting freedom—it’s about protecting our shared environment and common well-being.",emphasis_and_evaluation,success_of_existing_bans,"Importantly, countries like Rwanda and Kenya have successfully banned single-use plastics and drastically reduced plastic waste in their environments, proving that such bans are not only possible but effective.",emphasis_and_evaluation_success_of_existing_bans,"I should examine case studies from Rwanda, the EU, Kenya, and various US states showing that bans are enforceable and produce measurable reductions in pollution.",Importantly,conclusion_and_summary,economic_externalities,"In conclusion, since the real costs of plastic pollution—like cleaning up streets, harming wildlife, and damaging tourism—are paid by taxpayers and communities, a government ban is a necessary step to stop shifting these burdens onto society.",conclusion_and_summary_economic_externalities,"I should calculate how cleanup costs, healthcare burdens, tourism losses, and ecosystem damage are borne by the public rather than producers—a market failure requiring correction.",In conclusion,evidence_and_authority,success_of_existing_bans,"Evidence shows that places with plastic bans, such as the EU and California, have seen significant reductions in plastic litter and improved environmental quality, proving that regulation works in practice.",evidence_and_authority_success_of_existing_bans,"I should examine case studies from Rwanda, the EU, Kenya, and various US states showing that bans are enforceable and produce measurable reductions in pollution.",Evidence shows that,targeted,976,164,2.443783511284423
38,1.692780150431891,,,synthesis_restructured,targeted,0,20260228_155111,1.3290674686431885,"Single-use plastics are a major source of pollution, with less than 10% being recycled globally—most end up in landfills, oceans, or incinerators, releasing harmful pollutants. These plastics break down into microplastics that are now found in our blood, food, and water, raising serious concerns about long-term health effects. Countries like Rwanda and Kenya have successfully banned single-use plastics, resulting in cleaner environments and stronger public awareness. Even in the U.S., states like California and Oregon have seen significant reductions in plastic waste after implementing similar bans. A total ban isn’t just possible—it’s urgent. By removing the root cause, we can protect ecosystems, reduce pollution, and safeguard our health for future generations.",emphasis_and_evaluation,recycling_system_failure,"Importantly, most single-use plastics aren’t recycled—global recycling rates hover below 10%, and much of what is collected ends up in landfills or incinerators, contributing to pollution and greenhouse gas emissions.",emphasis_and_evaluation_recycling_system_failure,"I should consider that global plastic recycling rates remain below 10%, much plastic is downcycled or exported, and source reduction through bans is therefore necessary.",Importantly,conclusion_and_summary,microplastics_and_human_health,"In conclusion, the health risks from microplastic contamination in our food, water, and air are growing, and banning single-use plastics is a necessary step to protect both people and the planet.",conclusion_and_summary_microplastics_and_human_health,"I should examine emerging evidence that microplastics accumulate in human tissue, blood, and organs, posing uncertain but potentially serious health risks.",In conclusion,conclusion_and_summary,success_of_existing_bans,"In conclusion, real-world examples from countries like Rwanda and the EU prove that plastic bans are not only feasible but lead to cleaner cities, healthier ecosystems, and a cultural shift toward more sustainable habits.",conclusion_and_summary_success_of_existing_bans,"I should examine case studies from Rwanda, the EU, Kenya, and various US states showing that bans are enforceable and produce measurable reductions in pollution.",In conclusion,targeted,773,38,2.3793453742771935
29,1.705821399919507,,,synthesis_restructured,targeted,1,20260228_155111,1.2653398513793943,"Single-use plastics are a serious threat to both the environment and human health, with microplastics now found in human blood and organs—proof that these materials don’t just pollute oceans, they enter our bodies. The costs of dealing with plastic waste—cleaning up streets, repairing ecosystems, and treating related health issues—are ultimately paid by the public, not the companies that produce these products. Real-world examples from Rwanda, Kenya, and several U.S. states show that total bans are not just possible, but lead to dramatic reductions in plastic pollution. By acting now, the government can protect public health, prevent long-term environmental damage, and shift the burden from citizens to producers. A total ban is a necessary, practical, and responsible step for a sustainable future.",emphasis_and_evaluation,microplastics_and_human_health,"Importantly, studies have found microplastics in human blood and organs, which suggests that single-use plastics are not just an environmental issue, but a direct threat to human health.",emphasis_and_evaluation_microplastics_and_human_health,"I should examine emerging evidence that microplastics accumulate in human tissue, blood, and organs, posing uncertain but potentially serious health risks.",Importantly,conclusion_and_summary,economic_externalities,"In conclusion, the long-term costs of pollution—including medical expenses, environmental cleanup, and lost tourism—fall on taxpayers, making a government ban a necessary and cost-effective solution.",conclusion_and_summary_economic_externalities,"I should calculate how cleanup costs, healthcare burdens, tourism losses, and ecosystem damage are borne by the public rather than producers—a market failure requiring correction.",In conclusion,evidence_and_authority,success_of_existing_bans,"Evidence shows that countries like Rwanda and Kenya have drastically reduced plastic waste after implementing full bans, proving that such policies are not only feasible but highly effective.",evidence_and_authority_success_of_existing_bans,"I should examine case studies from Rwanda, the EU, Kenya, and various US states showing that bans are enforceable and produce measurable reductions in pollution.",Evidence shows that,targeted,808,69,2.2275474984540002
41,1.672318558143795,,,synthesis_restructured,targeted,3,20260228_155111,1.4929018020629885,"Single-use plastics are a major source of pollution that harms the environment, wildlife, and public health, yet they’re still widely used because they’re cheap and convenient. Fortunately, we now have reliable alternatives—like paper bags, bamboo straws, and compostable containers—that are easy to use and just as practical. Countries like Rwanda and Kenya have successfully banned these items and seen cleaner streets, healthier ecosystems, and reduced waste, showing that such policies work in real life. The cost of cleaning up plastic pollution and dealing with its health and environmental effects falls on taxpayers and communities, not the corporations that produce it—this is an unfair burden that needs to be corrected. A government ban would level the playing field, push industries to innovate, and protect our planet for future generations. Given that alternatives exist and bans have been proven effective, it’s not only logical but responsible to take this step now.",emphasis_and_evaluation,availability_of_alternatives,"Importantly, many single-use plastic items like bags, straws, and food containers now have viable alternatives—such as paper, bamboo, or plant-based materials—that are just as convenient and often more sustainable.",emphasis_and_evaluation_availability_of_alternatives,"I should demonstrate that reusable, compostable, and biodegradable alternatives are available for bags, straws, containers, and packaging, making a ban practically feasible.",Importantly,conclusion_and_summary,success_of_existing_bans,"In conclusion, countries and cities that have already implemented bans—like Rwanda and Kenya—have seen dramatic reductions in plastic waste and cleaner public spaces, proving that such policies are not only possible but effective.",conclusion_and_summary_success_of_existing_bans,"I should examine case studies from Rwanda, the EU, Kenya, and various US states showing that bans are enforceable and produce measurable reductions in pollution.",In conclusion,evidence_and_authority,economic_externalities,"Evidence shows that single-use plastics cost governments billions annually in cleanup and environmental damage, yet the companies that profit from them rarely pay these hidden costs—making a ban a fair and necessary step to protect communities and public health.",evidence_and_authority_economic_externalities,"I should calculate how cleanup costs, healthcare burdens, tourism losses, and ecosystem damage are borne by the public rather than producers—a market failure requiring correction.",Evidence shows that,targeted,982,166,1.8259512284421913
17,1.7418785422452854,,,synthesis_restructured,targeted,1,20260228_155111,1.2920827865600586,"Single-use plastics are a major source of pollution, clogging landfills and harming marine life, and a total ban would drastically reduce this environmental damage. Even though recycling is often promoted, less than 10% of plastic is actually recycled globally, and much of it ends up in the environment anyway. Beyond environmental harm, microplastics have been found in human blood and organs, raising serious concerns about long-term health effects. Countries like Rwanda, Kenya, and many cities in the U.S. and EU have already implemented successful bans, showing that such policies are realistic and effective. A government-enforced ban is not just a responsible choice—it's a practical and necessary step to protect our planet and our well-being. Therefore, a total ban on single-use plastics is the most responsible action we can take.",emphasis_and_evaluation,recycling_system_failure,"Importantly, single-use plastics are a major source of pollution, and banning them would significantly reduce the amount of waste that ends up in landfills and oceans.",emphasis_and_evaluation_recycling_system_failure,"I should consider that global plastic recycling rates remain below 10%, much plastic is downcycled or exported, and source reduction through bans is therefore necessary.",Importantly,conclusion_and_summary,microplastics_and_human_health,"In conclusion, a total ban on single-use plastics is a necessary step to protect both the environment and human health from the long-term dangers of plastic pollution.",conclusion_and_summary_microplastics_and_human_health,"I should examine emerging evidence that microplastics accumulate in human tissue, blood, and organs, posing uncertain but potentially serious health risks.",In conclusion,clarification_and_specification,success_of_existing_bans,"In other words, countries and cities around the world have already shown that banning single-use plastics is feasible and effective, proving that such a policy is not just idealistic but practical.",clarification_and_specification_success_of_existing_bans,"I should examine case studies from Rwanda, the EU, Kenya, and various US states showing that bans are enforceable and produce measurable reductions in pollution.",In other words,targeted,842,105,1.7042945245464334
26,1.710499328425406,,,synthesis_restructured,targeted,3,20260228_155111,1.2837538719177246,"The government should enforce a total ban on single-use plastics because companies keep using them out of habit and cost savings, even when they promise to change—only a law can break that cycle. These plastics don’t just disappear; they break down into microplastics that are now found in our blood, food, and water, posing unknown but serious health risks. Real-world examples from Rwanda, Kenya, and parts of the European Union show that bans are not only possible but lead to dramatic drops in plastic pollution. Even in the U.S., places like California and Seattle have proven that such policies can work without crippling daily life. A nationwide ban is a responsible, necessary step to protect both our environment and our health. It’s time to stop treating plastic waste as someone else’s problem—our government must act now.",emphasis_and_evaluation,corporate_behavior_and_voluntary_failure,"Importantly, many companies promise to reduce plastic use but continue relying on single-use plastics because they're cheap and convenient—without a ban, there's little real incentive to change.",emphasis_and_evaluation_corporate_behavior_and_voluntary_failure,"I should analyze how manufacturers default to cheap plastics despite pledges, and why only binding regulation—not voluntary commitments—can shift industry norms.",Importantly,conclusion_and_summary,microplastics_and_human_health,"In conclusion, single-use plastics don’t just pollute oceans—they’re entering our own bodies, and a ban is a necessary step to protect our long-term health.",conclusion_and_summary_microplastics_and_human_health,"I should examine emerging evidence that microplastics accumulate in human tissue, blood, and organs, posing uncertain but potentially serious health risks.",In conclusion,clarification_and_specification,success_of_existing_bans,"In other words, countries like Rwanda and Kenya have successfully eliminated single-use plastics with bans, proving that such policies are practical and effective in reducing waste.",clarification_and_specification_success_of_existing_bans,"I should examine case studies from Rwanda, the EU, Kenya, and various US states showing that bans are enforceable and produce measurable reductions in pollution.",In other words,targeted,833,94,1.6443658442272457
12,1.751392550419084,,,synthesis_restructured,targeted,2,20260228_155111,1.2087936401367188,"Single-use plastics are made from fossil fuels and contribute to climate change at every stage of their life cycle, from production to disposal. Even if we recycle them, most single-use plastics end up in landfills or the environment, where they break down into microplastics that can enter our food, water, and bodies—posing unknown but serious health risks. Real-world examples from Rwanda, Kenya, the European Union, and several U.S. states prove that government-enforced bans are not only possible but effective at drastically reducing plastic pollution. With alternatives like reusable bags, containers, and biodegradable materials already widely available, there’s no good reason to continue allowing such harmful products. A total ban is a necessary and responsible step to protect our planet, our health, and future generations.",emphasis_and_evaluation,carbon_footprint_and_climate,"Importantly, single-use plastics are made from fossil fuels, and their production releases greenhouse gases that worsen climate change, even before they’re used.",emphasis_and_evaluation_carbon_footprint_and_climate,"I should analyze how single-use plastics are petrochemical products that contribute to emissions throughout their lifecycle, from extraction to incineration.",Importantly,conclusion_and_summary,microplastics_and_human_health,"In conclusion, the health risks from microplastic contamination in our bodies and water supplies make it urgent to eliminate single-use plastic at the source.",conclusion_and_summary_microplastics_and_human_health,"I should examine emerging evidence that microplastics accumulate in human tissue, blood, and organs, posing uncertain but potentially serious health risks.",In conclusion,evidence_and_authority,success_of_existing_bans,"Evidence shows that countries and regions that have implemented plastic bans have seen dramatic reductions in plastic waste in oceans, rivers, and landfills.",evidence_and_authority_success_of_existing_bans,"I should examine case studies from Rwanda, the EU, Kenya, and various US states showing that bans are enforceable and produce measurable reductions in pollution.",Evidence shows that,targeted,836,96,1.5978831224970276
19,1.710499328425406,,,synthesis_restructured,targeted,3,20260228_155111,1.460404634475708,"A total ban on single-use plastics is essential because these materials are a major source of pollution that harms both the environment and human health. Wealthy nations often export their plastic waste to poorer countries, burdening their communities and ecosystems, which makes a global ban a matter of environmental justice. Scientific studies have even found microplastics in human blood and organs, indicating that these toxins are entering our bodies—making their continued use a public health risk. But the idea that such a ban is unrealistic is outdated: countries like Rwanda and Kenya have successfully eliminated single-use plastics, and U.S. states like California and New York have seen dramatic reductions in plastic pollution after similar measures. These real-world examples prove that a ban is not only possible but effective. Therefore, the government must take strong, decisive action now to protect both people and the planet.",emphasis_and_evaluation,global_waste_trade_injustice,"Importantly, many wealthy nations export their plastic waste to developing countries, often overwhelming their infrastructure and causing severe environmental and health problems. A total ban on single-use plastics would stop this harmful export cycle at its source.",emphasis_and_evaluation_global_waste_trade_injustice,"I should consider how wealthy countries export plastic waste to poorer nations, making this a global justice issue that requires upstream intervention at the production stage.",Importantly,conclusion_and_summary,microplastics_and_human_health,"In conclusion, single-use plastics are not only environmentally destructive but also pose a direct threat to human health, as microplastics have now been found in human blood and organs—making their continued use dangerously irresponsible.",conclusion_and_summary_microplastics_and_human_health,"I should examine emerging evidence that microplastics accumulate in human tissue, blood, and organs, posing uncertain but potentially serious health risks.",In conclusion,clarification_and_specification,success_of_existing_bans,"In other words, countries like Rwanda and Kenya have shown that banning single-use plastics is not only possible, but leads to cleaner cities, healthier ecosystems, and stronger public health outcomes—proving that such policies work in real-world settings.",clarification_and_specification_success_of_existing_bans,"I should examine case studies from Rwanda, the EU, Kenya, and various US states showing that bans are enforceable and produce measurable reductions in pollution.",In other words,targeted,946,158,1.5430817187646926
9,1.751392550419084,,,synthesis_restructured,targeted,1,20260228_155111,1.2177133560180664,"Single-use plastics are a major threat to marine life, causing widespread harm through ingestion and entanglement, and are also contaminating our oceans and food systems with microplastics. These pollutants don’t just harm animals—they’re now found in human blood and organs, raising serious concerns about long-term health risks. Fortunately, real-world examples from Rwanda, Kenya, and parts of the EU and US show that total bans are not only possible but lead to measurable improvements in environmental health. With modern alternatives like biodegradable materials and reusable options already available, a government-enforced ban is both feasible and responsible. Protecting our planet and our health shouldn’t be a luxury—it’s a necessity, and a total ban is the most effective way to achieve it.",emphasis_and_evaluation,marine_ecosystem_destruction,"Importantly, single-use plastics are a leading cause of pollution in our oceans, killing millions of marine animals every year through ingestion and entanglement.",emphasis_and_evaluation_marine_ecosystem_destruction,"I should consider how single-use plastics kill marine animals through ingestion and entanglement, degrade coral reefs, and disrupt ocean ecosystems at massive scale.",Importantly,conclusion_and_summary,microplastics_and_human_health,"In conclusion, the long-term health risks to humans from microplastic contamination in food and water are becoming increasingly clear, making a ban a necessary step to protect public health.",conclusion_and_summary_microplastics_and_human_health,"I should examine emerging evidence that microplastics accumulate in human tissue, blood, and organs, posing uncertain but potentially serious health risks.",In conclusion,evidence_and_authority,success_of_existing_bans,"Evidence shows that countries like Rwanda and Kenya have successfully eliminated single-use plastic pollution through strict bans, proving that such policies are practical and effective.",evidence_and_authority_success_of_existing_bans,"I should examine case studies from Rwanda, the EU, Kenya, and various US states showing that bans are enforceable and produce measurable reductions in pollution.",Evidence shows that,targeted,802,64,1.5203190703399372
1,1.8215297184960435,,,synthesis_restructured,targeted,2,20260228_155111,1.4231808185577393,"Single-use plastics are a major source of pollution, and recycling isn’t enough to handle the scale of the problem—most of these items are never recycled, and when they are, they often degrade into lower-quality materials. The harm caused by plastic waste—like polluted rivers, harmed wildlife, and expensive cleanup efforts—is felt by everyone, especially communities that can least afford it, while the companies that make the products face little accountability. Real-world examples from countries like Rwanda, Kenya, and the European Union show that strict bans are not only possible but lead to cleaner cities, healthier ecosystems, and long-term savings. Given that plastic pollution is a public health and environmental emergency, a government-enforced ban is a necessary, practical step to protect our planet and future generations. We can’t rely on hope or voluntary change—only strong policy can break the cycle of plastic waste.",emphasis_and_evaluation,recycling_system_failure,"Importantly, recycling alone cannot solve the plastic pollution crisis—most single-use plastics aren’t recycled, and even when they are, the process is energy-intensive and often results in lower-quality materials.",emphasis_and_evaluation_recycling_system_failure,"I should consider that global plastic recycling rates remain below 10%, much plastic is downcycled or exported, and source reduction through bans is therefore necessary.",Importantly,conclusion_and_summary,economic_externalities,"In conclusion, the environmental and economic costs of plastic pollution—like clogged waterways, wildlife harm, and cleanup expenses—end up being paid by taxpayers and communities, not the companies that profit from plastic use.",conclusion_and_summary_economic_externalities,"I should calculate how cleanup costs, healthcare burdens, tourism losses, and ecosystem damage are borne by the public rather than producers—a market failure requiring correction.",In conclusion,clarification_and_specification,success_of_existing_bans,"In other words, countries like Rwanda and Kenya have successfully banned single-use plastics and seen dramatic drops in litter and environmental degradation, proving that effective bans are both practical and impactful.",clarification_and_specification_success_of_existing_bans,"I should examine case studies from Rwanda, the EU, Kenya, and various US states showing that bans are enforceable and produce measurable reductions in pollution.",In other words,targeted,939,154,1.4648927161046874
47,0.0,,,synthesis_restructured,random,0,20260228_155741,1.275482177734375,"Single-use plastics are a major environmental and public health hazard that cannot be effectively managed through recycling alone—less than 10% are actually recycled globally, and most end up polluting our oceans and landfills. Their production and disposal contribute significantly to climate change through greenhouse gas emissions, and they persist in ecosystems for hundreds of years, harming wildlife and ecosystems. Even more troubling, microplastics from these products have been found in human blood and organs, suggesting potential long-term risks to our health that we’re only beginning to understand. A total ban would drive innovation in reusable and sustainable alternatives, reduce pollution at the source, and protect both the environment and people. While change can be challenging, the long-term benefits far outweigh the short-term inconvenience. We can’t afford to wait for perfect solutions—this crisis demands bold action now.",concession_and_contrast,recycling_system_failure,"However, it's clear that recycling alone won’t solve the plastic pollution crisis—most single-use plastics end up in landfills, oceans, or incinerators, not in new products.",concession_and_contrast_recycling_system_failure,"I should consider that global plastic recycling rates remain below 10%, much plastic is downcycled or exported, and source reduction through bans is therefore necessary.",However,emphasis_and_evaluation,carbon_footprint_and_climate,"Importantly, producing and disposing of single-use plastics generates significant greenhouse gas emissions, worsening climate change and harming public health.",emphasis_and_evaluation_carbon_footprint_and_climate,"I should analyze how single-use plastics are petrochemical products that contribute to emissions throughout their lifecycle, from extraction to incineration.",Importantly,emphasis_and_evaluation,microplastics_and_human_health,"Importantly, microplastics from single-use items have now been detected in human blood and organs, raising serious concerns about long-term health impacts.",emphasis_and_evaluation_microplastics_and_human_health,"I should examine emerging evidence that microplastics accumulate in human tissue, blood, and organs, posing uncertain but potentially serious health risks.",Importantly,baseline,947,329,1.4353477443972509
16,1.7512392269716055,,,synthesis_restructured,targeted,0,20260228_155111,1.1066064834594729,"Single-use plastics are a major source of pollution, with less than 10% of all plastic ever produced being recycled—most end up in landfills or the natural environment, harming wildlife and ecosystems. A total ban is not just a moral imperative but a practical solution, as it prevents pollution at the source and spares society from the hidden costs of cleanup, healthcare, and damaged tourism. Countries like Rwanda and Kenya have successfully implemented such bans, demonstrating that they are feasible and lead to cleaner cities and rivers. This shift puts responsibility where it belongs: on producers and consumers to choose sustainable alternatives. While some worry about inconvenience, reusable and biodegradable options are widely available and becoming more affordable. A ban sends a strong signal that our planet’s health matters more than disposable convenience.",emphasis_and_evaluation,recycling_system_failure,"Importantly, single-use plastics are rarely recycled and most end up in landfills or the environment, causing long-term pollution.",emphasis_and_evaluation_recycling_system_failure,"I should consider that global plastic recycling rates remain below 10%, much plastic is downcycled or exported, and source reduction through bans is therefore necessary.",Importantly,conclusion_and_summary,economic_externalities,"In conclusion, a total ban would reduce pollution and avoid massive public costs tied to environmental cleanup and health risks.",conclusion_and_summary_economic_externalities,"I should calculate how cleanup costs, healthcare burdens, tourism losses, and ecosystem damage are borne by the public rather than producers—a market failure requiring correction.",In conclusion,causal_reasoning,success_of_existing_bans,"Therefore, real-world examples prove that bans work and can be implemented without economic collapse.",causal_reasoning_success_of_existing_bans,"I should examine case studies from Rwanda, the EU, Kenya, and various US states showing that bans are enforceable and produce measurable reductions in pollution.",Therefore,targeted,875,123,1.4278770216662087
0,0.0,,,synthesis_restructured,random,2,20260228_155741,1.4616835117340088,"Single-use plastics are a major source of pollution that harms ecosystems, wildlife, and human health, and a government-enforced ban is the most effective way to stop this crisis at its source. Countries like Rwanda and Kenya have shown that nationwide bans work in practice, leading to cleaner cities and less waste in rivers and oceans. Meanwhile, the EU and several U.S. states have successfully implemented similar rules, proving that bans are enforceable and drive innovation in sustainable alternatives. We already have reusable, compostable, and biodegradable options for bags, containers, straws, and packaging—so there’s no reason to keep using plastic that ends up in landfills or the ocean. A total ban isn’t just idealistic; it’s a necessary, practical step toward protecting our environment and public health. By acting now, governments can prevent long-term damage and encourage businesses to create better, greener solutions.",clarification_and_specification,global_waste_trade_injustice,"In other words, banning single-use plastics at the source—before they're even made—stops the problem before it begins, rather than pushing the burden onto developing countries that can't handle the waste.",clarification_and_specification_global_waste_trade_injustice,"I should consider how wealthy countries export plastic waste to poorer nations, making this a global justice issue that requires upstream intervention at the production stage.",In other words,concession_and_contrast,success_of_existing_bans,"However, real-world examples like Rwanda’s nationwide ban and the EU’s plastic directive prove that such laws are practical and lead to cleaner streets, reduced ocean pollution, and greater innovation in sustainable alternatives.",concession_and_contrast_success_of_existing_bans,"I should examine case studies from Rwanda, the EU, Kenya, and various US states showing that bans are enforceable and produce measurable reductions in pollution.",However,clarification_and_specification,availability_of_alternatives,"In other words, we already have safe, affordable, and effective replacements for most single-use plastics—so there’s no excuse to keep relying on products that harm our planet and wildlife.",clarification_and_specification_availability_of_alternatives,"I should demonstrate that reusable, compostable, and biodegradable alternatives are available for bags, straws, containers, and packaging, making a ban practically feasible.",In other words,baseline,940,325,1.4168306812372906
10,1.751392550419084,,,synthesis_restructured,targeted,4,20260228_155111,1.2166574001312256,"Single-use plastics are a major source of pollution, and a government-enforced ban is the most effective way to stop the crisis before it worsens. Many wealthy countries ship their plastic waste to poorer nations that can't handle it properly, causing environmental harm and public health risks in those communities. It's not just about saving wildlife—it's about protecting people, including us, since microplastics have already been found in human blood and organs. Countries like Rwanda and Kenya have proven that strict bans work, with dramatic reductions in plastic pollution and cleaner cities. Even in the U.S., states like California and Hawaii have seen success with similar policies. A total ban is a bold but necessary step to protect our planet and our health for good.",emphasis_and_evaluation,global_waste_trade_injustice,"Importantly, many wealthy countries export their plastic waste to developing nations, which lack the infrastructure to manage it safely, leading to environmental degradation and health risks in those communities.",emphasis_and_evaluation_global_waste_trade_injustice,"I should consider how wealthy countries export plastic waste to poorer nations, making this a global justice issue that requires upstream intervention at the production stage.",Importantly,conclusion_and_summary,microplastics_and_human_health,"In conclusion, banning single-use plastics is not just about protecting the environment—it’s about protecting our own health, since microplastics have already been found in human blood and organs.",conclusion_and_summary_microplastics_and_human_health,"I should examine emerging evidence that microplastics accumulate in human tissue, blood, and organs, posing uncertain but potentially serious health risks.",In conclusion,evidence_and_authority,success_of_existing_bans,"Evidence shows that countries like Rwanda and Kenya have successfully eliminated plastic bags through strict bans, leading to cleaner streets and less pollution in waterways.",evidence_and_authority_success_of_existing_bans,"I should examine case studies from Rwanda, the EU, Kenya, and various US states showing that bans are enforceable and produce measurable reductions in pollution.",Evidence shows that,targeted,781,48,1.4042614863655654
38,1.692780150431891,,,synthesis_restructured,targeted,4,20260228_155111,1.2153253555297852,"A government-enforced ban on single-use plastics is necessary because the vast majority of these items aren’t recycled—most end up in landfills or polluting our oceans. Even when recycled, many plastics are downcycled into lower-quality materials, making the current system unsustainable. More alarmingly, microplastics have already been found in human blood, lungs, and organs, raising serious concerns about long-term health impacts. Countries like Rwanda, Kenya, and the EU have proven that such bans are practical and effective, leading to cleaner cities and reduced environmental harm. With so much plastic waste harming ecosystems and potentially us, a total ban is not just a good idea—it’s a necessary step for a healthier planet and future.",emphasis_and_evaluation,recycling_system_failure,"Importantly, banning single-use plastics at the government level is essential because most of these items are not recycled, and the ones that are often end up in landfills or oceans.",emphasis_and_evaluation_recycling_system_failure,"I should consider that global plastic recycling rates remain below 10%, much plastic is downcycled or exported, and source reduction through bans is therefore necessary.",Importantly,conclusion_and_summary,microplastics_and_human_health,"In conclusion, a total ban on single-use plastics is necessary to protect both human health and the environment, as microplastic pollution has already been detected in our bodies.",conclusion_and_summary_microplastics_and_human_health,"I should examine emerging evidence that microplastics accumulate in human tissue, blood, and organs, posing uncertain but potentially serious health risks.",In conclusion,conclusion_and_summary,success_of_existing_bans,"In conclusion, real-world examples from countries and regions that have already implemented such bans show they are feasible and lead to significant reductions in plastic waste.",conclusion_and_summary_success_of_existing_bans,"I should examine case studies from Rwanda, the EU, Kenya, and various US states showing that bans are enforceable and produce measurable reductions in pollution.",In conclusion,targeted,749,22,1.316698866941524
12,1.751392550419084,,,synthesis_restructured,targeted,1,20260228_155111,1.140528678894043,"Single-use plastics are made from fossil fuels, and their production contributes significantly to climate change through greenhouse gas emissions. Even before they're thrown away, these products leave a damaging environmental footprint. Moreover, microplastics from degraded plastics have been found in human blood and organs, raising serious concerns about long-term health effects. Many countries and regions, including Rwanda, Kenya, and several EU nations, have successfully implemented bans and seen clear environmental benefits, such as cleaner streets and oceans. These real-world examples prove that a total ban is not only possible but also effective. Given the harm to both the planet and people, the government should take strong action by enforcing a complete ban on single-use plastics.",emphasis_and_evaluation,carbon_footprint_and_climate,"Importantly, single-use plastics are made from fossil fuels, and their production releases greenhouse gases that worsen climate change, even before they’re used.",emphasis_and_evaluation_carbon_footprint_and_climate,"I should analyze how single-use plastics are petrochemical products that contribute to emissions throughout their lifecycle, from extraction to incineration.",Importantly,conclusion_and_summary,microplastics_and_human_health,"In conclusion, banning single-use plastics would protect both our environment and public health by reducing pollution and preventing harmful microplastics from entering our bodies.",conclusion_and_summary_microplastics_and_human_health,"I should examine emerging evidence that microplastics accumulate in human tissue, blood, and organs, posing uncertain but potentially serious health risks.",In conclusion,evidence_and_authority,success_of_existing_bans,"Evidence shows that countries and regions that have banned single-use plastics have seen dramatic decreases in litter and cleaner oceans, proving that such bans are practical and effective.",evidence_and_authority_success_of_existing_bans,"I should examine case studies from Rwanda, the EU, Kenya, and various US states showing that bans are enforceable and produce measurable reductions in pollution.",Evidence shows that,targeted,799,59,1.3070149710564833
33,1.705821399919507,,,synthesis_restructured,targeted,4,20260228_155111,1.3579487800598145,"The government should enforce a total ban on single-use plastics because the current system lets wealthy nations dump their waste on poorer countries, creating an unjust burden on communities without proper waste management. These plastics don’t just vanish—they pollute our oceans, harm wildlife, and eventually enter our food and water, risking public health. The real cost of plastic waste is paid by taxpayers through cleanup, healthcare, and damaged ecosystems—costs that could be avoided with a ban. Countries like Rwanda and Kenya have already shown that strict bans work, leading to cleaner environments and stronger public awareness. Even in the U.S., states like California and Maine have successfully reduced plastic waste through similar policies. A national ban is a necessary, practical step to protect the planet and ensure fairness—both now and for future generations.",emphasis_and_evaluation,global_waste_trade_injustice,"Importantly, the current system allows wealthy nations to export their plastic waste to developing countries, placing an unfair environmental and health burden on communities that lack the infrastructure to manage it responsibly.",emphasis_and_evaluation_global_waste_trade_injustice,"I should consider how wealthy countries export plastic waste to poorer nations, making this a global justice issue that requires upstream intervention at the production stage.",Importantly,conclusion_and_summary,economic_externalities,"In conclusion, allowing single-use plastics to persist results in massive hidden costs to society—cleaning up pollution, treating plastic-related illnesses, and losing tourism revenue—that would be far lower if we banned them at the source.",conclusion_and_summary_economic_externalities,"I should calculate how cleanup costs, healthcare burdens, tourism losses, and ecosystem damage are borne by the public rather than producers—a market failure requiring correction.",In conclusion,evidence_and_authority,success_of_existing_bans,"Evidence shows that countries like Rwanda and Kenya, which have implemented strict bans, now have cleaner cities and rivers, proving that such policies are not only possible but highly effective in reducing plastic waste.",evidence_and_authority_success_of_existing_bans,"I should examine case studies from Rwanda, the EU, Kenya, and various US states showing that bans are enforceable and produce measurable reductions in pollution.",Evidence shows that,targeted,884,132,1.2743962102471325
1,1.8215297184960435,,,synthesis_restructured,targeted,3,20260228_155111,1.3404462337493896,"Single-use plastics are a major environmental and public health threat, with over 90% of them never being recycled, leading to pollution in oceans, landfills, and even our food chain. The burden of cleaning up this mess falls on ordinary people through higher taxes, damaged ecosystems, and lost tourism, while the companies that produce these products face no real consequences. Countries like Rwanda and Kenya have shown that banning single-use plastics is not just feasible but highly effective, with cities becoming cleaner and waste drastically reduced. Even in the U.S., states like California and Oregon have seen positive results after implementing similar bans. A total government ban is the most direct and responsible way to stop the flow of plastic waste at its source. It’s time we stop treating the environment as a dumping ground and protect our planet for future generations.",emphasis_and_evaluation,recycling_system_failure,"Importantly, most single-use plastics aren't recycled—only about 9% are—meaning they end up in landfills or the environment, where they persist for centuries.",emphasis_and_evaluation_recycling_system_failure,"I should consider that global plastic recycling rates remain below 10%, much plastic is downcycled or exported, and source reduction through bans is therefore necessary.",Importantly,conclusion_and_summary,economic_externalities,"In conclusion, the cost of cleaning up plastic pollution, damaged ecosystems, and even health issues it may contribute to falls on taxpayers and communities, not the companies that profit from the product.",conclusion_and_summary_economic_externalities,"I should calculate how cleanup costs, healthcare burdens, tourism losses, and ecosystem damage are borne by the public rather than producers—a market failure requiring correction.",In conclusion,clarification_and_specification,success_of_existing_bans,"In other words, places that have banned single-use plastics—like Rwanda and Kenya—have seen dramatic reductions in plastic waste and cleaner streets, proving it’s not only possible but effective.",clarification_and_specification_success_of_existing_bans,"I should examine case studies from Rwanda, the EU, Kenya, and various US states showing that bans are enforceable and produce measurable reductions in pollution.",In other words,targeted,891,135,1.2635627477143778
25,1.710499328425406,,,synthesis_restructured,targeted,3,20260228_155111,1.4157240390777588,"The government should enforce a total ban on single-use plastics because we already have practical, affordable alternatives like reusable bags, compostable containers, and biodegradable straws that can easily replace them in daily life. Even if the full health impact of microplastics is still being studied, there's growing evidence they've entered our blood, organs, and even placentas—making precaution a moral and public health necessity. Countries like Rwanda, Kenya, and the European Union have successfully banned single-use plastics and seen huge reductions in pollution, proving such a policy is realistic and effective. A national ban would not only protect wildlife and clean up our environment but also push industries to innovate toward sustainable solutions. As someone who just wants cleaner streets, safer food, and a healthier planet, I believe we can’t afford to wait—this is a simple, responsible step we can take now.",emphasis_and_evaluation,availability_of_alternatives,"Importantly, many everyday items like shopping bags, food containers, and straws can be replaced with reusable or compostable alternatives that are already widely available and affordable.",emphasis_and_evaluation_availability_of_alternatives,"I should demonstrate that reusable, compostable, and biodegradable alternatives are available for bags, straws, containers, and packaging, making a ban practically feasible.",Importantly,conclusion_and_summary,microplastics_and_human_health,"In conclusion, the long-term health risks from microplastics—even if not fully understood—warrant precautionary action, and a ban is a necessary step to stop further contamination of our bodies and ecosystems.",conclusion_and_summary_microplastics_and_human_health,"I should examine emerging evidence that microplastics accumulate in human tissue, blood, and organs, posing uncertain but potentially serious health risks.",In conclusion,clarification_and_specification,success_of_existing_bans,"In other words, countries and regions that have implemented plastic bans have seen dramatic drops in plastic waste in rivers, oceans, and cities—proving that a ban is not only possible but effective.",clarification_and_specification_success_of_existing_bans,"I should examine case studies from Rwanda, the EU, Kenya, and various US states showing that bans are enforceable and produce measurable reductions in pollution.",In other words,targeted,937,152,1.229173987538803
16,1.7512392269716055,,,synthesis_restructured,targeted,3,20260228_155111,1.27659273147583,"Single-use plastics are a major source of pollution, with less than 10% being recycled—most end up in landfills, oceans, or streets, harming wildlife and ecosystems. The costs of cleaning up this waste, protecting public health, and preserving natural resources are shouldered by ordinary people, not the corporations that profit from plastic production. Fortunately, nations like Rwanda, Kenya, and the European Union have successfully implemented plastic bans, resulting in cleaner cities, healthier environments, and strong public support. A total ban is not just environmentally responsible—it’s a practical and fair solution that shifts the burden from citizens to producers. By acting now, we can protect the planet for future generations without compromising daily life. It’s time for governments to take bold, proven action and ban single-use plastics once and for all.",emphasis_and_evaluation,recycling_system_failure,"Importantly, single-use plastics are rarely recycled and end up polluting oceans, harming wildlife, and contributing to long-term environmental damage.",emphasis_and_evaluation_recycling_system_failure,"I should consider that global plastic recycling rates remain below 10%, much plastic is downcycled or exported, and source reduction through bans is therefore necessary.",Importantly,conclusion_and_summary,economic_externalities,"In conclusion, the environmental and economic costs of single-use plastics fall on communities and taxpayers, not the companies that make them, making a ban a fair and necessary step.",conclusion_and_summary_economic_externalities,"I should calculate how cleanup costs, healthcare burdens, tourism losses, and ecosystem damage are borne by the public rather than producers—a market failure requiring correction.",In conclusion,causal_reasoning,success_of_existing_bans,"Therefore, real-world examples prove that banning single-use plastics works: countries like Rwanda and Kenya have drastically reduced plastic waste, showing it's not only possible but practical.",causal_reasoning_success_of_existing_bans,"I should examine case studies from Rwanda, the EU, Kenya, and various US states showing that bans are enforceable and produce measurable reductions in pollution.",Therefore,targeted,877,125,1.1963724820449428
10,1.751392550419084,,,synthesis_restructured,targeted,1,20260228_155111,1.4546771049499512,"A total ban on single-use plastics is essential to protect both people and the planet. Wealthy nations often export their plastic waste to poorer countries, overwhelming their systems and causing environmental and health harm—this is a form of global injustice that can only be stopped by domestic policy. Beyond environmental damage, microplastics have been found in human blood and organs, indicating a serious threat to our own health that demands urgent action. Real-world examples from Rwanda, Kenya, and U.S. states like California and Hawaii show that such bans are not only possible but lead to cleaner cities and less pollution. By enforcing a national ban, governments can drive innovation in sustainable alternatives and ensure we don’t keep poisoning our environment and ourselves. This isn’t just about convenience—it’s about responsibility to future generations and the planet we share.",emphasis_and_evaluation,global_waste_trade_injustice,"Importantly, wealthy nations often export their plastic waste to developing countries, where it overwhelms local infrastructure and harms communities. A government ban on single-use plastics would prevent this cycle of environmental injustice by stopping the problem at its source.",emphasis_and_evaluation_global_waste_trade_injustice,"I should consider how wealthy countries export plastic waste to poorer nations, making this a global justice issue that requires upstream intervention at the production stage.",Importantly,conclusion_and_summary,microplastics_and_human_health,"In conclusion, banning single-use plastics is a necessary step to protect human health, as microplastics have already been found in human blood and organs, suggesting our bodies are absorbing this toxic material.",conclusion_and_summary_microplastics_and_human_health,"I should examine emerging evidence that microplastics accumulate in human tissue, blood, and organs, posing uncertain but potentially serious health risks.",In conclusion,evidence_and_authority,success_of_existing_bans,"Evidence shows that countries like Rwanda and Kenya have successfully banned single-use plastics and seen dramatic cleanups in cities and rivers. Even in the US, states like California and Hawaii have reduced plastic waste through similar measures, proving such bans are practical and effective.",evidence_and_authority_success_of_existing_bans,"I should examine case studies from Rwanda, the EU, Kenya, and various US states showing that bans are enforceable and produce measurable reductions in pollution.",Evidence shows that,targeted,900,140,1.1726465164476534
5,1.755604018638381,,,synthesis_restructured,targeted,4,20260228_155111,1.366696834564209,"Single-use plastics are a major environmental and public health threat, with most ending up in landfills or oceans, where they harm wildlife and pollute ecosystems. Even with recycling, less than 10% of plastic is actually recycled, and much of it ends up being downcycled or shipped overseas, where it often escapes into the environment. A total ban is necessary to stop the cycle of pollution and protect communities from the long-term costs of cleanup and environmental damage. Countries like Rwanda and Kenya have successfully implemented such bans, showing they are enforceable and lead to real improvements in cleanliness and sustainability. Considering that the burden of plastic pollution falls on ordinary people through higher taxes and degraded environments, a government ban is a fair and practical solution. It shifts responsibility to producers and encourages innovation in reusable and sustainable alternatives. That’s why a total ban on single-use plastics is not just reasonable—it’s essential for the health of our planet and communities.",emphasis_and_evaluation,recycling_system_failure,"Importantly, even with recycling efforts, most single-use plastics end up in landfills or the environment, where they persist for centuries, harming wildlife and ecosystems.",emphasis_and_evaluation_recycling_system_failure,"I should consider that global plastic recycling rates remain below 10%, much plastic is downcycled or exported, and source reduction through bans is therefore necessary.",Importantly,conclusion_and_summary,economic_externalities,"In conclusion, banning single-use plastics protects public health, reduces long-term environmental damage, and shifts responsibility from taxpayers to polluters.",conclusion_and_summary_economic_externalities,"I should calculate how cleanup costs, healthcare burdens, tourism losses, and ecosystem damage are borne by the public rather than producers—a market failure requiring correction.",In conclusion,emphasis_and_evaluation,success_of_existing_bans,"Importantly, countries and cities that have implemented such bans have seen dramatic decreases in plastic waste, proving that the policy is not only feasible but effective.",emphasis_and_evaluation_success_of_existing_bans,"I should examine case studies from Rwanda, the EU, Kenya, and various US states showing that bans are enforceable and produce measurable reductions in pollution.",Importantly,targeted,1056,171,1.1425728045616386
16,1.7512392269716055,,,synthesis_restructured,targeted,2,20260228_155111,1.4731018543243408,"Most single-use plastics aren’t recycled—less than 10% globally—and even when they are, they degrade quickly, making them hard to reuse. A total ban is essential to stop this waste cycle and push us toward truly sustainable alternatives like reusable bags and compostable packaging. The harm caused by plastic pollution—clogged waterways, harmed wildlife, and damaged ecosystems—falls on communities and taxpayers, not the companies that profit from plastic. Countries like Rwanda and Kenya have already shown that such bans are enforceable and lead to cleaner cities and healthier environments. In the U.S., states like California and Hawaii have seen measurable improvements after implementing similar measures. It’s time we act decisively to protect our planet, our health, and future generations by ending single-use plastics for good.",emphasis_and_evaluation,recycling_system_failure,"Importantly, most single-use plastics aren’t recycled—less than 10% worldwide—and even when recycled, they often degrade in quality, making reuse impractical. A total ban would push society toward sustainable alternatives that are truly reusable or compostable.",emphasis_and_evaluation_recycling_system_failure,"I should consider that global plastic recycling rates remain below 10%, much plastic is downcycled or exported, and source reduction through bans is therefore necessary.",Importantly,conclusion_and_summary,economic_externalities,"In conclusion, the environmental toll of single-use plastics—polluted oceans, wildlife harm, and long-term ecosystem damage—is paid by taxpayers and communities, not the corporations that profit from them, making a ban a necessary step toward fairness and long-term sustainability.",conclusion_and_summary_economic_externalities,"I should calculate how cleanup costs, healthcare burdens, tourism losses, and ecosystem damage are borne by the public rather than producers—a market failure requiring correction.",In conclusion,causal_reasoning,success_of_existing_bans,"Therefore, real-world examples like Rwanda and the EU prove that banning single-use plastics is not only possible but effective, leading to cleaner streets, less marine pollution, and stronger public health outcomes over time.",causal_reasoning_success_of_existing_bans,"I should examine case studies from Rwanda, the EU, Kenya, and various US states showing that bans are enforceable and produce measurable reductions in pollution.",Therefore,targeted,839,98,1.0799388316338914
15,1.751392550419084,,,synthesis_restructured,targeted,1,20260228_155111,1.158339262008667,"The government should enforce a total ban on single-use plastics because the cost of cleaning up plastic waste is unfairly passed on to taxpayers and communities, not the companies that profit from these products. These plastics don’t just pollute the environment—they enter our food chain and have been detected in human blood and organs, raising serious concerns about long-term health risks. Real-world examples from places like Rwanda, Kenya, and the European Union show that such bans are feasible and lead to cleaner streets, rivers, and oceans. With better alternatives available and proven success stories, a ban is not only necessary but achievable. Protecting our environment and our health should be a priority, and a total ban is the most effective way to achieve it.",emphasis_and_evaluation,economic_externalities,"Importantly, the burden of cleaning up plastic waste falls on taxpayers and communities, not the corporations that profit from producing single-use plastics.",emphasis_and_evaluation_economic_externalities,"I should calculate how cleanup costs, healthcare burdens, tourism losses, and ecosystem damage are borne by the public rather than producers—a market failure requiring correction.",Importantly,conclusion_and_summary,microplastics_and_human_health,"In conclusion, banning single-use plastics protects public health by reducing exposure to harmful microplastics that have been found in human blood and organs.",conclusion_and_summary_microplastics_and_human_health,"I should examine emerging evidence that microplastics accumulate in human tissue, blood, and organs, posing uncertain but potentially serious health risks.",In conclusion,evidence_and_authority,success_of_existing_bans,"Evidence shows that countries and regions that have banned single-use plastics have seen dramatic reductions in litter and cleaner oceans, proving that such bans are both possible and effective.",evidence_and_authority_success_of_existing_bans,"I should examine case studies from Rwanda, the EU, Kenya, and various US states showing that bans are enforceable and produce measurable reductions in pollution.",Evidence shows that,targeted,779,45,1.061261827877046
34,1.705821399919507,,,synthesis_restructured,targeted,1,20260228_155111,1.3791463375091553,"Single-use plastics are a major environmental hazard, polluting our oceans, harming wildlife, and contributing to climate change. The good news is that safe and affordable alternatives—like paper, bamboo, glass, and compostable materials—are already available for everyday items like bags, straws, and food containers. Banning them isn’t about inconvenience—it’s about protecting our planet and communities, especially since the real cost of plastic pollution falls on taxpayers, not the companies that profit from it. Countries like Rwanda and the EU have already proven that such bans can work, leading to cleaner cities and healthier ecosystems. With growing public awareness and better products, a total ban is not only practical but necessary. It’s time we take responsibility and stop letting plastic waste ruin our environment for future generations.",emphasis_and_evaluation,availability_of_alternatives,"Importantly, many single-use plastic alternatives—like paper, bamboo, or plant-based materials—are already widely available and affordable, proving that a ban isn’t just idealistic but achievable in everyday life.",emphasis_and_evaluation_availability_of_alternatives,"I should demonstrate that reusable, compostable, and biodegradable alternatives are available for bags, straws, containers, and packaging, making a ban practically feasible.",Importantly,conclusion_and_summary,economic_externalities,"In conclusion, the environmental and economic costs of plastic pollution are massive and often paid by taxpayers and communities, not the companies that profit from single-use plastics, so a ban is a fair and necessary public health and environmental measure.",conclusion_and_summary_economic_externalities,"I should calculate how cleanup costs, healthcare burdens, tourism losses, and ecosystem damage are borne by the public rather than producers—a market failure requiring correction.",In conclusion,evidence_and_authority,success_of_existing_bans,"Evidence shows that countries and cities that have implemented plastic bans—like Rwanda and parts of the EU—have seen dramatic reductions in litter and cleaner oceans, proving these policies work in real-world conditions.",evidence_and_authority_success_of_existing_bans,"I should examine case studies from Rwanda, the EU, Kenya, and various US states showing that bans are enforceable and produce measurable reductions in pollution.",Evidence shows that,targeted,857,114,1.0603363532610632
12,1.751392550419084,,,synthesis_restructured,targeted,3,20260228_155111,1.3728818893432615,"Single-use plastics are made from fossil fuels, contributing to climate change at every stage of their life cycle—from extraction to disposal. Even if they seem convenient, their environmental and health costs are too high. Microplastics have been found in human blood, organs, and even placentas, raising serious concerns about long-term health impacts. Countries like Rwanda, Kenya, and members of the EU have already proven that banning these items is feasible and leads to cleaner cities and less pollution. A total government ban would protect both our planet and our health, while encouraging innovation in sustainable alternatives. It’s time to prioritize long-term safety over short-term convenience.",emphasis_and_evaluation,carbon_footprint_and_climate,"Importantly, single-use plastics are made from fossil fuels and contribute to greenhouse gas emissions at every stage—from extraction and refining to manufacturing and disposal. This makes them a significant driver of climate change, even if their impact is not always immediately visible.",emphasis_and_evaluation_carbon_footprint_and_climate,"I should analyze how single-use plastics are petrochemical products that contribute to emissions throughout their lifecycle, from extraction to incineration.",Importantly,conclusion_and_summary,microplastics_and_human_health,"In conclusion, the presence of microplastics in our blood and organs is not just an environmental issue—it’s a direct threat to human health. A total ban would reduce this invisible but growing danger to everyone, especially children and pregnant people.",conclusion_and_summary_microplastics_and_human_health,"I should examine emerging evidence that microplastics accumulate in human tissue, blood, and organs, posing uncertain but potentially serious health risks.",In conclusion,evidence_and_authority,success_of_existing_bans,"Evidence shows that countries like Rwanda and Kenya have successfully banned single-use plastics and seen dramatic reductions in litter, while the EU’s ban has driven innovation in reusable packaging. These real-world examples prove that a ban isn’t just idealistic—it’s practical and effective.",evidence_and_authority_success_of_existing_bans,"I should examine case studies from Rwanda, the EU, Kenya, and various US states showing that bans are enforceable and produce measurable reductions in pollution.",Evidence shows that,targeted,708,7,1.035980956832621
2,1.782771764238964,,,synthesis_restructured,targeted,2,20260228_155111,1.276099681854248,"Single-use plastics are a major source of pollution, with less than 10% of all plastic ever made being recycled—most end up harming wildlife and polluting our oceans. Since alternatives like reusable bags, glass, and paper containers are widely available and more sustainable, banning single-use plastics is a simple but powerful step toward protecting the environment. Countries and cities around the world, from Rwanda to California, have already proven that such bans work—reducing litter and cleaning up public spaces without causing major disruption. With microplastics now found in human blood and organs, the health risks of continuing to use these products are too serious to ignore. A total ban isn’t just ideal—it’s necessary for a cleaner, safer future. For the sake of our planet and our health, we must act now.",emphasis_and_evaluation,recycling_system_failure,"Importantly, single-use plastics are rarely recycled effectively—most end up in landfills, oceans, or incinerators, causing long-term harm to ecosystems and wildlife.",emphasis_and_evaluation_recycling_system_failure,"I should consider that global plastic recycling rates remain below 10%, much plastic is downcycled or exported, and source reduction through bans is therefore necessary.",Importantly,conclusion_and_summary,microplastics_and_human_health,"In conclusion, banning single-use plastics is a responsible step to protect both our environment and public health, especially since alternatives like paper or reusable containers are readily available and safer.",conclusion_and_summary_microplastics_and_human_health,"I should examine emerging evidence that microplastics accumulate in human tissue, blood, and organs, posing uncertain but potentially serious health risks.",In conclusion,evidence_and_authority,success_of_existing_bans,"Evidence shows that places that have banned single-use plastics have seen significant reductions in litter and ocean pollution, proving such bans are both practical and effective.",evidence_and_authority_success_of_existing_bans,"I should examine case studies from Rwanda, the EU, Kenya, and various US states showing that bans are enforceable and produce measurable reductions in pollution.",Evidence shows that,targeted,824,89,1.0190366674431413
40,1.6754262663262236,,,synthesis_restructured,targeted,0,20260228_155111,1.3090219497680664,"Single-use plastics are a major source of pollution that our planet simply cannot keep absorbing. Recycling doesn’t come close to solving the problem—most of these plastics aren’t recycled at all, and when they are, the process is inefficient and often creates more waste. The costs of cleaning up plastic, protecting wildlife, and dealing with health risks fall on ordinary people, not the companies that profit from disposable plastics. But we’ve seen real change in places like Rwanda and Kenya, where total bans led to cleaner cities and healthier ecosystems. If other nations can do it, so can we—without sacrificing convenience, since reusable alternatives are widely available and affordable. A government ban is a necessary, practical step to protect our environment and our future.",emphasis_and_evaluation,recycling_system_failure,"Importantly, recycling alone cannot solve the plastic pollution crisis—most single-use plastics aren't recycled, and even when they are, the process is energy-intensive and often leads to lower-quality materials.",emphasis_and_evaluation_recycling_system_failure,"I should consider that global plastic recycling rates remain below 10%, much plastic is downcycled or exported, and source reduction through bans is therefore necessary.",Importantly,conclusion_and_summary,economic_externalities,"In conclusion, the costs of plastic pollution—cleaning beaches, damaging marine life, harming human health, and affecting local economies—are passed on to society, not the corporations that produce these products.",conclusion_and_summary_economic_externalities,"I should calculate how cleanup costs, healthcare burdens, tourism losses, and ecosystem damage are borne by the public rather than producers—a market failure requiring correction.",In conclusion,conditional,success_of_existing_bans,"If countries like Rwanda and Kenya have successfully implemented total bans and seen dramatic reductions in plastic waste, then a similar approach can work here—proving that a ban is not only possible but effective.",conditional_success_of_existing_bans,"I should examine case studies from Rwanda, the EU, Kenya, and various US states showing that bans are enforceable and produce measurable reductions in pollution.",If,targeted,790,52,0.9872293985629457
25,1.710499328425406,,,synthesis_restructured,targeted,1,20260228_155111,1.4630894660949707,"We should ban single-use plastics because we already have safe, reusable, and affordable alternatives like paper, glass, and compostable materials that can replace plastic bags, bottles, and packaging without disrupting daily life. The environmental damage caused by plastic waste is undeniable—oceans are choked with debris, wildlife is harmed, and plastic breaks down into microplastics that end up in our food and water. These microplastics have even been found in human blood and organs, raising serious concerns about long-term health effects. Real-world examples from Rwanda, Kenya, and several U.S. states show that bans are not only possible but effective, leading to cleaner cities and less pollution. A government ban is a clear, responsible step toward protecting our planet and public health. It’s time to stop treating plastic as disposable and start choosing sustainable solutions for good.",emphasis_and_evaluation,availability_of_alternatives,"Importantly, we already have affordable and effective alternatives to single-use plastics—like paper, glass, metal, and compostable materials—that can easily replace everyday items such as bags, bottles, and food containers.",emphasis_and_evaluation_availability_of_alternatives,"I should demonstrate that reusable, compostable, and biodegradable alternatives are available for bags, straws, containers, and packaging, making a ban practically feasible.",Importantly,conclusion_and_summary,microplastics_and_human_health,"In conclusion, banning single-use plastics is a necessary step to protect both our environment and our long-term health, as microplastics have been found in human blood and organs, and their full health impacts are still being studied.",conclusion_and_summary_microplastics_and_human_health,"I should examine emerging evidence that microplastics accumulate in human tissue, blood, and organs, posing uncertain but potentially serious health risks.",In conclusion,clarification_and_specification,success_of_existing_bans,"In other words, countries and cities that have already implemented plastic bans—like Rwanda and Kenya—have seen dramatic drops in plastic waste and cleaner streets and waterways, proving that such policies work in the real world.",clarification_and_specification_success_of_existing_bans,"I should examine case studies from Rwanda, the EU, Kenya, and various US states showing that bans are enforceable and produce measurable reductions in pollution.",In other words,targeted,904,143,0.9750198617614118
20,1.710499328425406,,,synthesis_restructured,targeted,0,20260228_155111,1.1623122692108154,"Single-use plastics are a major threat to marine life, killing millions of animals each year by entanglement or by being ingested. They also break down into microplastics that enter the food chain and have been detected in human blood and organs, raising serious health concerns. While some worry about inconvenience, real-world examples from Rwanda, Kenya, and the European Union show that total bans are enforceable and lead to cleaner cities and ecosystems. Transitioning to reusable or biodegradable alternatives is not only possible but necessary. Given the irreversible damage caused by plastic pollution, a government-enforced ban is both practical and essential. We shouldn’t wait for more harm to be done—now is the time to act.",emphasis_and_evaluation,marine_ecosystem_destruction,"Importantly, single-use plastics are a leading cause of marine pollution, killing millions of sea creatures each year by entanglement or mistaken ingestion.",emphasis_and_evaluation_marine_ecosystem_destruction,"I should consider how single-use plastics kill marine animals through ingestion and entanglement, degrade coral reefs, and disrupt ocean ecosystems at massive scale.",Importantly,conclusion_and_summary,microplastics_and_human_health,"In conclusion, banning single-use plastics protects not only the environment but also human health, as microplastics are now found in our bodies and food chain.",conclusion_and_summary_microplastics_and_human_health,"I should examine emerging evidence that microplastics accumulate in human tissue, blood, and organs, posing uncertain but potentially serious health risks.",In conclusion,clarification_and_specification,success_of_existing_bans,"In other words, countries like Rwanda and Kenya have proven that total bans are possible, effective, and lead to cleaner streets, rivers, and oceans.",clarification_and_specification_success_of_existing_bans,"I should examine case studies from Rwanda, the EU, Kenya, and various US states showing that bans are enforceable and produce measurable reductions in pollution.",In other words,targeted,737,16,0.9700959992809414
42,1.6718064022544517,,,synthesis_restructured,targeted,2,20260228_155111,1.2030556201934814,"Single-use plastics are a major source of pollution, with less than 10% being recycled globally—most end up in landfills or oceans, harming wildlife and ecosystems. These plastics break down into microplastics that have been found in human blood and organs, raising serious concerns about long-term health effects. Countries like Rwanda and Kenya have successfully banned single-use plastics and seen dramatic reductions in litter and pollution, showing that such bans are practical and effective. While it might feel inconvenient at first, switching to reusable alternatives is a small price to pay for protecting our environment and our health. A total government ban is the most direct and impactful way to drive meaningful change. The evidence from around the world proves that this kind of policy works—and we can’t afford to wait any longer.",emphasis_and_evaluation,recycling_system_failure,"Importantly, most single-use plastics aren’t recycled—instead, they end up in landfills, oceans, or incinerators, causing long-term environmental damage.",emphasis_and_evaluation_recycling_system_failure,"I should consider that global plastic recycling rates remain below 10%, much plastic is downcycled or exported, and source reduction through bans is therefore necessary.",Importantly,conclusion_and_summary,microplastics_and_human_health,"In conclusion, banning single-use plastics protects both our health and the planet, and the benefits far outweigh the inconvenience of change.",conclusion_and_summary_microplastics_and_human_health,"I should examine emerging evidence that microplastics accumulate in human tissue, blood, and organs, posing uncertain but potentially serious health risks.",In conclusion,exemplification,success_of_existing_bans,"For example, Rwanda’s nationwide plastic ban has made it one of the cleanest countries in the world, proving such policies can work in real life.",exemplification_success_of_existing_bans,"I should examine case studies from Rwanda, the EU, Kenya, and various US states showing that bans are enforceable and produce measurable reductions in pollution.",For example,targeted,847,109,0.9318351753716203
8,1.751392550419084,,,synthesis_restructured,targeted,0,20260228_155111,1.279524803161621,"Single-use plastics are harmful to the environment and human health, and a government-enforced ban is both necessary and achievable. Many everyday plastic items can be replaced with reusable, compostable, or biodegradable alternatives like paper, glass, or plant-based materials that are already widely available. Countries like Rwanda and the European Union have successfully implemented plastic bans, resulting in cleaner cities and reduced pollution. Microplastics from degraded plastic have been found in human blood and organs, indicating a direct threat to public health that demands urgent action. The burden of plastic waste overwhelmingly affects communities and ecosystems, and consumers deserve safer, sustainable options. A total ban is a bold but essential step toward a cleaner, healthier future for everyone.",emphasis_and_evaluation,availability_of_alternatives,"Importantly, many single-use plastic alternatives—like paper bags, glass containers, and plant-based materials—are already widely available and can easily replace common plastic items in daily life.",emphasis_and_evaluation_availability_of_alternatives,"I should demonstrate that reusable, compostable, and biodegradable alternatives are available for bags, straws, containers, and packaging, making a ban practically feasible.",Importantly,conclusion_and_summary,microplastics_and_human_health,"In conclusion, banning single-use plastics is a necessary step to protect both our environment and public health, as microplastics from degraded plastics have been found in human blood and tissues, raising serious concerns about long-term safety.",conclusion_and_summary_microplastics_and_human_health,"I should examine emerging evidence that microplastics accumulate in human tissue, blood, and organs, posing uncertain but potentially serious health risks.",In conclusion,evidence_and_authority,success_of_existing_bans,"Evidence shows that countries and regions that have implemented bans—like Rwanda and the European Union—have seen dramatic reductions in plastic waste, proving that such policies are both practical and effective.",evidence_and_authority_success_of_existing_bans,"I should examine case studies from Rwanda, the EU, Kenya, and various US states showing that bans are enforceable and produce measurable reductions in pollution.",Evidence shows that,targeted,823,87,0.9110300690011321
2,1.782771764238964,,,synthesis_restructured,targeted,3,20260228_155111,1.3499934673309326,"Single-use plastics are a major source of pollution, and the fact that most aren’t recycled means they end up in landfills, rivers, and oceans, harming wildlife and ecosystems. Even when people try to recycle them, the system often fails, and much of it is downcycled or shipped abroad, where it’s poorly managed. Beyond environmental damage, microplastics—tiny particles from broken-down plastics—have been found in human blood and organs, raising serious concerns about long-term health impacts. Countries like Rwanda and Kenya, along with the EU and several U.S. states, have successfully implemented bans and seen dramatic reductions in plastic waste, proving that such laws are workable and effective. A total ban is not only a responsible step toward protecting our planet, but also a necessary one to safeguard public health and prevent future environmental crises.",emphasis_and_evaluation,recycling_system_failure,"Importantly, most single-use plastics aren’t recycled—so even if people try to recycle them, the system fails, and they end up polluting oceans, land, and waterways.",emphasis_and_evaluation_recycling_system_failure,"I should consider that global plastic recycling rates remain below 10%, much plastic is downcycled or exported, and source reduction through bans is therefore necessary.",Importantly,conclusion_and_summary,microplastics_and_human_health,"In conclusion, banning single-use plastics helps protect both the environment and human health, especially as microplastics have been found in our own blood and organs.",conclusion_and_summary_microplastics_and_human_health,"I should examine emerging evidence that microplastics accumulate in human tissue, blood, and organs, posing uncertain but potentially serious health risks.",In conclusion,evidence_and_authority,success_of_existing_bans,"Evidence shows that countries and cities that have banned single-use plastics—like Rwanda and Kenya—have seen massive reductions in litter and pollution, proving that bans are not just idealistic but practical.",evidence_and_authority_success_of_existing_bans,"I should examine case studies from Rwanda, the EU, Kenya, and various US states showing that bans are enforceable and produce measurable reductions in pollution.",Evidence shows that,targeted,872,121,0.8819434985498709
48,1.6707057220867974,,,synthesis_restructured,targeted,3,20260228_155111,1.3171100616455078,"Single-use plastics are not just an environmental nuisance—they’re a direct threat to human health, with microplastics now found in our blood and organs. Countries like Rwanda and Kenya have proven that a total ban is achievable and leads to cleaner cities, healthier ecosystems, and reduced pollution. Meanwhile, the real cost of plastic—cleaning up waste, treating health problems, and damaging tourism—falls on us, the public, not the corporations that profit from it. A government ban corrects this imbalance, protects our communities, and prevents future harm. It's not about restricting freedom; it's about protecting our health and planet for everyone. With better alternatives already available, there’s no reason to delay action. We should support a total ban because it’s fair, effective, and necessary.",emphasis_and_evaluation,microplastics_and_human_health,"Importantly, studies have found microplastics in human blood and organs, which suggests a direct health threat from plastic pollution that we can no longer ignore.",emphasis_and_evaluation_microplastics_and_human_health,"I should examine emerging evidence that microplastics accumulate in human tissue, blood, and organs, posing uncertain but potentially serious health risks.",Importantly,conclusion_and_summary,success_of_existing_bans,"In conclusion, countries like Rwanda and Kenya have successfully eliminated single-use plastics through strict bans, proving such policies are not only possible but effective in reducing environmental damage.",conclusion_and_summary_success_of_existing_bans,"I should examine case studies from Rwanda, the EU, Kenya, and various US states showing that bans are enforceable and produce measurable reductions in pollution.",In conclusion,evidence_and_authority,economic_externalities,"Evidence shows that the true cost of plastic pollution—cleaning beaches, treating health issues, and repairing ecosystems—falls on taxpayers, not the companies that profit from plastic, making a ban a matter of fairness and long-term savings.",evidence_and_authority_economic_externalities,"I should calculate how cleanup costs, healthcare burdens, tourism losses, and ecosystem damage are borne by the public rather than producers—a market failure requiring correction.",Evidence shows that,targeted,813,73,0.8728443457721337
0,1.862422940489722,,,synthesis_restructured,targeted,0,20260228_155111,1.443516969680786,"Single-use plastics are a major environmental hazard, with over 90% of them not being recycled and instead polluting landfills, oceans, and ecosystems. This pollution leads to long-term damage to wildlife, water systems, and even human health, all of which burden communities with cleanup costs and public health risks. While some argue bans are inconvenient, real-world examples from Rwanda, Kenya, and parts of the EU show that such policies can be successfully enforced and lead to significant reductions in plastic waste. The cost of inaction—environmental degradation, economic losses, and health impacts—far outweighs the minor inconvenience of switching to reusable alternatives. A government ban is a necessary, practical step to protect public well-being and the planet. After all, if we continue relying on disposable plastic, we’re only delaying the inevitable consequences for future generations. The time to act is now.",emphasis_and_evaluation,recycling_system_failure,"Importantly, single-use plastics are rarely recycled, with over 90% ending up in landfills or the environment, making reuse and recycling ineffective as long-term solutions.",emphasis_and_evaluation_recycling_system_failure,"I should consider that global plastic recycling rates remain below 10%, much plastic is downcycled or exported, and source reduction through bans is therefore necessary.",Importantly,conclusion_and_summary,economic_externalities,"In conclusion, the environmental and economic costs of plastic pollution—like polluted waterways, damaged wildlife, and expensive cleanups—fall on communities, not the corporations that profit from plastic production.",conclusion_and_summary_economic_externalities,"I should calculate how cleanup costs, healthcare burdens, tourism losses, and ecosystem damage are borne by the public rather than producers—a market failure requiring correction.",In conclusion,evidence_and_authority,success_of_existing_bans,"Evidence shows that countries and cities that have implemented plastic bans, like Rwanda and Kenya, have dramatically reduced plastic waste and pollution, proving such measures are practical and effective.",evidence_and_authority_success_of_existing_bans,"I should examine case studies from Rwanda, the EU, Kenya, and various US states showing that bans are enforceable and produce measurable reductions in pollution.",Evidence shows that,targeted,932,150,0.8676400946567049
46,0.0,,,synthesis_restructured,random,4,20260228_155741,1.4448425769805908,"The government should enforce a total ban on single-use plastics because real-world examples prove it works—countries like Rwanda and Kenya have eliminated plastic waste from their streets, and the EU has cut consumption by over half. These bans are not just symbolic; they drive behavioral change and reduce pollution at scale. Yet the cost of plastic isn't just environmental—it's financial and health-related, with communities paying for cleanup, healthcare issues, and damaged ecosystems. Since the companies that profit from these products don't bear the full cost, it’s fair and necessary for the government to step in. A total ban is the most effective way to protect public health, preserve nature, and hold polluters accountable. The alternative—doing nothing—only shifts the burden onto ordinary people like you and me.",conditional,success_of_existing_bans,"If countries like Rwanda and Kenya have successfully implemented nationwide bans on single-use plastics and seen dramatic reductions in plastic waste, this proves that such bans are not only feasible but highly effective in real-world settings.",conditional_success_of_existing_bans,"I should examine case studies from Rwanda, the EU, Kenya, and various US states showing that bans are enforceable and produce measurable reductions in pollution.",If,evidence_and_authority,success_of_existing_bans,"Evidence shows that places with strict bans—like Rwanda, which has nearly zero plastic waste in its streets, and the EU, which reduced single-use plastic consumption by over 50%—demonstrate that government intervention can lead to tangible environmental improvements.",evidence_and_authority_success_of_existing_bans,"I should examine case studies from Rwanda, the EU, Kenya, and various US states showing that bans are enforceable and produce measurable reductions in pollution.",Evidence shows that,concession_and_contrast,economic_externalities,"However, the real cost of plastic pollution isn’t just in litter—it’s in the hidden toll on public health, tourism, and cleanup efforts, all of which are paid for by taxpayers, not the companies that profit from single-use plastics.",concession_and_contrast_economic_externalities,"I should calculate how cleanup costs, healthcare burdens, tourism losses, and ecosystem damage are borne by the public rather than producers—a market failure requiring correction.",However,baseline,829,261,0.866675857818955
0,0.0,,,synthesis_restructured,random,3,20260228_155741,1.305997371673584,"The government should enforce a total ban on single-use plastics because it’s a necessary step to protect both people and the planet. Wealthy countries often export their plastic waste to poorer nations, burdening communities with pollution and health risks—banning plastics at the source stops this injustice before it starts. Real-world examples from Rwanda, Kenya, and the European Union prove that such bans are enforceable and reduce pollution significantly. Meanwhile, affordable and effective alternatives like paper, bamboo, and compostable materials already exist for everyday items like bags, straws, and containers. A ban isn’t about sacrifice—it’s about choosing better, sustainable options that are already available. Without strong government action, the problem will only get worse, and we’ll keep paying the cost through polluted oceans, damaged ecosystems, and public health threats.",clarification_and_specification,global_waste_trade_injustice,"In other words, banning single-use plastics at the source is critical because it prevents the environmental and health harms that poorer countries suffer when they receive waste exported from wealthier nations.",clarification_and_specification_global_waste_trade_injustice,"I should consider how wealthy countries export plastic waste to poorer nations, making this a global justice issue that requires upstream intervention at the production stage.",In other words,concession_and_contrast,success_of_existing_bans,"However, the idea that bans are impractical is outdated—countries like Rwanda and Kenya have successfully eliminated plastic bags with strict laws, showing that enforcement is both possible and effective.",concession_and_contrast_success_of_existing_bans,"I should examine case studies from Rwanda, the EU, Kenya, and various US states showing that bans are enforceable and produce measurable reductions in pollution.",However,clarification_and_specification,availability_of_alternatives,"In other words, we already have better alternatives like paper, bamboo, glass, and plant-based plastics that can replace single-use items without sacrificing convenience.",clarification_and_specification_availability_of_alternatives,"I should demonstrate that reusable, compostable, and biodegradable alternatives are available for bags, straws, containers, and packaging, making a ban practically feasible.",In other words,baseline,900,309,0.856631562160012
0,0.0,,,synthesis_restructured,random,4,20260228_155741,1.2075064182281494,"The government should enforce a total ban on single-use plastics because these materials are a major source of pollution, especially in oceans and developing countries that lack proper waste management. By banning them at the source, we prevent wealthy nations from exporting their plastic waste to countries with fewer resources to handle it. Countries like Rwanda and Kenya have already proven that such bans are effective and enforceable, leading to cleaner cities and rivers. Meanwhile, practical alternatives—such as reusable bags, paper straws, and compostable packaging—are already on the market and accessible to everyday people. A nationwide ban would not only protect the environment but also push industries to innovate and reduce waste. Ultimately, this is about taking responsibility for our consumption and protecting both people and the planet for future generations.",clarification_and_specification,global_waste_trade_injustice,"In other words, banning single-use plastics at the source prevents wealthy nations from offloading their waste onto poorer countries that lack the infrastructure to manage it.",clarification_and_specification_global_waste_trade_injustice,"I should consider how wealthy countries export plastic waste to poorer nations, making this a global justice issue that requires upstream intervention at the production stage.",In other words,concession_and_contrast,success_of_existing_bans,"However, evidence from countries like Rwanda and Kenya shows that comprehensive bans are not only feasible but also lead to significant reductions in plastic litter and marine pollution.",concession_and_contrast_success_of_existing_bans,"I should examine case studies from Rwanda, the EU, Kenya, and various US states showing that bans are enforceable and produce measurable reductions in pollution.",However,clarification_and_specification,availability_of_alternatives,"In other words, the necessary alternatives—like cloth bags, paper straws, and compostable containers—are already widely available and affordable for most consumers.",clarification_and_specification_availability_of_alternatives,"I should demonstrate that reusable, compostable, and biodegradable alternatives are available for bags, straws, containers, and packaging, making a ban practically feasible.",In other words,baseline,882,299,0.8516856719874448
3,1.7795289492371935,,,synthesis_restructured,targeted,4,20260228_155111,1.2529888153076172,"Single-use plastics are a major source of pollution, with less than 10% of all plastic ever made being recycled. A total government ban is essential because it stops waste at the source, rather than relying on broken recycling systems that fail most of the time. This is not just about cleaning up beaches or rivers—it’s about protecting public health, saving money on cleanup and healthcare, and preserving ecosystems for future generations. Countries like Rwanda and Kenya have shown that strong bans are not only possible but lead to cleaner cities and stronger environmental stewardship. The burden of plastic waste should not fall on ordinary people and taxpayers, but on the companies that profit from producing it. A ban ensures fairness and accountability while protecting the planet we all share.",emphasis_and_evaluation,recycling_system_failure,"Importantly, banning single-use plastics directly addresses the root of the problem—plastic waste—by preventing it from being created in the first place, rather than relying on flawed recycling systems.",emphasis_and_evaluation_recycling_system_failure,"I should consider that global plastic recycling rates remain below 10%, much plastic is downcycled or exported, and source reduction through bans is therefore necessary.",Importantly,conclusion_and_summary,economic_externalities,"In conclusion, a total ban is fair because it shifts the burden from taxpayers and communities to the producers who profit from plastic use.",conclusion_and_summary_economic_externalities,"I should calculate how cleanup costs, healthcare burdens, tourism losses, and ecosystem damage are borne by the public rather than producers—a market failure requiring correction.",In conclusion,concession_and_contrast,success_of_existing_bans,"However, real-world examples prove that single-use plastic bans are not only feasible but effective—places like Rwanda have become some of the cleanest in the world after implementing strict bans.",concession_and_contrast_success_of_existing_bans,"I should examine case studies from Rwanda, the EU, Kenya, and various US states showing that bans are enforceable and produce measurable reductions in pollution.",However,targeted,805,66,0.8443308956425105
15,1.751392550419084,,,synthesis_restructured,targeted,2,20260228_155111,1.323155164718628,"Single-use plastics are a major source of pollution that harms wildlife, contaminates our water, and clogs landfills—costing communities money and degrading the environment we all depend on. These materials break down into microplastics that have been found in human blood and organs, raising serious concerns about long-term health effects, especially for children and vulnerable populations. While some argue that bans are too strict, real-world examples from Rwanda, Kenya, and several U.S. states show that total bans are enforceable and lead to cleaner cities and less environmental damage. Instead of relying on voluntary changes or weak regulations, the government must act decisively to protect our health and planet. A total ban is a clear, necessary step toward a safer, cleaner future for everyone. We can’t keep postponing change when the cost of inaction is so high.",emphasis_and_evaluation,economic_externalities,"Importantly, single-use plastics pollute our environment, harm wildlife, and end up in oceans and landfills, which affects everyone through degraded ecosystems and rising cleanup costs.",emphasis_and_evaluation_economic_externalities,"I should calculate how cleanup costs, healthcare burdens, tourism losses, and ecosystem damage are borne by the public rather than producers—a market failure requiring correction.",Importantly,conclusion_and_summary,microplastics_and_human_health,"In conclusion, a total ban is necessary because these plastics are not just an environmental issue—they are a direct threat to human health, and we can’t afford to wait for more proof.",conclusion_and_summary_microplastics_and_human_health,"I should examine emerging evidence that microplastics accumulate in human tissue, blood, and organs, posing uncertain but potentially serious health risks.",In conclusion,evidence_and_authority,success_of_existing_bans,"Evidence shows that places like Rwanda and Kenya have drastically reduced plastic waste after implementing strict bans, proving that such policies are not only possible but effective.",evidence_and_authority_success_of_existing_bans,"I should examine case studies from Rwanda, the EU, Kenya, and various US states showing that bans are enforceable and produce measurable reductions in pollution.",Evidence shows that,targeted,879,129,0.8321513276210691
35,1.705821399919507,,,synthesis_restructured,targeted,0,20260228_155111,1.2268805503845217,"The government should enforce a total ban on single-use plastics because current voluntary measures from companies are unreliable and often ignored. Without legal enforcement, corporations have no real incentive to change their habits, even when they make green promises. The environmental and health costs—like polluted oceans, wildlife harm, and increased healthcare needs—are passed on to ordinary people, not the producers. Countries like Rwanda and the EU have already proven that such bans are possible and effective, reducing waste and protecting ecosystems. A nationwide ban would level the playing field, encourage innovation in sustainable alternatives, and protect our environment for future generations. It’s time to stop letting plastic pollution go unchecked and take decisive action now.",emphasis_and_evaluation,corporate_behavior_and_voluntary_failure,"Importantly, while some companies promise to reduce plastic use, they often continue relying on single-use plastics because there’s no penalty for failing to follow through. Without a government-imposed ban, these promises remain empty without enforcement.",emphasis_and_evaluation_corporate_behavior_and_voluntary_failure,"I should analyze how manufacturers default to cheap plastics despite pledges, and why only binding regulation—not voluntary commitments—can shift industry norms.",Importantly,conclusion_and_summary,economic_externalities,"In conclusion, single-use plastics cost society billions annually in cleanup, environmental damage, and health issues—costs that fall on taxpayers, not the companies that profit from them.",conclusion_and_summary_economic_externalities,"I should calculate how cleanup costs, healthcare burdens, tourism losses, and ecosystem damage are borne by the public rather than producers—a market failure requiring correction.",In conclusion,evidence_and_authority,success_of_existing_bans,Evidence shows that countries and regions that have banned single-use plastics—like Rwanda and parts of the EU—have seen dramatic reductions in plastic waste and cleaner public spaces.,evidence_and_authority_success_of_existing_bans,"I should examine case studies from Rwanda, the EU, Kenya, and various US states showing that bans are enforceable and produce measurable reductions in pollution.",Evidence shows that,targeted,802,62,0.8231462068673784
30,1.705821399919507,,,synthesis_restructured,targeted,4,20260228_155111,1.2834110260009766,"Single-use plastics are a major threat to marine life, causing widespread harm through ingestion and entanglement that kills millions of animals annually. This pollution doesn't just affect wildlife—it degrades coral reefs, disrupts food chains, and leads to long-term environmental damage that ultimately costs all of us through higher cleanup bills and lost tourism. Many places around the world, including Rwanda, Kenya, and several U.S. states, have already proven that banning single-use plastics is not only possible but highly effective in reducing pollution. These real-world examples show that government action can drive meaningful change without crippling economies. With reusable alternatives already widely available, the technology and infrastructure exist to make a ban practical and sustainable. That’s why the government must step in and enforce a total ban to protect our planet and future generations.",emphasis_and_evaluation,marine_ecosystem_destruction,"Importantly, single-use plastics are a leading cause of pollution in our oceans, killing millions of marine animals every year through ingestion and entanglement.",emphasis_and_evaluation_marine_ecosystem_destruction,"I should consider how single-use plastics kill marine animals through ingestion and entanglement, degrade coral reefs, and disrupt ocean ecosystems at massive scale.",Importantly,conclusion_and_summary,economic_externalities,"In conclusion, the harm caused by single-use plastics goes far beyond litter—it damages ecosystems, harms human health, and burdens taxpayers with cleanup and healthcare costs.",conclusion_and_summary_economic_externalities,"I should calculate how cleanup costs, healthcare burdens, tourism losses, and ecosystem damage are borne by the public rather than producers—a market failure requiring correction.",In conclusion,evidence_and_authority,success_of_existing_bans,"Evidence shows that countries and regions that have implemented bans—like Rwanda and Kenya—have seen dramatic drops in plastic waste and cleaner streets and waterways, proving that bans work in real life.",evidence_and_authority_success_of_existing_bans,"I should examine case studies from Rwanda, the EU, Kenya, and various US states showing that bans are enforceable and produce measurable reductions in pollution.",Evidence shows that,targeted,920,146,0.8180547250871759
18,1.710499328425406,,,synthesis_restructured,targeted,2,20260228_155111,1.402925729751587,"Single-use plastics don’t just vanish after we toss them—they persist in the environment for centuries, polluting oceans, harming animals, and entering our food chain. This isn’t just about clean streets; it’s about protecting our health, as microplastics have now been found in human blood and organs, with unknown long-term consequences. The good news is that bans are already working: countries like Rwanda and Kenya, and cities in the US and EU, have significantly cut plastic waste after implementing strict bans. These real-world examples show that a government-enforced ban is not only possible but effective. As someone who just wants a cleaner, safer world for my family, I believe we can’t afford to wait—government action is the fastest, most responsible way to end this crisis. A total ban is a bold, necessary step toward protecting both people and the planet.",emphasis_and_evaluation,intergenerational_responsibility,"Importantly, single-use plastics don’t just disappear—they linger in oceans, soil, and even our food chain for hundreds of years, harming wildlife and potentially affecting human health.",emphasis_and_evaluation_intergenerational_responsibility,"I should evaluate how plastics persist for centuries in the environment, meaning today's convenience imposes long-term burdens on future generations who had no say in their creation.",Importantly,conclusion_and_summary,microplastics_and_human_health,"In conclusion, the health risks from microplastics entering our bodies through food and water make a strong case for eliminating the source—single-use plastics—at the government level.",conclusion_and_summary_microplastics_and_human_health,"I should examine emerging evidence that microplastics accumulate in human tissue, blood, and organs, posing uncertain but potentially serious health risks.",In conclusion,clarification_and_specification,success_of_existing_bans,"In other words, countries and cities that have already banned single-use plastics have seen cleaner streets, reduced litter, and a shift toward more sustainable alternatives—proving this isn’t just idealistic, but practical.",clarification_and_specification_success_of_existing_bans,"I should examine case studies from Rwanda, the EU, Kenya, and various US states showing that bans are enforceable and produce measurable reductions in pollution.",In other words,targeted,873,122,0.8041679736279602
43,1.6716089150957432,,,synthesis_restructured,targeted,0,20260228_155111,1.3394980430603027,"Single-use plastics are a major source of pollution that harm wildlife, clog landfills, and contaminate our waterways—yet less than 10% of them are actually recycled. This environmental damage comes at a high cost to society, including increased cleanup efforts, lost tourism, and health risks, all of which are paid for by ordinary people, not the companies that profit from plastic. A total ban by the government is the most effective way to break this cycle and force a shift toward sustainable alternatives. Countries like Rwanda and Kenya, as well as cities across the EU and the U.S., have already proven that such bans are practical and lead to cleaner, healthier communities. With strong enforcement and public support, a nationwide ban is not just realistic—it’s necessary to protect both our planet and our future.",emphasis_and_evaluation,recycling_system_failure,"Importantly, most single-use plastics aren't recycled and end up polluting oceans, landfills, and wildlife habitats, harming ecosystems and human health.",emphasis_and_evaluation_recycling_system_failure,"I should consider that global plastic recycling rates remain below 10%, much plastic is downcycled or exported, and source reduction through bans is therefore necessary.",Importantly,conclusion_and_summary,economic_externalities,"In conclusion, the government must step in to stop this preventable harm, since businesses have little incentive to act on their own, and the public pays the price through environmental degradation and higher costs.",conclusion_and_summary_economic_externalities,"I should calculate how cleanup costs, healthcare burdens, tourism losses, and ecosystem damage are borne by the public rather than producers—a market failure requiring correction.",In conclusion,sequence_and_transition,success_of_existing_bans,"Next, real-world examples from countries and cities that have successfully banned single-use plastics prove it’s not only possible but effective, leading to cleaner streets, healthier oceans, and more sustainable communities.",sequence_and_transition_success_of_existing_bans,"I should examine case studies from Rwanda, the EU, Kenya, and various US states showing that bans are enforceable and produce measurable reductions in pollution.",Next,targeted,824,88,0.7969092480834375
48,1.6707057220867974,,,synthesis_restructured,targeted,2,20260228_155111,1.2121353149414062,"Single-use plastics are a growing threat to both human health and the environment, with microplastics now found in human blood and organs—evidence that we can no longer ignore. While some argue bans are too strict, countries like Rwanda and Kenya have shown that nationwide bans are not only enforceable but lead to cleaner cities and healthier ecosystems. The real cost of plastic pollution—cleaning up waste, treating related health issues, and protecting wildlife—is borne by ordinary people, not the corporations that profit from plastic production. A ban would shift the burden back to those who create the problem and incentivize sustainable alternatives. Ultimately, protecting our families and planet from preventable harm is a responsibility we all share. Government action is not only justified—it’s necessary.",emphasis_and_evaluation,microplastics_and_human_health,"Importantly, studies have detected microplastics in human blood and organs, which raises serious concerns about long-term health impacts that we don't yet fully understand.",emphasis_and_evaluation_microplastics_and_human_health,"I should examine emerging evidence that microplastics accumulate in human tissue, blood, and organs, posing uncertain but potentially serious health risks.",Importantly,conclusion_and_summary,success_of_existing_bans,"In conclusion, countries like Rwanda and Kenya have successfully implemented nationwide bans and seen dramatic reductions in plastic waste, proving that such policies are practical and effective.",conclusion_and_summary_success_of_existing_bans,"I should examine case studies from Rwanda, the EU, Kenya, and various US states showing that bans are enforceable and produce measurable reductions in pollution.",In conclusion,evidence_and_authority,economic_externalities,"Evidence shows that the true cost of plastic pollution—through cleanup, healthcare, and environmental damage—is paid by taxpayers and communities, not the companies that profit from plastic production.",evidence_and_authority_economic_externalities,"I should calculate how cleanup costs, healthcare burdens, tourism losses, and ecosystem damage are borne by the public rather than producers—a market failure requiring correction.",Evidence shows that,targeted,820,81,0.7630013652166838
24,1.710499328425406,,,synthesis_restructured,targeted,0,20260228_155111,1.1862170696258545,"Single-use plastics are a major source of pollution that harm wildlife, contaminate our water and food, and damage ecosystems we all depend on. These products are cheap in the short term but carry enormous hidden costs—like cleanup bills, healthcare impacts, and damage to tourism—that ultimately fall on ordinary people. Countries like Rwanda and Kenya have already shown that strict bans work, reducing plastic waste dramatically without causing economic collapse. With microplastics now found in human blood and organs, the long-term health risks are too serious to ignore. A government-enforced ban is a responsible step to protect both public health and the environment. It’s not about restricting freedom—it’s about protecting our shared future from avoidable harm.",emphasis_and_evaluation,economic_externalities,"Importantly, single-use plastics pollute our oceans, harm wildlife, and end up in our food and water, all of which affect public health and quality of life.",emphasis_and_evaluation_economic_externalities,"I should calculate how cleanup costs, healthcare burdens, tourism losses, and ecosystem damage are borne by the public rather than producers—a market failure requiring correction.",Importantly,conclusion_and_summary,microplastics_and_human_health,"In conclusion, since these products create long-term harm we can’t reverse, and the burden falls on taxpayers and communities, a ban is a necessary and fair solution.",conclusion_and_summary_microplastics_and_human_health,"I should examine emerging evidence that microplastics accumulate in human tissue, blood, and organs, posing uncertain but potentially serious health risks.",In conclusion,clarification_and_specification,success_of_existing_bans,"In other words, real-world examples prove that banning single-use plastics isn’t just idealistic—it’s practical and effective in reducing plastic waste.",clarification_and_specification_success_of_existing_bans,"I should examine case studies from Rwanda, the EU, Kenya, and various US states showing that bans are enforceable and produce measurable reductions in pollution.",In other words,targeted,771,35,0.760861941292097
23,1.710499328425406,,,synthesis_restructured,targeted,3,20260228_155111,1.3515150547027588,"The government should enforce a total ban on single-use plastics because it’s a proven, practical solution that’s already working in countries like Rwanda and Kenya, where cities are cleaner and marine life is healthier. These bans aren’t just symbolic—they’ve led to real reductions in plastic waste and pollution, showing that such policies are enforceable and effective. Beyond environmental benefits, single-use plastics are now found in human blood and organs, meaning they pose a direct threat to our health. As an average person, I want clean water, safer food, and a healthier future for my family—banning these harmful plastics is the responsible step. The government has the power to act now, and it should not wait for more harm to be done. A total ban is not extreme—it’s necessary and achievable.",emphasis_and_evaluation,success_of_existing_bans,"Importantly, countries like Rwanda and Kenya have successfully implemented nationwide bans on single-use plastics, resulting in cleaner cities and reduced environmental harm, proving such policies are not only possible but effective.",emphasis_and_evaluation_success_of_existing_bans,"I should examine case studies from Rwanda, the EU, Kenya, and various US states showing that bans are enforceable and produce measurable reductions in pollution.",Importantly,conclusion_and_summary,microplastics_and_human_health,"In conclusion, banning single-use plastics is not just about protecting nature—it’s about protecting our own health, as microplastics from these items have now been found in human blood and organs.",conclusion_and_summary_microplastics_and_human_health,"I should examine emerging evidence that microplastics accumulate in human tissue, blood, and organs, posing uncertain but potentially serious health risks.",In conclusion,clarification_and_specification,success_of_existing_bans,"In other words, the government has a responsibility to act decisively—bans are already working in real places, and we’re seeing cleaner streets, less wildlife harm, and fewer plastic-clogged waterways.",clarification_and_specification_success_of_existing_bans,"I should examine case studies from Rwanda, the EU, Kenya, and various US states showing that bans are enforceable and produce measurable reductions in pollution.",In other words,targeted,809,71,0.7579232102831306
0,0.0,,,synthesis_restructured,random,1,20260228_155741,1.3449885845184326,"Single-use plastics are a major source of pollution, clogging waterways, harming wildlife, and contributing to climate change. It's not just an environmental issue—it's a matter of global justice, as wealthy nations often export their plastic waste to poorer countries, shifting the burden onto communities that are least equipped to handle it. But the idea that banning these materials is unrealistic ignores real success stories: Rwanda, Kenya, and the European Union have all implemented effective bans, leading to cleaner cities and reduced pollution. We already have practical alternatives—reusable bags, paper packaging, and compostable containers—that are widely available and can meet everyday needs. A total ban isn’t about hardship; it’s about responsibility, innovation, and protecting the planet for future generations. The government has a duty to act, and a ban is the most effective step toward a cleaner, more sustainable future.",clarification_and_specification,global_waste_trade_injustice,"In other words, single-use plastics are not just a local environmental issue—they're a global problem, often shifting environmental harm from rich nations to poorer ones through waste export.",clarification_and_specification_global_waste_trade_injustice,"I should consider how wealthy countries export plastic waste to poorer nations, making this a global justice issue that requires upstream intervention at the production stage.",In other words,concession_and_contrast,success_of_existing_bans,"However, real-world evidence from Rwanda, Kenya, and the European Union proves that bans can be successfully implemented and lead to significant drops in plastic waste.",concession_and_contrast_success_of_existing_bans,"I should examine case studies from Rwanda, the EU, Kenya, and various US states showing that bans are enforceable and produce measurable reductions in pollution.",However,clarification_and_specification,availability_of_alternatives,"In other words, we already have safer, sustainable alternatives—like reusable bags, paper packaging, and compostable materials—that can replace single-use plastics without sacrificing convenience.",clarification_and_specification_availability_of_alternatives,"I should demonstrate that reusable, compostable, and biodegradable alternatives are available for bags, straws, containers, and packaging, making a ban practically feasible.",In other words,baseline,945,327,0.7548198210536993
6,1.7514575785052098,,,synthesis_restructured,targeted,1,20260228_155111,1.2045435905456543,"Single-use plastics are a major source of pollution, with less than 10% of all plastic ever produced being recycled—most end up in landfills or the natural environment, harming wildlife and ecosystems. Even if recycling were improved, the sheer volume and short lifespan of single-use items make it unsustainable; banning them at the source is the most effective way to prevent pollution before it starts. Countries like Rwanda, Kenya, and several European nations have already proven that total bans are feasible, leading to cleaner cities, healthier ecosystems, and reduced cleanup costs. These bans shift responsibility from taxpayers and future generations to producers and consumers who choose convenience over sustainability. As someone who cares about clean neighborhoods and a healthy planet, I believe a government-led ban is not just practical but essential for protecting our shared environment and public health.",emphasis_and_evaluation,recycling_system_failure,"Importantly, single-use plastics are rarely recycled and often end up polluting oceans, landfills, and wildlife habitats, causing long-term environmental harm.",emphasis_and_evaluation_recycling_system_failure,"I should consider that global plastic recycling rates remain below 10%, much plastic is downcycled or exported, and source reduction through bans is therefore necessary.",Importantly,conclusion_and_summary,economic_externalities,"In conclusion, banning single-use plastics is a necessary step to reduce the massive hidden costs to society that come from plastic pollution.",conclusion_and_summary_economic_externalities,"I should calculate how cleanup costs, healthcare burdens, tourism losses, and ecosystem damage are borne by the public rather than producers—a market failure requiring correction.",In conclusion,exemplification,success_of_existing_bans,"For example, countries like Rwanda and Kenya have successfully banned plastic bags and seen dramatic improvements in cleanliness and environmental health.",exemplification_success_of_existing_bans,"I should examine case studies from Rwanda, the EU, Kenya, and various US states showing that bans are enforceable and produce measurable reductions in pollution.",For example,targeted,924,149,0.7510920228685161
33,1.705821399919507,,,synthesis_restructured,targeted,1,20260228_155111,1.2729971408843994,"Single-use plastics are a major source of pollution, and the burden of cleaning them up falls on taxpayers and communities, not the companies that profit from them. Wealthy nations often export their plastic waste to poorer countries, where it worsens environmental injustice and damages vulnerable ecosystems. However, real-world examples from Rwanda, Kenya, and the European Union show that total bans are enforceable and lead to dramatic reductions in plastic pollution. These bans prove that systemic change is possible without sacrificing public convenience, especially when alternatives like reusable bags and containers are widely available. Therefore, a government-enforced ban on single-use plastics is a necessary and achievable step toward protecting our environment, public health, and global equity.",emphasis_and_evaluation,global_waste_trade_injustice,"Importantly, many developed countries export their plastic waste to less wealthy nations, where it often ends up in rivers and oceans, harming ecosystems and communities that contribute least to the pollution.",emphasis_and_evaluation_global_waste_trade_injustice,"I should consider how wealthy countries export plastic waste to poorer nations, making this a global justice issue that requires upstream intervention at the production stage.",Importantly,conclusion_and_summary,economic_externalities,"In conclusion, the environmental and economic costs of plastic pollution—such as cleanup efforts, health impacts, and damaged tourism—are paid by taxpayers, not the corporations that profit from single-use plastics; a ban would shift responsibility to those who create the problem.",conclusion_and_summary_economic_externalities,"I should calculate how cleanup costs, healthcare burdens, tourism losses, and ecosystem damage are borne by the public rather than producers—a market failure requiring correction.",In conclusion,evidence_and_authority,success_of_existing_bans,"Evidence shows that countries like Rwanda and Kenya, which have implemented strict plastic bans, now have cleaner cities and rivers, proving such laws are not only possible but effective.",evidence_and_authority_success_of_existing_bans,"I should examine case studies from Rwanda, the EU, Kenya, and various US states showing that bans are enforceable and produce measurable reductions in pollution.",Evidence shows that,targeted,812,72,0.7404713065495591
46,0.0,,,synthesis_restructured,random,2,20260228_155741,1.470628261566162,"A total ban on single-use plastics is not only necessary but achievable, as proven by countries like Rwanda and Kenya, which have successfully eliminated plastic waste through strict enforcement. The European Union and several U.S. states have also seen significant reductions in plastic pollution after passing similar laws, showing these bans work in diverse economies. The hidden costs—like cleaning up beaches, damaging marine life, and even health risks from microplastics—are paid by all of us, not the companies that profit from plastic production. By banning single-use plastics, the government can protect the environment, reduce public health risks, and shift responsibility back to polluters. This isn’t about inconvenience—it’s about fairness and long-term sustainability. As individuals, we’ve already adapted to reusable bags and bottles; now it’s time for systemic change. A ban is the most responsible and effective step we can take to preserve our planet for future generations.",conditional,success_of_existing_bans,"If countries like Rwanda and Kenya have successfully banned single-use plastics and dramatically reduced plastic waste, then a total ban is not only feasible but already proven in real-world settings.",conditional_success_of_existing_bans,"I should examine case studies from Rwanda, the EU, Kenya, and various US states showing that bans are enforceable and produce measurable reductions in pollution.",If,evidence_and_authority,success_of_existing_bans,"Evidence shows that places like Rwanda, the EU, and California have cut down on plastic pollution after implementing bans, proving that such laws work in practice and can be enforced without collapsing economies.",evidence_and_authority_success_of_existing_bans,"I should examine case studies from Rwanda, the EU, Kenya, and various US states showing that bans are enforceable and produce measurable reductions in pollution.",Evidence shows that,concession_and_contrast,economic_externalities,"However, the real cost of single-use plastics isn’t just in the purchase—it’s in the environment, in our oceans, in our landfills, and even in our bodies, which eventually burden public health and taxpayer-funded cleanup.",concession_and_contrast_economic_externalities,"I should calculate how cleanup costs, healthcare burdens, tourism losses, and ecosystem damage are borne by the public rather than producers—a market failure requiring correction.",However,baseline,995,340,0.7164613240879548
33,0.0,,,synthesis_restructured,random,4,20260228_155741,1.4353864192962646,"A total ban on single-use plastics is essential because these items are a major driver of pollution that harms both people and the planet. Wealthy countries often export their plastic waste to developing nations that don’t have the resources to handle it safely, leading to severe environmental damage and health risks in vulnerable communities. Beyond the global injustice, microplastics have been detected in human blood, organs, and even unborn babies, showing that plastic pollution is now a direct threat to our health. Since these items are easily replaceable with sustainable alternatives like reusable bags, glass containers, or biodegradable materials, there’s no excuse for continuing to allow them in our daily lives. A government-enforced ban would push manufacturers to innovate and consumers to adopt better habits. It’s not just about cleaning up beaches—it’s about protecting public health and ensuring fairness across borders. The time to act is now, before the damage becomes irreversible.",evidence_and_authority,global_waste_trade_injustice,"Evidence shows that wealthy nations often export their plastic waste to developing countries, which lack the infrastructure to manage it safely—leading to environmental harm and public health risks in those regions.",evidence_and_authority_global_waste_trade_injustice,"I should consider how wealthy countries export plastic waste to poorer nations, making this a global justice issue that requires upstream intervention at the production stage.",Evidence shows that,addition_and_elaboration,microplastics_and_human_health,"Moreover, microplastics have been found in human blood, organs, and even placental tissue, indicating that plastic pollution is no longer just an environmental problem—it's a direct threat to human health.",addition_and_elaboration_microplastics_and_human_health,"I should examine emerging evidence that microplastics accumulate in human tissue, blood, and organs, posing uncertain but potentially serious health risks.",Moreover,evidence_and_authority,global_waste_trade_injustice,"Evidence shows that wealthy nations often export their plastic waste to developing countries, which lack the infrastructure to manage it safely—leading to environmental harm and public health risks in those regions.",evidence_and_authority_global_waste_trade_injustice,"I should consider how wealthy countries export plastic waste to poorer nations, making this a global justice issue that requires upstream intervention at the production stage.",Evidence shows that,baseline,1007,341,0.6915935038900378
0,1.862422940489722,,,synthesis_restructured,targeted,2,20260228_155111,1.3272759914398191,"Single-use plastics are a major environmental hazard, with less than 10% being recycled globally—most end up in landfills or oceans, harming wildlife and polluting our waterways. This isn’t just an ecological issue; it’s a public cost, as communities pay for cleanup, face health risks from microplastics, and lose tourism revenue due to dirty beaches. Real-world examples from countries like Rwanda and regions in the EU show that a total ban is not only feasible but effective at drastically cutting down plastic waste. As an average citizen, I care about clean air, clean water, and a safe environment for my family—banning single-use plastics is a necessary step to protect our shared future. The government has a responsibility to act now before the damage becomes irreversible. A ban is a practical and responsible solution that puts people and the planet first.",emphasis_and_evaluation,recycling_system_failure,"Importantly, the vast majority of single-use plastics aren't recycled and instead end up in landfills or oceans, where they cause lasting environmental harm.",emphasis_and_evaluation_recycling_system_failure,"I should consider that global plastic recycling rates remain below 10%, much plastic is downcycled or exported, and source reduction through bans is therefore necessary.",Importantly,conclusion_and_summary,economic_externalities,"In conclusion, banning single-use plastics protects public health, reduces long-term taxpayer-funded cleanup costs, and prevents irreversible damage to ecosystems.",conclusion_and_summary_economic_externalities,"I should calculate how cleanup costs, healthcare burdens, tourism losses, and ecosystem damage are borne by the public rather than producers—a market failure requiring correction.",In conclusion,evidence_and_authority,success_of_existing_bans,"Evidence shows that places that have banned single-use plastics—like Rwanda and parts of the EU—have dramatically reduced plastic waste and pollution, proving such policies can work in real-world settings.",evidence_and_authority_success_of_existing_bans,"I should examine case studies from Rwanda, the EU, Kenya, and various US states showing that bans are enforceable and produce measurable reductions in pollution.",Evidence shows that,targeted,868,119,0.6763520670789932
40,1.6754262663262236,,,synthesis_restructured,targeted,2,20260228_155111,1.4307000637054443,"The government should enforce a total ban on single-use plastics because most of these items aren’t recycled—only about 9% of all plastic ever made has ever been recycled—and even when they are, the quality degrades, making reuse impossible. This leads to massive pollution in oceans, rivers, and landfills, with cleanup costs, health risks, and tourism losses falling on ordinary people and taxpayers. Countries like Rwanda and Kenya have already proven that strict bans are enforceable and lead to cleaner cities and healthier ecosystems. A government ban is a necessary, fair step to hold producers accountable and protect the environment for future generations. This isn’t about restricting freedom—it’s about protecting our shared world from preventable harm.",emphasis_and_evaluation,recycling_system_failure,"Importantly, most single-use plastics are not recycled—only about 9% of all plastic ever made has been recycled—and even when recycled, it often degrades in quality. This means that without a ban, we’re essentially creating a never-ending cycle of pollution.",emphasis_and_evaluation_recycling_system_failure,"I should consider that global plastic recycling rates remain below 10%, much plastic is downcycled or exported, and source reduction through bans is therefore necessary.",Importantly,conclusion_and_summary,economic_externalities,"In conclusion, the environmental and economic costs of single-use plastics are enormous and passed on to taxpayers and communities, especially in coastal and low-income areas. A government ban is a fair and necessary way to shift responsibility back to producers and protect public health.",conclusion_and_summary_economic_externalities,"I should calculate how cleanup costs, healthcare burdens, tourism losses, and ecosystem damage are borne by the public rather than producers—a market failure requiring correction.",In conclusion,conditional,success_of_existing_bans,"If we look at places like Rwanda and Kenya, which have implemented strict bans, plastic pollution levels dropped dramatically, and communities are visibly cleaner. This proves that bans work in real-world settings, not just on paper.",conditional_success_of_existing_bans,"I should examine case studies from Rwanda, the EU, Kenya, and various US states showing that bans are enforceable and produce measurable reductions in pollution.",If,targeted,764,31,0.6666867998843861
12,1.751392550419084,,,synthesis_restructured,targeted,0,20260228_155111,1.1782639026641846,"Single-use plastics are made from fossil fuels, and their production releases harmful greenhouse gases that worsen climate change. Even after disposal, they break down into microplastics that have been found in human blood, organs, and even placenta, raising serious concerns about long-term health risks. Countries like Rwanda and Kenya have proven that a total ban is feasible and leads to cleaner cities and less environmental harm. The U.S. has already seen success with bans in states like California and Maine, showing that policy change is both achievable and impactful. We cannot wait for more evidence when the harm is already visible in our oceans, wildlife, and bodies. A government-enforced ban is a necessary, proactive step to protect our planet and our health.",emphasis_and_evaluation,carbon_footprint_and_climate,"Importantly, single-use plastics are made from fossil fuels, and producing them releases significant greenhouse gases, contributing to climate change.",emphasis_and_evaluation_carbon_footprint_and_climate,"I should analyze how single-use plastics are petrochemical products that contribute to emissions throughout their lifecycle, from extraction to incineration.",Importantly,conclusion_and_summary,microplastics_and_human_health,"In conclusion, the widespread presence of microplastics in our bodies is alarming, and a ban would help reduce this invisible but growing threat to human health.",conclusion_and_summary_microplastics_and_human_health,"I should examine emerging evidence that microplastics accumulate in human tissue, blood, and organs, posing uncertain but potentially serious health risks.",In conclusion,evidence_and_authority,success_of_existing_bans,"Evidence shows that countries like Rwanda and Kenya have successfully eliminated plastic waste in urban areas after implementing total bans, proving such policies are not only possible but effective.",evidence_and_authority_success_of_existing_bans,"I should examine case studies from Rwanda, the EU, Kenya, and various US states showing that bans are enforceable and produce measurable reductions in pollution.",Evidence shows that,targeted,775,40,0.6448740256994501
47,1.6707057220867974,,,synthesis_restructured,targeted,2,20260228_155111,1.1696603298187256,"Plastic pollution is a global crisis that disproportionately harms vulnerable communities, especially in developing nations where waste is often dumped due to lack of infrastructure. Governments have a responsibility to act decisively, and proven bans in places like Rwanda, Kenya, and the EU show that such measures are both feasible and effective. The real cost of plastic—cleanup, environmental damage, and health impacts—is borne by the public, not the companies that profit from single-use plastics. A total ban would shift the burden back to producers and incentivize sustainable alternatives. Without strong government action, we’ll continue to sacrifice our environment and public health for convenience. It’s time to prioritize long-term well-being over short-term convenience.",emphasis_and_evaluation,global_waste_trade_injustice,"Importantly, plastic waste often ends up in developing countries that lack the infrastructure to manage it, leading to severe environmental and health consequences for vulnerable communities.",emphasis_and_evaluation_global_waste_trade_injustice,"I should consider how wealthy countries export plastic waste to poorer nations, making this a global justice issue that requires upstream intervention at the production stage.",Importantly,conclusion_and_summary,success_of_existing_bans,"In conclusion, proven examples like Rwanda's nationwide plastic ban and the EU’s single-use plastics directive show that such policies are not only possible but effective at reducing pollution and encouraging innovation.",conclusion_and_summary_success_of_existing_bans,"I should examine case studies from Rwanda, the EU, Kenya, and various US states showing that bans are enforceable and produce measurable reductions in pollution.",In conclusion,evidence_and_authority,economic_externalities,"Evidence shows that the true cost of plastic pollution—including cleanup, healthcare, and environmental damage—is passed on to taxpayers and communities, not the corporations that profit from it.",evidence_and_authority_economic_externalities,"I should calculate how cleanup costs, healthcare burdens, tourism losses, and ecosystem damage are borne by the public rather than producers—a market failure requiring correction.",Evidence shows that,targeted,786,50,0.6336777397543948
48,1.6707057220867974,,,synthesis_restructured,targeted,0,20260228_155111,1.2249207496643066,"The government should enforce a total ban on single-use plastics because they are not just an environmental problem—they’re a threat to our health. Microplastics have been found in human blood and organs, and while long-term effects aren't fully known, we shouldn’t wait for a crisis to act. Countries like Rwanda and Kenya have already banned single-use plastics and seen dramatic drops in pollution, proving such bans are realistic and effective. Meanwhile, the real cost of plastic—cleaning up beaches, treating illnesses, and damaging ecosystems—is paid by ordinary people through higher taxes and lost tourism. It’s unfair that companies profit from plastic while society bears the burden. A total ban is a necessary step to protect both our health and our planet for future generations.",emphasis_and_evaluation,microplastics_and_human_health,"Importantly, studies have found microplastics in human blood and organs, raising alarming concerns about long-term health effects that we are only beginning to understand.",emphasis_and_evaluation_microplastics_and_human_health,"I should examine emerging evidence that microplastics accumulate in human tissue, blood, and organs, posing uncertain but potentially serious health risks.",Importantly,conclusion_and_summary,success_of_existing_bans,"In conclusion, countries like Rwanda and Kenya have successfully implemented full plastic bans with significant reductions in litter, proving that such policies are both feasible and effective.",conclusion_and_summary_success_of_existing_bans,"I should examine case studies from Rwanda, the EU, Kenya, and various US states showing that bans are enforceable and produce measurable reductions in pollution.",In conclusion,evidence_and_authority,economic_externalities,"Evidence shows that the true cost of plastic pollution—cleaning beaches, treating health issues, and losing tourism—is paid by taxpayers, not the corporations that profit from single-use plastics.",evidence_and_authority_economic_externalities,"I should calculate how cleanup costs, healthcare burdens, tourism losses, and ecosystem damage are borne by the public rather than producers—a market failure requiring correction.",Evidence shows that,targeted,792,54,0.6145946930779836
34,1.705821399919507,,,synthesis_restructured,targeted,2,20260228_155111,1.5720164775848389,"Single-use plastics are a major source of pollution that harms our environment, wildlife, and communities—yet they’re still widely used because they’re cheap and convenient. The good news is that safe, affordable alternatives like reusable bags, paper packaging, and compostable containers are already available and used by millions of people every day. Countries like Rwanda and Kenya have shown that strict bans work: plastic waste has dropped dramatically, and cleanup costs have fallen. In the U.S., states like California and Hawaii have seen similar results after implementing similar policies. A total ban isn’t just possible—it’s necessary to protect our health, stop polluting our oceans, and save money on long-term cleanups. The real cost of plastic isn’t in the bag or straw—it’s in the damage it causes, and that cost should no longer be borne by ordinary people. It's time for the government to step in and protect us all by banning these harmful products once and for all.",emphasis_and_evaluation,availability_of_alternatives,"Importantly, many alternatives like reusable bags, paper packaging, and plant-based containers are already widely available and affordable, showing that a ban on single-use plastics is not only possible but already being adopted by many communities and businesses.",emphasis_and_evaluation_availability_of_alternatives,"I should demonstrate that reusable, compostable, and biodegradable alternatives are available for bags, straws, containers, and packaging, making a ban practically feasible.",Importantly,conclusion_and_summary,economic_externalities,"In conclusion, the real cost of single-use plastics isn't just in the product itself—it's in the pollution that harms our oceans, clogs our cities, and damages wildlife, costs that we all end up paying through taxes, cleanups, and lost tourism revenue.",conclusion_and_summary_economic_externalities,"I should calculate how cleanup costs, healthcare burdens, tourism losses, and ecosystem damage are borne by the public rather than producers—a market failure requiring correction.",In conclusion,evidence_and_authority,success_of_existing_bans,"Evidence shows that countries like Rwanda and Kenya have successfully eliminated plastic waste through strict bans, proving that public compliance is possible when policies are clearly communicated and supported with alternatives.",evidence_and_authority_success_of_existing_bans,"I should examine case studies from Rwanda, the EU, Kenya, and various US states showing that bans are enforceable and produce measurable reductions in pollution.",Evidence shows that,targeted,987,167,0.6131355279126509
6,1.7514575785052098,,,synthesis_restructured,targeted,2,20260228_155111,1.4098920822143557,"Single-use plastics are a major environmental threat, with less than 10% being recycled globally—most end up polluting our land, oceans, and even our bodies. The cost of cleaning up this mess, protecting wildlife, and dealing with health risks falls on regular people, not the companies that make and profit from these products. However, countries like Rwanda and the European Union have shown that banning single-use plastics is not only possible but effective in dramatically reducing pollution. These bans have led to cleaner cities, healthier ecosystems, and less waste—proving that government action can make a real difference. Since we all share the planet and its resources, it’s only fair that we protect it by eliminating the most harmful, non-essential plastics. A total ban is not an extreme measure—it’s a necessary step to safeguard our future.",emphasis_and_evaluation,recycling_system_failure,"Importantly, most single-use plastics aren't recycled—less than 10% globally—meaning they end up in landfills, incinerators, or the natural environment, where they persist for centuries.",emphasis_and_evaluation_recycling_system_failure,"I should consider that global plastic recycling rates remain below 10%, much plastic is downcycled or exported, and source reduction through bans is therefore necessary.",Importantly,conclusion_and_summary,economic_externalities,"In conclusion, the environmental and economic toll of plastic pollution—ranging from polluted beaches to microplastics in our food and water—falls on ordinary citizens, not the corporations that profit from these products.",conclusion_and_summary_economic_externalities,"I should calculate how cleanup costs, healthcare burdens, tourism losses, and ecosystem damage are borne by the public rather than producers—a market failure requiring correction.",In conclusion,exemplification,success_of_existing_bans,"For example, Rwanda’s nationwide plastic ban has made it one of the cleanest countries in Africa, and other regions have seen similar success—proving that bans work in real-world conditions.",exemplification_success_of_existing_bans,"I should examine case studies from Rwanda, the EU, Kenya, and various US states showing that bans are enforceable and produce measurable reductions in pollution.",For example,targeted,857,113,0.611789429194694
22,1.710499328425406,,,synthesis_restructured,targeted,1,20260228_155111,1.103069305419922,"Single-use plastics are made from fossil fuels, and their production emits large amounts of greenhouse gases, making them a major contributor to climate change. Even after disposal, they break down into microplastics that have been found in human blood, organs, and tissues, posing serious but still poorly understood health risks. Countries like Rwanda, Kenya, and members of the EU have successfully implemented plastic bans, resulting in cleaner cities, healthier oceans, and less pollution. With reusable alternatives widely available and proven in practice, a total ban is not only possible but urgently needed. This kind of action protects both people and the planet from long-term harm. As a regular person who cares about clean streets and a safer future, I believe we can and should act now.",emphasis_and_evaluation,carbon_footprint_and_climate,"Importantly, single-use plastics are made from fossil fuels and their production releases significant greenhouse gases, contributing to climate change.",emphasis_and_evaluation_carbon_footprint_and_climate,"I should analyze how single-use plastics are petrochemical products that contribute to emissions throughout their lifecycle, from extraction to incineration.",Importantly,conclusion_and_summary,microplastics_and_human_health,"In conclusion, banning single-use plastics is a necessary step to protect both our environment and public health from harmful pollutants and toxins.",conclusion_and_summary_microplastics_and_human_health,"I should examine emerging evidence that microplastics accumulate in human tissue, blood, and organs, posing uncertain but potentially serious health risks.",In conclusion,clarification_and_specification,success_of_existing_bans,"In other words, real-world examples prove that banning single-use plastics is feasible and effective, reducing litter and protecting ecosystems.",clarification_and_specification_success_of_existing_bans,"I should examine case studies from Rwanda, the EU, Kenya, and various US states showing that bans are enforceable and produce measurable reductions in pollution.",In other words,targeted,800,60,0.5965914164067417
22,1.710499328425406,,,synthesis_restructured,targeted,3,20260228_155111,1.1620850563049316,"Single-use plastics are made from fossil fuels, and their entire lifecycle—from production to disposal—releases harmful greenhouse gases that accelerate climate change. Even when not burned, these plastics break down into microplastics that now contaminate our food, water, and even our bodies, raising serious health concerns. Fortunately, real-world examples from Rwanda, Kenya, the European Union, and several U.S. states show that banning single-use plastics is not only possible but leads to significant environmental improvements. With better alternatives already available—like reusable bags, glass containers, and biodegradable materials—there’s no reason to continue allowing this pollution. A total ban is a responsible, practical step to protect both our planet and our health.",emphasis_and_evaluation,carbon_footprint_and_climate,"Importantly, single-use plastics are made from fossil fuels, and their production and disposal contribute significantly to greenhouse gas emissions, worsening climate change.",emphasis_and_evaluation_carbon_footprint_and_climate,"I should analyze how single-use plastics are petrochemical products that contribute to emissions throughout their lifecycle, from extraction to incineration.",Importantly,conclusion_and_summary,microplastics_and_human_health,"In conclusion, the presence of microplastics in our food, water, and even blood raises serious concerns about long-term health impacts, making a ban a necessary protective measure.",conclusion_and_summary_microplastics_and_human_health,"I should examine emerging evidence that microplastics accumulate in human tissue, blood, and organs, posing uncertain but potentially serious health risks.",In conclusion,clarification_and_specification,success_of_existing_bans,"In other words, countries and states that have implemented plastic bans have seen dramatic reductions in plastic waste, proving such policies are practical and effective.",clarification_and_specification_success_of_existing_bans,"I should examine case studies from Rwanda, the EU, Kenya, and various US states showing that bans are enforceable and produce measurable reductions in pollution.",In other words,targeted,788,51,0.5808200046930787
8,1.751392550419084,,,synthesis_restructured,targeted,2,20260228_155111,1.4471254348754885,"A total ban on single-use plastics is long overdue and entirely practical. Many everyday items—like bags, straws, and food containers—now have reliable, affordable alternatives made from paper, bamboo, or plant-based materials. Countries like Rwanda and the European Union have already proven that such bans are enforceable and lead to cleaner streets, less ocean pollution, and stronger sustainable industries. What’s more, microplastics from broken-down plastics have been found in human blood and organs, raising serious health concerns that demand immediate action. By banning these harmful materials, the government protects both the planet and people’s well-being. It’s time to stop treating single-use plastics as convenient and start treating them as the public health and environmental hazard they truly are.",emphasis_and_evaluation,availability_of_alternatives,"Importantly, many single-use plastic items like bags, straws, and food containers now have affordable, effective alternatives made from paper, bamboo, or plant-based materials—proving that a ban is not only possible but already underway in many places.",emphasis_and_evaluation_availability_of_alternatives,"I should demonstrate that reusable, compostable, and biodegradable alternatives are available for bags, straws, containers, and packaging, making a ban practically feasible.",Importantly,conclusion_and_summary,microplastics_and_human_health,"In conclusion, a total ban is necessary not just for the environment but also for our own health—because microplastics from degraded single-use plastics have now been found in human blood and organs, showing we can’t afford to ignore this threat any longer.",conclusion_and_summary_microplastics_and_human_health,"I should examine emerging evidence that microplastics accumulate in human tissue, blood, and organs, posing uncertain but potentially serious health risks.",In conclusion,evidence_and_authority,success_of_existing_bans,"Evidence shows that countries and regions that have implemented total bans—like Rwanda and the European Union—have seen dramatic drops in plastic waste, cleaner cities, and thriving green economies, proving that bans work in real-world settings.",evidence_and_authority_success_of_existing_bans,"I should examine case studies from Rwanda, the EU, Kenya, and various US states showing that bans are enforceable and produce measurable reductions in pollution.",Evidence shows that,targeted,817,80,0.578378220680359
25,1.710499328425406,,,synthesis_restructured,targeted,2,20260228_155111,1.3007194995880127,"The government should enforce a total ban on single-use plastics because we already have safe, practical alternatives like paper, glass, and compostable materials that can meet our daily needs without harm. These plastics don’t just disappear—they break down into microplastics that are now found in our blood, food, and water, posing unknown but serious health risks we shouldn’t ignore. Countries like Rwanda and Kenya have proven that bans are possible and effective, leading to cleaner cities and less pollution in natural environments. Even in the U.S., states like California and Oregon have successfully reduced plastic waste after implementing strict regulations. A nationwide ban isn’t just environmentally responsible—it’s a realistic step we can take to protect our health and future generations.",emphasis_and_evaluation,availability_of_alternatives,"Importantly, we already have viable alternatives to single-use plastics—like paper, glass, metal, and plant-based materials—that can replace everyday items without sacrificing convenience.",emphasis_and_evaluation_availability_of_alternatives,"I should demonstrate that reusable, compostable, and biodegradable alternatives are available for bags, straws, containers, and packaging, making a ban practically feasible.",Importantly,conclusion_and_summary,microplastics_and_human_health,"In conclusion, banning single-use plastics protects both our health and the planet—because these materials don’t just vanish; they break down into tiny particles that end up in our food, water, and even our bodies.",conclusion_and_summary_microplastics_and_human_health,"I should examine emerging evidence that microplastics accumulate in human tissue, blood, and organs, posing uncertain but potentially serious health risks.",In conclusion,clarification_and_specification,success_of_existing_bans,"In other words, places like Rwanda and Kenya have successfully banned plastic bags and seen cleaner streets, healthier ecosystems, and less litter—proving this isn’t just an ideal, but a real, working solution.",clarification_and_specification_success_of_existing_bans,"I should examine case studies from Rwanda, the EU, Kenya, and various US states showing that bans are enforceable and produce measurable reductions in pollution.",In other words,targeted,807,68,0.5764236453030247
37,1.699877772986436,,,synthesis_restructured,targeted,4,20260228_155111,1.1590290069580078,"A total ban on single-use plastics is necessary because most of these items aren’t recycled and instead pollute our oceans, landfills, and even our own bodies through microplastics. While some may worry about inconvenience, countries like Rwanda and Kenya have proven that such bans are enforceable and lead to cleaner cities and healthier ecosystems. In the U.S., states like California and Oregon have successfully reduced plastic waste after similar measures, showing it’s not just possible but practical. Protecting our environment and public health shouldn’t be compromised by convenience, especially when reusable alternatives are widely available. The long-term benefits far outweigh the short-term adjustments. Ultimately, banning single-use plastics is a responsible step toward a sustainable future for everyone.",emphasis_and_evaluation,recycling_system_failure,"Importantly, banning single-use plastics would drastically reduce pollution because most of these items aren’t recycled and end up in landfills or oceans.",emphasis_and_evaluation_recycling_system_failure,"I should consider that global plastic recycling rates remain below 10%, much plastic is downcycled or exported, and source reduction through bans is therefore necessary.",Importantly,conclusion_and_summary,microplastics_and_human_health,"In conclusion, limiting exposure to harmful microplastics by banning single-use plastics is a vital public health measure that protects both people and the planet.",conclusion_and_summary_microplastics_and_human_health,"I should examine emerging evidence that microplastics accumulate in human tissue, blood, and organs, posing uncertain but potentially serious health risks.",In conclusion,concession_and_contrast,success_of_existing_bans,"However, real-world examples from Rwanda to California show that plastic bans are feasible, effective, and can be implemented without major disruption to daily life.",concession_and_contrast_success_of_existing_bans,"I should examine case studies from Rwanda, the EU, Kenya, and various US states showing that bans are enforceable and produce measurable reductions in pollution.",However,targeted,822,85,0.5427913170050865
20,1.710499328425406,,,synthesis_restructured,targeted,1,20260228_155111,1.4250004291534424,"Single-use plastics are devastating our oceans and ecosystems—killing millions of marine animals each year through ingestion and entanglement, while also degrading vital habitats like coral reefs. The problem isn’t just environmental; microplastics from these products have been found in human blood and organs, meaning we’re not just polluting the planet—we’re polluting ourselves. The good news is that bans are already working: countries like Rwanda and Kenya, along with parts of the EU and U.S., have successfully reduced plastic waste after implementing strict bans. These real-world examples prove that a government-enforced ban is not only feasible but necessary. By taking decisive action now, we can protect both nature and human health. It’s time to stop tolerating a plastic crisis we can easily prevent.",emphasis_and_evaluation,marine_ecosystem_destruction,"Importantly, single-use plastics are a leading cause of pollution in our oceans, killing millions of marine animals every year through ingestion and entanglement, and destroying vital ecosystems like coral reefs.",emphasis_and_evaluation_marine_ecosystem_destruction,"I should consider how single-use plastics kill marine animals through ingestion and entanglement, degrade coral reefs, and disrupt ocean ecosystems at massive scale.",Importantly,conclusion_and_summary,microplastics_and_human_health,"In conclusion, the health risks aren't just ecological—microplastics from degraded plastics are now found in human blood and organs, meaning we are ingesting our own pollution, which poses a direct threat to our well-being.",conclusion_and_summary_microplastics_and_human_health,"I should examine emerging evidence that microplastics accumulate in human tissue, blood, and organs, posing uncertain but potentially serious health risks.",In conclusion,clarification_and_specification,success_of_existing_bans,"In other words, countries and regions that have already banned single-use plastics—like Rwanda, Kenya, and the European Union—have seen dramatic drops in plastic waste in waterways and public spaces, proving that such bans are not only possible but effective.",clarification_and_specification_success_of_existing_bans,"I should examine case studies from Rwanda, the EU, Kenya, and various US states showing that bans are enforceable and produce measurable reductions in pollution.",In other words,targeted,816,77,0.532545287379431
37,1.699877772986436,,,synthesis_restructured,targeted,2,20260228_155111,1.1947762966156006,"Single-use plastics are a major source of pollution, with less than 10% being recycled worldwide—most end up in landfills or oceans, harming wildlife and ecosystems. Even worse, plastic breaks down into microplastics that have been detected in human blood, food, and water, raising serious health concerns. But bans aren’t just theoretical—countries like Rwanda, Kenya, and the EU have successfully implemented them, leading to cleaner streets, rivers, and oceans. The evidence shows that government action can drive change without overwhelming consumers. By banning single-use plastics, we can protect both the planet and our own well-being, and there’s no reason to wait. It’s time to act before the damage becomes irreversible.",emphasis_and_evaluation,recycling_system_failure,"Importantly, most single-use plastics aren’t recycled—instead, they end up in landfills or polluting oceans, where they harm wildlife and ecosystems.",emphasis_and_evaluation_recycling_system_failure,"I should consider that global plastic recycling rates remain below 10%, much plastic is downcycled or exported, and source reduction through bans is therefore necessary.",Importantly,conclusion_and_summary,microplastics_and_human_health,"In conclusion, banning single-use plastics is essential not only to protect the environment but also to safeguard human health from long-term exposure to microplastics.",conclusion_and_summary_microplastics_and_human_health,"I should examine emerging evidence that microplastics accumulate in human tissue, blood, and organs, posing uncertain but potentially serious health risks.",In conclusion,concession_and_contrast,success_of_existing_bans,"However, if governments take strong action now—like banning single-use plastics—countries like Rwanda and Kenya have already proven that cleaner environments and reduced waste are possible.",concession_and_contrast_success_of_existing_bans,"I should examine case studies from Rwanda, the EU, Kenya, and various US states showing that bans are enforceable and produce measurable reductions in pollution.",However,targeted,730,13,0.5283082862447335
15,1.751392550419084,,,synthesis_restructured,targeted,3,20260228_155111,1.213858127593994,"Single-use plastics are a major source of pollution that harms wildlife, clogs landfills, and contaminates our waterways—costing communities millions in cleanup and environmental damage. These burdens fall on everyday people through higher taxes and degraded public spaces, even though corporations profit from the products. With proven alternatives like reusable bags, glass, and paper already available, a ban is both realistic and necessary. Countries like Rwanda and Kenya have shown that strict bans can drastically reduce plastic waste, improve public health, and even boost tourism. It’s time we take responsibility for our planet and our health by supporting a total ban on single-use plastics. This is not about inconvenience—it’s about protecting future generations and ensuring a cleaner, safer world for everyone.",emphasis_and_evaluation,economic_externalities,"Importantly, single-use plastics pollute our oceans and landscapes, harming wildlife and costing taxpayers millions in cleanup efforts that should not fall on ordinary citizens.",emphasis_and_evaluation_economic_externalities,"I should calculate how cleanup costs, healthcare burdens, tourism losses, and ecosystem damage are borne by the public rather than producers—a market failure requiring correction.",Importantly,conclusion_and_summary,microplastics_and_human_health,"In conclusion, a total ban on single-use plastics is not excessive—it's a necessary step to protect our health and the environment, especially since alternatives already exist and are affordable.",conclusion_and_summary_microplastics_and_human_health,"I should examine emerging evidence that microplastics accumulate in human tissue, blood, and organs, posing uncertain but potentially serious health risks.",In conclusion,evidence_and_authority,success_of_existing_bans,"Evidence shows that countries like Rwanda and Kenya have successfully eliminated plastic waste through strict bans, proving that such policies are practical and effective when supported by public will.",evidence_and_authority_success_of_existing_bans,"I should examine case studies from Rwanda, the EU, Kenya, and various US states showing that bans are enforceable and produce measurable reductions in pollution.",Evidence shows that,targeted,825,90,0.5256921144695843
17,1.7418785422452854,,,synthesis_restructured,targeted,3,20260228_155111,1.3509435653686523,"Single-use plastics are a major source of pollution, with less than 10% being recycled globally—meaning most end up in landfills or oceans, harming wildlife and ecosystems. Even if recycling programs improve, they can’t keep pace with the sheer volume of plastic waste, making a total ban the most effective solution. Countries like Rwanda and Kenya have already proven that strict bans are possible and effective, leading to cleaner cities and less environmental damage. Beyond environmental benefits, microplastics are now found in human blood and organs, raising serious health concerns that we can’t afford to ignore. A government-enforced ban is a practical, necessary step to protect both our planet and our well-being. The alternative—doing nothing—only delays the inevitable crisis. It’s time to act decisively for future generations.",emphasis_and_evaluation,recycling_system_failure,"Importantly, most single-use plastics aren’t recycled—less than 10% globally are processed properly, which means the vast majority end up in landfills or polluting nature.",emphasis_and_evaluation_recycling_system_failure,"I should consider that global plastic recycling rates remain below 10%, much plastic is downcycled or exported, and source reduction through bans is therefore necessary.",Importantly,conclusion_and_summary,microplastics_and_human_health,"In conclusion, banning single-use plastics is not just about protecting the environment—it’s also a necessary step to safeguard public health from invisible threats like microplastics that are now detected in our own bodies.",conclusion_and_summary_microplastics_and_human_health,"I should examine emerging evidence that microplastics accumulate in human tissue, blood, and organs, posing uncertain but potentially serious health risks.",In conclusion,clarification_and_specification,success_of_existing_bans,"In other words, countries like Rwanda and Kenya have successfully eliminated single-use plastic bags and seen dramatic improvements in cleanliness and waste management—proving that bans work in real-world settings.",clarification_and_specification_success_of_existing_bans,"I should examine case studies from Rwanda, the EU, Kenya, and various US states showing that bans are enforceable and produce measurable reductions in pollution.",In other words,targeted,842,103,0.5201763305876208
13,1.751392550419084,,,synthesis_restructured,targeted,4,20260228_155111,1.321763277053833,"Banning single-use plastics is essential for protecting our environment and public health. Countries like Rwanda and Kenya have already proven that total bans are not only enforceable but lead to cleaner streets, less ocean pollution, and improved public hygiene. With microplastics now found in human blood and organs, the long-term health risks are too serious to ignore. The good news is that people can and do adapt—reusable alternatives are widely available and affordable, and communities across the EU and U.S. have successfully transitioned. A government-led ban is a strong, responsible step toward a healthier planet and a safer future for everyone. This isn’t just about saving the environment—it’s about protecting our own well-being.",emphasis_and_evaluation,success_of_existing_bans,"Importantly, countries like Rwanda and Kenya have successfully enforced total bans on single-use plastics, resulting in cleaner cities, reduced litter in waterways, and stronger public hygiene—proof that such policies are not only possible but effective.",emphasis_and_evaluation_success_of_existing_bans,"I should examine case studies from Rwanda, the EU, Kenya, and various US states showing that bans are enforceable and produce measurable reductions in pollution.",Importantly,conclusion_and_summary,microplastics_and_human_health,"In conclusion, banning single-use plastics is a necessary public health and environmental safeguard—especially since microplastics have been found in human blood and organs, and the long-term effects on our health are still unknown.",conclusion_and_summary_microplastics_and_human_health,"I should examine emerging evidence that microplastics accumulate in human tissue, blood, and organs, posing uncertain but potentially serious health risks.",In conclusion,evidence_and_authority,success_of_existing_bans,"Evidence shows that when governments ban single-use plastics, people adapt quickly—using reusable bags, bottles, and containers—and pollution drops dramatically, proving that a ban is both practical and impactful.",evidence_and_authority_success_of_existing_bans,"I should examine case studies from Rwanda, the EU, Kenya, and various US states showing that bans are enforceable and produce measurable reductions in pollution.",Evidence shows that,targeted,746,20,0.5162356204314061
2,1.782771764238964,,,synthesis_restructured,targeted,1,20260228_155111,1.2121198177337646,"Single-use plastics are a major source of pollution, with less than 10% being recycled globally—most end up in landfills or oceans. A total government ban would stop this pollution at the source, cutting down on waste that harms wildlife and ecosystems. Studies have also found microplastics in human blood and organs, suggesting that these products pose direct risks to our health. Countries like Rwanda and Kenya have successfully enforced similar bans, showing that such policies are not only possible but effective. With alternatives like reusable bags, glass, and metal already widely available, switching away from single-use plastics is both practical and necessary. It's time we take bold action to protect our planet and ourselves—banning single-use plastics is a simple, responsible step forward.",emphasis_and_evaluation,recycling_system_failure,"Importantly, single-use plastics are rarely recycled—most end up in landfills or polluting oceans. A total ban would drastically reduce this waste at the source.",emphasis_and_evaluation_recycling_system_failure,"I should consider that global plastic recycling rates remain below 10%, much plastic is downcycled or exported, and source reduction through bans is therefore necessary.",Importantly,conclusion_and_summary,microplastics_and_human_health,"In conclusion, banning single-use plastics protects not just the environment but also human health, since microplastics from these products are now found in our own bodies.",conclusion_and_summary_microplastics_and_human_health,"I should examine emerging evidence that microplastics accumulate in human tissue, blood, and organs, posing uncertain but potentially serious health risks.",In conclusion,evidence_and_authority,success_of_existing_bans,Evidence shows that countries like Rwanda and Kenya have dramatically reduced plastic waste after implementing total bans—proving such policies are practical and effective.,evidence_and_authority_success_of_existing_bans,"I should examine case studies from Rwanda, the EU, Kenya, and various US states showing that bans are enforceable and produce measurable reductions in pollution.",Evidence shows that,targeted,806,67,0.5124678222634297
47,0.0,,,synthesis_restructured,random,2,20260228_155741,1.2854576110839844,"Single-use plastics pollute our environment and wildlife, with less than 10% ever being recycled — the rest ends up in landfills or oceans, harming animals and ecosystems. These plastics are made from fossil fuels, so their production contributes to greenhouse gas emissions and worsens climate change. Even more concerning, microplastics from degraded single-use items have been found in human blood and organs, suggesting they may pose serious health risks. A total government ban is a necessary step to stop this damage at the source, encourage sustainable alternatives, and protect both nature and public health. While some may worry about convenience, the long-term environmental and human costs of inaction far outweigh short-term inconvenience. We can adapt — many communities worldwide have successfully transitioned to reusable and biodegradable options. It’s time to prioritize our planet and our well-being over disposable convenience.",concession_and_contrast,recycling_system_failure,"However, the reality is that most single-use plastics are not recycled — they end up in landfills, oceans, or as litter, harming wildlife and ecosystems.",concession_and_contrast_recycling_system_failure,"I should consider that global plastic recycling rates remain below 10%, much plastic is downcycled or exported, and source reduction through bans is therefore necessary.",However,emphasis_and_evaluation,carbon_footprint_and_climate,"Importantly, producing these plastics requires fossil fuels and releases greenhouse gases, so banning them helps reduce climate change impacts.",emphasis_and_evaluation_carbon_footprint_and_climate,"I should analyze how single-use plastics are petrochemical products that contribute to emissions throughout their lifecycle, from extraction to incineration.",Importantly,emphasis_and_evaluation,microplastics_and_human_health,"Importantly, microplastics from degraded plastic items have been found in human blood and organs, raising legitimate health concerns that a ban could help prevent.",emphasis_and_evaluation_microplastics_and_human_health,"I should examine emerging evidence that microplastics accumulate in human tissue, blood, and organs, posing uncertain but potentially serious health risks.",Importantly,baseline,946,328,0.5014484610210657
15,1.751392550419084,,,synthesis_restructured,targeted,4,20260228_155111,1.1374468803405762,"Single-use plastics are a major source of pollution that harms wildlife, contaminates ecosystems, and burdens taxpayers with cleanup costs. These environmental and economic damages are not fairly shared by the producers, creating a failure that only government action can fix. Moreover, growing evidence shows microplastics are entering our bodies through food and water, posing unknown but serious health risks. Fortunately, countries like Rwanda and Kenya, as well as states like California and Oregon, have proven that plastic bans are practical and effective in reducing pollution. With sustainable alternatives already available, a government-enforced ban is not only necessary but achievable. Protecting our environment and public health demands decisive action—now.",emphasis_and_evaluation,economic_externalities,"Importantly, single-use plastics pollute our oceans, harm wildlife, and degrade natural landscapes, and these harms are ultimately paid for by taxpayers through cleanup efforts and environmental restoration.",emphasis_and_evaluation_economic_externalities,"I should calculate how cleanup costs, healthcare burdens, tourism losses, and ecosystem damage are borne by the public rather than producers—a market failure requiring correction.",Importantly,conclusion_and_summary,microplastics_and_human_health,"In conclusion, the health risks associated with microplastics entering our food and water supply are too serious to ignore, making a ban necessary to protect public well-being.",conclusion_and_summary_microplastics_and_human_health,"I should examine emerging evidence that microplastics accumulate in human tissue, blood, and organs, posing uncertain but potentially serious health risks.",In conclusion,evidence_and_authority,success_of_existing_bans,"Evidence shows that countries and cities that have implemented plastic bans have significantly reduced litter, cut waste in landfills, and encouraged innovation in reusable alternatives.",evidence_and_authority_success_of_existing_bans,"I should examine case studies from Rwanda, the EU, Kenya, and various US states showing that bans are enforceable and produce measurable reductions in pollution.",Evidence shows that,targeted,772,37,0.4737138669126149
33,1.705821399919507,,,synthesis_restructured,targeted,0,20260228_155111,1.3813841342926023,"Single-use plastics are a major source of pollution that harms ecosystems, wildlife, and human health, and the government must act decisively to stop it at the source. Wealthy nations often export their plastic waste to poorer countries, placing an unfair environmental and economic burden on communities that can least afford it. The real costs—cleaning up beaches, treating pollution-related illnesses, and losing tourism revenue—are shouldered by taxpayers, not the corporations that profit from plastic production. Fortunately, countries like Rwanda, Kenya, and the EU have already proven that total bans are enforceable and lead to measurable environmental improvements. These examples show that a national ban is not just possible, but a necessary step toward protecting public health and the planet. As ordinary citizens, we deserve a clean, safe environment, and a ban on single-use plastics is the most direct way to achieve that.",emphasis_and_evaluation,global_waste_trade_injustice,"Importantly, many wealthy nations export their plastic waste to developing countries, where environmental regulations are weaker and communities bear the brunt of pollution, creating an unfair burden on less affluent populations.",emphasis_and_evaluation_global_waste_trade_injustice,"I should consider how wealthy countries export plastic waste to poorer nations, making this a global justice issue that requires upstream intervention at the production stage.",Importantly,conclusion_and_summary,economic_externalities,"In conclusion, the real costs of single-use plastics—cleaning up oceans, treating pollution-related illnesses, and lost tourism revenue—are ultimately paid by taxpayers and communities, not the companies that profit from their sale.",conclusion_and_summary_economic_externalities,"I should calculate how cleanup costs, healthcare burdens, tourism losses, and ecosystem damage are borne by the public rather than producers—a market failure requiring correction.",In conclusion,evidence_and_authority,success_of_existing_bans,"Evidence shows that countries like Rwanda and Kenya have successfully eliminated single-use plastic bags, significantly reducing litter and improving environmental health, proving that bans are practical and effective.",evidence_and_authority_success_of_existing_bans,"I should examine case studies from Rwanda, the EU, Kenya, and various US states showing that bans are enforceable and produce measurable reductions in pollution.",Evidence shows that,targeted,939,153,0.47236041816835855
23,0.0,,,synthesis_restructured,random,2,20260228_155741,1.2929723262786863,"Single-use plastics are a major contributor to climate change, releasing greenhouse gases throughout their entire lifecycle—from oil extraction to disposal. Even though it might seem inconvenient, alternatives like reusable bags, bottles, and containers are readily available and already used by millions of regular people every day. Beyond the environmental damage, our current system lets wealthier nations export plastic waste to poorer countries, where people face serious health risks and pollution without a say in the matter. A total government ban would stop this pollution at the source, protect public health, and push manufacturers to innovate safer, sustainable options. It's not about perfection—it's about taking a bold, necessary step to protect our planet and future generations. With real alternatives already in use, a ban is both practical and urgent.",clarification_and_specification,carbon_footprint_and_climate,"In other words, single-use plastics aren't just a littering problem—they're a major source of greenhouse gas emissions, contributing to climate change in ways many people don't realize.",clarification_and_specification_carbon_footprint_and_climate,"I should analyze how single-use plastics are petrochemical products that contribute to emissions throughout their lifecycle, from extraction to incineration.",In other words,addition_and_elaboration,availability_of_alternatives,"Moreover, millions of people already use reusable alternatives like cloth bags, metal straws, and glass containers every day, proving that a shift away from single-use plastics is not only possible but already underway.",addition_and_elaboration_availability_of_alternatives,"I should demonstrate that reusable, compostable, and biodegradable alternatives are available for bags, straws, containers, and packaging, making a ban practically feasible.",Moreover,conditional,global_waste_trade_injustice,"If we don't ban single-use plastics now, we'll continue to dump our waste on developing countries, where communities suffer from pollution and health issues with little power to stop it.",conditional_global_waste_trade_injustice,"I should consider how wealthy countries export plastic waste to poorer nations, making this a global justice issue that requires upstream intervention at the production stage.",If,baseline,870,290,0.4707377552994786
44,1.6715880507208474,,,synthesis_restructured,targeted,0,20260228_155111,1.1205856800079346,"Single-use plastics are a major source of pollution, with less than 10% of all plastic ever produced being recycled. Most end up in landfills, oceans, or incinerators, where they break down into microplastics that harm wildlife and may even enter our own bodies. Countries like Rwanda, Kenya, and the EU have successfully implemented bans, showing that such policies are feasible and lead to cleaner streets, rivers, and oceans. A total government ban would encourage innovation in sustainable alternatives and protect both the environment and public health. Rather than waiting for voluntary changes that have failed in the past, decisive action is needed now. A ban is a clear, effective step toward a cleaner, safer future for all.",emphasis_and_evaluation,recycling_system_failure,"Importantly, most single-use plastics are not recycled—they end up in landfills, oceans, or incinerators, where they cause long-term environmental harm.",emphasis_and_evaluation_recycling_system_failure,"I should consider that global plastic recycling rates remain below 10%, much plastic is downcycled or exported, and source reduction through bans is therefore necessary.",Importantly,conclusion_and_summary,microplastics_and_human_health,"In conclusion, banning single-use plastics protects both human health and the environment by preventing pollution at its source.",conclusion_and_summary_microplastics_and_human_health,"I should examine emerging evidence that microplastics accumulate in human tissue, blood, and organs, posing uncertain but potentially serious health risks.",In conclusion,causal_reasoning,success_of_existing_bans,"Therefore, a government ban on single-use plastics is not only practical but already proven effective in reducing plastic waste and protecting ecosystems.",causal_reasoning_success_of_existing_bans,"I should examine case studies from Rwanda, the EU, Kenya, and various US states showing that bans are enforceable and produce measurable reductions in pollution.",Therefore,targeted,734,14,0.4636561402178326
41,1.672318558143795,,,synthesis_restructured,targeted,0,20260228_155111,1.1782541275024414,"A total ban on single-use plastics is both practical and necessary because we already have safe, affordable alternatives like paper, glass, and biodegradable materials that can easily replace plastic bags, straws, and packaging. Countries like Rwanda and Kenya have successfully implemented such bans, drastically cutting pollution and improving public cleanliness without harming their economies. Meanwhile, the ongoing costs of plastic waste—cleaning streets, damaging ecosystems, and threatening health—are paid by taxpayers and communities, not by the companies that profit from plastic production. By banning single-use plastics, the government would correct this imbalance and protect the environment for future generations. This isn’t about sacrifice—it’s about making a smarter, healthier choice for everyone.",emphasis_and_evaluation,availability_of_alternatives,"Importantly, many single-use plastic alternatives—like paper, glass, metal, and plant-based materials—are already widely available and affordable, meaning a ban wouldn’t force people to give up convenience.",emphasis_and_evaluation_availability_of_alternatives,"I should demonstrate that reusable, compostable, and biodegradable alternatives are available for bags, straws, containers, and packaging, making a ban practically feasible.",Importantly,conclusion_and_summary,success_of_existing_bans,"In conclusion, places like Rwanda and Kenya have proven that strict bans reduce plastic waste dramatically and improve public cleanliness without collapsing local economies.",conclusion_and_summary_success_of_existing_bans,"I should examine case studies from Rwanda, the EU, Kenya, and various US states showing that bans are enforceable and produce measurable reductions in pollution.",In conclusion,evidence_and_authority,economic_externalities,"Evidence shows that single-use plastics cause enormous hidden costs—cleaning up litter, harming marine life, and harming human health—costing cities and taxpayers billions each year.",evidence_and_authority_economic_externalities,"I should calculate how cleanup costs, healthcare burdens, tourism losses, and ecosystem damage are borne by the public rather than producers—a market failure requiring correction.",Evidence shows that,targeted,817,78,0.441151178855805
37,1.699877772986436,,,synthesis_restructured,targeted,3,20260228_155111,1.4341380596160889,"The government should enforce a total ban on single-use plastics because most of these materials aren’t recycled and end up contaminating our land, water, and wildlife. Even with recycling programs, less than 10% of plastic is actually recycled, meaning the majority pollutes ecosystems and harms animals. Beyond environmental damage, microplastics have been found in human blood and organs, raising serious concerns about long-term health risks. Countries like Rwanda, Kenya, and several EU nations have already implemented successful bans, proving that such policies are both feasible and effective. Rather than relying on flawed recycling systems, a total ban offers a clear, proactive solution to a growing crisis. We must act now to protect our planet and our health.",emphasis_and_evaluation,recycling_system_failure,"Importantly, banning single-use plastics would drastically reduce the amount of waste entering landfills and oceans, where they harm wildlife and ecosystems. Even with recycling efforts, most single-use plastics aren’t properly recycled, so prevention at the source is our best solution.",emphasis_and_evaluation_recycling_system_failure,"I should consider that global plastic recycling rates remain below 10%, much plastic is downcycled or exported, and source reduction through bans is therefore necessary.",Importantly,conclusion_and_summary,microplastics_and_human_health,"In conclusion, banning single-use plastics isn’t just an environmental issue—it’s a public health necessity. With microplastics now found in our bodies, reducing exposure through a total ban helps protect our long-term well-being.",conclusion_and_summary_microplastics_and_human_health,"I should examine emerging evidence that microplastics accumulate in human tissue, blood, and organs, posing uncertain but potentially serious health risks.",In conclusion,concession_and_contrast,success_of_existing_bans,"However, some fear bans are unrealistic, but real-world examples like Rwanda and Kenya prove that strict enforcement works—these countries now have some of the cleanest environments in their regions. A ban isn’t unattainable; it’s already happening successfully.",concession_and_contrast_success_of_existing_bans,"I should examine case studies from Rwanda, the EU, Kenya, and various US states showing that bans are enforceable and produce measurable reductions in pollution.",However,targeted,772,36,0.4408496791662557
33,0.0,,,synthesis_restructured,random,2,20260228_155741,1.3197603225708008,"Single-use plastics are a major threat to both human health and the environment, and a total government ban is the most effective way to address this crisis. Microplastics have been detected in human blood, organs, and even placentas, indicating that these materials are entering our bodies in ways we don’t fully understand, with potentially severe long-term consequences. At the same time, wealthy nations routinely export their plastic waste to poorer countries, where communities are forced to deal with toxic pollution without adequate resources or regulation. This creates a serious global injustice, where the environmental and health costs are borne by the most vulnerable. A total ban would stop the problem at the source, reduce pollution, protect ecosystems, and force industries to innovate with sustainable alternatives. As someone concerned about their family’s health and the planet, I believe strong government action is not just necessary—it’s overdue.",evidence_and_authority,global_waste_trade_injustice,"Evidence shows that wealthy nations often export their plastic waste to developing countries, where environmental regulations are weaker and communities lack the infrastructure to manage it safely.",evidence_and_authority_global_waste_trade_injustice,"I should consider how wealthy countries export plastic waste to poorer nations, making this a global justice issue that requires upstream intervention at the production stage.",Evidence shows that,addition_and_elaboration,microplastics_and_human_health,"Moreover, microplastics have been found in human blood, organs, and even placentas, raising serious concerns about long-term health effects that we are only beginning to understand.",addition_and_elaboration_microplastics_and_human_health,"I should examine emerging evidence that microplastics accumulate in human tissue, blood, and organs, posing uncertain but potentially serious health risks.",Moreover,evidence_and_authority,global_waste_trade_injustice,"Evidence shows that wealthy nations often export their plastic waste to developing countries, where environmental regulations are weaker and communities lack the infrastructure to manage it safely.",evidence_and_authority_global_waste_trade_injustice,"I should consider how wealthy countries export plastic waste to poorer nations, making this a global justice issue that requires upstream intervention at the production stage.",Evidence shows that,baseline,969,334,0.43948705700680607
39,1.675952842387623,,,synthesis_restructured,targeted,2,20260228_155111,1.1248478889465332,"A total ban on single-use plastics is essential because most plastic isn’t recycled—only about 9% globally—and even when it is, it often degrades into microplastics that threaten wildlife and human health. By eliminating these products at the source, we prevent pollution before it begins, rather than relying on flawed cleanup efforts. Countries like Rwanda and Kenya have shown that such bans work in practice, leading to cleaner streets and ecosystems. Even in the U.S., states that have implemented similar bans report significant reductions in plastic waste. Since plastic pollution affects everyone—through contaminated water, food, and air—it’s a shared responsibility to act decisively. A ban is a simple, effective step toward protecting our environment and future generations.",emphasis_and_evaluation,recycling_system_failure,"Importantly, banning single-use plastics reduces pollution at the source, preventing waste from entering ecosystems in the first place.",emphasis_and_evaluation_recycling_system_failure,"I should consider that global plastic recycling rates remain below 10%, much plastic is downcycled or exported, and source reduction through bans is therefore necessary.",Importantly,conclusion_and_summary,microplastics_and_human_health,"In conclusion, a total ban is a responsible public health measure to protect both people and the planet from the unseen dangers of plastic pollution.",conclusion_and_summary_microplastics_and_human_health,"I should examine emerging evidence that microplastics accumulate in human tissue, blood, and organs, posing uncertain but potentially serious health risks.",In conclusion,emphasis_and_evaluation,success_of_existing_bans,"Importantly, real-world examples prove that bans on single-use plastics are not only feasible but have already led to cleaner cities, beaches, and rivers.",emphasis_and_evaluation_success_of_existing_bans,"I should examine case studies from Rwanda, the EU, Kenya, and various US states showing that bans are enforceable and produce measurable reductions in pollution.",Importantly,targeted,786,49,0.4374210015859955
43,1.6716089150957432,,,synthesis_restructured,targeted,1,20260228_155111,1.4032037258148191,"Single-use plastics are a major source of pollution that our environment can’t handle—only about 9% of all plastic ever made has been recycled, and the rest ends up in landfills, oceans, or as litter. Banning them outright is the most effective way to reduce this waste at the source, preventing long-term harm to wildlife, ecosystems, and public health. Countries like Rwanda and Kenya have already shown that total bans are enforceable and lead to cleaner cities and less pollution. Even here in the U.S., states like California and Hawaii have seen positive results after banning plastic bags and utensils. A government ban doesn’t just reduce trash—it saves money by cutting cleanup costs and protects our natural resources for future generations. As someone who just wants cleaner parks, beaches, and streets, I support a total ban because it’s a simple, fair step toward a healthier planet.",emphasis_and_evaluation,recycling_system_failure,"Importantly, most single-use plastics aren’t recycled—only about 9% of all plastic ever made has been recycled—so banning them at the source is a practical way to reduce pollution.",emphasis_and_evaluation_recycling_system_failure,"I should consider that global plastic recycling rates remain below 10%, much plastic is downcycled or exported, and source reduction through bans is therefore necessary.",Importantly,conclusion_and_summary,economic_externalities,"In conclusion, the environmental damage caused by single-use plastics—like ocean pollution and wildlife harm—costs society billions in cleanup and lost tourism, and a ban would prevent these hidden costs.",conclusion_and_summary_economic_externalities,"I should calculate how cleanup costs, healthcare burdens, tourism losses, and ecosystem damage are borne by the public rather than producers—a market failure requiring correction.",In conclusion,sequence_and_transition,success_of_existing_bans,"Next, countries like Rwanda and Kenya have successfully implemented total plastic bans and seen dramatic drops in waste and litter, proving such policies are not only possible but effective.",sequence_and_transition_success_of_existing_bans,"I should examine case studies from Rwanda, the EU, Kenya, and various US states showing that bans are enforceable and produce measurable reductions in pollution.",Next,targeted,896,138,0.43410164058310796
44,0.0,,,synthesis_restructured,random,2,20260228_155741,1.2884571552276611,"The government should enforce a total ban on single-use plastics because the environmental and societal costs of plastic pollution are too high for communities to bear. Cleanup efforts, healthcare expenses from plastic-related contamination, and damage to marine ecosystems are all funded by taxpayers and harm public well-being. Despite promises from companies, voluntary pledges have failed to bring meaningful change because there’s no real consequence for non-compliance. Fortunately, safe and affordable alternatives—such as reusable bags, compostable containers, and biodegradable packaging—are already widely available and proven in use. A total ban is not only achievable but essential to protect our health, environment, and future generations. Without strict government action, the cycle of pollution will continue, and the burden will remain on ordinary people.",addition_and_elaboration,economic_externalities,"Moreover, the financial and environmental costs of single-use plastics—like beach cleanups, pollution-related healthcare, and damaged ecosystems—are ultimately paid by taxpayers and communities, not the corporations that profit from these products.",addition_and_elaboration_economic_externalities,"I should calculate how cleanup costs, healthcare burdens, tourism losses, and ecosystem damage are borne by the public rather than producers—a market failure requiring correction.",Moreover,sequence_and_transition,corporate_behavior_and_voluntary_failure,"Next, despite repeated promises from companies to reduce plastic use, real progress has been minimal because voluntary measures lack enforcement and accountability.",sequence_and_transition_corporate_behavior_and_voluntary_failure,"I should analyze how manufacturers default to cheap plastics despite pledges, and why only binding regulation—not voluntary commitments—can shift industry norms.",Next,sequence_and_transition,availability_of_alternatives,"Next, viable alternatives like paper, glass, metal, and plant-based materials already exist for everyday items like bags, bottles, and food containers, proving that a ban isn’t a disruption—it’s a necessary evolution.",sequence_and_transition_availability_of_alternatives,"I should demonstrate that reusable, compostable, and biodegradable alternatives are available for bags, straws, containers, and packaging, making a ban practically feasible.",Next,baseline,872,291,0.4325537645955314
8,0.0,,,synthesis_restructured,random,0,20260228_155741,1.2974202632904053,"Single-use plastics are a major source of pollution that harms both the environment and human health, especially in developing countries that receive much of the world’s plastic waste. A total government ban would force industries to innovate and adopt truly sustainable alternatives like reusable, compostable, and biodegradable materials that are already available and affordable. This shift would reduce landfill overflow, prevent plastic from entering oceans and wildlife habitats, and protect communities that bear the brunt of pollution. While some may worry about inconvenience, the reality is that reusable options are widely accessible and often more durable than their plastic counterparts. Enacting a ban is not just an environmental necessity—it's a matter of global fairness and long-term responsibility. By taking decisive action, governments can lead the way in building a cleaner, healthier future for everyone.",emphasis_and_evaluation,global_waste_trade_injustice,"Importantly, single-use plastics often end up being exported from wealthier nations to developing countries with weaker waste management systems, leading to environmental harm and health risks in vulnerable communities.",emphasis_and_evaluation_global_waste_trade_injustice,"I should consider how wealthy countries export plastic waste to poorer nations, making this a global justice issue that requires upstream intervention at the production stage.",Importantly,evidence_and_authority,availability_of_alternatives,"Evidence shows that affordable, effective alternatives already exist—like reusable bags, paper packaging, and plant-based containers—making it possible to eliminate single-use plastics without sacrificing convenience.",evidence_and_authority_availability_of_alternatives,"I should demonstrate that reusable, compostable, and biodegradable alternatives are available for bags, straws, containers, and packaging, making a ban practically feasible.",Evidence shows that,emphasis_and_evaluation,availability_of_alternatives,"Importantly, single-use plastics often end up being exported from wealthier nations to developing countries with weaker waste management systems, leading to environmental harm and health risks in vulnerable communities.",emphasis_and_evaluation_availability_of_alternatives,"I should demonstrate that reusable, compostable, and biodegradable alternatives are available for bags, straws, containers, and packaging, making a ban practically feasible.",Importantly,baseline,927,320,0.43211871886274084
25,1.710499328425406,,,synthesis_restructured,targeted,0,20260228_155111,1.2887721061706543,"Single-use plastics are a major source of pollution that harms wildlife, clogs waterways, and contributes to climate change. Fortunately, there are already many reusable and compostable alternatives available for everyday items like bags, straws, and food containers, making a ban both practical and attainable. Countries like Rwanda and Kenya have successfully implemented strict plastic bans, showing that such policies can significantly reduce litter and environmental damage. In addition, microplastics have been found in human blood and organs, raising serious concerns about long-term health effects. A total ban would protect both public health and the planet, especially since alternatives exist and are becoming more accessible. This is not an extreme step—it’s a responsible one for a cleaner, safer future.",emphasis_and_evaluation,availability_of_alternatives,"Importantly, many everyday items like grocery bags, food containers, and drinking straws can already be replaced with reusable or compostable alternatives that are widely available and affordable.",emphasis_and_evaluation_availability_of_alternatives,"I should demonstrate that reusable, compostable, and biodegradable alternatives are available for bags, straws, containers, and packaging, making a ban practically feasible.",Importantly,conclusion_and_summary,microplastics_and_human_health,"In conclusion, banning single-use plastics is a necessary step to protect both our health and the environment, as microplastics have been found in human blood and organs, and the long-term effects are still unknown.",conclusion_and_summary_microplastics_and_human_health,"I should examine emerging evidence that microplastics accumulate in human tissue, blood, and organs, posing uncertain but potentially serious health risks.",In conclusion,clarification_and_specification,success_of_existing_bans,"In other words, countries like Rwanda and Kenya have shown that nationwide bans can drastically reduce plastic waste and litter, proving that such policies are not only possible but effective in real-world settings.",clarification_and_specification_success_of_existing_bans,"I should examine case studies from Rwanda, the EU, Kenya, and various US states showing that bans are enforceable and produce measurable reductions in pollution.",In other words,targeted,817,79,0.4301869004731589
15,0.0,,,synthesis_restructured,random,1,20260228_155741,1.2646815776824951,"A total ban on single-use plastics is not just necessary—it's urgent. Right now, less than 10% of plastic is actually recycled, and most ends up in landfills, oceans, or incinerators, polluting the environment and contributing to climate change. Since plastic production relies on fossil fuels, cutting it at the source helps reduce greenhouse gas emissions and lessens our dependence on non-renewable resources. Beyond environmental damage, microplastics are now found in human blood, lungs, and even placentas, raising serious health concerns that we can’t afford to ignore. By banning these items, governments can force industries to innovate with safer, reusable alternatives. This shift protects both our planet and our well-being—especially for future generations who deserve cleaner air, water, and a healthier world.",clarification_and_specification,recycling_system_failure,"In other words, banning single-use plastics at the national level is essential because recycling alone cannot handle the massive volume of waste we generate.",clarification_and_specification_recycling_system_failure,"I should consider that global plastic recycling rates remain below 10%, much plastic is downcycled or exported, and source reduction through bans is therefore necessary.",In other words,conditional,carbon_footprint_and_climate,"If we want to reduce our carbon footprint and confront climate change, reducing plastic production at the source—rather than just managing its waste—is far more effective than relying on imperfect recycling.",conditional_carbon_footprint_and_climate,"I should analyze how single-use plastics are petrochemical products that contribute to emissions throughout their lifecycle, from extraction to incineration.",If,addition_and_elaboration,microplastics_and_human_health,"Moreover, banning single-use plastics protects public health by reducing our exposure to harmful chemicals and microplastics that are already showing up in our bodies.",addition_and_elaboration_microplastics_and_human_health,"I should examine emerging evidence that microplastics accumulate in human tissue, blood, and organs, posing uncertain but potentially serious health risks.",Moreover,baseline,824,258,0.4289727856055768
1,1.8215297184960435,,,synthesis_restructured,targeted,1,20260228_155111,1.1525001525878906,"Single-use plastics are a major environmental hazard, with less than 10% of them ever being recycled—most end up in landfills or polluting our oceans, harming wildlife and ecosystems. A total government ban would stop this pollution at the source, reducing cleanup costs, protecting public health, and preventing long-term damage to natural resources. Countries like Rwanda, Kenya, and parts of the EU have already implemented such bans successfully, showing that they are practical and effective. With reusable alternatives widely available and affordable, there’s no good reason to continue allowing such wasteful and harmful products. Ultimately, a ban is a necessary step to protect our planet and future generations.",emphasis_and_evaluation,recycling_system_failure,"Importantly, most single-use plastics aren't actually recycled—instead, they end up in landfills or pollute our oceans and ecosystems, harming wildlife and contributing to long-term environmental degradation.",emphasis_and_evaluation_recycling_system_failure,"I should consider that global plastic recycling rates remain below 10%, much plastic is downcycled or exported, and source reduction through bans is therefore necessary.",Importantly,conclusion_and_summary,economic_externalities,"In conclusion, a total ban prevents this waste from ever entering the environment, saves taxpayers money on cleanup, and protects our natural resources for future generations.",conclusion_and_summary_economic_externalities,"I should calculate how cleanup costs, healthcare burdens, tourism losses, and ecosystem damage are borne by the public rather than producers—a market failure requiring correction.",In conclusion,clarification_and_specification,success_of_existing_bans,"In other words, countries that have already banned single-use plastics have seen dramatic improvements in cleanliness, with cleaner cities and less litter in rivers and oceans.",clarification_and_specification_success_of_existing_bans,"I should examine case studies from Rwanda, the EU, Kenya, and various US states showing that bans are enforceable and produce measurable reductions in pollution.",In other words,targeted,721,9,0.41081889036573027
21,1.710499328425406,,,synthesis_restructured,targeted,3,20260228_155111,1.386742115020752,"Single-use plastics are a serious threat to both human health and the environment, and a government-enforced ban is a necessary and responsible step. Scientific studies have found microplastics in human blood and organs, meaning these harmful particles are already inside us—posing potential long-term health risks we’re only beginning to understand. Countries like Rwanda and Kenya have already banned single-use plastics with remarkable success, dramatically reducing pollution and waste in just a few years. Even in the U.S., states like California and Hawaii have implemented bans that have led to cleaner streets, waterways, and ecosystems. A nationwide ban is not only achievable but urgently needed to protect our health and the planet. Since the risks are real and the solutions exist, it's time for the government to take bold action and make a total ban on single-use plastics the law.",emphasis_and_evaluation,microplastics_and_human_health,"Importantly, studies have found microplastics in human blood and organs, which suggests that single-use plastics are already entering our bodies and could be contributing to long-term health problems, even if the full effects aren't yet known.",emphasis_and_evaluation_microplastics_and_human_health,"I should examine emerging evidence that microplastics accumulate in human tissue, blood, and organs, posing uncertain but potentially serious health risks.",Importantly,conclusion_and_summary,microplastics_and_human_health,"In conclusion, banning single-use plastics is a necessary precaution to protect public health, especially since the long-term consequences of plastic exposure are still unclear and could be severe.",conclusion_and_summary_microplastics_and_human_health,"I should examine emerging evidence that microplastics accumulate in human tissue, blood, and organs, posing uncertain but potentially serious health risks.",In conclusion,clarification_and_specification,success_of_existing_bans,"In other words, countries like Rwanda and Kenya have successfully eliminated single-use plastic bags and seen dramatic drops in litter and environmental harm, proving that such bans are not just idealistic but practical and effective.",clarification_and_specification_success_of_existing_bans,"I should examine case studies from Rwanda, the EU, Kenya, and various US states showing that bans are enforceable and produce measurable reductions in pollution.",In other words,targeted,895,136,0.3997091731981045
46,1.6707057220867974,,,synthesis_restructured,targeted,2,20260228_155111,1.2195754051208496,"Single-use plastics are a major source of pollution that harms wildlife, clogs our waterways, and degrades natural environments—issues that affect everyone. The real cost of this pollution—cleaning streets, treating health problems, and lost tourism revenue—is shouldered by taxpayers, not the corporations that profit from plastic production. Countries like Rwanda, Kenya, and the EU have already proven that banning single-use plastics is feasible and leads to cleaner cities and healthier ecosystems. By enforcing a total ban, governments can stop this ongoing environmental damage and shift the burden back to producers where it belongs. This isn’t about restricting choice—it’s about protecting public health and the planet we all share. A ban is a necessary step toward a sustainable future that benefits everyone.",emphasis_and_evaluation,economic_externalities,"Importantly, single-use plastics pollute our oceans, clog waterways, and harm wildlife, which ultimately affects everyone through degraded ecosystems and rising cleanup costs.",emphasis_and_evaluation_economic_externalities,"I should calculate how cleanup costs, healthcare burdens, tourism losses, and ecosystem damage are borne by the public rather than producers—a market failure requiring correction.",Importantly,conclusion_and_summary,success_of_existing_bans,"In conclusion, real-world examples prove that banning single-use plastics is not only possible but leads to cleaner cities, healthier environments, and long-term savings for communities.",conclusion_and_summary_success_of_existing_bans,"I should examine case studies from Rwanda, the EU, Kenya, and various US states showing that bans are enforceable and produce measurable reductions in pollution.",In conclusion,evidence_and_authority,economic_externalities,"Evidence shows that the real cost of plastic waste—like cleaning streets, treating pollution-related illnesses, and losing tourism revenue—is paid by taxpayers, not the companies that produce it.",evidence_and_authority_economic_externalities,"I should calculate how cleanup costs, healthcare burdens, tourism losses, and ecosystem damage are borne by the public rather than producers—a market failure requiring correction.",Evidence shows that,targeted,820,82,0.39417487930031375
39,1.675952842387623,,,synthesis_restructured,targeted,4,20260228_155111,1.297273874282837,"The government should enforce a total ban on single-use plastics because they are a major source of pollution that harms both the environment and human health. Despite common belief, less than 10% of plastic is recycled globally, and most ends up in landfills or the ocean, where it breaks down into microplastics that can enter our food and water supplies. Countries like Rwanda and Kenya have already proven that nationwide bans are feasible and effective, leading to cleaner cities and less marine pollution. As an ordinary person, I want clean streets, safe water, and a healthier planet for my family—these bans are a practical and necessary step toward that. The government has a responsibility to protect its citizens, and eliminating single-use plastics is a simple yet powerful way to do so. With sustainable alternatives already available, there's no excuse not to act now.",emphasis_and_evaluation,recycling_system_failure,"Importantly, banning single-use plastics at the national level directly reduces the amount of waste entering landfills and oceans, where it can persist for centuries and harm wildlife.",emphasis_and_evaluation_recycling_system_failure,"I should consider that global plastic recycling rates remain below 10%, much plastic is downcycled or exported, and source reduction through bans is therefore necessary.",Importantly,conclusion_and_summary,microplastics_and_human_health,"In conclusion, protecting public health is a fundamental role of government, and eliminating a major source of pervasive pollution like single-use plastics aligns with this duty.",conclusion_and_summary_microplastics_and_human_health,"I should examine emerging evidence that microplastics accumulate in human tissue, blood, and organs, posing uncertain but potentially serious health risks.",In conclusion,emphasis_and_evaluation,success_of_existing_bans,"Importantly, countries and regions that have already implemented plastic bans have seen dramatic decreases in plastic litter, proving that such policies work in real-world settings.",emphasis_and_evaluation_success_of_existing_bans,"I should examine case studies from Rwanda, the EU, Kenya, and various US states showing that bans are enforceable and produce measurable reductions in pollution.",Importantly,targeted,883,130,0.3885394540335151
40,1.6754262663262236,,,synthesis_restructured,targeted,4,20260228_155111,1.31597638130188,"Single-use plastics are a major source of pollution, with over 90% never being recycled and instead polluting our oceans, landfills, and ecosystems. The costs of cleaning up this mess—washed up on beaches, harming wildlife, and damaging local economies—are paid by ordinary people, not the companies that profit from plastic. Countries like Rwanda, Kenya, and parts of the EU have already implemented total bans and seen significant reductions in plastic waste, proving such policies are practical and effective. A ban would shift responsibility from communities to producers and drive innovation in sustainable alternatives. While some may worry about convenience, reusable options are widely available and the long-term benefits far outweigh short-term adjustments. It’s time we stop treating the planet as a trash can and protect our environment for future generations.",emphasis_and_evaluation,recycling_system_failure,"Importantly, most single-use plastics aren’t recycled—over 90% end up in landfills, oceans, or incinerators. A total ban would stop this pollution at the source.",emphasis_and_evaluation_recycling_system_failure,"I should consider that global plastic recycling rates remain below 10%, much plastic is downcycled or exported, and source reduction through bans is therefore necessary.",Importantly,conclusion_and_summary,economic_externalities,"In conclusion, the costs of plastic waste—cleaning beaches, harming wildlife, and damaging tourism—are paid by taxpayers and communities, not the corporations that profit from plastic.",conclusion_and_summary_economic_externalities,"I should calculate how cleanup costs, healthcare burdens, tourism losses, and ecosystem damage are borne by the public rather than producers—a market failure requiring correction.",In conclusion,conditional,success_of_existing_bans,"If places like Rwanda and Kenya have successfully banned single-use plastics and seen dramatic reductions in litter, then a total ban is not only possible but already proven effective.",conditional_success_of_existing_bans,"I should examine case studies from Rwanda, the EU, Kenya, and various US states showing that bans are enforceable and produce measurable reductions in pollution.",If,targeted,872,120,0.38742427827209713
11,1.751392550419084,,,synthesis_restructured,targeted,2,20260228_155111,1.3675081729888916,"Single-use plastics are a persistent environmental hazard—they don’t biodegrade, but instead break into microplastics that poison oceans, harm animals, and eventually enter our own food chain. Banning them isn’t just about saving the planet; it’s about protecting our health, since microplastics have been detected in our blood, organs, and drinking water. Countries like Rwanda and Kenya have already proven that total bans can work, drastically reducing plastic pollution in cities and public spaces. Even in the US, states like California and Oregon have cut down plastic waste significantly after implementing similar laws. We don’t need to wait for perfect alternatives—we can act now to stop the flood of waste that’s choking our planet. A government ban is a necessary and achievable step toward a cleaner, healthier future for everyone.",emphasis_and_evaluation,intergenerational_responsibility,"Importantly, single-use plastics don’t just disappear—they linger in landfills and oceans for hundreds of years, polluting ecosystems and harming wildlife, which affects everyone, including future generations who inherit a damaged planet.",emphasis_and_evaluation_intergenerational_responsibility,"I should evaluate how plastics persist for centuries in the environment, meaning today's convenience imposes long-term burdens on future generations who had no say in their creation.",Importantly,conclusion_and_summary,microplastics_and_human_health,"In conclusion, banning single-use plastics isn't just about cleaning up beaches—it's about protecting our own health, since microplastics are now found in our food, water, and even our blood.",conclusion_and_summary_microplastics_and_human_health,"I should examine emerging evidence that microplastics accumulate in human tissue, blood, and organs, posing uncertain but potentially serious health risks.",In conclusion,evidence_and_authority,success_of_existing_bans,"Evidence shows that places like Rwanda and Kenya have successfully eliminated plastic waste from their cities after strict bans, proving that such policies work in real life and don’t just exist on paper.",evidence_and_authority_success_of_existing_bans,"I should examine case studies from Rwanda, the EU, Kenya, and various US states showing that bans are enforceable and produce measurable reductions in pollution.",Evidence shows that,targeted,844,107,0.3756327358739866
14,1.751392550419084,,,synthesis_restructured,targeted,2,20260228_155111,1.1845989227294922,"Single-use plastics are a major source of pollution that harms both the environment and human health. Studies have found microplastics in human blood and organs, indicating that these materials are entering our bodies and may cause long-term health problems. Countries like Rwanda and Kenya have already implemented total bans and seen dramatic reductions in plastic waste, proving that such policies are feasible and effective. Even in the U.S., states like California and Oregon have made significant progress with similar measures. A total government ban would accelerate the shift toward safer, reusable alternatives and protect ecosystems and public health. While some may worry about inconvenience, the long-term benefits far outweigh temporary discomfort. It’s time we take decisive action to protect our planet and ourselves from the growing threat of plastic pollution.",emphasis_and_evaluation,microplastics_and_human_health,"Importantly, studies have now detected microplastics in human blood and organs, suggesting that single-use plastics are not just environmental pollutants but direct threats to human health.",emphasis_and_evaluation_microplastics_and_human_health,"I should examine emerging evidence that microplastics accumulate in human tissue, blood, and organs, posing uncertain but potentially serious health risks.",Importantly,conclusion_and_summary,microplastics_and_human_health,"In conclusion, a total ban on single-use plastics is a necessary step to protect both public health and the environment from long-term harm.",conclusion_and_summary_microplastics_and_human_health,"I should examine emerging evidence that microplastics accumulate in human tissue, blood, and organs, posing uncertain but potentially serious health risks.",In conclusion,evidence_and_authority,success_of_existing_bans,"Evidence shows that countries like Rwanda and Kenya have successfully eliminated single-use plastic waste through strict bans, proving that such policies are practical and effective.",evidence_and_authority_success_of_existing_bans,"I should examine case studies from Rwanda, the EU, Kenya, and various US states showing that bans are enforceable and produce measurable reductions in pollution.",Evidence shows that,targeted,878,127,0.3642811336135404
25,0.0,,,synthesis_restructured,random,0,20260228_155741,1.2192773818969729,"Single-use plastics are a major environmental hazard, persisting in nature for hundreds of years and causing harm to wildlife and ecosystems. Real-world examples, like Rwanda and the European Union, show that bans are feasible and lead to dramatic declines in plastic pollution. Beyond environmental benefits, these plastics are made from fossil fuels, and their production and disposal contribute significantly to greenhouse gas emissions. A government-enforced ban would reduce pollution, protect natural habitats, and promote cleaner alternatives that are better for the planet and future generations. Since the average person is affected by plastic waste in their daily life and surroundings, taking strong action now is both responsible and necessary. A total ban is not just an ideal—it’s a practical, proven step toward a healthier, more sustainable world.",exemplification,intergenerational_responsibility,"For example, plastic bags and bottles can take hundreds of years to degrade, and they often end up in oceans and landfills, harming wildlife and polluting ecosystems.",exemplification_intergenerational_responsibility,"I should evaluate how plastics persist for centuries in the environment, meaning today's convenience imposes long-term burdens on future generations who had no say in their creation.",For example,causal_reasoning,success_of_existing_bans,"Therefore, evidence from countries like Rwanda, where plastic bag use dropped nearly to zero after a ban, proves that such policies not only work but also encourage innovation in reusable alternatives.",causal_reasoning_success_of_existing_bans,"I should examine case studies from Rwanda, the EU, Kenya, and various US states showing that bans are enforceable and produce measurable reductions in pollution.",Therefore,clarification_and_specification,carbon_footprint_and_climate,"In other words, banning these plastics reduces dependence on fossil fuels and lowers carbon emissions, which helps combat climate change and protects public health.",clarification_and_specification_carbon_footprint_and_climate,"I should analyze how single-use plastics are petrochemical products that contribute to emissions throughout their lifecycle, from extraction to incineration.",In other words,baseline,863,287,0.3630222687431771
42,1.6718064022544517,,,synthesis_restructured,targeted,0,20260228_155111,1.240947961807251,"Single-use plastics are a major driver of pollution, and with less than 10% of plastic waste being recycled globally, we can't rely on recycling to solve the problem. Even when plastic is recycled, it often gets downcycled into lower-quality materials that eventually end up in landfills or the environment. Banning single-use plastics is a practical and proven way to reduce pollution—countries like Rwanda and Kenya have shown that full bans are achievable and lead to cleaner streets, rivers, and oceans. Moreover, microplastics have now been found in human blood and organs, raising serious concerns about long-term health impacts. As a regular person, I want to live in a cleaner, safer world—supporting a total ban on single-use plastics is a simple, effective way to protect both the planet and future generations.",emphasis_and_evaluation,recycling_system_failure,"Importantly, most single-use plastics aren't recycled—only about 9% globally—so relying on recycling alone isn’t a realistic solution.",emphasis_and_evaluation_recycling_system_failure,"I should consider that global plastic recycling rates remain below 10%, much plastic is downcycled or exported, and source reduction through bans is therefore necessary.",Importantly,conclusion_and_summary,microplastics_and_human_health,"In conclusion, banning single-use plastics is a necessary step to protect both our environment and our own health from the growing dangers of plastic pollution.",conclusion_and_summary_microplastics_and_human_health,"I should examine emerging evidence that microplastics accumulate in human tissue, blood, and organs, posing uncertain but potentially serious health risks.",In conclusion,exemplification,success_of_existing_bans,"For example, countries like Rwanda and Kenya have successfully implemented and enforced bans, resulting in cleaner cities and reduced plastic waste in rivers and oceans.",exemplification_success_of_existing_bans,"I should examine case studies from Rwanda, the EU, Kenya, and various US states showing that bans are enforceable and produce measurable reductions in pollution.",For example,targeted,821,83,0.3624376287073379
30,1.705821399919507,,,synthesis_restructured,targeted,2,20260228_155111,1.3034367561340332,"Single-use plastics are a major threat to marine life—animals like turtles and seabirds often mistake them for food, leading to injury or death. These plastics also break down into microplastics that pollute water, harm ecosystems, and can even enter the human food chain. While some may worry about inconvenience, real-world examples from Rwanda, Kenya, and the EU show that bans are enforceable and lead to significant reductions in pollution. The long-term environmental and economic benefits—like cleaner beaches, healthier wildlife, and lower cleanup costs—far outweigh any short-term discomfort. As someone who cares about clean water, safe food, and a healthy planet, I believe the government has a responsibility to protect us all by enforcing a total ban on single-use plastics. This is not just about rules—it's about saving our oceans and securing a safer future for everyone.",emphasis_and_evaluation,marine_ecosystem_destruction,"Importantly, single-use plastics are a major cause of marine pollution, harming animals like turtles and seabirds that mistake plastic for food, often leading to death.",emphasis_and_evaluation_marine_ecosystem_destruction,"I should consider how single-use plastics kill marine animals through ingestion and entanglement, degrade coral reefs, and disrupt ocean ecosystems at massive scale.",Importantly,conclusion_and_summary,economic_externalities,"In conclusion, banning single-use plastics protects our oceans, reduces long-term environmental and economic costs, and helps ensure a healthier planet for future generations.",conclusion_and_summary_economic_externalities,"I should calculate how cleanup costs, healthcare burdens, tourism losses, and ecosystem damage are borne by the public rather than producers—a market failure requiring correction.",In conclusion,evidence_and_authority,success_of_existing_bans,"Evidence shows that countries and cities that have banned single-use plastics have seen dramatic drops in plastic waste, proving such bans are both practical and effective.",evidence_and_authority_success_of_existing_bans,"I should examine case studies from Rwanda, the EU, Kenya, and various US states showing that bans are enforceable and produce measurable reductions in pollution.",Evidence shows that,targeted,887,133,0.36051116820944584
7,1.751392550419084,,,synthesis_restructured,targeted,1,20260228_155111,1.3538200855255127,"Single-use plastics are a major source of pollution, clogging our oceans, harming wildlife, and even entering our own bodies through microplastics. While some companies claim to be greener, they still rely on cheap plastic because there’s no real penalty for continuing to use it—only a government ban can force real change. Countries like Rwanda and Kenya have shown that strict bans work, drastically reducing waste and cleaning up their environments. Even in the US, states like California and Maine have successfully implemented bans, proving it’s not just a foreign idea but something that can work here too. With plastic pollution already affecting our health and ecosystems, waiting for voluntary action is no longer an option. A total ban is the most effective, necessary step we can take to protect our planet and future generations.",emphasis_and_evaluation,corporate_behavior_and_voluntary_failure,"Importantly, plastic manufacturers often make green promises but continue producing single-use plastics because they’re cheap and profitable—without a government ban, these companies have no real incentive to change.",emphasis_and_evaluation_corporate_behavior_and_voluntary_failure,"I should analyze how manufacturers default to cheap plastics despite pledges, and why only binding regulation—not voluntary commitments—can shift industry norms.",Importantly,conclusion_and_summary,microplastics_and_human_health,"In conclusion, the growing scientific evidence linking microplastics to human health issues—like inflammation and endocrine disruption—means we can no longer afford to delay a ban simply because it’s difficult to implement.",conclusion_and_summary_microplastics_and_human_health,"I should examine emerging evidence that microplastics accumulate in human tissue, blood, and organs, posing uncertain but potentially serious health risks.",In conclusion,evidence_and_authority,success_of_existing_bans,"Evidence shows that countries like Rwanda and Kenya have successfully eliminated plastic bags through strict bans, leading to cleaner cities and less waste in rivers and oceans—proving a ban is not only possible but effective.",evidence_and_authority_success_of_existing_bans,"I should examine case studies from Rwanda, the EU, Kenya, and various US states showing that bans are enforceable and produce measurable reductions in pollution.",Evidence shows that,targeted,842,104,0.35510040574173446
5,1.755604018638381,,,synthesis_restructured,targeted,0,20260228_155111,1.2365903854370115,"Single-use plastics are a major source of pollution, with less than 10% being recycled globally—most end up in landfills or ecosystems. Banning them directly reduces waste at the source, avoiding the failure of recycling systems and protecting wildlife, oceans, and public health. Countries like Rwanda and Kenya have already proven that nationwide bans are feasible and lead to cleaner cities and healthier environments. The costs of pollution—cleanups, healthcare, and lost tourism—fall on ordinary citizens, not corporations, making government intervention necessary. A total ban is a responsible, preventative step that aligns with long-term sustainability and public well-being. It’s time we choose cleaner, lasting solutions over short-term convenience.",emphasis_and_evaluation,recycling_system_failure,"Importantly, most single-use plastics aren’t recycled and end up in landfills or polluting the environment, so reducing their use at the source is a more effective solution than relying on recycling.",emphasis_and_evaluation_recycling_system_failure,"I should consider that global plastic recycling rates remain below 10%, much plastic is downcycled or exported, and source reduction through bans is therefore necessary.",Importantly,conclusion_and_summary,economic_externalities,"In conclusion, the government should ban single-use plastics because the long-term environmental and societal costs—like polluted oceans, endangered wildlife, and public health impacts—far outweigh the short-term convenience of these products.",conclusion_and_summary_economic_externalities,"I should calculate how cleanup costs, healthcare burdens, tourism losses, and ecosystem damage are borne by the public rather than producers—a market failure requiring correction.",In conclusion,emphasis_and_evaluation,success_of_existing_bans,"Importantly, countries like Rwanda and Kenya have successfully implemented nationwide bans with visible improvements in cleanliness and environmental health, proving such policies are practical and effective.",emphasis_and_evaluation_success_of_existing_bans,"I should examine case studies from Rwanda, the EU, Kenya, and various US states showing that bans are enforceable and produce measurable reductions in pollution.",Importantly,targeted,759,27,0.35283491519285515
40,0.0,,,synthesis_restructured,random,2,20260228_155741,1.4014933109283447,"Single-use plastics are a major source of pollution that harms wildlife, clogs waterways, and lingers in ecosystems for centuries. Fortunately, we already have practical alternatives like reusable bags, paper straws, glass containers, and compostable packaging that can easily replace these items in daily life. The reality is that recycling alone won’t solve the problem—only about 9% of plastic ever produced has been recycled, and much of it ends up in landfills or oceans anyway. A government-enforced ban would push industries and consumers toward sustainable habits, reduce pollution at the source, and encourage innovation in green materials. This isn’t about restricting freedom—it’s about protecting our planet and public health. Given the availability of alternatives and the failure of current recycling systems, a total ban on single-use plastics is not only necessary but achievable.",sequence_and_transition,availability_of_alternatives,"Next to the plastic bags and bottles we use every day, there are already affordable and effective alternatives—like paper, glass, metal, and plant-based materials—so banning single-use plastics isn’t unrealistic.",sequence_and_transition_availability_of_alternatives,"I should demonstrate that reusable, compostable, and biodegradable alternatives are available for bags, straws, containers, and packaging, making a ban practically feasible.",Next,emphasis_and_evaluation,recycling_system_failure,"Importantly, most single-use plastics aren’t recycled—only about 9% globally—and even when they are, they often become lower-quality materials, so a ban helps stop pollution at the source.",emphasis_and_evaluation_recycling_system_failure,"I should consider that global plastic recycling rates remain below 10%, much plastic is downcycled or exported, and source reduction through bans is therefore necessary.",Importantly,exemplification,recycling_system_failure,"For example, many so-called “recycled” plastics end up in landfills or oceans anyway, proving that recycling alone isn’t enough—making a ban a smarter, more effective solution.",exemplification_recycling_system_failure,"I should consider that global plastic recycling rates remain below 10%, much plastic is downcycled or exported, and source reduction through bans is therefore necessary.",For example,baseline,896,307,0.34930031047181315
28,1.705821399919507,,,synthesis_restructured,targeted,3,20260228_155111,1.3927533626556396,"Single-use plastics are a major source of pollution that harms wildlife, contaminates water, and damages ecosystems for centuries. These environmental harms come at a steep cost to society—through cleanup efforts, healthcare issues, and lost tourism—costs that should not be borne by ordinary people. Yet, countries like Rwanda and Kenya, along with many European nations and U.S. cities, have shown that banning these plastics is not only feasible but leads to cleaner streets, healthier oceans, and reduced waste. A total government ban would level the playing field for sustainable alternatives and ensure producers are held accountable. As someone who cares about clean air, safe water, and a healthier planet for future generations, I believe a ban is both necessary and achievable. It’s time we stop treating the environment as a trash can and start protecting it with strong, enforceable rules.",emphasis_and_evaluation,intergenerational_responsibility,"Importantly, single-use plastics don’t just disappear—they linger in oceans, soil, and wildlife for hundreds of years, polluting ecosystems and harming animals, often in ways that are irreversible.",emphasis_and_evaluation_intergenerational_responsibility,"I should evaluate how plastics persist for centuries in the environment, meaning today's convenience imposes long-term burdens on future generations who had no say in their creation.",Importantly,conclusion_and_summary,economic_externalities,"In conclusion, the environmental damage caused by single-use plastics creates massive long-term costs for society, including contaminated water, lost marine life, and degraded landscapes, which all end up being paid for by taxpayers.",conclusion_and_summary_economic_externalities,"I should calculate how cleanup costs, healthcare burdens, tourism losses, and ecosystem damage are borne by the public rather than producers—a market failure requiring correction.",In conclusion,evidence_and_authority,success_of_existing_bans,"Evidence shows that countries and cities that have banned single-use plastics have seen dramatic reductions in litter, cleaner beaches, and healthier ecosystems—proving that bans are not only possible but effective.",evidence_and_authority_success_of_existing_bans,"I should examine case studies from Rwanda, the EU, Kenya, and various US states showing that bans are enforceable and produce measurable reductions in pollution.",Evidence shows that,targeted,901,142,0.34877492108848274
29,0.0,,,synthesis_restructured,random,3,20260228_155741,1.3718478679656982,"The government should enforce a total ban on single-use plastics because they are made from fossil fuels and generate significant greenhouse gas emissions during production, worsening climate change. Countries like Rwanda and Kenya have already implemented such bans and seen dramatic improvements in cleanliness and environmental health, proving the policy is both feasible and effective. Beyond climate impacts, single-use plastics kill millions of marine animals annually through ingestion and entanglement, and they pollute oceans, rivers, and even our drinking water with microplastics. While some may argue it's inconvenient, the long-term health of the planet and its inhabitants depends on taking bold action. Replacing plastic with reusable or biodegradable alternatives is not only possible but already happening in many communities. A nationwide ban is a necessary step toward protecting our environment, public health, and future generations.",emphasis_and_evaluation,carbon_footprint_and_climate,"Importantly, single-use plastics are made from fossil fuels, and their production releases significant greenhouse gases, contributing to climate change. Even if they are not burned, their manufacturing process already harms the environment.",emphasis_and_evaluation_carbon_footprint_and_climate,"I should analyze how single-use plastics are petrochemical products that contribute to emissions throughout their lifecycle, from extraction to incineration.",Importantly,emphasis_and_evaluation,success_of_existing_bans,"Importantly, countries like Rwanda and Kenya have successfully banned single-use plastics and now boast cleaner cities and rivers, proving that such bans are not only possible but effective in real-world conditions.",emphasis_and_evaluation_success_of_existing_bans,"I should examine case studies from Rwanda, the EU, Kenya, and various US states showing that bans are enforceable and produce measurable reductions in pollution.",Importantly,concession_and_contrast,marine_ecosystem_destruction,"However, the environmental toll is devastating: millions of marine animals die each year from ingesting or getting trapped in plastic waste, and even microplastics are now found in our food and drinking water.",concession_and_contrast_marine_ecosystem_destruction,"I should consider how single-use plastics kill marine animals through ingestion and entanglement, degrade coral reefs, and disrupt ocean ecosystems at massive scale.",However,baseline,954,331,0.34770038254975
3,1.7795289492371935,,,synthesis_restructured,targeted,1,20260228_155111,1.2042996883392334,"Single-use plastics are a major source of pollution that harms wildlife, clogs waterways, and contributes to climate change—yet less than 10% of plastic is actually recycled. Even when people try to recycle, most single-use items end up in landfills or oceans, where they break down into microplastics that enter our food and water. A government ban on these products would reduce pollution at the source, protect ecosystems, and save communities money spent on cleanup and public health issues. Countries like Rwanda and Kenya have already proven that such bans are feasible and effective, with cleaner cities and less waste. The average person benefits from a cleaner environment, safer food, and reduced long-term costs. Therefore, a total ban on single-use plastics is not only necessary but also achievable and fair.",emphasis_and_evaluation,recycling_system_failure,"Importantly, recycling alone cannot solve the plastic pollution problem—most single-use plastics are either not recycled or end up in landfills and oceans.",emphasis_and_evaluation_recycling_system_failure,"I should consider that global plastic recycling rates remain below 10%, much plastic is downcycled or exported, and source reduction through bans is therefore necessary.",Importantly,conclusion_and_summary,economic_externalities,"In conclusion, banning single-use plastics protects public health, reduces environmental damage, and saves taxpayer money on cleanup and healthcare costs.",conclusion_and_summary_economic_externalities,"I should calculate how cleanup costs, healthcare burdens, tourism losses, and ecosystem damage are borne by the public rather than producers—a market failure requiring correction.",In conclusion,concession_and_contrast,success_of_existing_bans,"However, many countries and cities have successfully implemented plastic bans and seen significant reductions in plastic waste, proving the policy is both practical and effective.",concession_and_contrast_success_of_existing_bans,"I should examine case studies from Rwanda, the EU, Kenya, and various US states showing that bans are enforceable and produce measurable reductions in pollution.",However,targeted,821,84,0.34176279568105805
35,0.0,,,synthesis_restructured,random,2,20260228_155741,1.3075883388519287,"Single-use plastics are a major source of pollution that harm wildlife, clog waterways, and persist in the environment for centuries—long after we’ve thrown them away. A total government ban is necessary because voluntary efforts have consistently failed to produce real change, while countries like Rwanda and Kenya have already proven such bans are practical and effective. Without strong enforcement, companies will keep relying on cheap, disposable plastics instead of investing in sustainable alternatives. A ban forces innovation, shifts consumer habits, and protects ecosystems for future generations. It’s not about eliminating convenience entirely, but about creating better, lasting solutions. The cost of doing nothing is far greater than the effort of reform. We owe it to our planet and our children to act decisively now.",concession_and_contrast,intergenerational_responsibility,"However, the real harm comes not from the materials themselves, but from how they're used and discarded—so a total ban on single-use plastics is a necessary first step to break the cycle of pollution and protect ecosystems for future generations.",concession_and_contrast_intergenerational_responsibility,"I should evaluate how plastics persist for centuries in the environment, meaning today's convenience imposes long-term burdens on future generations who had no say in their creation.",However,addition_and_elaboration,success_of_existing_bans,"Moreover, countries like Rwanda and Kenya have proven that banning single-use plastics can drastically reduce litter and clean up entire cities—showing it's not just idealistic, but practically possible.",addition_and_elaboration_success_of_existing_bans,"I should examine case studies from Rwanda, the EU, Kenya, and various US states showing that bans are enforceable and produce measurable reductions in pollution.",Moreover,concession_and_contrast,corporate_behavior_and_voluntary_failure,"However, without a government mandate, companies will continue prioritizing profit over people and planet, making a total ban essential to force innovation and accountability.",concession_and_contrast_corporate_behavior_and_voluntary_failure,"I should analyze how manufacturers default to cheap plastics despite pledges, and why only binding regulation—not voluntary commitments—can shift industry norms.",However,baseline,835,268,0.34025494572768494
47,1.6707057220867974,,,synthesis_restructured,targeted,4,20260228_155111,1.2254631519317627,"Single-use plastics are a major source of pollution that harms wildlife and ecosystems, often ending up in oceans and landfills where they persist for centuries. Governments have a responsibility to protect public health and the environment, and a total ban is the most effective way to stop this crisis at its source. Countries like Rwanda, Kenya, and the European Union have already demonstrated that such bans are practical and lead to significant reductions in plastic waste. The hidden costs—cleaning up communities, treating pollution-related illnesses, and losing tourism revenue—are paid by ordinary citizens, not the companies that profit from plastic. Without government action, the burden will continue to fall on future generations. A total ban is a necessary step toward justice, sustainability, and long-term environmental protection.",emphasis_and_evaluation,global_waste_trade_injustice,"Importantly, single-use plastics are a major contributor to environmental pollution, with much of the waste ending up in oceans and landfills, harming wildlife and ecosystems.",emphasis_and_evaluation_global_waste_trade_injustice,"I should consider how wealthy countries export plastic waste to poorer nations, making this a global justice issue that requires upstream intervention at the production stage.",Importantly,conclusion_and_summary,success_of_existing_bans,"In conclusion, proven examples from countries like Rwanda and Kenya show that government-led bans on single-use plastics are not only feasible but also effective in reducing pollution.",conclusion_and_summary_success_of_existing_bans,"I should examine case studies from Rwanda, the EU, Kenya, and various US states showing that bans are enforceable and produce measurable reductions in pollution.",In conclusion,evidence_and_authority,economic_externalities,"Evidence shows that the true cost of plastic pollution—through cleanup, health impacts, and environmental damage—is borne by taxpayers and communities, not the corporations that profit from plastic production.",evidence_and_authority_economic_externalities,"I should calculate how cleanup costs, healthcare burdens, tourism losses, and ecosystem damage are borne by the public rather than producers—a market failure requiring correction.",Evidence shows that,targeted,848,110,0.3309527223255107
25,0.0,,,synthesis_restructured,random,3,20260228_155741,1.3593347072601318,"Single-use plastics are a major environmental hazard—they don’t biodegrade and instead break into microplastics that poison ecosystems and even end up in our food. Countries like Rwanda, Kenya, and several European nations have successfully banned these items, proving such measures are practical and lead to cleaner cities and oceans. Beyond pollution, plastic production relies on fossil fuels and emits harmful greenhouse gases at every stage, so eliminating it reduces climate impact. As a regular person, I care about leaving a healthier planet for my kids, and a total ban is the most direct way to stop this waste at the source. It’s not about inconvenience—it’s about responsibility. We can use reusable alternatives like cloth bags and glass containers, which are often more durable and cost-effective long-term. The government has a role in protecting public health and the environment, and this ban would be a powerful step forward.",exemplification,intergenerational_responsibility,"For example, plastic bags and bottles can take over 500 years to decompose, polluting oceans, harming wildlife, and even entering our food chain through microplastics.",exemplification_intergenerational_responsibility,"I should evaluate how plastics persist for centuries in the environment, meaning today's convenience imposes long-term burdens on future generations who had no say in their creation.",For example,causal_reasoning,success_of_existing_bans,"Therefore, real-world examples prove that banning single-use plastics is not only possible but also effective—Rwanda’s nationwide ban led to cleaner streets, and the EU’s plastic directive significantly reduced plastic waste.",causal_reasoning_success_of_existing_bans,"I should examine case studies from Rwanda, the EU, Kenya, and various US states showing that bans are enforceable and produce measurable reductions in pollution.",Therefore,clarification_and_specification,carbon_footprint_and_climate,"In other words, banning these plastics reduces fossil fuel dependence and lowers greenhouse gas emissions, which helps fight climate change.",clarification_and_specification_carbon_footprint_and_climate,"I should analyze how single-use plastics are petrochemical products that contribute to emissions throughout their lifecycle, from extraction to incineration.",In other words,baseline,943,326,0.32712231170266887
21,1.710499328425406,,,synthesis_restructured,targeted,0,20260228_155111,1.1386873722076416,"The government should enforce a total ban on single-use plastics because they’re not just an environmental problem—they’re a threat to our health. Scientists have found microplastics in human blood, organs, and even placenta, meaning these toxic materials are entering our bodies through the air, water, and food. That’s terrifying when you consider how much plastic waste ends up in oceans, rivers, and landfills every year. Fortunately, places like Rwanda, Kenya, and the European Union have already proven that bans are possible and effective—cutting down on plastic pollution and encouraging safer alternatives. If they can do it, so can we. A total ban is a bold but necessary step to protect both our planet and our health for future generations.",emphasis_and_evaluation,microplastics_and_human_health,"Importantly, research has detected microplastics in human blood and organs, suggesting that single-use plastics can enter our bodies and possibly cause long-term harm.",emphasis_and_evaluation_microplastics_and_human_health,"I should examine emerging evidence that microplastics accumulate in human tissue, blood, and organs, posing uncertain but potentially serious health risks.",Importantly,conclusion_and_summary,microplastics_and_human_health,"In conclusion, the presence of microplastics in our bodies is alarming and underscores the urgent need to eliminate single-use plastics at the source.",conclusion_and_summary_microplastics_and_human_health,"I should examine emerging evidence that microplastics accumulate in human tissue, blood, and organs, posing uncertain but potentially serious health risks.",In conclusion,clarification_and_specification,success_of_existing_bans,"In other words, countries like Rwanda and Kenya have successfully banned single-use plastics and drastically reduced environmental pollution.",clarification_and_specification_success_of_existing_bans,"I should examine case studies from Rwanda, the EU, Kenya, and various US states showing that bans are enforceable and produce measurable reductions in pollution.",In other words,targeted,752,24,0.3244731973364146
26,1.710499328425406,,,synthesis_restructured,targeted,4,20260228_155111,1.3814830780029297,"The government should enforce a total ban on single-use plastics because companies won’t change on their own—without laws, they continue using cheap, harmful plastics just because they’re convenient and profitable. We’re already seeing the consequences: microplastics are showing up in our blood, organs, and even our food, and we don’t fully understand the long-term health risks. But we don’t need to wait for perfect science—countries like Rwanda and Kenya have already proven that strict bans work, leading to cleaner streets, healthier ecosystems, and less pollution. Even in the U.S., states like California and Oregon have seen real improvement after implementing similar rules. A total ban isn’t just a dream—it’s a practical, proven step toward protecting both our planet and our health.",emphasis_and_evaluation,corporate_behavior_and_voluntary_failure,"Importantly, many companies say they’ll reduce plastic use, but without legal mandates, they often keep using cheap, single-use plastics because they’re profitable and convenient—meaning voluntary efforts just don’t go far enough.",emphasis_and_evaluation_corporate_behavior_and_voluntary_failure,"I should analyze how manufacturers default to cheap plastics despite pledges, and why only binding regulation—not voluntary commitments—can shift industry norms.",Importantly,conclusion_and_summary,microplastics_and_human_health,"In conclusion, it’s not just about saving the planet—single-use plastics are now found in our own bodies, and a ban would help protect human health by reducing our exposure to toxic microplastics.",conclusion_and_summary_microplastics_and_human_health,"I should examine emerging evidence that microplastics accumulate in human tissue, blood, and organs, posing uncertain but potentially serious health risks.",In conclusion,clarification_and_specification,success_of_existing_bans,"In other words, countries like Rwanda and Kenya have successfully banned single-use plastics and seen massive drops in litter and environmental damage—proving this kind of law isn’t just idealistic, it actually works in the real world.",clarification_and_specification_success_of_existing_bans,"I should examine case studies from Rwanda, the EU, Kenya, and various US states showing that bans are enforceable and produce measurable reductions in pollution.",In other words,targeted,796,57,0.32315646080617244
23,1.710499328425406,,,synthesis_restructured,targeted,1,20260228_155111,1.3272128105163574,"A total ban on single-use plastics is essential for protecting the environment and public health. Countries like Rwanda and Kenya have already proven that nationwide bans are enforceable and lead to cleaner streets, rivers, and ecosystems. In fact, places like the European Union and California have reduced plastic bag use by over 80% through strict regulations, showing that such policies work in real-world settings. Beyond environmental damage, microplastics are now found in human blood and organs, raising serious concerns about long-term health effects. A ban would prevent further contamination and help shift society toward sustainable alternatives. As an average person concerned about clean water, healthy food, and a safer planet, I believe we have a moral responsibility to act now. A total ban is not just feasible — it’s necessary.",emphasis_and_evaluation,success_of_existing_bans,"Importantly, countries like Rwanda and Kenya have successfully implemented nationwide bans on single-use plastics and have seen dramatic reductions in plastic waste in urban areas and waterways.",emphasis_and_evaluation_success_of_existing_bans,"I should examine case studies from Rwanda, the EU, Kenya, and various US states showing that bans are enforceable and produce measurable reductions in pollution.",Importantly,conclusion_and_summary,microplastics_and_human_health,"In conclusion, since plastic waste harms wildlife, pollutes our oceans, and may even enter our own bodies through food and water, a total ban is a necessary and responsible step to protect both people and the planet.",conclusion_and_summary_microplastics_and_human_health,"I should examine emerging evidence that microplastics accumulate in human tissue, blood, and organs, posing uncertain but potentially serious health risks.",In conclusion,clarification_and_specification,success_of_existing_bans,"In other words, bans are not just symbolic — places like the EU and California have reduced plastic bag use by over 80% after implementing strict regulations, proving that change is possible and practical.",clarification_and_specification_success_of_existing_bans,"I should examine case studies from Rwanda, the EU, Kenya, and various US states showing that bans are enforceable and produce measurable reductions in pollution.",In other words,targeted,846,108,0.3228385486118347
24,1.710499328425406,,,synthesis_restructured,targeted,2,20260228_155111,1.1737782955169678,"Single-use plastics are a major source of pollution that harms our environment, communities, and health. Cleanup efforts cost millions in taxpayer money, and the burden falls on ordinary people, not the corporations that profit from these products. Evidence shows microplastics are now present in human blood and organs, raising serious concerns about long-term health risks. Fortunately, places like Rwanda, Kenya, and the European Union have successfully implemented bans, leading to cleaner streets and less plastic in nature. These real-world examples prove that a total ban is both practical and impactful. For the sake of our planet, our health, and future generations, the government should enforce a total ban on single-use plastics now.",emphasis_and_evaluation,economic_externalities,"Importantly, single-use plastics pollute our oceans and landfills, and the cleanup costs fall on taxpayers and local communities, not the corporations that profit from these products.",emphasis_and_evaluation_economic_externalities,"I should calculate how cleanup costs, healthcare burdens, tourism losses, and ecosystem damage are borne by the public rather than producers—a market failure requiring correction.",Importantly,conclusion_and_summary,microplastics_and_human_health,"In conclusion, microplastics have been found in human blood and organs, and banning single-use plastics is a necessary precaution to protect public health before irreversible harm occurs.",conclusion_and_summary_microplastics_and_human_health,"I should examine emerging evidence that microplastics accumulate in human tissue, blood, and organs, posing uncertain but potentially serious health risks.",In conclusion,clarification_and_specification,success_of_existing_bans,"In other words, countries and cities that have banned single-use plastics have seen dramatic reductions in litter and pollution, proving such bans are not only possible but effective.",clarification_and_specification_success_of_existing_bans,"I should examine case studies from Rwanda, the EU, Kenya, and various US states showing that bans are enforceable and produce measurable reductions in pollution.",In other words,targeted,745,19,0.3192399088806653
44,0.0,,,synthesis_restructured,random,1,20260228_155741,1.3377177715301514,"The government should enforce a total ban on single-use plastics because the environmental and public health costs are too high to ignore. Cleanup efforts, pollution-related illnesses, and damage to marine life are paid for by taxpayers and communities, not by the corporations that profit from plastic production. Despite repeated industry promises, voluntary measures haven’t led to real change—only a binding ban will force companies to innovate and adopt sustainable alternatives. Fortunately, practical, eco-friendly options like reusable bags, compostable containers, and biodegradable packaging are already available and widely used in many places. A total ban would level the playing field, protect ecosystems, and ensure that future generations inherit a cleaner, healthier planet. It’s time to stop treating plastic pollution as someone else’s problem and take decisive action.",addition_and_elaboration,economic_externalities,"Moreover, the costs of plastic pollution—like cleaning beaches, treating pollution-related illnesses, and losing tourism revenue—are ultimately paid by taxpayers and communities, not by the corporations that profit from single-use plastics.",addition_and_elaboration_economic_externalities,"I should calculate how cleanup costs, healthcare burdens, tourism losses, and ecosystem damage are borne by the public rather than producers—a market failure requiring correction.",Moreover,sequence_and_transition,corporate_behavior_and_voluntary_failure,"Next, despite repeated corporate promises to reduce plastic waste, most companies continue producing single-use plastics because there’s no legal pressure to change—only a total ban will force meaningful innovation.",sequence_and_transition_corporate_behavior_and_voluntary_failure,"I should analyze how manufacturers default to cheap plastics despite pledges, and why only binding regulation—not voluntary commitments—can shift industry norms.",Next,sequence_and_transition,availability_of_alternatives,"Next, many viable alternatives already exist—like reusable bags, compostable containers, and biodegradable packaging—that are just as convenient and affordable, proving a ban is not only possible but practical.",sequence_and_transition_availability_of_alternatives,"I should demonstrate that reusable, compostable, and biodegradable alternatives are available for bags, straws, containers, and packaging, making a ban practically feasible.",Next,baseline,887,303,0.31191264415842523
6,0.0,,,synthesis_restructured,random,0,20260228_155741,1.228421688079834,"Single-use plastics are made from fossil fuels, and their production, use, and disposal release harmful greenhouse gases, accelerating climate change. Countries like Rwanda and the European Union have proven that banning these plastics is not only possible but effective, leading to cleaner cities and reduced waste in landfills and oceans. With affordable and convenient alternatives like reusable bags, metal straws, and compostable containers now widely available, there’s no reason to continue relying on products that harm the environment. A total ban would protect ecosystems, reduce pollution, and encourage innovation in sustainable materials. It's not just an environmental necessity—it’s a practical step that everyday people can support and adapt to. We don’t need to wait for perfect solutions when better, safer options already exist.",concession_and_contrast,carbon_footprint_and_climate,"However, single-use plastics are made from fossil fuels, which contribute to greenhouse gas emissions during production and disposal, worsening climate change.",concession_and_contrast_carbon_footprint_and_climate,"I should analyze how single-use plastics are petrochemical products that contribute to emissions throughout their lifecycle, from extraction to incineration.",However,exemplification,success_of_existing_bans,"For example, Rwanda’s nationwide ban has made it one of the cleanest countries in Africa, while the EU and several U.S. states have seen significant reductions in plastic waste after implementing similar restrictions.",exemplification_success_of_existing_bans,"I should examine case studies from Rwanda, the EU, Kenya, and various US states showing that bans are enforceable and produce measurable reductions in pollution.",For example,exemplification,availability_of_alternatives,"For example, people can switch to reusable bags, glass containers, metal straws, and plant-based packaging—options that are increasingly affordable and accessible.",exemplification_availability_of_alternatives,"I should demonstrate that reusable, compostable, and biodegradable alternatives are available for bags, straws, containers, and packaging, making a ban practically feasible.",For example,baseline,847,277,0.3097939886976678
13,1.751392550419084,,,synthesis_restructured,targeted,1,20260228_155111,1.316105604171753,"The government should enforce a total ban on single-use plastics because it’s already proven to work in countries like Rwanda and Kenya, where streets are cleaner and marine life is healthier. Even in places with high plastic use, like parts of the US, local bans have reduced plastic waste significantly, showing that reusable and biodegradable alternatives are realistic and widely adoptable. Beyond environmental benefits, plastic pollution is now linked to human health risks, with microplastics found in our blood, organs, and food. A nationwide ban is a necessary step to prevent irreversible damage to ecosystems and protect public health. It’s not about eliminating convenience—it’s about choosing a safer, cleaner future. The time to act is now, before the damage becomes permanent.",emphasis_and_evaluation,success_of_existing_bans,"Importantly, countries and regions like Rwanda and Kenya have successfully implemented nationwide bans on single-use plastics, resulting in cleaner streets, reduced environmental damage, and improved public health.",emphasis_and_evaluation_success_of_existing_bans,"I should examine case studies from Rwanda, the EU, Kenya, and various US states showing that bans are enforceable and produce measurable reductions in pollution.",Importantly,conclusion_and_summary,microplastics_and_human_health,"In conclusion, the long-term health risks of plastic pollution—especially microplastics found in our food and water—are becoming increasingly clear, and a ban is a responsible, preventive step to protect future generations.",conclusion_and_summary_microplastics_and_human_health,"I should examine emerging evidence that microplastics accumulate in human tissue, blood, and organs, posing uncertain but potentially serious health risks.",In conclusion,evidence_and_authority,success_of_existing_bans,"Evidence shows that even in places with strong cultural reliance on plastic—like in the US—local bans have led to significant reductions in plastic waste, proving that alternatives like reusable bags and biodegradable materials are both practical and effective.",evidence_and_authority_success_of_existing_bans,"I should examine case studies from Rwanda, the EU, Kenya, and various US states showing that bans are enforceable and produce measurable reductions in pollution.",Evidence shows that,targeted,791,53,0.30147654466028145
8,1.751392550419084,,,synthesis_restructured,targeted,1,20260228_155111,1.1945078372955322,"Single-use plastics are harmful and unnecessary, and the government should enforce a total ban to protect our environment and health. Many alternatives like paper bags, bamboo straws, and compostable containers are already affordable and accessible, so a ban wouldn’t inconvenience everyday life. Scientific studies have found microplastics in human blood and organs, raising serious concerns about long-term health effects. Countries like Rwanda and Kenya, as well as regions in the EU and the U.S., have successfully implemented plastic bans that led to cleaner streets, rivers, and oceans. These real-world examples prove that a ban is both practical and effective. By taking this bold step now, we can prevent further environmental damage and ensure a healthier planet for future generations.",emphasis_and_evaluation,availability_of_alternatives,"Importantly, many single-use plastic alternatives—like paper bags, bamboo straws, and compostable containers—are already widely available and affordable, meaning a ban wouldn't disrupt daily life.",emphasis_and_evaluation_availability_of_alternatives,"I should demonstrate that reusable, compostable, and biodegradable alternatives are available for bags, straws, containers, and packaging, making a ban practically feasible.",Importantly,conclusion_and_summary,microplastics_and_human_health,"In conclusion, banning single-use plastics is a crucial step to reduce pollution and protect both human health and ecosystems for future generations.",conclusion_and_summary_microplastics_and_human_health,"I should examine emerging evidence that microplastics accumulate in human tissue, blood, and organs, posing uncertain but potentially serious health risks.",In conclusion,evidence_and_authority,success_of_existing_bans,"Evidence shows that countries and cities with plastic bans have seen dramatic reductions in litter, cleaner oceans, and healthier wildlife—proving such policies work in real-world conditions.",evidence_and_authority_success_of_existing_bans,"I should examine case studies from Rwanda, the EU, Kenya, and various US states showing that bans are enforceable and produce measurable reductions in pollution.",Evidence shows that,targeted,796,58,0.2817097091789642
33,0.0,,,synthesis_restructured,random,3,20260228_155741,1.4996466636657717,"Plastic pollution is a global crisis that harms both people and the planet, and a total ban on single-use plastics is the most effective way to address it. Wealthy countries frequently export their plastic waste to poorer nations, where it overwhelms already strained systems and causes severe environmental damage in communities that contribute the least to the problem. At the same time, microplastics have been found in human blood, the placenta, and organs, indicating that these materials are now part of our own biology and could pose serious health risks over time. A total ban would stop the problem at the source by eliminating the most harmful and unnecessary plastic products. It would also push industries to innovate with safer, reusable alternatives that protect both people and the environment. This isn’t about inconvenience—it’s about responsibility, fairness, and long-term survival. We can’t keep treating the planet like a trash can. It’s time to act decisively, and a total ban is the only way to truly break the cycle of plastic pollution.",evidence_and_authority,global_waste_trade_injustice,"Evidence shows that high-income countries often export their plastic waste to developing nations, where it overwhelms local infrastructure and causes severe environmental harm, especially in regions with limited recycling capacity.",evidence_and_authority_global_waste_trade_injustice,"I should consider how wealthy countries export plastic waste to poorer nations, making this a global justice issue that requires upstream intervention at the production stage.",Evidence shows that,addition_and_elaboration,microplastics_and_human_health,"Moreover, microplastics have been detected in human blood, placenta, and organs, raising serious concerns about long-term health impacts that we are only beginning to understand.",addition_and_elaboration_microplastics_and_human_health,"I should examine emerging evidence that microplastics accumulate in human tissue, blood, and organs, posing uncertain but potentially serious health risks.",Moreover,evidence_and_authority,global_waste_trade_injustice,"Evidence shows that high-income countries often export their plastic waste to developing nations, where it overwhelms local infrastructure and causes severe environmental harm, especially in regions with limited recycling capacity.",evidence_and_authority_global_waste_trade_injustice,"I should consider how wealthy countries export plastic waste to poorer nations, making this a global justice issue that requires upstream intervention at the production stage.",Evidence shows that,baseline,1061,343,0.2813385007851932
44,1.6715880507208474,,,synthesis_restructured,targeted,4,20260228_155111,1.2324063777923584,"Single-use plastics are a major source of pollution, and since only about 9% of them are recycled globally, relying on recycling isn’t a realistic fix. Instead, banning them at the source is the most effective way to prevent environmental harm. These bans have already proven successful in countries like Rwanda and Kenya, where cities are cleaner and waste has significantly dropped. Beyond environmental benefits, new research shows microplastics are now found in human blood and organs, raising serious health concerns. A total ban is a necessary step to protect both nature and public health. As a regular person, I want cleaner streets, safer food, and a healthier planet—this ban is a simple, smart way to make that happen.",emphasis_and_evaluation,recycling_system_failure,"Importantly, most single-use plastics aren’t recycled—only about 9% globally are—and much of what is collected ends up in landfills or incinerators, meaning recycling isn’t a real solution.",emphasis_and_evaluation_recycling_system_failure,"I should consider that global plastic recycling rates remain below 10%, much plastic is downcycled or exported, and source reduction through bans is therefore necessary.",Importantly,conclusion_and_summary,microplastics_and_human_health,"In conclusion, banning single-use plastics protects not just the environment, but also our own health, since microplastics have now been found in human blood and organs.",conclusion_and_summary_microplastics_and_human_health,"I should examine emerging evidence that microplastics accumulate in human tissue, blood, and organs, posing uncertain but potentially serious health risks.",In conclusion,causal_reasoning,success_of_existing_bans,"Therefore, real-world examples prove that banning single-use plastics works—places like Rwanda and Kenya have dramatically cleaner cities and reduced waste after implementing strict bans.",causal_reasoning_success_of_existing_bans,"I should examine case studies from Rwanda, the EU, Kenya, and various US states showing that bans are enforceable and produce measurable reductions in pollution.",Therefore,targeted,729,11,0.27546757977959263
9,1.751392550419084,,,synthesis_restructured,targeted,0,20260228_155111,1.315518140792847,"Single-use plastics are a major threat to marine life—animals like turtles, whales, and seabirds often mistake plastic for food, leading to starvation, internal injuries, and death. These plastics don’t just disappear; they break down into microplastics that contaminate water, soil, and even our own bodies, raising serious concerns about long-term health impacts. Countries like Rwanda, Kenya, and parts of the EU have successfully banned single-use plastics and seen dramatic reductions in pollution, proving such laws are both enforceable and effective. A total ban is a necessary step to protect our environment and safeguard public health. The cost of inaction—ecological collapse and rising health risks—far outweighs the convenience of disposable plastics. We should act now to ensure a cleaner, safer future for all.",emphasis_and_evaluation,marine_ecosystem_destruction,"Importantly, single-use plastics are a major threat to marine life—animals like turtles, whales, and seabirds often mistake plastic for food, leading to starvation, internal injuries, and death.",emphasis_and_evaluation_marine_ecosystem_destruction,"I should consider how single-use plastics kill marine animals through ingestion and entanglement, degrade coral reefs, and disrupt ocean ecosystems at massive scale.",Importantly,conclusion_and_summary,microplastics_and_human_health,"In conclusion, banning single-use plastics protects not just wildlife, but also human health, as microplastics have been found in our own bodies and could lead to long-term health problems.",conclusion_and_summary_microplastics_and_human_health,"I should examine emerging evidence that microplastics accumulate in human tissue, blood, and organs, posing uncertain but potentially serious health risks.",In conclusion,evidence_and_authority,success_of_existing_bans,"Evidence shows that countries and states that have implemented plastic bans have seen significant drops in plastic waste, proving that such laws are both practical and effective.",evidence_and_authority_success_of_existing_bans,"I should examine case studies from Rwanda, the EU, Kenya, and various US states showing that bans are enforceable and produce measurable reductions in pollution.",Evidence shows that,targeted,825,91,0.2686103084433361
40,0.0,,,synthesis_restructured,random,0,20260228_155741,1.4972045421600342,"Single-use plastics are a major source of pollution that harms wildlife, clogs waterways, and contributes to climate change, and the solution isn’t just better recycling—it’s preventing the problem from starting. Fortunately, we already have safe, practical, and affordable alternatives like paper, bamboo, and compostable materials that can replace plastic bags, straws, and food containers in daily life. Right now, less than 10% of plastic is recycled, and much of the rest ends up polluting our oceans or being shipped to developing countries, creating environmental injustice. A total ban isn’t extreme—it’s a necessary step to protect our planet and future generations. By making sustainable choices the norm through government action, we can reduce waste, protect ecosystems, and encourage innovation in green materials. It’s time to take a stand—banning single-use plastics is the responsible, forward-thinking choice for everyone.",sequence_and_transition,availability_of_alternatives,"Next-generation alternatives like paper, bamboo, and plant-based plastics are already widely available and effective for most everyday uses, so eliminating single-use plastics is both realistic and achievable without disrupting daily life.",sequence_and_transition_availability_of_alternatives,"I should demonstrate that reusable, compostable, and biodegradable alternatives are available for bags, straws, containers, and packaging, making a ban practically feasible.",Next,emphasis_and_evaluation,recycling_system_failure,"Importantly, most single-use plastics aren’t recycled—they end up in landfills, oceans, or incinerators, harming wildlife and polluting our environment, so preventing their production in the first place is a smarter solution than relying on flawed recycling systems.",emphasis_and_evaluation_recycling_system_failure,"I should consider that global plastic recycling rates remain below 10%, much plastic is downcycled or exported, and source reduction through bans is therefore necessary.",Importantly,exemplification,recycling_system_failure,"For example, plastic waste from wealthy nations often ends up in poorer countries, creating environmental injustice—banning it at home is a fair and responsible step toward global environmental equity.",exemplification_recycling_system_failure,"I should consider that global plastic recycling rates remain below 10%, much plastic is downcycled or exported, and source reduction through bans is therefore necessary.",For example,baseline,939,323,0.26119557669059557
16,0.0,,,synthesis_restructured,random,4,20260228_155741,1.384648323059082,"Single-use plastics are a major source of pollution that harms wildlife, clogs landfills, and contaminates our oceans, and the good news is that safe, practical alternatives—like paper, bamboo, and compostable materials—already exist for everyday items like bags, straws, and containers. The environmental damage caused by plastic isn’t just an eyesore—it has real costs: taxpayers foot the bill for cleanup efforts, tourism suffers, and ecosystems degrade, while corporations continue profiting from a system that externalizes these harms. Beyond pollution, the production and disposal of plastic also release harmful greenhouse gases, accelerating climate change and threatening our long-term health and safety. A government-enforced ban is a necessary step to correct this imbalance and protect public well-being. As a regular person, I know we can make better choices when the system supports them—banning single-use plastics is both achievable and essential for a cleaner, safer future.",evidence_and_authority,availability_of_alternatives,"Evidence shows that alternatives like paper, bamboo, and plant-based materials can effectively replace most single-use plastics without sacrificing convenience or functionality.",evidence_and_authority_availability_of_alternatives,"I should demonstrate that reusable, compostable, and biodegradable alternatives are available for bags, straws, containers, and packaging, making a ban practically feasible.",Evidence shows that,evidence_and_authority,economic_externalities,"Evidence shows that the environmental and economic costs of plastic pollution—like beach cleanups, wildlife harm, and healthcare issues—are ultimately paid by taxpayers and communities, not the corporations that profit from plastic production.",evidence_and_authority_economic_externalities,"I should calculate how cleanup costs, healthcare burdens, tourism losses, and ecosystem damage are borne by the public rather than producers—a market failure requiring correction.",Evidence shows that,concession_and_contrast,carbon_footprint_and_climate,"However, plastic production and disposal contribute significantly to greenhouse gas emissions and climate change, making a ban not just an environmental choice but a climate responsibility.",concession_and_contrast_carbon_footprint_and_climate,"I should analyze how single-use plastics are petrochemical products that contribute to emissions throughout their lifecycle, from extraction to incineration.",However,baseline,991,339,0.2586453409265377
22,1.710499328425406,,,synthesis_restructured,targeted,0,20260228_155111,1.3524909019470217,"Single-use plastics are made from fossil fuels and release harmful greenhouse gases at every stage of their lifecycle, contributing significantly to climate change. They don’t just pollute oceans and landscapes—they break down into microplastics that have now been detected in human blood and organs, raising serious concerns about long-term health impacts. Countries like Rwanda, Kenya, and members of the EU have already implemented effective bans, resulting in cleaner cities, reduced waste, and a shift toward sustainable alternatives. These examples show that banning single-use plastics is not only doable but already working in practice. Given the environmental degradation and potential health risks, a government-enforced ban is a responsible and necessary step for protecting both people and the planet. It’s time we stop treating plastic waste as an inevitable byproduct and start prioritizing lasting solutions.",emphasis_and_evaluation,carbon_footprint_and_climate,"Importantly, single-use plastics are derived from fossil fuels and contribute significantly to greenhouse gas emissions at every stage—from drilling and refining to manufacturing and disposal—making their use a major environmental liability.",emphasis_and_evaluation_carbon_footprint_and_climate,"I should analyze how single-use plastics are petrochemical products that contribute to emissions throughout their lifecycle, from extraction to incineration.",Importantly,conclusion_and_summary,microplastics_and_human_health,"In conclusion, the presence of microplastics in human blood and organs—now confirmed by scientific studies—highlights a direct threat to human health, making a ban a necessary public safety measure.",conclusion_and_summary_microplastics_and_human_health,"I should examine emerging evidence that microplastics accumulate in human tissue, blood, and organs, posing uncertain but potentially serious health risks.",In conclusion,clarification_and_specification,success_of_existing_bans,"In other words, countries like Rwanda and Kenya have successfully banned plastic bags and seen dramatic reductions in litter and environmental harm, proving that such bans are not only possible but effective in real-world settings.",clarification_and_specification_success_of_existing_bans,"I should examine case studies from Rwanda, the EU, Kenya, and various US states showing that bans are enforceable and produce measurable reductions in pollution.",In other words,targeted,923,147,0.246741975489751
25,0.0,,,synthesis_restructured,random,2,20260228_155741,1.1429424285888672,"Single-use plastics are harmful to the environment and human health, persisting for centuries and polluting oceans, harming wildlife, and entering our food chain. Governments around the world, from Rwanda to parts of the EU and US states, have already proven that banning these items is not only possible but effective at reducing waste and encouraging greener alternatives. Beyond pollution, plastic production relies on fossil fuels and contributes to climate change through emissions at every stage—from extraction to disposal. A total ban would protect ecosystems, reduce pollution, and push innovation toward truly reusable and sustainable materials. As someone who cares about clean streets and a healthier planet, I believe it’s time for the government to act decisively and permanently eliminate single-use plastics. This is a necessary step to protect future generations and our shared environment.",exemplification,intergenerational_responsibility,"For example, plastic bags and bottles can take hundreds of years to break down and often end up in oceans, harming marine life and disrupting ecosystems.",exemplification_intergenerational_responsibility,"I should evaluate how plastics persist for centuries in the environment, meaning today's convenience imposes long-term burdens on future generations who had no say in their creation.",For example,causal_reasoning,success_of_existing_bans,"Therefore, governments have successfully implemented plastic bans, reducing litter and encouraging businesses to innovate with sustainable alternatives.",causal_reasoning_success_of_existing_bans,"I should examine case studies from Rwanda, the EU, Kenya, and various US states showing that bans are enforceable and produce measurable reductions in pollution.",Therefore,clarification_and_specification,carbon_footprint_and_climate,"In other words, banning them reduces plastic pollution and supports climate goals by cutting down on fossil fuel use and greenhouse gas emissions.",clarification_and_specification_carbon_footprint_and_climate,"I should analyze how single-use plastics are petrochemical products that contribute to emissions throughout their lifecycle, from extraction to incineration.",In other words,baseline,907,315,0.2463721329731366
7,1.751392550419084,,,synthesis_restructured,targeted,0,20260228_155111,1.2495405673980713,"Single-use plastics are a major source of pollution that harms both nature and human health. Even though some companies promise to reduce plastic use, they keep using it because it’s cheap and easy—without a total ban, real change won’t happen. The truth is, we’ve already found microplastics in our blood, lungs, and even placentas, which means we’re being exposed to this pollution every day. But we don’t have to accept this—countries like Rwanda and Kenya have already banned plastic bags and cleaned up their cities, proving it works. With strong laws, we can push industries to innovate with safer, reusable alternatives. A total ban isn’t extreme—it’s a necessary step to protect our planet and our bodies from a problem we can’t afford to ignore anymore.",emphasis_and_evaluation,corporate_behavior_and_voluntary_failure,"Importantly, companies keep using single-use plastics because they’re cheap and convenient, and they don’t act unless laws force them to change.",emphasis_and_evaluation_corporate_behavior_and_voluntary_failure,"I should analyze how manufacturers default to cheap plastics despite pledges, and why only binding regulation—not voluntary commitments—can shift industry norms.",Importantly,conclusion_and_summary,microplastics_and_human_health,"In conclusion, banning single-use plastics isn’t just about the environment—it’s about protecting our own health from invisible pollution that’s already inside us.",conclusion_and_summary_microplastics_and_human_health,"I should examine emerging evidence that microplastics accumulate in human tissue, blood, and organs, posing uncertain but potentially serious health risks.",In conclusion,evidence_and_authority,success_of_existing_bans,"Evidence shows that countries and cities that have implemented plastic bans—like Rwanda and Kenya—have seen huge drops in litter and cleaner streets, proving it’s not just possible but effective.",evidence_and_authority_success_of_existing_bans,"I should examine case studies from Rwanda, the EU, Kenya, and various US states showing that bans are enforceable and produce measurable reductions in pollution.",Evidence shows that,targeted,762,30,0.24298138136509945
20,1.710499328425406,,,synthesis_restructured,targeted,3,20260228_155111,1.3829495906829834,"Single-use plastics are devastating our oceans and wildlife—marine animals frequently ingest or become entangled in plastic waste, leading to injury or death. Even more troubling, microplastics are now found in our blood, organs, and food, meaning we’re already consuming plastic, with unknown long-term effects on human health. The good news is that bans have already worked: countries like Rwanda, Kenya, and members of the EU have implemented strict restrictions and seen clear improvements in cleanliness and environmental health. These examples prove that a nationwide ban is realistic and achievable, not a far-fetched idea. With plastic pollution accelerating and our ecosystems under pressure, taking bold action now is both necessary and responsible. The government has a duty to protect people and the planet—banning single-use plastics is the right and urgent step to take.",emphasis_and_evaluation,marine_ecosystem_destruction,"Importantly, single-use plastics are a major threat to marine life—animals like turtles, seabirds, and fish often mistake them for food, leading to fatal blockages or starvation.",emphasis_and_evaluation_marine_ecosystem_destruction,"I should consider how single-use plastics kill marine animals through ingestion and entanglement, degrade coral reefs, and disrupt ocean ecosystems at massive scale.",Importantly,conclusion_and_summary,microplastics_and_human_health,"In conclusion, even if the health impact isn't fully known, the rising presence of microplastics in our food and water systems means we’re already consuming plastic—so banning it now is a necessary precaution.",conclusion_and_summary_microplastics_and_human_health,"I should examine emerging evidence that microplastics accumulate in human tissue, blood, and organs, posing uncertain but potentially serious health risks.",In conclusion,clarification_and_specification,success_of_existing_bans,"In other words, countries like Rwanda and Kenya have successfully eliminated single-use plastic bags and seen dramatic drops in litter and environmental damage—proof that a ban is not only possible but effective.",clarification_and_specification_success_of_existing_bans,"I should examine case studies from Rwanda, the EU, Kenya, and various US states showing that bans are enforceable and produce measurable reductions in pollution.",In other words,targeted,884,131,0.2401526409299067
46,1.6707057220867974,,,synthesis_restructured,targeted,0,20260228_155111,1.462104082107544,"Single-use plastics cause massive environmental harm, clogging rivers, polluting oceans, and killing wildlife, but the costs of this damage—like cleanup, health risks, and lost tourism—are paid by everyday people, not the companies that profit from them. Countries like Rwanda and Kenya have already implemented strict bans and seen huge drops in plastic pollution, proving that such policies are not only possible but effective. Even in the U.S., states like California and Oregon have reduced plastic waste significantly after similar bans, showing that change is achievable at scale. Without government action, we’re stuck paying for a problem we didn’t create. A total ban is the most straightforward and fair way to stop the damage before it gets worse. Ultimately, protecting our communities and environment from plastic waste is a responsibility we all share—and the government has a crucial role in making it happen.",emphasis_and_evaluation,economic_externalities,"Importantly, single-use plastics pollute our oceans, clog waterways, and harm wildlife, but these costs aren’t paid by the companies that make them—they’re passed on to taxpayers and communities through cleanup efforts and environmental damage.",emphasis_and_evaluation_economic_externalities,"I should calculate how cleanup costs, healthcare burdens, tourism losses, and ecosystem damage are borne by the public rather than producers—a market failure requiring correction.",Importantly,conclusion_and_summary,success_of_existing_bans,"In conclusion, countries like Rwanda and Kenya have successfully banned single-use plastics and seen dramatic declines in litter and plastic waste, proving that such bans are not only possible but effective when properly enforced.",conclusion_and_summary_success_of_existing_bans,"I should examine case studies from Rwanda, the EU, Kenya, and various US states showing that bans are enforceable and produce measurable reductions in pollution.",In conclusion,evidence_and_authority,economic_externalities,"Evidence shows that plastic pollution leads to higher public spending on waste management, harms local economies by discouraging tourism, and increases health risks from microplastics—costs that are ultimately paid by ordinary citizens, not corporations.",evidence_and_authority_economic_externalities,"I should calculate how cleanup costs, healthcare burdens, tourism losses, and ecosystem damage are borne by the public rather than producers—a market failure requiring correction.",Evidence shows that,targeted,924,148,0.23916741661981014
49,1.6707057220867974,,,synthesis_restructured,targeted,2,20260228_155111,1.1784226894378662,"Single-use plastics are a persistent environmental threat that can take over 500 years to break down, poisoning oceans, harming wildlife, and contaminating our food and water. Countries like Rwanda and Kenya have proven that total bans are not only feasible but lead to cleaner cities, healthier ecosystems, and less litter. The real cost of plastic isn’t in the product—it’s in the cleanup, healthcare, and damaged environments that we all end up paying for. A government ban shifts responsibility back to producers and forces innovation toward sustainable alternatives. It’s time we stop treating the planet like a trash can and protect it for future generations. I support a total ban because it's the most effective way to stop this pollution at the source.",emphasis_and_evaluation,intergenerational_responsibility,"Importantly, single-use plastics don’t just disappear—they linger in oceans, soil, and wildlife for hundreds of years, harming ecosystems and potentially entering our food chain.",emphasis_and_evaluation_intergenerational_responsibility,"I should evaluate how plastics persist for centuries in the environment, meaning today's convenience imposes long-term burdens on future generations who had no say in their creation.",Importantly,conclusion_and_summary,success_of_existing_bans,"In conclusion, successful bans in countries like Rwanda and Kenya prove that governments can effectively eliminate single-use plastics and dramatically reduce litter and environmental damage.",conclusion_and_summary_success_of_existing_bans,"I should examine case studies from Rwanda, the EU, Kenya, and various US states showing that bans are enforceable and produce measurable reductions in pollution.",In conclusion,evidence_and_authority,economic_externalities,"Evidence shows that plastic pollution costs billions annually in cleanup, environmental restoration, and health impacts, meaning a ban is not just ecological but economic common sense.",evidence_and_authority_economic_externalities,"I should calculate how cleanup costs, healthcare burdens, tourism losses, and ecosystem damage are borne by the public rather than producers—a market failure requiring correction.",Evidence shows that,targeted,761,28,0.2377969545578525
30,1.705821399919507,,,synthesis_restructured,targeted,0,20260228_155111,1.2432479858398438,"Single-use plastics are a major threat to marine life, causing widespread harm through ingestion and entanglement, and they damage vital ecosystems like coral reefs. The costs of this pollution—cleaning up waste, lost tourism, and long-term environmental damage—are paid by taxpayers and communities, not the companies that profit from these products. Fortunately, real-world examples from Rwanda, Kenya, and the European Union prove that government bans are feasible and lead to cleaner cities and healthier oceans. A total ban is not only practical but necessary to protect both the environment and public well-being. As someone who cares about clean parks, safe beaches, and a healthier planet, I believe the government has a responsibility to act now. The solution is clear: stop plastic waste at the source with a nationwide ban.",emphasis_and_evaluation,marine_ecosystem_destruction,"Importantly, single-use plastics are a leading cause of marine pollution, harming wildlife like turtles, seabirds, and fish that mistake plastic for food or become trapped in it.",emphasis_and_evaluation_marine_ecosystem_destruction,"I should consider how single-use plastics kill marine animals through ingestion and entanglement, degrade coral reefs, and disrupt ocean ecosystems at massive scale.",Importantly,conclusion_and_summary,economic_externalities,"In conclusion, the environmental and economic costs of single-use plastics are passed on to society, making a government ban a necessary and fair step to protect public health and natural resources.",conclusion_and_summary_economic_externalities,"I should calculate how cleanup costs, healthcare burdens, tourism losses, and ecosystem damage are borne by the public rather than producers—a market failure requiring correction.",In conclusion,evidence_and_authority,success_of_existing_bans,Evidence shows that countries and regions that have banned single-use plastics have seen dramatic improvements in waste management and cleaner streets and oceans.,evidence_and_authority_success_of_existing_bans,"I should examine case studies from Rwanda, the EU, Kenya, and various US states showing that bans are enforceable and produce measurable reductions in pollution.",Evidence shows that,targeted,834,95,0.23294958668910154
20,1.710499328425406,,,synthesis_restructured,targeted,2,20260228_155111,1.1746785640716553,"Single-use plastics are a major threat to marine life, causing widespread harm through ingestion and entanglement, which kills millions of sea creatures each year. These plastics don’t just disappear—they break down into microplastics that enter our food chain, and studies have found them in human blood and organs, raising serious health concerns. Real-world examples from Rwanda, Kenya, and several U.S. states show that total bans are not only feasible but lead to dramatic reductions in plastic pollution. With so much at stake for both nature and people, a government-enforced ban is a necessary and achievable step toward protecting the planet. It’s time we stop treating plastic waste as a minor inconvenience and act decisively to preserve our environment and health.",emphasis_and_evaluation,marine_ecosystem_destruction,"Importantly, single-use plastics are a major cause of ocean pollution, killing millions of marine animals every year through ingestion and entanglement.",emphasis_and_evaluation_marine_ecosystem_destruction,"I should consider how single-use plastics kill marine animals through ingestion and entanglement, degrade coral reefs, and disrupt ocean ecosystems at massive scale.",Importantly,conclusion_and_summary,microplastics_and_human_health,"In conclusion, banning single-use plastics is essential to protect both marine life and human health, as microplastics have already been detected in our own bodies.",conclusion_and_summary_microplastics_and_human_health,"I should examine emerging evidence that microplastics accumulate in human tissue, blood, and organs, posing uncertain but potentially serious health risks.",In conclusion,clarification_and_specification,success_of_existing_bans,"In other words, countries like Rwanda and Kenya have proven that a total ban is not only possible but also effective, drastically reducing plastic waste in cities and waterways.",clarification_and_specification_success_of_existing_bans,"I should examine case studies from Rwanda, the EU, Kenya, and various US states showing that bans are enforceable and produce measurable reductions in pollution.",In other words,targeted,776,41,0.23201751323337524
4,1.7724313266826486,,,synthesis_restructured,targeted,4,20260228_155111,1.2748112678527832,"Single-use plastics are a major source of pollution, and despite recycling efforts, less than 10% are actually recycled—most end up in landfills, oceans, or incinerators, harming wildlife and ecosystems. The costs of this pollution—cleaning up beaches, protecting public health, and preserving tourism—are borne by ordinary people, not the corporations that profit from plastic production. Fortunately, real-world examples from Rwanda, Kenya, and several U.S. states show that bans are not only enforceable but lead to cleaner communities and reduced waste. A government-enforced ban is a necessary step to stop the cycle of environmental damage and shift responsibility to producers. It’s time to prioritize people and the planet over convenience and corporate profits.",emphasis_and_evaluation,recycling_system_failure,"Importantly, despite recycling efforts, most single-use plastics are not recycled and end up in landfills, oceans, or incinerators, causing lasting environmental harm.",emphasis_and_evaluation_recycling_system_failure,"I should consider that global plastic recycling rates remain below 10%, much plastic is downcycled or exported, and source reduction through bans is therefore necessary.",Importantly,conclusion_and_summary,economic_externalities,"In conclusion, the environmental and economic costs of single-use plastics—like pollution cleanup, wildlife harm, and health risks—are passed on to taxpayers and communities, not the corporations that profit from them.",conclusion_and_summary_economic_externalities,"I should calculate how cleanup costs, healthcare burdens, tourism losses, and ecosystem damage are borne by the public rather than producers—a market failure requiring correction.",In conclusion,conclusion_and_summary,success_of_existing_bans,"In conclusion, countries and regions that have implemented plastic bans—such as Rwanda and Kenya—have seen dramatic reductions in plastic waste and cleaner public spaces, proving such policies are both practical and effective.",conclusion_and_summary_success_of_existing_bans,"I should examine case studies from Rwanda, the EU, Kenya, and various US states showing that bans are enforceable and produce measurable reductions in pollution.",In conclusion,targeted,770,34,0.23125680381017913
3,0.0,,,synthesis_restructured,random,2,20260228_155741,1.3642528057098389,"The government should enforce a total ban on single-use plastics because they cause massive environmental harm—killing millions of marine animals annually through ingestion and entanglement, and destroying vital ecosystems like coral reefs. Many wealthy nations currently export their plastic waste to poorer countries that lack the infrastructure to handle it safely, creating an unfair burden on communities already facing health and environmental challenges. While some companies have made voluntary pledges to reduce plastic use, these promises are inconsistent and rarely enforced, proving that only strict, government-mandated bans can drive real change. A total ban would force industries to innovate with sustainable alternatives, reducing pollution at the source. This is not just an environmental issue—it's a matter of global justice, public health, and long-term sustainability. That’s why a nationwide ban is both necessary and overdue.",emphasis_and_evaluation,global_waste_trade_injustice,"Importantly, many wealthy countries export their plastic waste to developing nations, which lack the infrastructure to manage it safely—placing an unfair burden on communities already struggling with environmental and health challenges.",emphasis_and_evaluation_global_waste_trade_injustice,"I should consider how wealthy countries export plastic waste to poorer nations, making this a global justice issue that requires upstream intervention at the production stage.",Importantly,conclusion_and_summary,corporate_behavior_and_voluntary_failure,"In conclusion, while some companies have made promises to reduce plastic use, these pledges are often unenforced and inconsistent—only a total ban can ensure real, lasting change across all industries.",conclusion_and_summary_corporate_behavior_and_voluntary_failure,"I should analyze how manufacturers default to cheap plastics despite pledges, and why only binding regulation—not voluntary commitments—can shift industry norms.",In conclusion,causal_reasoning,marine_ecosystem_destruction,"Therefore, the environmental toll is undeniable: millions of marine animals die each year from ingesting or becoming entangled in plastic waste, and entire ecosystems like coral reefs are being destroyed by pollution.",causal_reasoning_marine_ecosystem_destruction,"I should consider how single-use plastics kill marine animals through ingestion and entanglement, degrade coral reefs, and disrupt ocean ecosystems at massive scale.",Therefore,baseline,949,330,0.2307981294257548
36,1.7020849359066772,,,synthesis_restructured,targeted,1,20260228_155111,1.4126307964324951,"Single-use plastics are a major environmental hazard, with less than 10% of them ever being recycled, meaning most end up in landfills, oceans, or the natural environment. A total ban would stop this pollution at the source, preventing harm to wildlife, waterways, and human health. Countries like Rwanda and Kenya have already implemented effective bans, dramatically reducing plastic waste in just a few years—proving that such policies are both feasible and impactful. The cost of cleaning up plastic pollution runs into billions annually, affecting public funds, tourism, and ecosystems, which makes prevention far more economical than cleanup. Since the burden falls on society rather than the companies that profit from plastic, a ban is a fair step toward accountability. As an average person, I want cleaner streets, safer oceans, and a healthier planet—banning single-use plastics is a practical and necessary move to achieve that.",emphasis_and_evaluation,recycling_system_failure,"Importantly, most single-use plastics aren't recycled—only about 9% are—meaning that even if we try to recycle them, the system fails. A ban would stop this waste at the source.",emphasis_and_evaluation_recycling_system_failure,"I should consider that global plastic recycling rates remain below 10%, much plastic is downcycled or exported, and source reduction through bans is therefore necessary.",Importantly,conclusion_and_summary,success_of_existing_bans,"In conclusion, countries like Rwanda and Kenya have successfully banned single-use plastics and seen dramatic reductions in plastic waste in rivers and cities—proving that bans work in real-world settings.",conclusion_and_summary_success_of_existing_bans,"I should examine case studies from Rwanda, the EU, Kenya, and various US states showing that bans are enforceable and produce measurable reductions in pollution.",In conclusion,evidence_and_authority,economic_externalities,"Evidence shows that plastic pollution costs governments billions annually in cleanup, environmental damage, and health impacts—costs that should be prevented rather than paid for after the fact.",evidence_and_authority_economic_externalities,"I should calculate how cleanup costs, healthcare burdens, tourism losses, and ecosystem damage are borne by the public rather than producers—a market failure requiring correction.",Evidence shows that,targeted,940,155,0.23041131330744
33,1.705821399919507,,,synthesis_restructured,targeted,2,20260228_155111,1.312114715576172,"Single-use plastics are a major source of pollution that harms ecosystems and human health, especially in developing nations that bear the burden of waste exported by wealthier countries. The environmental and financial costs—such as cleanup, healthcare, and tourism losses—are must be paid by the public, not the companies that profit from plastic production. However, real-world examples like Rwanda, Kenya, and the European Union demonstrate that banning single-use plastics is not only possible but leads to cleaner cities and healthier environments. With strong enforcement and public support, a total ban can significantly reduce plastic waste and prevent long-term damage. As a concerned citizen, I believe we have a responsibility to protect our planet and future generations by taking decisive action now. A government-enforced ban is the most effective way to end this crisis at its source.",emphasis_and_evaluation,global_waste_trade_injustice,"Importantly, many developed nations export their plastic waste to developing countries, where it is often improperly managed, leading to severe environmental and health consequences for vulnerable communities.",emphasis_and_evaluation_global_waste_trade_injustice,"I should consider how wealthy countries export plastic waste to poorer nations, making this a global justice issue that requires upstream intervention at the production stage.",Importantly,conclusion_and_summary,economic_externalities,"In conclusion, the economic and human costs of plastic pollution—ranging from healthcare burdens to environmental cleanup—ultimately fall on taxpayers and communities, not the corporations that profit from single-use plastics.",conclusion_and_summary_economic_externalities,"I should calculate how cleanup costs, healthcare burdens, tourism losses, and ecosystem damage are borne by the public rather than producers—a market failure requiring correction.",In conclusion,evidence_and_authority,success_of_existing_bans,"Evidence shows that countries like Rwanda and Kenya have successfully implemented and enforced plastic bans, resulting in cleaner cities and reduced marine pollution, proving that such policies are both practical and effective.",evidence_and_authority_success_of_existing_bans,"I should examine case studies from Rwanda, the EU, Kenya, and various US states showing that bans are enforceable and produce measurable reductions in pollution.",Evidence shows that,targeted,900,141,0.22615106820539627
44,0.0,,,synthesis_restructured,random,3,20260228_155741,1.3781487941741943,"The government should enforce a total ban on single-use plastics because the current system forces ordinary people to pay for pollution through higher taxes, damaged ecosystems, and health risks from microplastics. Despite corporate promises to reduce plastic use, voluntary efforts have consistently failed to deliver real change, proving that only strict government action can create real accountability. Fortunately, safe and affordable alternatives—such as paper, metal, and compostable materials—are already available for everyday items like bags, straws, and packaging. A total ban would push innovation, protect our environment, and ensure that the true costs of plastic are no longer hidden from the public. This is not about restricting freedom—it’s about protecting our health, communities, and planet. The time for half-measures is over; a clear, nationwide ban is the only responsible choice.",addition_and_elaboration,economic_externalities,"Moreover, the current system places the burden of plastic pollution on taxpayers and communities through cleanup costs, healthcare issues from microplastics, and environmental degradation, which should be addressed by government intervention.",addition_and_elaboration_economic_externalities,"I should calculate how cleanup costs, healthcare burdens, tourism losses, and ecosystem damage are borne by the public rather than producers—a market failure requiring correction.",Moreover,sequence_and_transition,corporate_behavior_and_voluntary_failure,"Next, despite repeated promises from corporations to reduce plastic use, most have failed to deliver meaningful change, showing that voluntary measures simply don’t work without enforceable rules.",sequence_and_transition_corporate_behavior_and_voluntary_failure,"I should analyze how manufacturers default to cheap plastics despite pledges, and why only binding regulation—not voluntary commitments—can shift industry norms.",Next,sequence_and_transition,availability_of_alternatives,"Next, there are already viable, affordable alternatives to single-use plastics—like paper bags, metal straws, and compostable containers—so a ban is not only possible but already being implemented successfully in many places.",sequence_and_transition_availability_of_alternatives,"I should demonstrate that reusable, compostable, and biodegradable alternatives are available for bags, straws, containers, and packaging, making a ban practically feasible.",Next,baseline,904,313,0.22563151847451776
33,0.0,,,synthesis_restructured,random,0,20260228_155741,1.2915043830871582,"The government should enforce a total ban on single-use plastics because they are a major source of pollution that harms both people and the planet. Wealthy nations often export their plastic waste to poorer countries, where it's dumped in landfills or incinerated without proper safeguards, exposing vulnerable communities to dangerous toxins and environmental degradation. At the same time, microplastics have been found in human blood, organs, and even unborn babies, suggesting a direct threat to our health that we cannot afford to ignore. A total ban would force industries to innovate with sustainable alternatives and stop the cycle of pollution at its source. It’s not just about cleaning up the environment—it’s about protecting public health and ensuring global fairness. The cost of inaction is far greater than the effort to transition away from single-use plastics.",evidence_and_authority,global_waste_trade_injustice,"Evidence shows that wealthier nations often export their plastic waste to developing countries, where environmental regulations are weaker and communities face serious health and ecological risks from improper disposal.",evidence_and_authority_global_waste_trade_injustice,"I should consider how wealthy countries export plastic waste to poorer nations, making this a global justice issue that requires upstream intervention at the production stage.",Evidence shows that,addition_and_elaboration,microplastics_and_human_health,"Moreover, studies have detected microplastics in human blood, organs, and even placental tissue, raising alarm about long-term health impacts that are still not fully understood but could be severe.",addition_and_elaboration_microplastics_and_human_health,"I should examine emerging evidence that microplastics accumulate in human tissue, blood, and organs, posing uncertain but potentially serious health risks.",Moreover,evidence_and_authority,global_waste_trade_injustice,"Evidence shows that wealthier nations often export their plastic waste to developing countries, where environmental regulations are weaker and communities face serious health and ecological risks from improper disposal.",evidence_and_authority_global_waste_trade_injustice,"I should consider how wealthy countries export plastic waste to poorer nations, making this a global justice issue that requires upstream intervention at the production stage.",Evidence shows that,baseline,879,296,0.22361561770794952
0,0.0,,,synthesis_restructured,random,0,20260228_155741,1.4869389533996582,"Single-use plastics are a major driver of environmental pollution and global waste injustice, as wealthier nations often export their plastic waste to poorer countries that lack the infrastructure to manage it safely. Countries like Rwanda and Kenya have successfully implemented nationwide bans, resulting in cleaner cities and reduced marine pollution, proving that such policies are practical and effective. In the EU and several U.S. states, plastic bans have led to measurable declines in plastic waste, while driving innovation in sustainable alternatives. Today, we have viable replacements—such as reusable bags, paper straws, and compostable packaging—that are both accessible and affordable. A total ban is not just an environmental necessity, but a moral one, ensuring we don’t keep burdening vulnerable communities with our disposable culture. It’s time to stop treating the planet as a trash can and start protecting it for future generations.",clarification_and_specification,global_waste_trade_injustice,"In other words, single-use plastics contribute heavily to environmental degradation and global inequality, as many wealthy nations export their plastic waste to developing countries where it's often improperly managed.",clarification_and_specification_global_waste_trade_injustice,"I should consider how wealthy countries export plastic waste to poorer nations, making this a global justice issue that requires upstream intervention at the production stage.",In other words,concession_and_contrast,success_of_existing_bans,"However, evidence from Rwanda, the European Union, Kenya, and several U.S. states proves that banning single-use plastics is not only feasible but also leads to significant reductions in litter and pollution.",concession_and_contrast_success_of_existing_bans,"I should examine case studies from Rwanda, the EU, Kenya, and various US states showing that bans are enforceable and produce measurable reductions in pollution.",However,clarification_and_specification,availability_of_alternatives,"In other words, there are already affordable, scalable, and eco-friendly alternatives—like reusable bags, paper straws, and compostable containers—that can fully replace single-use plastics in daily life.",clarification_and_specification_availability_of_alternatives,"I should demonstrate that reusable, compostable, and biodegradable alternatives are available for bags, straws, containers, and packaging, making a ban practically feasible.",In other words,baseline,956,333,0.21963885798098437
2,1.782771764238964,,,synthesis_restructured,targeted,4,20260228_155111,1.0884287357330322,"Single-use plastics are a major source of pollution, and a government-enforced ban is the most effective way to tackle this crisis at its root. With less than 10% of plastic ever being recycled, and most ending up in landfills or oceans, reducing production is essential. Countries like Rwanda and Kenya have proven that such bans are practical and lead to cleaner communities and ecosystems. Beyond environmental benefits, microplastics have been found in human blood and organs, raising serious health concerns we can’t afford to ignore. A total ban offers a clear, enforceable solution that protects both people and planet. The time to act is now—before the damage becomes irreversible.",emphasis_and_evaluation,recycling_system_failure,"Importantly, banning single-use plastics at the source is a straightforward way to reduce the overwhelming amount of waste that harms our environment.",emphasis_and_evaluation_recycling_system_failure,"I should consider that global plastic recycling rates remain below 10%, much plastic is downcycled or exported, and source reduction through bans is therefore necessary.",Importantly,conclusion_and_summary,microplastics_and_human_health,"In conclusion, banning single-use plastics protects not just nature but also human health by reducing exposure to toxic microplastics that are now found in our bodies.",conclusion_and_summary_microplastics_and_human_health,"I should examine emerging evidence that microplastics accumulate in human tissue, blood, and organs, posing uncertain but potentially serious health risks.",In conclusion,evidence_and_authority,success_of_existing_bans,"Evidence shows that places that have implemented such bans have seen dramatic drops in plastic waste and cleaner streets, waterways, and landfills.",evidence_and_authority_success_of_existing_bans,"I should examine case studies from Rwanda, the EU, Kenya, and various US states showing that bans are enforceable and produce measurable reductions in pollution.",Evidence shows that,targeted,689,3,0.2142052961854731
3,1.7795289492371935,,,synthesis_restructured,targeted,3,20260228_155111,1.2756781578063965,"Single-use plastics are a major environmental and public health threat, and a total government ban is the most effective way to address it. Most of these plastics aren’t recycled—only about 9% globally are actually processed, with the rest polluting ecosystems, harming wildlife, and accumulating in oceans. The cost of cleaning up this mess, protecting water sources, and treating pollution-related illnesses falls on ordinary people, not the companies that profit from plastic production. But evidence shows bans work: Rwanda and Kenya have successfully eliminated single-use plastic bags and seen dramatic improvements in public cleanliness and environmental quality. A total ban is a necessary, practical step to protect our planet and our communities for future generations.",emphasis_and_evaluation,recycling_system_failure,"Importantly, most single-use plastics aren't recycled—only about 9% globally are actually processed into new products. The rest end up in landfills, oceans, or incinerators, causing long-term environmental damage.",emphasis_and_evaluation_recycling_system_failure,"I should consider that global plastic recycling rates remain below 10%, much plastic is downcycled or exported, and source reduction through bans is therefore necessary.",Importantly,conclusion_and_summary,economic_externalities,"In conclusion, the economic and health costs of plastic pollution—like beach cleanups, wildlife deaths, and contaminated water—are paid by taxpayers, not the companies producing these unnecessary items.",conclusion_and_summary_economic_externalities,"I should calculate how cleanup costs, healthcare burdens, tourism losses, and ecosystem damage are borne by the public rather than producers—a market failure requiring correction.",In conclusion,concession_and_contrast,success_of_existing_bans,"However, countries like Rwanda and Kenya have proven that total bans are not only possible but effective—Rwanda’s ban led to a cleaner capital city and inspired global recognition.",concession_and_contrast_success_of_existing_bans,"I should examine case studies from Rwanda, the EU, Kenya, and various US states showing that bans are enforceable and produce measurable reductions in pollution.",However,targeted,779,43,0.21117742853305754
41,1.672318558143795,,,synthesis_restructured,targeted,1,20260228_155111,1.2699174880981443,"Single-use plastics are a major source of pollution that harms our environment, wildlife, and public health. We already have practical alternatives—like reusable bags, paper packaging, and compostable containers—that can easily replace plastic in everyday use. Countries like Rwanda, Kenya, and many European nations have shown that banning these materials leads to cleaner streets, healthier ecosystems, and less waste in landfills and oceans. The real cost of plastic isn’t just in production—it’s in the cleanup, health issues, and environmental damage we all end up paying for. A government ban corrects this imbalance by holding producers accountable and protecting public resources. It’s time we take a stand for cleaner communities, safer ecosystems, and a healthier future—banning single-use plastics is the right and necessary step.",emphasis_and_evaluation,availability_of_alternatives,"Importantly, we already have viable alternatives—like reusable bags, paper packaging, and compostable containers—that can replace single-use plastics without sacrificing convenience.",emphasis_and_evaluation_availability_of_alternatives,"I should demonstrate that reusable, compostable, and biodegradable alternatives are available for bags, straws, containers, and packaging, making a ban practically feasible.",Importantly,conclusion_and_summary,success_of_existing_bans,"In conclusion, countries like Rwanda and Kenya have successfully banned single-use plastics and seen dramatic improvements in cleanliness and environmental health, proving that such bans are not just possible but effective.",conclusion_and_summary_success_of_existing_bans,"I should examine case studies from Rwanda, the EU, Kenya, and various US states showing that bans are enforceable and produce measurable reductions in pollution.",In conclusion,evidence_and_authority,economic_externalities,"Evidence shows that the real cost of plastic pollution—like cleaning up oceans, sickening wildlife, and harming tourism—is paid by taxpayers and communities, not by the companies that profit from plastic.",evidence_and_authority_economic_externalities,"I should calculate how cleanup costs, healthcare burdens, tourism losses, and ecosystem damage are borne by the public rather than producers—a market failure requiring correction.",Evidence shows that,targeted,841,102,0.20849868575610972
16,0.0,,,synthesis_restructured,random,2,20260228_155741,1.4457404613494873,"Single-use plastics are harmful to the environment, wildlife, and human health, yet they are still widely used due to convenience and low cost. But the truth is, we already have safe, affordable alternatives like paper, glass, and compostable materials that can replace plastic bags, bottles, and containers—so a ban isn’t impractical. Right now, the public pays the price for plastic waste through pollution cleanup, damaged ecosystems, and even health risks from toxins in food and water, while the companies that profit from plastic face no real consequences. Moreover, producing single-use plastics relies on fossil fuels and generates greenhouse gas emissions, worsening climate change. A government ban would force companies to innovate, reduce pollution, and shift to sustainable options—protecting our planet and communities for less long-term cost. It’s time we stop letting plastic waste drain our resources and take bold action before the damage becomes irreversible.",evidence_and_authority,availability_of_alternatives,"Evidence shows that viable alternatives like paper, glass, metal, and plant-based materials already exist and are widely used in many communities, proving that a ban on single-use plastics is realistic and achievable.",evidence_and_authority_availability_of_alternatives,"I should demonstrate that reusable, compostable, and biodegradable alternatives are available for bags, straws, containers, and packaging, making a ban practically feasible.",Evidence shows that,evidence_and_authority,economic_externalities,"Evidence shows that the environmental and health costs of plastic pollution—like beach cleanups, marine life deaths, and medical expenses from toxins—are paid by taxpayers and communities, not the companies that profit from plastic production.",evidence_and_authority_economic_externalities,"I should calculate how cleanup costs, healthcare burdens, tourism losses, and ecosystem damage are borne by the public rather than producers—a market failure requiring correction.",Evidence shows that,concession_and_contrast,carbon_footprint_and_climate,"However, single-use plastics are made from fossil fuels, contributing to climate change at every stage—from oil drilling to manufacturing and disposal, making them a major environmental burden.",concession_and_contrast_carbon_footprint_and_climate,"I should analyze how single-use plastics are petrochemical products that contribute to emissions throughout their lifecycle, from extraction to incineration.",However,baseline,978,336,0.20771879176751165
46,0.0,,,synthesis_restructured,random,3,20260228_155741,1.367192268371582,"A total ban on single-use plastics is necessary because countries like Rwanda, Kenya, and the EU have already proven it works—reducing litter, protecting wildlife, and cleaning up public spaces. When governments enforce these bans, people see real change: fewer plastic bags in streets, cleaner rivers, and less harm to marine life. Right now, we all end up paying the hidden costs—through dirty beaches, expensive cleanups, and damage to tourism—while the companies that produce plastic profit. A ban puts the burden back where it belongs: on producers who create the waste. It’s not about restricting freedom—it’s about protecting our health, environment, and future. We can’t keep waiting for perfect alternatives; we need bold action now, and a ban is the most effective first step.",conditional,success_of_existing_bans,"If countries like Rwanda and Kenya have successfully banned single-use plastics and dramatically reduced plastic waste, then a total ban is not only possible but already proven effective in real-world conditions.",conditional_success_of_existing_bans,"I should examine case studies from Rwanda, the EU, Kenya, and various US states showing that bans are enforceable and produce measurable reductions in pollution.",If,evidence_and_authority,success_of_existing_bans,"Evidence shows that when governments enforce bans—like in the EU or California—plastic bag usage plummets, and cleaner streets and oceans are the result, proving that such policies work in everyday life.",evidence_and_authority_success_of_existing_bans,"I should examine case studies from Rwanda, the EU, Kenya, and various US states showing that bans are enforceable and produce measurable reductions in pollution.",Evidence shows that,concession_and_contrast,economic_externalities,"However, the real cost of plastic pollution is paid by everyone through dirty beaches, clogged drains, and harm to wildlife—costs that could be avoided with a ban that shifts responsibility to producers and industries.",concession_and_contrast_economic_externalities,"I should calculate how cleanup costs, healthcare burdens, tourism losses, and ecosystem damage are borne by the public rather than producers—a market failure requiring correction.",However,baseline,786,221,0.20509038891473674
28,1.705821399919507,,,synthesis_restructured,targeted,2,20260228_155111,1.2542335987091064,"Single-use plastics are a persistent pollution problem that harms ecosystems and wildlife for centuries, long after they’ve served their brief purpose. The cost of cleaning up this mess—beaches, rivers, landfills—falls on taxpayers and communities, not the companies that profit from plastic production. Countries like Rwanda and Kenya have shown that strict bans work: their streets are cleaner, and waste has dropped significantly. Even in places like California and the EU, bans have reduced plastic use without collapsing economies. A government-enforced ban is a necessary, feasible step to protect public health, natural resources, and future generations. We don’t have to accept plastic pollution as inevitable—change is possible, and it starts with bold policy.",emphasis_and_evaluation,intergenerational_responsibility,"Importantly, single-use plastics don’t just disappear—they linger in oceans, soil, and ecosystems for hundreds of years, harming wildlife and polluting the environment for generations to come.",emphasis_and_evaluation_intergenerational_responsibility,"I should evaluate how plastics persist for centuries in the environment, meaning today's convenience imposes long-term burdens on future generations who had no say in their creation.",Importantly,conclusion_and_summary,economic_externalities,"In conclusion, the long-term environmental and financial costs of plastic pollution—like cleaning beaches, losing tourism, and damaging marine life—ultimately fall on ordinary citizens, not the companies that profit from single-use plastics.",conclusion_and_summary_economic_externalities,"I should calculate how cleanup costs, healthcare burdens, tourism losses, and ecosystem damage are borne by the public rather than producers—a market failure requiring correction.",In conclusion,evidence_and_authority,success_of_existing_bans,"Evidence shows that countries like Rwanda and Kenya, which implemented strict bans, now have cleaner streets and less plastic waste, proving that such policies are not only possible but effective.",evidence_and_authority_success_of_existing_bans,"I should examine case studies from Rwanda, the EU, Kenya, and various US states showing that bans are enforceable and produce measurable reductions in pollution.",Evidence shows that,targeted,769,33,0.20263874014401434
42,0.0,,,synthesis_restructured,random,2,20260228_155741,1.259885549545288,"Single-use plastics are made from fossil fuels, and their production contributes significantly to greenhouse gas emissions, accelerating climate change. Despite claims about recycling, less than 10% of plastic ever made has been recycled, meaning most ends up in landfills, incinerators, or the environment, polluting our communities and ecosystems. These plastics also cause severe harm to marine life—animals like turtles and seals often mistake them for food, leading to injury or death, and they degrade vital habitats like coral reefs. A total government ban would cut pollution at the source, encourage innovation in reusable alternatives, and protect both human health and the planet. Since individual actions alone aren’t enough to solve this crisis, strong policy is essential. We can’t afford to wait—banning single-use plastics is a necessary, responsible, and urgent step for a sustainable future.",emphasis_and_evaluation,carbon_footprint_and_climate,"Importantly, single-use plastics are made from fossil fuels, and their production emits greenhouse gases, worsening climate change.",emphasis_and_evaluation_carbon_footprint_and_climate,"I should analyze how single-use plastics are petrochemical products that contribute to emissions throughout their lifecycle, from extraction to incineration.",Importantly,evidence_and_authority,recycling_system_failure,"Evidence shows that less than 10% of plastic ever produced has been recycled, meaning bans are crucial to stop the cycle of pollution and waste.",evidence_and_authority_recycling_system_failure,"I should consider that global plastic recycling rates remain below 10%, much plastic is downcycled or exported, and source reduction through bans is therefore necessary.",Evidence shows that,sequence_and_transition,marine_ecosystem_destruction,"Next, these plastics end up in oceans, where they harm wildlife—seals, turtles, and fish—often leading to painful deaths and disrupting entire ecosystems.",sequence_and_transition_marine_ecosystem_destruction,"I should consider how single-use plastics kill marine animals through ingestion and entanglement, degrade coral reefs, and disrupt ocean ecosystems at massive scale.",Next,baseline,909,316,0.1982208320105773
11,1.751392550419084,,,synthesis_restructured,targeted,0,20260228_155111,1.2354159355163574,"Single-use plastics are a major source of pollution that harm wildlife, degrade natural ecosystems, and persist for centuries. They break down into microplastics that have been found in human blood, food, and water—posing serious, long-term risks to our health. Banning them isn't just environmentally responsible; it’s a smart move for public safety. Countries like Rwanda and Kenya, along with several U.S. states, have already proven that a total ban is feasible and leads to cleaner communities. These examples show that the transition away from single-use plastics is possible without economic disruption. Given the lasting damage these materials cause, a government-led ban is a necessary step to protect both nature and people for future generations.",emphasis_and_evaluation,intergenerational_responsibility,"Importantly, single-use plastics don't just disappear—they linger in ecosystems for hundreds of years, polluting oceans, harming wildlife, and even entering our food chain.",emphasis_and_evaluation_intergenerational_responsibility,"I should evaluate how plastics persist for centuries in the environment, meaning today's convenience imposes long-term burdens on future generations who had no say in their creation.",Importantly,conclusion_and_summary,microplastics_and_human_health,"In conclusion, the long-term risk to human health from microplastics—already found in our bodies—makes a ban not just an environmental choice, but a public health necessity.",conclusion_and_summary_microplastics_and_human_health,"I should examine emerging evidence that microplastics accumulate in human tissue, blood, and organs, posing uncertain but potentially serious health risks.",In conclusion,evidence_and_authority,success_of_existing_bans,"Evidence shows that places with strong plastic bans, like Rwanda and Kenya, have cleaner cities, healthier ecosystems, and no major economic collapse—proving bans are both practical and effective.",evidence_and_authority_success_of_existing_bans,"I should examine case studies from Rwanda, the EU, Kenya, and various US states showing that bans are enforceable and produce measurable reductions in pollution.",Evidence shows that,targeted,757,26,0.19703885203672347
8,0.0,,,synthesis_restructured,random,1,20260228_155741,1.318810224533081,"A total ban on single-use plastics is essential because it addresses both environmental harm and global inequity—wealthy countries often ship their plastic waste to poorer nations, where it overwhelms already strained systems and harms local communities. Fortunately, sustainable alternatives like reusable bags, compostable containers, and bamboo straws are readily available and increasingly affordable, making a ban practical rather than unrealistic. By taking decisive action now, the government can prevent further pollution, protect public health, and lead by example in the global fight against plastic waste. This is not just about cleaner streets—it’s about fairness, responsibility, and protecting our planet for future generations. A ban sends a clear message that disposable convenience should not come at the cost of our environment and vulnerable communities. It’s time to stop treating plastic waste as a problem to be dumped elsewhere and start solving it at the source.",emphasis_and_evaluation,global_waste_trade_injustice,"Importantly, many wealthy nations export their plastic waste to developing countries, where inadequate infrastructure leads to environmental contamination and health risks for local communities.",emphasis_and_evaluation_global_waste_trade_injustice,"I should consider how wealthy countries export plastic waste to poorer nations, making this a global justice issue that requires upstream intervention at the production stage.",Importantly,evidence_and_authority,availability_of_alternatives,"Evidence shows that viable alternatives—like reusable bags, compostable containers, and bamboo straws—are already widely available and cost-effective, proving that a ban is not only possible but already underway in many places.",evidence_and_authority_availability_of_alternatives,"I should demonstrate that reusable, compostable, and biodegradable alternatives are available for bags, straws, containers, and packaging, making a ban practically feasible.",Evidence shows that,emphasis_and_evaluation,availability_of_alternatives,"Importantly, many wealthy nations export their plastic waste to developing countries, where inadequate infrastructure leads to environmental contamination and health risks for local communities.",emphasis_and_evaluation_availability_of_alternatives,"I should demonstrate that reusable, compostable, and biodegradable alternatives are available for bags, straws, containers, and packaging, making a ban practically feasible.",Importantly,baseline,986,338,0.1886789512527559
5,0.0,,,synthesis_restructured,random,3,20260228_155741,1.2347376346588137,"The government should enforce a total ban on single-use plastics because the hidden costs of plastic pollution—cleaning up oceans, damaging ecosystems, and harming public health—are ultimately paid by ordinary people through taxes and lost quality of life. When wealthy nations ship their plastic waste to poorer countries, they’re outsourcing environmental and health risks instead of solving the problem at its source. With microplastics now detected in human blood and organs, the danger is no longer abstract—it’s inside us. A total ban would force innovation in sustainable alternatives and stop the cycle of pollution before it starts. This isn’t about restricting freedom; it’s about protecting our communities, our planet, and our health. The time for half-measures is over—real change requires bold, decisive action.",concession_and_contrast,economic_externalities,"However, the environmental and economic costs of plastic pollution are ultimately shouldered by taxpayers and communities, not the corporations that profit from single-use plastics.",concession_and_contrast_economic_externalities,"I should calculate how cleanup costs, healthcare burdens, tourism losses, and ecosystem damage are borne by the public rather than producers—a market failure requiring correction.",However,sequence_and_transition,global_waste_trade_injustice,"Next, many high-income countries export their plastic waste to developing nations, where it overwhelms local infrastructure and harms public health—this is not a sustainable or ethical solution.",sequence_and_transition_global_waste_trade_injustice,"I should consider how wealthy countries export plastic waste to poorer nations, making this a global justice issue that requires upstream intervention at the production stage.",Next,conditional,microplastics_and_human_health,"If we're already finding microplastics in human blood and organs, it’s no longer just an environmental concern—it’s a direct threat to public health.",conditional_microplastics_and_human_health,"I should examine emerging evidence that microplastics accumulate in human tissue, blood, and organs, posing uncertain but potentially serious health risks.",If,baseline,825,259,0.18735062099251587
28,0.0,,,synthesis_restructured,random,4,20260228_155741,1.3307085037231443,"Single-use plastics are a major source of pollution that harms wildlife, clogs landfills, and lingers in oceans for centuries. Companies keep using them because they're cheap and convenient, and they won’t change unless forced by law—voluntary efforts simply don’t work at scale. Countries like Rwanda and Kenya have already shown that a total ban is not only possible but effective, leading to cleaner cities and less ocean pollution. Even in the U.S., places like California and Seattle have cut plastic waste dramatically after implementing similar bans. The damage caused by plastic—like animals choking on bags or microplastics entering our food chain—is too serious to ignore. If we want real change, the government must step in and enforce a total ban to protect both people and the planet.",clarification_and_specification,corporate_behavior_and_voluntary_failure,"In other words, companies keep using single-use plastics because they're cheap and convenient, and they only change when forced to. Without a government ban, these companies will keep making plastic products even if they say they want to be greener.",clarification_and_specification_corporate_behavior_and_voluntary_failure,"I should analyze how manufacturers default to cheap plastics despite pledges, and why only binding regulation—not voluntary commitments—can shift industry norms.",In other words,addition_and_elaboration,success_of_existing_bans,"Moreover, countries like Rwanda and Kenya have successfully banned single-use plastics and seen huge drops in plastic waste, proving that such bans are not just possible but effective in real-world settings.",addition_and_elaboration_success_of_existing_bans,"I should examine case studies from Rwanda, the EU, Kenya, and various US states showing that bans are enforceable and produce measurable reductions in pollution.",Moreover,addition_and_elaboration,marine_ecosystem_destruction,"Moreover, plastic pollution is already harming wildlife—animals like sea turtles and birds often mistake plastic for food and die from starvation or internal blockages.",addition_and_elaboration_marine_ecosystem_destruction,"I should consider how single-use plastics kill marine animals through ingestion and entanglement, degrade coral reefs, and disrupt ocean ecosystems at massive scale.",Moreover,baseline,797,229,0.18488987191025602
11,0.0,,,synthesis_restructured,random,4,20260228_155741,1.302504301071167,"The government should enforce a total ban on single-use plastics because these items are a major source of pollution that harms both people and the planet. Many wealthy countries export their plastic waste to poorer nations, where it often ends up in rivers, oceans, and informal landfills, causing serious health and environmental damage to communities that didn’t create the problem. While companies have made promises to reduce plastic use, these efforts have failed because they’re voluntary and lack accountability—real change requires strong, enforceable rules. Fortunately, viable alternatives such as reusable bags, compostable containers, and biodegradable materials are already widely available and cost-effective. A total ban would drive innovation, protect ecosystems, and ensure that we no longer sacrifice the environment and public health for convenience. It’s time to take bold action and end the era of throwaway plastics once and for all.",emphasis_and_evaluation,global_waste_trade_injustice,"Importantly, many developed countries export their plastic waste to developing nations, where it is often improperly managed, leading to severe environmental and health consequences for vulnerable communities.",emphasis_and_evaluation_global_waste_trade_injustice,"I should consider how wealthy countries export plastic waste to poorer nations, making this a global justice issue that requires upstream intervention at the production stage.",Importantly,sequence_and_transition,corporate_behavior_and_voluntary_failure,"Next, despite repeated promises by companies to reduce plastic use, little meaningful change has occurred because these commitments are voluntary and unenforced.",sequence_and_transition_corporate_behavior_and_voluntary_failure,"I should analyze how manufacturers default to cheap plastics despite pledges, and why only binding regulation—not voluntary commitments—can shift industry norms.",Next,emphasis_and_evaluation,availability_of_alternatives,"Importantly, safe and effective alternatives like paper, glass, metal, and plant-based materials already exist for nearly every single-use plastic product we use daily.",emphasis_and_evaluation_availability_of_alternatives,"I should demonstrate that reusable, compostable, and biodegradable alternatives are available for bags, straws, containers, and packaging, making a ban practically feasible.",Importantly,baseline,956,332,0.1847134191720195
21,1.710499328425406,,,synthesis_restructured,targeted,2,20260228_155111,1.2157158851623535,"We should ban single-use plastics because they’re polluting our planet and harming our health. Microplastics have been found in human blood, organs, and even unborn babies, which means these materials aren’t just harming wildlife—they’re entering our own bodies. While we don’t yet know all the long-term effects, it’s better to act now than wait for serious harm to occur. Countries like Rwanda and Kenya have already banned single-use plastics and seen major improvements in cleanliness and waste reduction. Even in the U.S., states like California and Oregon have shown that such bans are feasible and popular with the public. A total ban is a responsible step to protect both people and the environment for future generations.",emphasis_and_evaluation,microplastics_and_human_health,"Importantly, studies have found microplastics in human blood, organs, and even placentas, suggesting that single-use plastics can directly enter our bodies and may contribute to long-term health problems.",emphasis_and_evaluation_microplastics_and_human_health,"I should examine emerging evidence that microplastics accumulate in human tissue, blood, and organs, posing uncertain but potentially serious health risks.",Importantly,conclusion_and_summary,microplastics_and_human_health,"In conclusion, the long-term health risks of plastic pollution are not fully known, but the precautionary principle supports banning single-use plastics before irreversible harm occurs.",conclusion_and_summary_microplastics_and_human_health,"I should examine emerging evidence that microplastics accumulate in human tissue, blood, and organs, posing uncertain but potentially serious health risks.",In conclusion,clarification_and_specification,success_of_existing_bans,"In other words, places like Rwanda and Kenya have successfully banned single-use plastics and seen dramatic reductions in litter and environmental damage, proving such bans are practical and effective.",clarification_and_specification_success_of_existing_bans,"I should examine case studies from Rwanda, the EU, Kenya, and various US states showing that bans are enforceable and produce measurable reductions in pollution.",In other words,targeted,730,12,0.18202899703660777
49,1.6707057220867974,,,synthesis_restructured,targeted,3,20260228_155111,1.281160593032837,"Single-use plastics are a persistent environmental hazard that harm ecosystems, wildlife, and public health for centuries, long after their brief use. Banning them is not just necessary—it’s practical, as proven by countries like Rwanda and Kenya, where strict bans have led to cleaner cities and less pollution. The real cost of plastic isn’t in the product itself but in the damage it causes—cleaning oceans, treating sick animals, and losing tourism revenue—all of which fall on ordinary people, not the corporations that sell them. A government ban shifts the burden to producers and incentivizes sustainable alternatives. This isn’t about restricting freedom—it’s about protecting our planet and our future. With global awareness growing, a total ban is a simple, fair, and responsible step we can take today.",emphasis_and_evaluation,intergenerational_responsibility,"Importantly, single-use plastics don’t just disappear—they linger in oceans, soil, and wildlife for hundreds of years, causing harm that future generations will have to clean up.",emphasis_and_evaluation_intergenerational_responsibility,"I should evaluate how plastics persist for centuries in the environment, meaning today's convenience imposes long-term burdens on future generations who had no say in their creation.",Importantly,conclusion_and_summary,success_of_existing_bans,"In conclusion, real-world examples prove that banning single-use plastics is not only feasible but also effective—places like Rwanda and Kenya have drastically reduced plastic waste after implementing such bans.",conclusion_and_summary_success_of_existing_bans,"I should examine case studies from Rwanda, the EU, Kenya, and various US states showing that bans are enforceable and produce measurable reductions in pollution.",In conclusion,evidence_and_authority,economic_externalities,"Evidence shows that the hidden costs of plastic pollution—like cleaning beaches, treating sick wildlife, and losing tourism revenue—are paid by taxpayers, not the companies that profit from plastic.",evidence_and_authority_economic_externalities,"I should calculate how cleanup costs, healthcare burdens, tourism losses, and ecosystem damage are borne by the public rather than producers—a market failure requiring correction.",Evidence shows that,targeted,814,74,0.18083500950085937
14,0.0,,,synthesis_restructured,random,0,20260228_155741,1.4017350673675537,"A total ban on single-use plastics is essential because these materials persist in the environment for hundreds of years, polluting our oceans, harming wildlife, and threatening human health. Despite claims that recycling can solve the problem, less than 10% of plastic is actually recycled, and much of it ends up in landfills or dumped into ecosystems. Banning these items at the source is the most effective way to reduce pollution and protect the planet, especially since wealthier nations often export their plastic waste to poorer countries, placing an unfair burden on communities already struggling with environmental injustice. This ban is not about restricting freedom—it’s about protecting the world we share. As someone who cares about clean water, healthy oceans, and a livable future, I believe it’s time we stop treating the planet as a trash can. Simple alternatives like reusable bags, bottles, and containers already exist and are widely accessible. A total ban is not just practical—it’s responsible and necessary.",causal_reasoning,intergenerational_responsibility,"Therefore, a total ban on single-use plastics is a necessary step to prevent irreversible environmental damage that will outlive our current generation.",causal_reasoning_intergenerational_responsibility,"I should evaluate how plastics persist for centuries in the environment, meaning today's convenience imposes long-term burdens on future generations who had no say in their creation.",Therefore,conditional,recycling_system_failure,"If we keep relying on recycling as a solution, we’re ignoring the reality that most single-use plastics are not recycled and instead end up in landfills or oceans.",conditional_recycling_system_failure,"I should consider that global plastic recycling rates remain below 10%, much plastic is downcycled or exported, and source reduction through bans is therefore necessary.",If,addition_and_elaboration,global_waste_trade_injustice,"Moreover, banning single-use plastics at the source is fairer than burdening developing nations with our waste, which often harms their ecosystems and communities.",addition_and_elaboration_global_waste_trade_injustice,"I should consider how wealthy countries export plastic waste to poorer nations, making this a global justice issue that requires upstream intervention at the production stage.",Moreover,baseline,1033,342,0.17961112895779138
37,1.699877772986436,,,synthesis_restructured,targeted,0,20260228_155111,1.1964988708496094,"Single-use plastics are a major source of pollution, with less than 10% being recycled worldwide—most end up in landfills or the ocean. Even when recycled, plastic often degrades into microplastics that can enter our food, water, and air, potentially harming human health. Banning these items isn't just environmentally responsible—it's a practical step that many places, like Rwanda and parts of the EU, have already proven can succeed. These bans have led to cleaner streets, less wildlife harm, and a shift toward reusable alternatives. Since we can't rely on recycling to fix this crisis, a government-enforced ban is a clear and necessary solution. Protecting our planet and our health starts with stopping the problem at the source.",emphasis_and_evaluation,recycling_system_failure,"Importantly, recycling alone cannot solve the plastic pollution crisis, as most single-use plastics are either not recycled or end up in landfills and oceans.",emphasis_and_evaluation_recycling_system_failure,"I should consider that global plastic recycling rates remain below 10%, much plastic is downcycled or exported, and source reduction through bans is therefore necessary.",Importantly,conclusion_and_summary,microplastics_and_human_health,"In conclusion, banning single-use plastics is a necessary step to protect both human health and the environment from the long-term harm caused by plastic waste.",conclusion_and_summary_microplastics_and_human_health,"I should examine emerging evidence that microplastics accumulate in human tissue, blood, and organs, posing uncertain but potentially serious health risks.",In conclusion,concession_and_contrast,success_of_existing_bans,"However, many countries and cities have already proven that banning single-use plastics works—reducing litter, protecting wildlife, and encouraging sustainable alternatives.",concession_and_contrast_success_of_existing_bans,"I should examine case studies from Rwanda, the EU, Kenya, and various US states showing that bans are enforceable and produce measurable reductions in pollution.",However,targeted,738,17,0.1769467734085744
6,1.7514575785052098,,,synthesis_restructured,targeted,0,20260228_155111,1.213737726211548,"Single-use plastics are a major environmental hazard, with over 8 million tons entering our oceans each year—most of which are never recycled. Since the current system fails to manage this waste, a government-enforced ban is necessary to stop pollution at the source. The costs of plastic pollution—cleaning beaches, damaging marine life, harming fisheries, and affecting public health—are paid by communities, not the companies that profit from plastic. Countries like Rwanda, Kenya, and states like California have proven that bans are effective, achievable, and result in cleaner cities and healthier ecosystems. A total ban is not just environmentally responsible—it’s a practical solution that protects our planet and future generations.",emphasis_and_evaluation,recycling_system_failure,"Importantly, single-use plastics are a major source of pollution, with over 8 million tons entering oceans annually, and most of them aren't recycled. A ban would stop this pollution at the source.",emphasis_and_evaluation_recycling_system_failure,"I should consider that global plastic recycling rates remain below 10%, much plastic is downcycled or exported, and source reduction through bans is therefore necessary.",Importantly,conclusion_and_summary,economic_externalities,"In conclusion, the environmental and economic costs of plastic pollution are massive and often paid by communities, not corporations. A ban is a fair and responsible solution.",conclusion_and_summary_economic_externalities,"I should calculate how cleanup costs, healthcare burdens, tourism losses, and ecosystem damage are borne by the public rather than producers—a market failure requiring correction.",In conclusion,exemplification,success_of_existing_bans,"For example, Rwanda’s total plastic ban has made it one of the cleanest countries in the world, and similar bans in the EU and California have dramatically reduced plastic waste.",exemplification_success_of_existing_bans,"I should examine case studies from Rwanda, the EU, Kenya, and various US states showing that bans are enforceable and produce measurable reductions in pollution.",For example,targeted,742,18,0.17456542121785987
49,1.6707057220867974,,,synthesis_restructured,targeted,1,20260228_155111,1.2991013526916504,"Single-use plastics are a long-term environmental hazard that pollute our oceans and landfills for hundreds of years, harming wildlife and degrading our natural spaces. The government must act decisively to protect public health and ecosystems by enforcing a total ban—this is not just possible, it’s already been proven successful in countries like Rwanda and Kenya. These nations have shown that banning single-use plastics reduces pollution dramatically and doesn’t disrupt daily life when alternatives are available. The real cost of plastic waste—cleaning up messes, fixing environmental damage, and treating health issues—is often paid by ordinary people, not the companies that make the products. A government ban shifts the burden back where it belongs, holding producers accountable and protecting communities. It’s time to stop treating plastic waste as someone else’s problem and start protecting our planet for future generations.",emphasis_and_evaluation,intergenerational_responsibility,"Importantly, single-use plastics don't just disappear—they linger in landfills and oceans for hundreds of years, polluting ecosystems and harming wildlife.",emphasis_and_evaluation_intergenerational_responsibility,"I should evaluate how plastics persist for centuries in the environment, meaning today's convenience imposes long-term burdens on future generations who had no say in their creation.",Importantly,conclusion_and_summary,success_of_existing_bans,"In conclusion, bans have already worked in places like Rwanda and Kenya, proving that governments can successfully eliminate single-use plastics and dramatically reduce environmental damage.",conclusion_and_summary_success_of_existing_bans,"I should examine case studies from Rwanda, the EU, Kenya, and various US states showing that bans are enforceable and produce measurable reductions in pollution.",In conclusion,evidence_and_authority,economic_externalities,"Evidence shows that the real cost of plastic waste—cleaning beaches, treating pollution-related illnesses, and losing tourism—is paid by taxpayers and communities, not the corporations that profit from plastic.",evidence_and_authority_economic_externalities,"I should calculate how cleanup costs, healthcare burdens, tourism losses, and ecosystem damage are borne by the public rather than producers—a market failure requiring correction.",Evidence shows that,targeted,942,156,0.17356946194750206
32,1.705821399919507,,,synthesis_restructured,targeted,0,20260228_155111,1.1448156833648682,"Single-use plastics pollute our environment, harm wildlife, and cost communities millions in cleanup and healthcare. These damages are not paid by the corporations that produce them, but by ordinary citizens through higher taxes and degraded public spaces. A total government ban would force manufacturers to create sustainable alternatives, ending the cycle of pollution and shifting responsibility where it belongs. Countries like Rwanda and Kenya have already shown that such bans are effective and feasible, leading to visibly cleaner cities and healthier ecosystems. Even in the U.S., states that have enacted bans report significant reductions in plastic waste. The benefits far outweigh the inconvenience—our environment, health, and future depend on bold action now.",emphasis_and_evaluation,economic_externalities,"Importantly, single-use plastics pollute our oceans, clog waterways, and harm wildlife, and the costs of cleaning this up are passed on to taxpayers, not the companies that produce these products.",emphasis_and_evaluation_economic_externalities,"I should calculate how cleanup costs, healthcare burdens, tourism losses, and ecosystem damage are borne by the public rather than producers—a market failure requiring correction.",Importantly,conclusion_and_summary,economic_externalities,"In conclusion, a total ban would pressure manufacturers to innovate with sustainable alternatives, shifting the burden from communities to producers.",conclusion_and_summary_economic_externalities,"I should calculate how cleanup costs, healthcare burdens, tourism losses, and ecosystem damage are borne by the public rather than producers—a market failure requiring correction.",In conclusion,evidence_and_authority,success_of_existing_bans,"Evidence shows that places like Rwanda and Kenya, which implemented strict bans, now have cleaner streets and less plastic waste, proving that these policies can work in real-world settings.",evidence_and_authority_success_of_existing_bans,"I should examine case studies from Rwanda, the EU, Kenya, and various US states showing that bans are enforceable and produce measurable reductions in pollution.",Evidence shows that,targeted,774,39,0.16921107225121448
23,1.710499328425406,,,synthesis_restructured,targeted,2,20260228_155111,1.2635695934295654,"A total ban on single-use plastics is a necessary and achievable step toward protecting our environment and public health. Countries like Rwanda and Kenya have successfully implemented such bans, leading to cleaner streets, reduced waste in landfills, and a major decrease in plastic pollution in rivers and oceans. These examples prove that bans are not only practical but also effective when supported by strong public policy and enforcement. Furthermore, growing evidence shows that microplastics are now found in human blood, organs, and tissues, raising serious concerns about long-term health impacts. By acting now with a total ban, governments can prevent further contamination and protect future generations. It's time to prioritize the planet and our well-being over convenience and short-term economic interests.",emphasis_and_evaluation,success_of_existing_bans,"Importantly, countries like Rwanda and Kenya have successfully implemented total bans on single-use plastics, resulting in cleaner cities, reduced landfill waste, and a noticeable decrease in plastic pollution in rivers and oceans.",emphasis_and_evaluation_success_of_existing_bans,"I should examine case studies from Rwanda, the EU, Kenya, and various US states showing that bans are enforceable and produce measurable reductions in pollution.",Importantly,conclusion_and_summary,microplastics_and_human_health,"In conclusion, the long-term health and environmental risks posed by plastic pollution—especially the ingestion of microplastics by humans and wildlife—make a total ban a necessary and responsible step for public safety.",conclusion_and_summary_microplastics_and_human_health,"I should examine emerging evidence that microplastics accumulate in human tissue, blood, and organs, posing uncertain but potentially serious health risks.",In conclusion,clarification_and_specification,success_of_existing_bans,"In other words, bans on single-use plastics are not only possible but practical, as demonstrated by nations that have already implemented them with strong public support and clear environmental benefits.",clarification_and_specification_success_of_existing_bans,"I should examine case studies from Rwanda, the EU, Kenya, and various US states showing that bans are enforceable and produce measurable reductions in pollution.",In other words,targeted,823,86,0.1658838043676427
39,1.675952842387623,,,synthesis_restructured,targeted,1,20260228_155111,1.251542329788208,"Single-use plastics are a major source of pollution, and since most of them aren’t recycled, they end up in landfills, oceans, and even our bodies. A total government ban would stop this waste at the source, protecting both the environment and public health. Countries like Rwanda and Kenya have already proven that such bans are possible and effective, leading to cleaner cities and reduced plastic in nature. In the U.S., states like California and Oregon have seen real improvements after implementing similar measures. There’s no reason we shouldn’t take the same step nationwide — especially when alternatives like reusable bags, containers, and paper products are readily available. A ban isn’t just an environmental win; it’s a practical, responsible choice for all of us.",emphasis_and_evaluation,recycling_system_failure,"Importantly, most single-use plastics aren't recycled — they end up in landfills or pollute the environment. Banning them at the source reduces waste before it even starts.",emphasis_and_evaluation_recycling_system_failure,"I should consider that global plastic recycling rates remain below 10%, much plastic is downcycled or exported, and source reduction through bans is therefore necessary.",Importantly,conclusion_and_summary,microplastics_and_human_health,"In conclusion, a total ban on single-use plastics protects both public health and the environment by cutting off a major source of pollution and preventing long-term harm to our bodies and ecosystems.",conclusion_and_summary_microplastics_and_human_health,"I should examine emerging evidence that microplastics accumulate in human tissue, blood, and organs, posing uncertain but potentially serious health risks.",In conclusion,emphasis_and_evaluation,success_of_existing_bans,"Importantly, countries like Rwanda and Kenya have already implemented strict bans with success — they now have cleaner streets, healthier wildlife, and stronger public awareness about plastic waste.",emphasis_and_evaluation_success_of_existing_bans,"I should examine case studies from Rwanda, the EU, Kenya, and various US states showing that bans are enforceable and produce measurable reductions in pollution.",Importantly,targeted,779,44,0.16507526329429217
5,0.0,,,synthesis_restructured,random,1,20260228_155741,1.3762171268463137,"The government should enforce a total ban on single-use plastics because the environmental and human costs are too high to ignore. These products create pollution that harms ecosystems, damages wildlife, and contaminates our water and food supplies, ultimately burdening public health and taxpayer-funded cleanup efforts. Many nations export their plastic waste to poorer countries, where it overwhelms communities and leads to serious health and environmental consequences—this is not just a local problem, but a global injustice. Scientists have already found microplastics in human blood and organs, raising alarming concerns about long-term health impacts, and we can’t wait for definitive proof of harm to act. The precautionary principle means we should prevent harm before it becomes irreversible. A total ban is the most effective way to stop this crisis at the source and protect both people and the planet for future generations.",concession_and_contrast,economic_externalities,"However, the real cost of single-use plastics isn't just in production—it’s in the long-term damage to our environment and communities, which ends up being paid for by taxpayers and future generations.",concession_and_contrast_economic_externalities,"I should calculate how cleanup costs, healthcare burdens, tourism losses, and ecosystem damage are borne by the public rather than producers—a market failure requiring correction.",However,sequence_and_transition,global_waste_trade_injustice,"Next, the waste from single-use plastics often gets shipped to developing countries where it overwhelms local infrastructure, leading to pollution and health risks—something we can’t ignore as a global community.",sequence_and_transition_global_waste_trade_injustice,"I should consider how wealthy countries export plastic waste to poorer nations, making this a global justice issue that requires upstream intervention at the production stage.",Next,conditional,microplastics_and_human_health,"If we’re already finding microplastics in our own blood and organs, we can’t afford to wait for perfect evidence—the precautionary principle demands action now.",conditional_microplastics_and_human_health,"I should examine emerging evidence that microplastics accumulate in human tissue, blood, and organs, posing uncertain but potentially serious health risks.",If,baseline,939,324,0.16308508351350876
35,1.705821399919507,,,synthesis_restructured,targeted,2,20260228_155111,1.0286877155303955,"Single-use plastics are a major source of pollution that harms ecosystems, wildlife, and human health, yet voluntary industry actions haven’t made meaningful progress. Governments must step in with a total ban because relying on corporate promises is ineffective—companies continue using plastic unless legally required to change. Real-world examples from Rwanda, Kenya, and the European Union prove that strict bans work: they drastically reduce plastic waste and lead to cleaner communities. Without enforcement, the burden of cleanup and environmental damage falls on taxpayers and local populations. A total ban is not just necessary—it’s a practical and proven solution to a crisis that affects us all.",emphasis_and_evaluation,corporate_behavior_and_voluntary_failure,"Importantly, many companies continue using single-use plastics even after promising to reduce them, showing that voluntary efforts fail to create real change.",emphasis_and_evaluation_corporate_behavior_and_voluntary_failure,"I should analyze how manufacturers default to cheap plastics despite pledges, and why only binding regulation—not voluntary commitments—can shift industry norms.",Importantly,conclusion_and_summary,economic_externalities,"In conclusion, banning single-use plastics protects public health, reduces taxpayer-funded cleanup, and prevents long-term environmental harm that currently falls on communities.",conclusion_and_summary_economic_externalities,"I should calculate how cleanup costs, healthcare burdens, tourism losses, and ecosystem damage are borne by the public rather than producers—a market failure requiring correction.",In conclusion,evidence_and_authority,success_of_existing_bans,"Evidence shows that countries like Rwanda and Kenya, which implemented total bans, now have cleaner cities and significantly less plastic waste in natural environments.",evidence_and_authority_success_of_existing_bans,"I should examine case studies from Rwanda, the EU, Kenya, and various US states showing that bans are enforceable and produce measurable reductions in pollution.",Evidence shows that,targeted,707,6,0.16076708330410397
16,0.0,,,synthesis_restructured,random,0,20260228_155741,1.2365410327911377,"Banning single-use plastics is a necessary and practical step to protect our environment and public health. Eco-friendly alternatives like paper, bamboo, and compostable materials are already available and affordable for everyday use, so the switch isn’t a burden—it’s an upgrade. Right now, plastic pollution is costing governments billions in cleanup, harming wildlife, and damaging industries like fishing and tourism, all of which are paid for by ordinary people. Plus, plastic production and disposal release harmful greenhouse gases, making the issue a climate threat as well. A total ban shifts the burden from taxpayers and ecosystems to producers who should be held accountable. With better policies and public support, we can build a cleaner, healthier future—starting with saying no to single-use plastics.",evidence_and_authority,availability_of_alternatives,"Evidence shows that alternatives like paper bags, bamboo utensils, and compostable containers are already widely available and affordable, proving that banning single-use plastics is doable without disrupting daily life.",evidence_and_authority_availability_of_alternatives,"I should demonstrate that reusable, compostable, and biodegradable alternatives are available for bags, straws, containers, and packaging, making a ban practically feasible.",Evidence shows that,evidence_and_authority,economic_externalities,"Evidence shows that plastic pollution costs governments billions annually in cleanup, damages marine life, and harms tourism—costs that are unfairly passed on to taxpayers and future generations.",evidence_and_authority_economic_externalities,"I should calculate how cleanup costs, healthcare burdens, tourism losses, and ecosystem damage are borne by the public rather than producers—a market failure requiring correction.",Evidence shows that,concession_and_contrast,carbon_footprint_and_climate,"However, single-use plastics are made from fossil fuels and contribute to climate change through greenhouse gas emissions at every stage—from oil drilling to plastic disposal.",concession_and_contrast_carbon_footprint_and_climate,"I should analyze how single-use plastics are petrochemical products that contribute to emissions throughout their lifecycle, from extraction to incineration.",However,baseline,817,251,0.16029298041568005
0,1.862422940489722,,,synthesis_restructured,targeted,1,20260228_155111,1.2502427101135254,"Single-use plastics are a major source of pollution, and since less than 10% of plastic waste is recycled, relying on recycling is not a realistic solution. The health and environmental damage caused by plastic—like contaminated water, harm to wildlife, and long-term ecosystem degradation—ultimately falls on ordinary people through higher cleanup costs and public health risks. However, successful bans in places like Rwanda, Kenya, and several U.S. states prove that a total ban is both practical and effective at reducing plastic waste. By removing single-use plastics at the source, governments can protect public health, preserve natural resources, and reduce long-term economic burdens. A ban is a necessary and achievable step toward a cleaner, safer future for everyone.",emphasis_and_evaluation,recycling_system_failure,"Importantly, most single-use plastics aren’t recycled—only about 9% of all plastic ever made has been recycled—so relying on recycling isn’t a sustainable solution.",emphasis_and_evaluation_recycling_system_failure,"I should consider that global plastic recycling rates remain below 10%, much plastic is downcycled or exported, and source reduction through bans is therefore necessary.",Importantly,conclusion_and_summary,economic_externalities,"In conclusion, the environmental and public health costs of single-use plastics—like pollution in oceans and microplastics in drinking water—end up being paid by taxpayers and communities, not companies.",conclusion_and_summary_economic_externalities,"I should calculate how cleanup costs, healthcare burdens, tourism losses, and ecosystem damage are borne by the public rather than producers—a market failure requiring correction.",In conclusion,evidence_and_authority,success_of_existing_bans,"Evidence shows that countries and cities that have banned single-use plastics, like Rwanda and Kenya, have dramatically reduced plastic waste in urban areas and waterways.",evidence_and_authority_success_of_existing_bans,"I should examine case studies from Rwanda, the EU, Kenya, and various US states showing that bans are enforceable and produce measurable reductions in pollution.",Evidence shows that,targeted,779,47,0.1596967803725135
46,1.6707057220867974,,,synthesis_restructured,targeted,4,20260228_155111,1.5264756679534912,"Single-use plastics impose hidden costs on society that no individual or business should have to bear—polluted rivers, choked wildlife, and contaminated food systems are not just environmental issues, but threats to public health and community well-being. We already see the results in our cities and oceans, where plastic waste overwhelms trash systems and damages tourism destinations that rely on clean landscapes. Countries like Rwanda and Kenya have proven that banning these plastics is not only possible but leads to cleaner streets, healthier ecosystems, and stronger public pride. Even in places like California and the European Union, bans have reduced plastic pollution significantly without crippling daily life. The real cost of convenience is far too high—when we let corporations profit while the public pays the price, we’re allowing a broken system to continue. It’s time to take decisive action and protect our planet and communities by enforcing a total ban on single-use plastics now.",emphasis_and_evaluation,economic_externalities,"Importantly, the environmental and economic costs of single-use plastics—like polluted waterways, harmed wildlife, and expensive cleanups—are not reflected in their price, meaning the public ends up paying the real cost through taxes, degraded natural resources, and lost tourism revenue.",emphasis_and_evaluation_economic_externalities,"I should calculate how cleanup costs, healthcare burdens, tourism losses, and ecosystem damage are borne by the public rather than producers—a market failure requiring correction.",Importantly,conclusion_and_summary,success_of_existing_bans,"In conclusion, countries like Rwanda and Kenya have shown that banning single-use plastics is both feasible and effective, leading to cleaner cities, healthier ecosystems, and stronger public support—proving that a ban is not only possible but beneficial.",conclusion_and_summary_success_of_existing_bans,"I should examine case studies from Rwanda, the EU, Kenya, and various US states showing that bans are enforceable and produce measurable reductions in pollution.",In conclusion,evidence_and_authority,economic_externalities,"Evidence shows that single-use plastics contribute to long-term environmental damage and public health risks, such as microplastic contamination in food and water—making it irresponsible to leave their use unchecked.",evidence_and_authority_economic_externalities,"I should calculate how cleanup costs, healthcare burdens, tourism losses, and ecosystem damage are borne by the public rather than producers—a market failure requiring correction.",Evidence shows that,targeted,1004,169,0.15943004177538744
14,1.751392550419084,,,synthesis_restructured,targeted,3,20260228_155111,1.2750294208526611,"Single-use plastics are a major source of pollution that harm wildlife, clog waterways, and ultimately enter our own bodies through food and water. Recent studies have found microplastics in human blood and organs, which means these materials aren't just environmental hazards—they’re a direct threat to our health. Countries like Rwanda and Kenya have already proven that banning single-use plastics is feasible and effective, leading to cleaner cities and less waste. Even in places like California and parts of the EU, bans have significantly reduced plastic pollution without causing major disruptions. A total government ban is the most decisive way to protect both the planet and public health. It’s time to stop treating plastic pollution as someone else’s problem—we all live downstream.",emphasis_and_evaluation,microplastics_and_human_health,"Importantly, recent studies have found microplastics in human blood and organs, which means that single-use plastics don’t just pollute the environment—they directly enter our bodies, raising serious health concerns that demand urgent action.",emphasis_and_evaluation_microplastics_and_human_health,"I should examine emerging evidence that microplastics accumulate in human tissue, blood, and organs, posing uncertain but potentially serious health risks.",Importantly,conclusion_and_summary,microplastics_and_human_health,"In conclusion, a total ban on single-use plastics is not just an environmental necessity—it’s a matter of protecting our own health and future generations from invisible but dangerous pollutants.",conclusion_and_summary_microplastics_and_human_health,"I should examine emerging evidence that microplastics accumulate in human tissue, blood, and organs, posing uncertain but potentially serious health risks.",In conclusion,evidence_and_authority,success_of_existing_bans,"Evidence shows that countries like Rwanda and Kenya have successfully implemented plastic bans, dramatically reducing litter and cleaning up cities—proving that such policies work in real life, not just on paper.",evidence_and_authority_success_of_existing_bans,"I should examine case studies from Rwanda, the EU, Kenya, and various US states showing that bans are enforceable and produce measurable reductions in pollution.",Evidence shows that,targeted,795,55,0.15503658338576862
5,1.755604018638381,,,synthesis_restructured,targeted,1,20260228_155111,1.230301856994629,"Single-use plastics are a major source of pollution that harms wildlife, clogs waterways, and litters our communities—yet recycling rates remain tragically low. A total government ban is the most effective way to stop this pollution at its source, since recycling alone cannot keep up with the scale of plastic waste. Countries like Rwanda and Kenya have already shown that such bans are realistic, leading to cleaner streets and a stronger culture of environmental responsibility. With reusable alternatives widely available and affordable, the shift is not only possible but necessary for public health and environmental sustainability. The long-term cost savings from reduced cleanup, healthcare, and ecosystem damage far outweigh any short-term inconvenience. As an average person who cares about clean neighborhoods and a safe planet, I believe a ban is a clear and responsible choice for our future.",emphasis_and_evaluation,recycling_system_failure,"Importantly, banning single-use plastics directly reduces the amount of waste that ends up polluting our oceans, landfills, and ecosystems.",emphasis_and_evaluation_recycling_system_failure,"I should consider that global plastic recycling rates remain below 10%, much plastic is downcycled or exported, and source reduction through bans is therefore necessary.",Importantly,conclusion_and_summary,economic_externalities,"In conclusion, a total ban is a responsible, cost-effective step to protect public health, preserve natural environments, and reduce long-term taxpayer burdens.",conclusion_and_summary_economic_externalities,"I should calculate how cleanup costs, healthcare burdens, tourism losses, and ecosystem damage are borne by the public rather than producers—a market failure requiring correction.",In conclusion,emphasis_and_evaluation,success_of_existing_bans,"Importantly, countries like Rwanda have proven that a total ban is not only possible but leads to cleaner cities, stronger environmental pride, and sustainable alternatives.",emphasis_and_evaluation_success_of_existing_bans,"I should examine case studies from Rwanda, the EU, Kenya, and various US states showing that bans are enforceable and produce measurable reductions in pollution.",Importantly,targeted,905,144,0.153172970620826
34,1.705821399919507,,,synthesis_restructured,targeted,0,20260228_155111,1.3287336826324463,"Single-use plastics are harmful to the environment and public health, and a government ban is a necessary step to protect our planet and communities. Many alternatives—like paper, bamboo, and compostable materials—are already available, making a ban not only feasible but practical for everyday use. The real cost of plastic pollution isn’t just in waste; it’s in the cleanup efforts, damaged ecosystems, and long-term health impacts that fall on taxpayers and local governments. Countries like Rwanda and Kenya have shown that strict bans can drastically cut plastic waste and improve environmental quality. Even in the U.S., states like California and Oregon have successfully reduced plastic bag use through regulation. With proven alternatives and real-world examples of success, a total ban is a responsible and achievable solution that future generations will thank us for.",emphasis_and_evaluation,availability_of_alternatives,"Importantly, many single-use plastic items can be replaced with eco-friendly alternatives like paper, bamboo, or compostable materials that are already widely available and used by consumers and businesses.",emphasis_and_evaluation_availability_of_alternatives,"I should demonstrate that reusable, compostable, and biodegradable alternatives are available for bags, straws, containers, and packaging, making a ban practically feasible.",Importantly,conclusion_and_summary,economic_externalities,"In conclusion, the environmental damage and cleanup costs from plastic pollution—like polluted oceans, harmed wildlife, and clogged landfills—are ultimately paid for by taxpayers and communities, not the companies that profit from plastic production.",conclusion_and_summary_economic_externalities,"I should calculate how cleanup costs, healthcare burdens, tourism losses, and ecosystem damage are borne by the public rather than producers—a market failure requiring correction.",In conclusion,evidence_and_authority,success_of_existing_bans,"Evidence shows that countries and cities with plastic bans—like Rwanda and Kenya—have dramatically reduced plastic waste and litter, proving such policies work in real-world settings.",evidence_and_authority_success_of_existing_bans,"I should examine case studies from Rwanda, the EU, Kenya, and various US states showing that bans are enforceable and produce measurable reductions in pollution.",Evidence shows that,targeted,879,128,0.15314960203779404
31,1.705821399919507,,,synthesis_restructured,targeted,4,20260228_155111,1.2089505195617676,"Single-use plastics are a major source of pollution and climate harm, releasing greenhouse gases from their very creation to their final disposal. The cost of cleaning up plastic waste, protecting wildlife, and dealing with health issues falls on ordinary people, not the corporations that make and sell these products. We’ve already seen that bans work—places like Rwanda and Kenya have drastically cut litter and pollution, proving it’s possible to make a real difference. Even in the U.S., states like California and Oregon have shown success with plastic restrictions. A government ban is a necessary step to protect our environment, public health, and shared resources. It’s time to stop letting plastic waste harm our communities and ecosystems.",emphasis_and_evaluation,carbon_footprint_and_climate,"Importantly, the production and disposal of single-use plastics generate significant greenhouse gas emissions, contributing to climate change—a problem that directly affects everyone.",emphasis_and_evaluation_carbon_footprint_and_climate,"I should analyze how single-use plastics are petrochemical products that contribute to emissions throughout their lifecycle, from extraction to incineration.",Importantly,conclusion_and_summary,economic_externalities,"In conclusion, the environmental and economic costs of single-use plastics—like polluted rivers, harmed wildlife, and public health risks—end up being paid for by taxpayers and communities, not the companies that profit from them.",conclusion_and_summary_economic_externalities,"I should calculate how cleanup costs, healthcare burdens, tourism losses, and ecosystem damage are borne by the public rather than producers—a market failure requiring correction.",In conclusion,evidence_and_authority,success_of_existing_bans,"Evidence shows that countries and cities with plastic bans, like Rwanda and Kenya, have seen dramatic drops in plastic waste and cleaner public spaces—proving that such policies work in real life.",evidence_and_authority_success_of_existing_bans,"I should examine case studies from Rwanda, the EU, Kenya, and various US states showing that bans are enforceable and produce measurable reductions in pollution.",Evidence shows that,targeted,751,23,0.15310443990064843
44,0.0,,,synthesis_restructured,random,0,20260228_155741,1.1057286262512207,"Single-use plastics are a major source of pollution that harm wildlife, clog landfills, and contaminate waterways, affecting everyone’s health and quality of life. While some worry about inconvenience, reusable and compostable alternatives—like cloth bags, metal straws, and plant-based containers—are already widely available and more affordable than ever. A government ban is necessary because voluntary efforts from companies have failed to make meaningful change, leaving the burden of cleanup and environmental damage on taxpayers and communities. Without strong regulation, plastic pollution will continue to grow, threatening ecosystems and future generations. The switch to sustainable materials is not only possible but already underway in many places. Therefore, a total ban is a responsible and necessary step to protect our planet and public well-being.",addition_and_elaboration,economic_externalities,"Moreover, single-use plastics pollute our oceans and landfills, harming wildlife and contaminating ecosystems that support human life.",addition_and_elaboration_economic_externalities,"I should calculate how cleanup costs, healthcare burdens, tourism losses, and ecosystem damage are borne by the public rather than producers—a market failure requiring correction.",Moreover,sequence_and_transition,corporate_behavior_and_voluntary_failure,"Next, while some say bans hurt convenience, reusable alternatives exist and are increasingly affordable—making the switch practical, not impractical.",sequence_and_transition_corporate_behavior_and_voluntary_failure,"I should analyze how manufacturers default to cheap plastics despite pledges, and why only binding regulation—not voluntary commitments—can shift industry norms.",Next,sequence_and_transition,availability_of_alternatives,"Next, replacing single-use plastics with sustainable options reduces environmental harm without sacrificing daily life.",sequence_and_transition_availability_of_alternatives,"I should demonstrate that reusable, compostable, and biodegradable alternatives are available for bags, straws, containers, and packaging, making a ban practically feasible.",Next,baseline,865,288,0.14885429756690027
35,1.705821399919507,,,synthesis_restructured,targeted,1,20260228_155111,1.266052007675171,"Single-use plastics are a major environmental hazard, and without a government ban, companies won’t change their habits—no matter how many promises they make. The real cost of pollution falls on communities through cleanup efforts, damaged ecosystems, and lost tourism, while polluters avoid accountability. Countries like Rwanda and Kenya have proven that strict bans work, creating cleaner cities and reducing waste dramatically. Even in the US, states that have banned plastic bags or utensils have seen measurable improvements in air and water quality. A nationwide ban is not only achievable but necessary to protect public health and the environment. The government has a responsibility to act—because the alternative is letting the planet pay the price for convenience.",emphasis_and_evaluation,corporate_behavior_and_voluntary_failure,"Importantly, despite promises from companies to reduce plastic waste, many still rely on single-use plastics because they're cheap and convenient. Without a government ban, companies have no real incentive to change their practices.",emphasis_and_evaluation_corporate_behavior_and_voluntary_failure,"I should analyze how manufacturers default to cheap plastics despite pledges, and why only binding regulation—not voluntary commitments—can shift industry norms.",Importantly,conclusion_and_summary,economic_externalities,"In conclusion, plastic pollution harms our environment, economy, and health—costing communities millions in cleanup and lost tourism. These costs are paid by taxpayers, not the companies that produce the waste.",conclusion_and_summary_economic_externalities,"I should calculate how cleanup costs, healthcare burdens, tourism losses, and ecosystem damage are borne by the public rather than producers—a market failure requiring correction.",In conclusion,evidence_and_authority,success_of_existing_bans,"Evidence shows that places like Rwanda and Kenya have successfully enforced plastic bans, leading to cleaner cities and reduced litter. Even in the US, states like California and Hawaii have seen big pollution drops after similar bans.",evidence_and_authority_success_of_existing_bans,"I should examine case studies from Rwanda, the EU, Kenya, and various US states showing that bans are enforceable and produce measurable reductions in pollution.",Evidence shows that,targeted,776,42,0.14864993093519685
1,0.0,,,synthesis_restructured,random,1,20260228_155741,1.3382856845855713,"We should ban single-use plastics because they’re dangerous to our health—we’re already finding microplastics in human blood and organs, and continued exposure could cause serious long-term harm. At the same time, these plastics are killing countless sea creatures and destroying marine habitats, with animals like turtles and whales choking or starving on plastic waste. The environmental and economic damage is massive, with governments and communities footing the bill for cleanups, lost fisheries, and damaged coastlines. A total ban would stop this pollution before it starts, protecting both people and wildlife. Plus, safer, reusable alternatives already exist and are becoming more affordable and convenient. It’s time to act—banning single-use plastics is the common-sense choice for a healthier, cleaner future.",conditional,microplastics_and_human_health,"If we continue using single-use plastics, we're unknowingly ingesting harmful microplastics that can build up in our bodies over time, increasing the risk of long-term health problems.",conditional_microplastics_and_human_health,"I should examine emerging evidence that microplastics accumulate in human tissue, blood, and organs, posing uncertain but potentially serious health risks.",If,emphasis_and_evaluation,marine_ecosystem_destruction,"Importantly, single-use plastics are devastating marine life—sea turtles, whales, and birds often die after mistaking plastic bags or bottles for food, and entire ecosystems are being poisoned by plastic pollution.",emphasis_and_evaluation_marine_ecosystem_destruction,"I should consider how single-use plastics kill marine animals through ingestion and entanglement, degrade coral reefs, and disrupt ocean ecosystems at massive scale.",Importantly,conditional,economic_externalities,"If we don’t ban single-use plastics, we’ll keep paying the price through expensive beach cleanups, damaged fisheries, and lost tourism revenue—costs that should be avoided by preventing pollution at the source.",conditional_economic_externalities,"I should calculate how cleanup costs, healthcare burdens, tourism losses, and ecosystem damage are borne by the public rather than producers—a market failure requiring correction.",If,baseline,821,256,0.14698709652904496
1,0.0,,,synthesis_restructured,random,2,20260228_155741,1.5163960456848145,"Single-use plastics are no longer just a nuisance—they’re a threat to our health and the planet. Studies have found microplastics in human blood and organs, meaning we’re literally ingesting the waste we create. At the same time, these plastics are killing millions of marine animals each year, choking turtles, entangling whales, and destroying fragile ecosystems like coral reefs. The cost of cleaning up this mess, treating related health issues, and losing tourism and fishing jobs falls on ordinary people, not the companies that profit from plastic production. A total ban would stop the damage at the source, protect our bodies and oceans, and save us money in the long run. Since alternatives already exist—like paper, glass, and reusable materials—there’s no excuse for keeping a system that harms everyone. It’s time for the government to step in and protect us all with a clear, bold ban on single-use plastics.",conditional,microplastics_and_human_health,"If we continue using single-use plastics, we risk long-term harm to our bodies, as studies have found microplastics in human blood and organs—evidence that these materials are not just polluting the environment but are becoming part of us.",conditional_microplastics_and_human_health,"I should examine emerging evidence that microplastics accumulate in human tissue, blood, and organs, posing uncertain but potentially serious health risks.",If,emphasis_and_evaluation,marine_ecosystem_destruction,"Importantly, single-use plastics are already killing millions of sea animals every year—turtles, whales, birds—and damaging vital ecosystems like coral reefs, which support biodiversity and food security.",emphasis_and_evaluation_marine_ecosystem_destruction,"I should consider how single-use plastics kill marine animals through ingestion and entanglement, degrade coral reefs, and disrupt ocean ecosystems at massive scale.",Importantly,conditional,economic_externalities,"If the government doesn’t act, we’ll keep paying for plastic pollution through higher cleanup costs, sick days, damaged tourism, and failing fisheries—money that could be saved with a ban.",conditional_economic_externalities,"I should calculate how cleanup costs, healthcare burdens, tourism losses, and ecosystem damage are borne by the public rather than producers—a market failure requiring correction.",If,baseline,922,318,0.14417071569667522
29,0.0,,,synthesis_restructured,random,0,20260228_155741,1.181709051132202,"Single-use plastics are a major contributor to climate change, as they are made from fossil fuels and release greenhouse gases during production and disposal. Countries like Rwanda and Kenya have already implemented total bans and seen major improvements in cleanliness and environmental health, proving such policies are feasible and effective. In addition, these plastics are deadly to wildlife—marine animals often mistake them for food or become trapped, leading to widespread suffering and ecosystem damage. The environmental and health costs far outweigh the convenience they offer. A government-enforced ban is a necessary step to protect both people and the planet. We can adapt by using reusable alternatives that are already available and affordable. It’s time to act for a cleaner, safer future.",emphasis_and_evaluation,carbon_footprint_and_climate,"Importantly, single-use plastics are made from fossil fuels, and their production and disposal contribute significantly to greenhouse gas emissions, worsening climate change.",emphasis_and_evaluation_carbon_footprint_and_climate,"I should analyze how single-use plastics are petrochemical products that contribute to emissions throughout their lifecycle, from extraction to incineration.",Importantly,emphasis_and_evaluation,success_of_existing_bans,"Importantly, countries like Rwanda and Kenya have successfully banned single-use plastics and seen dramatic reductions in litter and environmental damage, proving such bans are practical and effective.",emphasis_and_evaluation_success_of_existing_bans,"I should examine case studies from Rwanda, the EU, Kenya, and various US states showing that bans are enforceable and produce measurable reductions in pollution.",Importantly,concession_and_contrast,marine_ecosystem_destruction,"However, the harm to wildlife is undeniable—millions of marine animals die each year from ingesting or getting trapped in plastic waste, which destroys biodiversity and weakens ocean health.",concession_and_contrast_marine_ecosystem_destruction,"I should consider how single-use plastics kill marine animals through ingestion and entanglement, degrade coral reefs, and disrupt ocean ecosystems at massive scale.",However,baseline,806,238,0.14232707047116266
30,1.705821399919507,,,synthesis_restructured,targeted,3,20260228_155111,1.339341402053833,"Single-use plastics are devastating our oceans, killing millions of marine animals each year who mistake them for food, leading to starvation and suffering. The environmental and economic costs—cleaning up pollution, harming tourism, and damaging ecosystems—are too high for individuals and communities to handle alone. A government ban is the most effective way to stop this crisis at the source, and proven examples from Rwanda, Kenya, and the EU show that such bans are feasible and successful. With simple alternatives like reusable bags, bottles, and containers already available, there's no excuse to continue allowing plastic pollution. The government has a responsibility to protect public health and the planet, and a total ban is the only logical step forward. This isn’t about inconvenience—it’s about protecting life, nature, and our shared future.",emphasis_and_evaluation,marine_ecosystem_destruction,"Importantly, single-use plastics are a leading cause of marine pollution, killing millions of sea creatures every year—fish, turtles, and seabirds often mistake plastic bags and bottles for food, leading to starvation and painful deaths.",emphasis_and_evaluation_marine_ecosystem_destruction,"I should consider how single-use plastics kill marine animals through ingestion and entanglement, degrade coral reefs, and disrupt ocean ecosystems at massive scale.",Importantly,conclusion_and_summary,economic_externalities,"In conclusion, the cost of cleaning up plastic waste and the long-term damage to ecosystems and public health are too high for society to bear, making a government ban the only responsible solution.",conclusion_and_summary_economic_externalities,"I should calculate how cleanup costs, healthcare burdens, tourism losses, and ecosystem damage are borne by the public rather than producers—a market failure requiring correction.",In conclusion,evidence_and_authority,success_of_existing_bans,Evidence shows that countries like Rwanda and Kenya have nearly eliminated plastic waste after enforcing strict bans and using public education—proving that such measures work in real-world conditions.,evidence_and_authority_success_of_existing_bans,"I should examine case studies from Rwanda, the EU, Kenya, and various US states showing that bans are enforceable and produce measurable reductions in pollution.",Evidence shows that,targeted,860,116,0.14210249784378687
43,1.6716089150957432,,,synthesis_restructured,targeted,4,20260228_155111,1.239144802093506,"Single-use plastics are a major environmental and public health problem, and a total government ban is the most effective way to address it. Most of these plastics aren’t recycled—only about 9%—so even if people try to do their part, the system fails. The real cost of plastic pollution isn’t just in trash—it’s in the coastline cleanup, sick animals, polluted water, and even health risks that end up falling on ordinary citizens. But countries like Rwanda and Kenya have shown that banning plastic bags works: their streets are cleaner, and ecosystems are recovering. If governments act now with a total ban, we can protect the planet and our communities without waiting for a miracle fix. It’s time to stop letting plastic pollution go unchecked.",emphasis_and_evaluation,recycling_system_failure,"Importantly, most single-use plastics aren’t recycled—only about 9% are—so even if people try to recycle, the system can’t keep up.",emphasis_and_evaluation_recycling_system_failure,"I should consider that global plastic recycling rates remain below 10%, much plastic is downcycled or exported, and source reduction through bans is therefore necessary.",Importantly,conclusion_and_summary,economic_externalities,"In conclusion, the environmental and economic costs of plastic pollution—like beach cleanups, wildlife harm, and health impacts—are ultimately paid by taxpayers, not the companies that profit from plastic.",conclusion_and_summary_economic_externalities,"I should calculate how cleanup costs, healthcare burdens, tourism losses, and ecosystem damage are borne by the public rather than producers—a market failure requiring correction.",In conclusion,sequence_and_transition,success_of_existing_bans,"Next, countries like Rwanda and Kenya have successfully banned plastic bags and seen dramatic improvements in cleanliness and environmental health—proof that bans can work in real-world settings.",sequence_and_transition_success_of_existing_bans,"I should examine case studies from Rwanda, the EU, Kenya, and various US states showing that bans are enforceable and produce measurable reductions in pollution.",Next,targeted,749,21,0.1416250705987188
8,1.751392550419084,,,synthesis_restructured,targeted,3,20260228_155111,1.4288122653961182,"Single-use plastics are a major source of pollution that harm wildlife, clog landfills, and contaminate our oceans. Fortunately, we already have practical alternatives like paper, glass, and compostable materials that can replace plastic bags, straws, and food containers without disrupting daily life. Countries like Rwanda and Kenya have successfully banned single-use plastics and seen cleaner cities and less environmental damage, proving such bans are enforceable and effective. Beyond environmental benefits, there’s growing concern that microplastics—tiny particles from broken-down plastic—are entering our bodies and could pose serious health risks, including inflammation and organ damage. A government-enforced ban is a necessary step toward protecting both the planet and public health. As everyday citizens, we deserve a cleaner, safer future, and this ban is a straightforward way to make that happen.",emphasis_and_evaluation,availability_of_alternatives,"Importantly, there are already many viable alternatives to single-use plastics, such as paper bags, glass containers, and plant-based packaging, which can fulfill the same functions without harming the environment.",emphasis_and_evaluation_availability_of_alternatives,"I should demonstrate that reusable, compostable, and biodegradable alternatives are available for bags, straws, containers, and packaging, making a ban practically feasible.",Importantly,conclusion_and_summary,microplastics_and_human_health,"In conclusion, banning single-use plastics is necessary not just for the environment, but also for our own health, since microplastics from broken-down plastics have been found in human blood and organs, and their long-term effects are still unknown.",conclusion_and_summary_microplastics_and_human_health,"I should examine emerging evidence that microplastics accumulate in human tissue, blood, and organs, posing uncertain but potentially serious health risks.",In conclusion,evidence_and_authority,success_of_existing_bans,"Evidence shows that countries and states that have implemented plastic bans—like Rwanda and Kenya—have seen dramatic reductions in plastic waste and cleaner streets, proving that such policies are not only possible but effective.",evidence_and_authority_success_of_existing_bans,"I should examine case studies from Rwanda, the EU, Kenya, and various US states showing that bans are enforceable and produce measurable reductions in pollution.",Evidence shows that,targeted,915,145,0.14160634089852253
13,0.0,,,synthesis_restructured,random,2,20260228_155741,1.456066608428955,"Single-use plastics are a major threat to both people and the planet, and a total ban by the government is a necessary step to protect our environment and communities. These plastics often end up in oceans, killing over a million marine animals annually through ingestion or entanglement, and damaging vital ecosystems like coral reefs. On a global scale, wealthy nations frequently export their plastic waste to poorer countries, placing an unfair burden on communities with limited resources to manage it. Moreover, the production and disposal of single-use plastics rely on fossil fuels, contributing directly to climate change through greenhouse gas emissions. Without government action, we’ll continue to fuel both pollution and environmental injustice. A total ban is not just feasible—it’s essential for a healthier, more sustainable future for everyone.",exemplification,global_waste_trade_injustice,"For example, many developed countries ship their plastic waste to less wealthy nations, where it overwhelms local infrastructure and harms communities. This practice is not only unfair but also unsustainable, as it shifts environmental costs onto those least able to handle them.",exemplification_global_waste_trade_injustice,"I should consider how wealthy countries export plastic waste to poorer nations, making this a global justice issue that requires upstream intervention at the production stage.",For example,evidence_and_authority,marine_ecosystem_destruction,"Evidence shows that over one million marine animals die each year from plastic pollution, including whales, turtles, and seabirds that mistake plastic for food or become trapped in it. This ecological devastation is largely due to the unchecked production and disposal of single-use plastics.",evidence_and_authority_marine_ecosystem_destruction,"I should consider how single-use plastics kill marine animals through ingestion and entanglement, degrade coral reefs, and disrupt ocean ecosystems at massive scale.",Evidence shows that,conditional,carbon_footprint_and_climate,"If we don’t ban single-use plastics, we’re continuing to support a system that burns fossil fuels, releases greenhouse gases, and worsens climate change—something we can’t afford when we're already facing a climate crisis.",conditional_carbon_footprint_and_climate,"I should analyze how single-use plastics are petrochemical products that contribute to emissions throughout their lifecycle, from extraction to incineration.",If,baseline,861,285,0.14015592240064134
1,1.8215297184960435,,,synthesis_restructured,targeted,4,20260228_155111,1.2024784088134766,"Single-use plastics are a major environmental problem because they are rarely recycled and often end up polluting oceans, harming wildlife, and contaminating our water and food supply. Even when they are collected, most single-use plastics degrade in quality after a few uses, making recycling inefficient and unsustainable. Banning them altogether is a necessary step to protect public health and reduce the enormous costs of cleanup and environmental damage that society must bear. Countries like Rwanda and Kenya have proven that such bans are feasible and effective, drastically cutting pollution and encouraging the use of reusable alternatives. By taking this action, governments can protect the environment and public well-being without relying on flawed recycling systems. The long-term benefits far outweigh the short-term inconvenience, making a total ban not just wise, but essential.",emphasis_and_evaluation,recycling_system_failure,"Importantly, single-use plastics are rarely recycled, and even when they are, they often degrade in quality, making them unusable after a few cycles.",emphasis_and_evaluation_recycling_system_failure,"I should consider that global plastic recycling rates remain below 10%, much plastic is downcycled or exported, and source reduction through bans is therefore necessary.",Importantly,conclusion_and_summary,economic_externalities,"In conclusion, banning single-use plastics protects public health, reduces long-term cleanup costs, and prevents environmental harm that ultimately affects everyone.",conclusion_and_summary_economic_externalities,"I should calculate how cleanup costs, healthcare burdens, tourism losses, and ecosystem damage are borne by the public rather than producers—a market failure requiring correction.",In conclusion,clarification_and_specification,success_of_existing_bans,"In other words, countries that have banned single-use plastics have seen dramatic decreases in litter and waste, proving that such policies are both practical and effective.",clarification_and_specification_success_of_existing_bans,"I should examine case studies from Rwanda, the EU, Kenya, and various US states showing that bans are enforceable and produce measurable reductions in pollution.",In other words,targeted,895,137,0.13813309054413625
41,0.0,,,synthesis_restructured,random,2,20260228_155741,1.4022741317749023,"Countries like Rwanda and Kenya have proven that banning single-use plastics is both possible and effective—leading to cleaner streets, healthier ecosystems, and a culture of responsibility. These plastics don’t just sit in landfills; they break down into microplastics that poison our oceans, harm marine life, and even make their way back into our food and drinking water. A total ban stops this cycle at the source, protecting both nature and public health. It also addresses a global injustice—rich nations aren’t just polluting their own backyards, they’re exporting waste to poorer countries that lack the infrastructure to manage it. As individuals, we’re already doing our part by using reusable bags and bottles, but lasting change needs bold action from our government. By enforcing a total ban, we can create a safer, cleaner future for everyone—now and for generations to come.",conditional,success_of_existing_bans,"If we look at countries like Rwanda and Kenya, which have successfully banned single-use plastics, we see a dramatic decrease in plastic waste and cleaner cities—proving that such bans work in real-world conditions.",conditional_success_of_existing_bans,"I should examine case studies from Rwanda, the EU, Kenya, and various US states showing that bans are enforceable and produce measurable reductions in pollution.",If,conclusion_and_summary,marine_ecosystem_destruction,"In conclusion, banning single-use plastics is essential because these materials don’t biodegrade—they break into microplastics that poison oceans, harm wildlife, and eventually end up in our food and water.",conclusion_and_summary_marine_ecosystem_destruction,"I should consider how single-use plastics kill marine animals through ingestion and entanglement, degrade coral reefs, and disrupt ocean ecosystems at massive scale.",In conclusion,causal_reasoning,global_waste_trade_injustice,"Therefore, a government-enforced ban not only protects our environment but also prevents the dumping of our trash on developing countries that can’t handle it.",causal_reasoning_global_waste_trade_injustice,"I should consider how wealthy countries export plastic waste to poorer nations, making this a global justice issue that requires upstream intervention at the production stage.",Therefore,baseline,889,304,0.13771993148476064
19,0.0,,,synthesis_restructured,random,2,20260228_155741,1.2517025470733645,"Single-use plastics are a major environmental hazard, lasting hundreds of years and polluting oceans and landfills, which harms wildlife and threatens human health. Even if we could recycle them all, current systems fail to handle most of this waste—less than 10% of plastic is actually recycled, and much of it is downcycled or shipped abroad. A total ban is the most effective way to stop this pollution before it starts, protecting ecosystems and reducing greenhouse gas emissions from plastic production. It also pushes society to adopt sustainable alternatives like reusable containers and biodegradable materials. This shift isn’t about inconvenience—it’s about responsibility to future generations who deserve a cleaner, healthier planet. A government ban is necessary to drive change at scale, since individual choices alone won’t be enough to solve such a widespread problem.",causal_reasoning,intergenerational_responsibility,"Therefore, continuing to allow single-use plastics is irresponsible because they don’t biodegrade and instead pollute ecosystems, harming wildlife and potentially entering our food chain.",causal_reasoning_intergenerational_responsibility,"I should evaluate how plastics persist for centuries in the environment, meaning today's convenience imposes long-term burdens on future generations who had no say in their creation.",Therefore,sequence_and_transition,carbon_footprint_and_climate,"Next, banning them would reduce greenhouse gas emissions and dependence on fossil fuels, helping combat climate change—an issue that affects everyone.",sequence_and_transition_carbon_footprint_and_climate,"I should analyze how single-use plastics are petrochemical products that contribute to emissions throughout their lifecycle, from extraction to incineration.",Next,concession_and_contrast,recycling_system_failure,"However, recycling alone isn’t a solution—most single-use plastics aren’t recycled, so a ban is the most effective way to cut waste at the source.",concession_and_contrast_recycling_system_failure,"I should consider that global plastic recycling rates remain below 10%, much plastic is downcycled or exported, and source reduction through bans is therefore necessary.",However,baseline,884,300,0.13643291538805016
49,1.6707057220867974,,,synthesis_restructured,targeted,0,20260228_155111,1.3676190376281738,"Single-use plastics are a persistent environmental threat that harms wildlife, pollutes our oceans and land, and lasts for centuries—long after they've served their brief purpose. The real cost of this pollution falls on communities through cleanup efforts, damaged ecosystems, and public health risks, not on the companies that profit from it. Countries like Rwanda and Kenya have already shown that banning these plastics is not just possible but effective, leading to cleaner cities and healthier environments. Even in places like California and Oregon, plastic bans have reduced litter and encouraged innovation in reusable alternatives. A total ban is a fair and necessary step to protect the planet for future generations and shift responsibility back to the producers. It’s time we stop treating the Earth as a trash can and start making sustainable choices that last.",emphasis_and_evaluation,intergenerational_responsibility,"Importantly, single-use plastics don’t just vanish after use—they linger in oceans, forests, and soil for hundreds of years, harming wildlife and polluting the ecosystems we depend on.",emphasis_and_evaluation_intergenerational_responsibility,"I should evaluate how plastics persist for centuries in the environment, meaning today's convenience imposes long-term burdens on future generations who had no say in their creation.",Importantly,conclusion_and_summary,success_of_existing_bans,"In conclusion, countries like Rwanda and Kenya have proven that banning single-use plastics leads to cleaner streets, healthier ecosystems, and a cultural shift toward responsibility—showing that such laws aren't just possible, but effective.",conclusion_and_summary_success_of_existing_bans,"I should examine case studies from Rwanda, the EU, Kenya, and various US states showing that bans are enforceable and produce measurable reductions in pollution.",In conclusion,evidence_and_authority,economic_externalities,"Evidence shows that the real cost of plastic pollution is paid by taxpayers, communities, and future generations through polluted water, sick animals, and damaged landscapes—so a ban is a fair and necessary step to stop this hidden burden.",evidence_and_authority_economic_externalities,"I should calculate how cleanup costs, healthcare burdens, tourism losses, and ecosystem damage are borne by the public rather than producers—a market failure requiring correction.",Evidence shows that,targeted,875,124,0.1339204365055368
4,1.7724313266826486,,,synthesis_restructured,targeted,2,20260228_155111,1.308077335357666,"Single-use plastics are a major source of pollution that harm ecosystems, wildlife, and public health—yet less than 10% are actually recycled, meaning most end up in landfills or the environment. A total ban is necessary because it tackles the problem at the source, preventing waste before it’s even created, rather than relying on flawed recycling systems. Countries like Rwanda and Kenya have successfully banned these plastics and seen dramatic drops in pollution, proving such policies are practical and effective. These bans also shift responsibility from citizens and governments to producers who benefit from the convenience of plastic. As someone who just wants clean streets and a healthier planet, I believe we can’t afford to wait for perfect solutions—strong action now is the only way to protect our communities and environment for future generations.",emphasis_and_evaluation,recycling_system_failure,"Importantly, most single-use plastics aren’t recycled—less than 10% globally—meaning they end up in landfills, oceans, or incinerators, causing long-term environmental harm.",emphasis_and_evaluation_recycling_system_failure,"I should consider that global plastic recycling rates remain below 10%, much plastic is downcycled or exported, and source reduction through bans is therefore necessary.",Importantly,conclusion_and_summary,economic_externalities,"In conclusion, a ban would be a fair and practical way to stop pollution before it begins, saving billions in cleanup and health costs that currently fall on taxpayers and communities.",conclusion_and_summary_economic_externalities,"I should calculate how cleanup costs, healthcare burdens, tourism losses, and ecosystem damage are borne by the public rather than producers—a market failure requiring correction.",In conclusion,conclusion_and_summary,success_of_existing_bans,"In conclusion, real-world examples like Rwanda and the European Union prove that banning single-use plastics works—reducing litter, protecting wildlife, and encouraging innovative alternatives.",conclusion_and_summary_success_of_existing_bans,"I should examine case studies from Rwanda, the EU, Kenya, and various US states showing that bans are enforceable and produce measurable reductions in pollution.",In conclusion,targeted,865,118,0.13339196337482354
36,1.7020849359066772,,,synthesis_restructured,targeted,2,20260228_155111,1.277156114578247,"Single-use plastics are a massive environmental problem because most of them aren’t recycled—instead, they pollute our oceans, clog landfills, and harm wildlife. Countries like Rwanda and Kenya have already proven that a total ban is possible and effective, significantly cutting down on plastic waste. Meanwhile, the real cost of plastic pollution—cleaning up beaches, damaged ecosystems, and health issues—falls on ordinary people, not the companies that make the products. A government ban would shift responsibility back to producers and prevent further harm. It’s not about restricting freedom—it’s about protecting public health and the planet we all share. We can’t keep pretending that recycling alone will fix the problem when it simply doesn’t. A total ban is a necessary, practical step to create a cleaner, healthier future for everyone.",emphasis_and_evaluation,recycling_system_failure,"Importantly, most single-use plastics aren’t recycled—instead, they end up in landfills, oceans, or incinerators, causing lasting environmental harm.",emphasis_and_evaluation_recycling_system_failure,"I should consider that global plastic recycling rates remain below 10%, much plastic is downcycled or exported, and source reduction through bans is therefore necessary.",Importantly,conclusion_and_summary,success_of_existing_bans,"In conclusion, real-world examples like Rwanda and Kenya show that national bans can dramatically reduce plastic waste, proving they’re not just idealistic but practical.",conclusion_and_summary_success_of_existing_bans,"I should examine case studies from Rwanda, the EU, Kenya, and various US states showing that bans are enforceable and produce measurable reductions in pollution.",In conclusion,evidence_and_authority,economic_externalities,"Evidence shows that the costs of plastic pollution—like cleaning beaches, treating pollution-related illnesses, and losing tourism—are passed on to taxpayers, not the companies that profit from plastic.",evidence_and_authority_economic_externalities,"I should calculate how cleanup costs, healthcare burdens, tourism losses, and ecosystem damage are borne by the public rather than producers—a market failure requiring correction.",Evidence shows that,targeted,849,111,0.13147748365099637
40,0.0,,,synthesis_restructured,random,3,20260228_155741,1.3826048374176023,"Single-use plastics are a major source of pollution that harm wildlife, clog waterways, and eventually end up in our food and bodies. While some people worry a ban would be inconvenient, reusable and eco-friendly alternatives like paper, bamboo, and plant-based materials are already widely available and affordable. The truth is, less than 10% of plastic ever gets recycled—most ends up in landfills or oceans, where it breaks down into microplastics that contaminate ecosystems. A total ban forces producers to innovate and consumers to adopt sustainable habits, which is necessary to protect our planet. The shift isn’t just possible—it’s already happening in cities and countries around the world. By banning single-use plastics, we take a strong, responsible step toward cleaner air, water, and healthier communities for everyone.",sequence_and_transition,availability_of_alternatives,"Next-generation alternatives like paper, bamboo, and plant-based materials are already replacing single-use plastics in many everyday products, proving that a ban is not only possible but already underway.",sequence_and_transition_availability_of_alternatives,"I should demonstrate that reusable, compostable, and biodegradable alternatives are available for bags, straws, containers, and packaging, making a ban practically feasible.",Next,emphasis_and_evaluation,recycling_system_failure,"Importantly, most single-use plastic isn’t recycled—it ends up in landfills or oceans, and even when recycled, it often becomes lower-quality materials, so reducing production at the source is the only real solution.",emphasis_and_evaluation_recycling_system_failure,"I should consider that global plastic recycling rates remain below 10%, much plastic is downcycled or exported, and source reduction through bans is therefore necessary.",Importantly,exemplification,recycling_system_failure,"For example, single-use plastic bags and cutlery are often dumped into rivers and oceans, harming marine life and eventually entering our food chain—banning them reduces this pollution at its root.",exemplification_recycling_system_failure,"I should consider that global plastic recycling rates remain below 10%, much plastic is downcycled or exported, and source reduction through bans is therefore necessary.",For example,baseline,835,267,0.13136627100404877
41,0.0,,,synthesis_restructured,random,1,20260228_155741,1.3353121280670166,"A total ban on single-use plastics is necessary because countries like Rwanda and Kenya have already proven it’s possible to enforce such bans successfully, resulting in cleaner cities and reduced waste. These plastics are not just unsightly—they harm marine life, with animals often choking or starving after ingesting plastic debris, and they degrade fragile ecosystems like coral reefs. Moreover, much of the world’s plastic waste ends up in developing countries that lack the infrastructure to manage it, making this a global equity issue that demands action at the source. By banning single-use plastics, governments can protect both local environments and vulnerable communities abroad. It’s a practical, responsible choice that prioritizes long-term sustainability over short-term convenience. We’ve seen what happens when we don’t act—our oceans are choking, and the damage is only growing. So, the time to act is now, and a total ban is the most effective solution.",conditional,success_of_existing_bans,"If countries like Rwanda and Kenya have successfully implemented total bans on single-use plastics and seen dramatic reductions in plastic waste, then a ban is not only feasible but effective in real-world conditions.",conditional_success_of_existing_bans,"I should examine case studies from Rwanda, the EU, Kenya, and various US states showing that bans are enforceable and produce measurable reductions in pollution.",If,conclusion_and_summary,marine_ecosystem_destruction,"In conclusion, banning single-use plastics protects wildlife and preserves vital ecosystems, especially marine environments where plastic pollution causes irreversible harm.",conclusion_and_summary_marine_ecosystem_destruction,"I should consider how single-use plastics kill marine animals through ingestion and entanglement, degrade coral reefs, and disrupt ocean ecosystems at massive scale.",In conclusion,causal_reasoning,global_waste_trade_injustice,"Therefore, a government-led ban addresses both environmental and global justice concerns by preventing the export of plastic waste and stopping pollution at its source.",causal_reasoning_global_waste_trade_injustice,"I should consider how wealthy countries export plastic waste to poorer nations, making this a global justice issue that requires upstream intervention at the production stage.",Therefore,baseline,974,335,0.1313168155778181
11,1.751392550419084,,,synthesis_restructured,targeted,4,20260228_155111,1.3034017086029053,"Single-use plastics are a lasting environmental hazard that pollute our oceans, harm wildlife, and take centuries to break down—meaning today’s convenience comes at a steep cost to future generations. Even though they seem harmless when used once, these plastics end up in rivers, landfills, and even our own bodies as microplastics, with unknown long-term health consequences. The good news is that bans already work—places like Rwanda and parts of the EU have seen dramatic drops in plastic waste after implementing strict rules. These bans haven’t caused chaos; instead, they’ve pushed communities to adopt reusable and sustainable alternatives. A total government ban is the most effective way to force change at scale and protect both nature and public health. We don’t need to wait for the damage to get worse—action now is both responsible and attainable.",emphasis_and_evaluation,intergenerational_responsibility,"Importantly, single-use plastics don’t just vanish after we’re done with them—they linger in landfills and oceans for hundreds of years, polluting ecosystems and harming wildlife.",emphasis_and_evaluation_intergenerational_responsibility,"I should evaluate how plastics persist for centuries in the environment, meaning today's convenience imposes long-term burdens on future generations who had no say in their creation.",Importantly,conclusion_and_summary,microplastics_and_human_health,"In conclusion, banning single-use plastics isn’t just about cleaning up the environment—it’s about protecting our own health and that of future generations from invisible, long-term dangers.",conclusion_and_summary_microplastics_and_human_health,"I should examine emerging evidence that microplastics accumulate in human tissue, blood, and organs, posing uncertain but potentially serious health risks.",In conclusion,evidence_and_authority,success_of_existing_bans,"Evidence shows that countries and cities that have banned single-use plastics have dramatically reduced litter, cleaned up beaches, and encouraged innovation in reusable alternatives.",evidence_and_authority_success_of_existing_bans,"I should examine case studies from Rwanda, the EU, Kenya, and various US states showing that bans are enforceable and produce measurable reductions in pollution.",Evidence shows that,targeted,862,117,0.13120332841031768
11,0.0,,,synthesis_restructured,random,1,20260228_155741,1.168412208557129,"Single-use plastics are a major contributor to pollution, harming ecosystems and communities worldwide. Many wealthy nations export their plastic waste to poorer countries, placing an unfair burden on regions with limited waste management systems. Despite corporate promises to reduce plastic use, voluntary measures haven’t led to meaningful change because companies have no incentive to act without legal requirements. Fortunately, affordable and practical alternatives—such as reusable bags, compostable containers, and metal straws—are already available and widely used in many places. A government-enforced ban is necessary to force systemic change, protect public health, and ensure environmental justice. Without strong regulations, we’ll remain stuck in a cycle of pollution and false promises.",emphasis_and_evaluation,global_waste_trade_injustice,"Importantly, many wealthy countries export their plastic waste to developing nations, placing an unfair environmental and health burden on communities that lack the infrastructure to manage it responsibly.",emphasis_and_evaluation_global_waste_trade_injustice,"I should consider how wealthy countries export plastic waste to poorer nations, making this a global justice issue that requires upstream intervention at the production stage.",Importantly,sequence_and_transition,corporate_behavior_and_voluntary_failure,"Next, even when companies promise to reduce plastic use, they often continue relying on single-use plastics because there's no legal pressure to change, making voluntary efforts ineffective.",sequence_and_transition_corporate_behavior_and_voluntary_failure,"I should analyze how manufacturers default to cheap plastics despite pledges, and why only binding regulation—not voluntary commitments—can shift industry norms.",Next,emphasis_and_evaluation,availability_of_alternatives,"Importantly, there are already safe and effective alternatives—like paper, glass, metal, and compostable materials—that can replace most single-use plastics without disrupting daily life.",emphasis_and_evaluation_availability_of_alternatives,"I should demonstrate that reusable, compostable, and biodegradable alternatives are available for bags, straws, containers, and packaging, making a ban practically feasible.",Importantly,baseline,802,234,0.13073410061306995
10,0.0,,,synthesis_restructured,random,0,20260228_155741,1.3594927787780762,"The government should enforce a total ban on single-use plastics because they pose serious health risks—studies have detected microplastics in human blood, lungs, and even placentas, showing these materials are entering our bodies. These plastics don’t just vanish; they break down into tiny particles that pollute our oceans, rivers, and soil, harming wildlife and potentially disrupting ecosystems we depend on. A ban is a necessary step to stop this pollution at the source, especially since wealthier nations often export their plastic waste to poorer countries, worsening global inequality. Without strict regulations, we’ll keep relying on a system that sacrifices both human health and the planet for convenience. A total ban would encourage innovation in sustainable alternatives and protect future generations. It’s time we prioritize long-term well-being over short-term convenience.",emphasis_and_evaluation,microplastics_and_human_health,"Importantly, studies have found microplastics in human blood, lungs, and placentas, suggesting that single-use plastics can directly enter our bodies and may contribute to long-term health issues.",emphasis_and_evaluation_microplastics_and_human_health,"I should examine emerging evidence that microplastics accumulate in human tissue, blood, and organs, posing uncertain but potentially serious health risks.",Importantly,conditional,global_waste_trade_injustice,"If we don't ban single-use plastics now, we're continuing a system where wealthier nations dump their waste on less developed countries, worsening global inequality and environmental harm.",conditional_global_waste_trade_injustice,"I should consider how wealthy countries export plastic waste to poorer nations, making this a global justice issue that requires upstream intervention at the production stage.",If,evidence_and_authority,global_waste_trade_injustice,"Evidence shows that over 80% of ocean plastic comes from just 10 rivers, mostly in developing countries, highlighting that pollution is not just a local problem but a global consequence of unchecked plastic production.",evidence_and_authority_global_waste_trade_injustice,"I should consider how wealthy countries export plastic waste to poorer nations, making this a global justice issue that requires upstream intervention at the production stage.",Evidence shows that,baseline,893,306,0.13015252167207725
14,1.751392550419084,,,synthesis_restructured,targeted,4,20260228_155111,1.1527023315429688,"I believe the government should enforce a total ban on single-use plastics because they're not just harmful to the environment—they're also getting inside our bodies. Studies have found microplastics in human blood and organs, which raises serious concerns about long-term health risks we don't yet fully understand. Places like Rwanda and Kenya have already banned plastic bags and seen dramatic improvements in cleanliness and public health, proving that such bans are possible and effective. Even in the U.S., states like California and Hawaii have reduced plastic waste significantly through similar laws. While some worry about convenience, reusable alternatives are widely available and more sustainable in the long run. A total ban is a responsible step to protect both our planet and our health.",emphasis_and_evaluation,microplastics_and_human_health,"Importantly, recent studies have found microplastics in human blood and organs, suggesting that single-use plastics are not just polluting the environment but are also directly entering our bodies.",emphasis_and_evaluation_microplastics_and_human_health,"I should examine emerging evidence that microplastics accumulate in human tissue, blood, and organs, posing uncertain but potentially serious health risks.",Importantly,conclusion_and_summary,microplastics_and_human_health,"In conclusion, banning single-use plastics is a necessary step to protect our health and prevent long-term harm to both people and the planet.",conclusion_and_summary_microplastics_and_human_health,"I should examine emerging evidence that microplastics accumulate in human tissue, blood, and organs, posing uncertain but potentially serious health risks.",In conclusion,evidence_and_authority,success_of_existing_bans,"Evidence shows that countries like Rwanda and Kenya have successfully eliminated single-use plastic bags with strict enforcement, leading to cleaner streets and less environmental damage.",evidence_and_authority_success_of_existing_bans,"I should examine case studies from Rwanda, the EU, Kenya, and various US states showing that bans are enforceable and produce measurable reductions in pollution.",Evidence shows that,targeted,803,65,0.125268064835447
5,0.0,,,synthesis_restructured,random,2,20260228_155741,1.4725956916809082,"The government should enforce a total ban on single-use plastics because the hidden costs—environmental cleanup, healthcare burdens, and ecosystem destruction—are too high for society to keep absorbing. These costs aren’t just environmental; they’re social and economic, affecting everyone through higher taxes and degraded public spaces. The problem also isn’t isolated—wealthy nations often export their plastic waste to poorer countries, creating global inequality and leaving vulnerable communities to deal with the fallout. Even more concerning, microplastics are now found in human blood and organs, and while the full health impacts are still being studied, the risk is real and growing. Instead of waiting for irreversible damage, we should take proactive steps to stop the problem at its source. A total ban is the most effective way to protect our health, our planet, and future generations.",concession_and_contrast,economic_externalities,"However, the true cost of single-use plastics isn't just in the purchase price—it's in the long-term damage to our environment and public health that we all end up paying for through taxes, cleanup efforts, and lost natural resources.",concession_and_contrast_economic_externalities,"I should calculate how cleanup costs, healthcare burdens, tourism losses, and ecosystem damage are borne by the public rather than producers—a market failure requiring correction.",However,sequence_and_transition,global_waste_trade_injustice,"Next, many countries export their plastic waste to developing nations, often without proper disposal systems—shifting the burden of pollution onto communities that can least afford it, which is both unethical and unsustainable.",sequence_and_transition_global_waste_trade_injustice,"I should consider how wealthy countries export plastic waste to poorer nations, making this a global justice issue that requires upstream intervention at the production stage.",Next,conditional,microplastics_and_human_health,"If we already know that microplastics are showing up in our blood and organs, and the long-term health effects are still being studied, it’s only common sense to prevent further exposure by eliminating the source—single-use plastics.",conditional_microplastics_and_human_health,"I should examine emerging evidence that microplastics accumulate in human tissue, blood, and organs, posing uncertain but potentially serious health risks.",If,baseline,901,310,0.11733670706823453
16,0.0,,,synthesis_restructured,random,1,20260228_155741,1.2930169105529783,"A total ban on single-use plastics is not only necessary but achievable—reusable and compostable alternatives are already available for everyday items like bags, straws, and food containers. The environmental and economic toll of plastic pollution is immense, with governments and communities bearing the hidden costs of cleanup, ecosystem damage, and lost tourism, while the producers avoid responsibility. Beyond pollution, single-use plastics are derived from fossil fuels and contribute significantly to climate change through their production, transport, and disposal. By banning them, we can redirect resources toward sustainable solutions and protect public health and the planet. The transition is manageable, and the benefits—cleaner cities, healthier oceans, and a safer climate—far outweigh any short-term inconvenience.",evidence_and_authority,availability_of_alternatives,"Evidence shows that reusable and compostable alternatives—like cloth bags, bamboo straws, and plant-based containers—are widely available, making a total ban on single-use plastics both practical and manageable for everyday consumers.",evidence_and_authority_availability_of_alternatives,"I should demonstrate that reusable, compostable, and biodegradable alternatives are available for bags, straws, containers, and packaging, making a ban practically feasible.",Evidence shows that,evidence_and_authority,economic_externalities,"Evidence shows that governments and communities already pay massive cleanup costs, lose tourism revenue, and face long-term environmental damage from plastic waste—costs that should be avoided by ending single-use plastics at the source.",evidence_and_authority_economic_externalities,"I should calculate how cleanup costs, healthcare burdens, tourism losses, and ecosystem damage are borne by the public rather than producers—a market failure requiring correction.",Evidence shows that,concession_and_contrast,carbon_footprint_and_climate,"However, single-use plastics are made from fossil fuels and contribute to climate change through their entire lifecycle—producing greenhouse gas emissions at every stage, from extraction to disposal.",concession_and_contrast_carbon_footprint_and_climate,"I should analyze how single-use plastics are petrochemical products that contribute to emissions throughout their lifecycle, from extraction to incineration.",However,baseline,831,264,0.11580892674078673
28,1.705821399919507,,,synthesis_restructured,targeted,4,20260228_155111,1.4124743938446045,"Single-use plastics are a long-term environmental disaster—once discarded, they don’t decompose but instead break into microplastics that contaminate our oceans, soil, and even our food. The real cost of these items isn’t just what we pay at the checkout, but the damage they cause to our health, wildlife, and public spaces, which we all end up paying for through higher cleanup bills and lost tourism. But the good news is that bans work: places like Rwanda and Kenya have seen cleaner streets and thriving green economies after banning plastic bags. A total government ban isn’t about restricting freedom—it’s about protecting our shared future and forcing producers to take responsibility instead of leaving the mess to ordinary people like us. It’s time to stop treating the planet as a trash can and start demanding real solutions.",emphasis_and_evaluation,intergenerational_responsibility,"Importantly, single-use plastics don’t just vanish—they linger in landfills and oceans for hundreds of years, poisoning wildlife and polluting ecosystems that we all depend on for clean air, water, and food.",emphasis_and_evaluation_intergenerational_responsibility,"I should evaluate how plastics persist for centuries in the environment, meaning today's convenience imposes long-term burdens on future generations who had no say in their creation.",Importantly,conclusion_and_summary,economic_externalities,"In conclusion, the real cost of single-use plastics isn’t just the price at the store—it’s the hidden toll on our health, environment, and economy, and only a ban can ensure that responsibility falls on producers, not citizens.",conclusion_and_summary_economic_externalities,"I should calculate how cleanup costs, healthcare burdens, tourism losses, and ecosystem damage are borne by the public rather than producers—a market failure requiring correction.",In conclusion,evidence_and_authority,success_of_existing_bans,"Evidence shows that countries and cities with strict plastic bans have dramatically reduced litter, improved public spaces, and inspired innovation in sustainable alternatives—proving that change is not only possible but beneficial.",evidence_and_authority_success_of_existing_bans,"I should examine case studies from Rwanda, the EU, Kenya, and various US states showing that bans are enforceable and produce measurable reductions in pollution.",Evidence shows that,targeted,837,97,0.11508661446687764
4,1.7724313266826486,,,synthesis_restructured,targeted,1,20260228_155111,1.2309269905090332,"The government should enforce a total ban on single-use plastics because most of these items are not recycled and end up harming our environment, from oceans to landfills. Right now, plastic pollution is a massive problem—cleaning it up costs billions, and the damage affects wildlife, water supplies, and even human health. But the burden falls on communities and taxpayers, not the companies that profit from plastic production. Countries like Rwanda and Kenya have already proven that a total ban is possible and effective, leading to cleaner cities and healthier ecosystems. A ban is not just a symbolic gesture—it’s a practical, necessary step to protect our planet and future generations. With proven models and overwhelming environmental risks, the time for action is now.",emphasis_and_evaluation,recycling_system_failure,"Importantly, the majority of single-use plastics are not recycled and end up polluting ecosystems, so banning them at the source is a practical and necessary step.",emphasis_and_evaluation_recycling_system_failure,"I should consider that global plastic recycling rates remain below 10%, much plastic is downcycled or exported, and source reduction through bans is therefore necessary.",Importantly,conclusion_and_summary,economic_externalities,"In conclusion, the environmental and economic costs of plastic pollution—like polluted beaches, clogged waterways, and health risks—fall on communities rather than corporations, justifying government intervention.",conclusion_and_summary_economic_externalities,"I should calculate how cleanup costs, healthcare burdens, tourism losses, and ecosystem damage are borne by the public rather than producers—a market failure requiring correction.",In conclusion,conclusion_and_summary,success_of_existing_bans,"In conclusion, countries like Rwanda and Kenya have successfully eliminated single-use plastic bags and seen dramatic improvements in cleanliness and waste management—proving bans can work in real-world conditions.",conclusion_and_summary_success_of_existing_bans,"I should examine case studies from Rwanda, the EU, Kenya, and various US states showing that bans are enforceable and produce measurable reductions in pollution.",In conclusion,targeted,779,46,0.11101747108231778
28,0.0,,,synthesis_restructured,random,3,20260228_155741,1.271355152130127,"The government should enforce a total ban on single-use plastics because, despite corporate promises, voluntary efforts have failed to stop the flow of plastic waste. Countries like Rwanda and Kenya have already shown that strict bans are not only possible but effective, leading to cleaner streets and less pollution in nature. Single-use plastics don’t just litter our environment—they kill marine life, choke animals, and break down into microplastics that enter our food and water. Without strong government action, companies will continue choosing convenience over the planet. A total ban is the only way to force real change and protect ecosystems for future generations. It’s time we stop treating plastic pollution as someone else’s problem—our government must lead the way.",clarification_and_specification,corporate_behavior_and_voluntary_failure,"In other words, even when companies claim to reduce plastic use, they often keep relying on single-use plastics because they’re cheap and convenient—unless the government forces change through a total ban.",clarification_and_specification_corporate_behavior_and_voluntary_failure,"I should analyze how manufacturers default to cheap plastics despite pledges, and why only binding regulation—not voluntary commitments—can shift industry norms.",In other words,addition_and_elaboration,success_of_existing_bans,"Moreover, countries like Rwanda and Kenya have successfully eliminated single-use plastic bags through strict bans, leading to cleaner cities and less waste in rivers and landfills—proving that bans actually work.",addition_and_elaboration_success_of_existing_bans,"I should examine case studies from Rwanda, the EU, Kenya, and various US states showing that bans are enforceable and produce measurable reductions in pollution.",Moreover,addition_and_elaboration,marine_ecosystem_destruction,"Moreover, plastic pollution is already harming wildlife—sea turtles mistake bags for jellyfish, birds feed plastic to their young, and microplastics are found in nearly every ocean, threatening entire food chains.",addition_and_elaboration_marine_ecosystem_destruction,"I should consider how single-use plastics kill marine animals through ingestion and entanglement, degrade coral reefs, and disrupt ocean ecosystems at massive scale.",Moreover,baseline,782,218,0.10953531010065437
27,0.0,,,synthesis_restructured,random,2,20260228_155741,1.3354854583740234,"The government should enforce a total ban on single-use plastics because they cause widespread environmental harm, polluting our oceans and killing marine animals like turtles and whales that ingest or become entangled in the waste. These plastics also break down into microplastics that enter the food chain, posing real risks to human health and increasing long-term healthcare costs. While some argue it's inconvenient, the current system places the burden of cleanup and ecosystem damage on taxpayers, not on the corporations that profit from plastic production. A total ban is the only effective way to force industry change, since voluntary efforts have failed to produce meaningful results. When governments act decisively, like with smoking bans or seatbelt laws, society adapts and benefits in the long run. A plastic ban protects our planet, our health, and future generations—this is a necessary step we must take now.",emphasis_and_evaluation,economic_externalities,"Importantly, single-use plastics pollute our oceans, harm wildlife, and contaminate the food chain, ultimately affecting public health and costing taxpayers billions in cleanup and environmental damage.",emphasis_and_evaluation_economic_externalities,"I should calculate how cleanup costs, healthcare burdens, tourism losses, and ecosystem damage are borne by the public rather than producers—a market failure requiring correction.",Importantly,addition_and_elaboration,marine_ecosystem_destruction,"Moreover, marine life like turtles, whales, and seabirds frequently die from consuming or getting trapped in plastic waste, which is a preventable tragedy that demands urgent government action.",addition_and_elaboration_marine_ecosystem_destruction,"I should consider how single-use plastics kill marine animals through ingestion and entanglement, degrade coral reefs, and disrupt ocean ecosystems at massive scale.",Moreover,concession_and_contrast,corporate_behavior_and_voluntary_failure,"However, relying on voluntary industry changes hasn’t worked—without a government mandate, companies have little incentive to switch to sustainable alternatives.",concession_and_contrast_corporate_behavior_and_voluntary_failure,"I should analyze how manufacturers default to cheap plastics despite pledges, and why only binding regulation—not voluntary commitments—can shift industry norms.",However,baseline,929,321,0.10853341607718316
26,0.0,,,synthesis_restructured,random,3,20260228_155741,1.4503154754638672,"Single-use plastics pose a serious threat to both human health and the environment, and a total government ban is a necessary step to protect us all. Microplastics have already been detected in human blood, placentas, and lungs, showing that these materials are entering our bodies and potentially causing long-term harm. At the same time, millions of marine animals die each year from ingesting or getting trapped in plastic waste, and entire ecosystems like coral reefs are being damaged. These materials don’t break down quickly—they persist for centuries, meaning today’s convenience creates a long-term burden for future generations. A ban is not an extreme measure, but a responsible one: it forces industries to innovate and gives us a chance to live in a cleaner, safer world. By acting now, we can protect our health, our planet, and the lives of those who come after us.",concession_and_contrast,microplastics_and_human_health,"However, the real danger lies in what we don’t yet fully understand: microplastics have been found in human blood, placentas, and even lungs, indicating that these pollutants are entering our bodies directly and may contribute to long-term health problems.",concession_and_contrast_microplastics_and_human_health,"I should examine emerging evidence that microplastics accumulate in human tissue, blood, and organs, posing uncertain but potentially serious health risks.",However,causal_reasoning,marine_ecosystem_destruction,"Therefore, banning single-use plastics is not just about reducing litter—it’s about protecting entire ecosystems and the species that depend on them, including fish we rely on for food.",causal_reasoning_marine_ecosystem_destruction,"I should consider how single-use plastics kill marine animals through ingestion and entanglement, degrade coral reefs, and disrupt ocean ecosystems at massive scale.",Therefore,sequence_and_transition,intergenerational_responsibility,"Next, consider that plastic waste doesn’t just disappear—it lingers for hundreds of years, polluting landfills, rivers, and oceans, leaving a toxic legacy for generations to come.",sequence_and_transition_intergenerational_responsibility,"I should evaluate how plastics persist for centuries in the environment, meaning today's convenience imposes long-term burdens on future generations who had no say in their creation.",Next,baseline,880,297,0.10715703007584328
9,0.0,,,synthesis_restructured,random,0,20260228_155741,1.1887485980987549,"Single-use plastics are a major threat to marine life, with animals often ingesting or becoming entangled in them, leading to injury and death. Banning these materials prevents further harm to oceans and protects vulnerable ecosystems that are already struggling. This isn’t just an environmental issue—it's a matter of global justice, as plastic waste from wealthy nations is often shipped to poorer countries with no proper disposal systems. But real-world examples prove it works: countries like Rwanda and Kenya have successfully banned single-use plastics and seen dramatic reductions in pollution. Even in the U.S., states like California and Maine have begun implementing similar bans with positive results. A total government-enforced ban is a necessary, achievable, and responsible step to protect both people and the planet.",conditional,marine_ecosystem_destruction,"If we don’t ban single-use plastics, we continue poisoning our oceans and killing marine life that’s already under stress from pollution and climate change.",conditional_marine_ecosystem_destruction,"I should consider how single-use plastics kill marine animals through ingestion and entanglement, degrade coral reefs, and disrupt ocean ecosystems at massive scale.",If,emphasis_and_evaluation,global_waste_trade_injustice,"Importantly, banning single-use plastics at the source stops the cycle of dumping waste on developing nations who don’t have the infrastructure to handle it.",emphasis_and_evaluation_global_waste_trade_injustice,"I should consider how wealthy countries export plastic waste to poorer nations, making this a global justice issue that requires upstream intervention at the production stage.",Importantly,causal_reasoning,success_of_existing_bans,"Therefore, a total ban is not only possible but already proven effective in places like Rwanda and Kenya, where plastic waste has dropped dramatically.",causal_reasoning_success_of_existing_bans,"I should examine case studies from Rwanda, the EU, Kenya, and various US states showing that bans are enforceable and produce measurable reductions in pollution.",Therefore,baseline,834,265,0.10439832299628655
11,0.0,,,synthesis_restructured,random,3,20260228_155741,1.3318955898284912,"Single-use plastics are a major threat to the environment, and a government-enforced ban is the only way to stop the crisis at its source. Wealthy nations often export their plastic waste to poorer countries that lack the infrastructure to manage it, leading to pollution and health problems in vulnerable communities. Despite corporate promises, voluntary efforts haven’t reduced plastic use—only a strict ban can compel companies to innovate and adopt sustainable alternatives. Fortunately, reusable, compostable, and biodegradable options are already available for bags, bottles, straws, and packaging, making a ban both practical and necessary. By banning single-use plastics, the government can protect ecosystems, reduce pollution, and promote fairness across borders. This isn’t about giving up convenience—it’s about choosing a cleaner, healthier future for everyone.",emphasis_and_evaluation,global_waste_trade_injustice,"Importantly, much of the plastic waste from wealthy nations ends up in developing countries, where infrastructure is inadequate to handle it, causing environmental and health crises abroad.",emphasis_and_evaluation_global_waste_trade_injustice,"I should consider how wealthy countries export plastic waste to poorer nations, making this a global justice issue that requires upstream intervention at the production stage.",Importantly,sequence_and_transition,corporate_behavior_and_voluntary_failure,"Next, despite repeated promises from companies to reduce plastic use, they continue relying on single-use plastics because there’s no legal penalty for failing to change—only a total ban can force real reform.",sequence_and_transition_corporate_behavior_and_voluntary_failure,"I should analyze how manufacturers default to cheap plastics despite pledges, and why only binding regulation—not voluntary commitments—can shift industry norms.",Next,emphasis_and_evaluation,availability_of_alternatives,"Importantly, alternatives like paper bags, glass containers, and plant-based materials already exist and work just as well for everyday needs, proving a ban isn’t about inconvenience—it’s about choice and responsibility.",emphasis_and_evaluation_availability_of_alternatives,"I should demonstrate that reusable, compostable, and biodegradable alternatives are available for bags, straws, containers, and packaging, making a ban practically feasible.",Importantly,baseline,875,293,0.0993374125229764
6,1.7514575785052098,,,synthesis_restructured,targeted,4,20260228_155111,1.336118221282959,"Single-use plastics are a major environmental hazard—most aren’t recycled, ending up in landfills or oceans, where they harm wildlife and pollute ecosystems. A total ban would stop this pollution at the source, reducing long-term damage to nature and public health. Even though some argue it’s inconvenient, the real cost of plastic waste is already paid by communities through cleanup efforts, contaminated water, and lost tourism revenue. Many places, from Rwanda to parts of the U.S., have already banned these plastics with positive results, showing the policy is both practical and effective. When the burden of pollution falls on everyone, not just producers, it’s only fair to take strong, proactive steps like a full ban. The long-term benefits to the planet and public well-being far outweigh the short-term adjustments.",emphasis_and_evaluation,recycling_system_failure,"Importantly, most single-use plastics aren’t recycled—instead, they end up in landfills or polluting oceans, harming wildlife and ecosystems. A total ban would cut pollution at the source.",emphasis_and_evaluation_recycling_system_failure,"I should consider that global plastic recycling rates remain below 10%, much plastic is downcycled or exported, and source reduction through bans is therefore necessary.",Importantly,conclusion_and_summary,economic_externalities,"In conclusion, the hidden costs of plastic pollution—like beach cleanups, contaminated water, and damaged marine life—are paid by communities, not manufacturers, making a ban a fair and necessary step.",conclusion_and_summary_economic_externalities,"I should calculate how cleanup costs, healthcare burdens, tourism losses, and ecosystem damage are borne by the public rather than producers—a market failure requiring correction.",In conclusion,exemplification,success_of_existing_bans,"For example, countries like Rwanda and Kenya have successfully banned single-use plastics and seen dramatic improvements in cleanliness and environmental health, proving that such bans are both possible and effective.",exemplification_success_of_existing_bans,"I should examine case studies from Rwanda, the EU, Kenya, and various US states showing that bans are enforceable and produce measurable reductions in pollution.",For example,targeted,829,93,0.09874861078196479
3,0.0,,,synthesis_restructured,random,3,20260228_155741,1.3512258529663086,"Single-use plastics are a major threat to our environment and global equity—wealthy nations often export their plastic waste to poorer countries, where it pollutes communities and ecosystems without proper disposal infrastructure. These plastics don’t just disappear; they end up in oceans, where they choke marine animals, break down into microplastics, and harm coral reefs and food chains. Even well-intentioned corporate promises don’t lead to real change, because without legal mandates, companies keep using cheap, disposable plastics. A total government-led ban is the only way to force meaningful industry reform and protect both people and the planet. It’s not just about cleaner beaches—it’s about stopping harm at the source. This isn’t an extreme step; it’s a necessary one for future generations and global fairness.",emphasis_and_evaluation,global_waste_trade_injustice,"Importantly, many wealthy nations ship their plastic waste to developing countries, where inadequate infrastructure leads to environmental pollution and health risks—banning single-use plastics at the source is a moral imperative to prevent this exploitation.",emphasis_and_evaluation_global_waste_trade_injustice,"I should consider how wealthy countries export plastic waste to poorer nations, making this a global justice issue that requires upstream intervention at the production stage.",Importantly,conclusion_and_summary,corporate_behavior_and_voluntary_failure,"In conclusion, while some companies claim to be eco-friendly, they continue relying on single-use plastics unless legally required to change—only a total ban ensures real, lasting environmental protection.",conclusion_and_summary_corporate_behavior_and_voluntary_failure,"I should analyze how manufacturers default to cheap plastics despite pledges, and why only binding regulation—not voluntary commitments—can shift industry norms.",In conclusion,causal_reasoning,marine_ecosystem_destruction,"Therefore, the environmental harm from single-use plastics is well-documented: they choke marine life, poison food chains, and damage ecosystems we all depend on—banning them is essential for planetary health.",causal_reasoning_marine_ecosystem_destruction,"I should consider how single-use plastics kill marine animals through ingestion and entanglement, degrade coral reefs, and disrupt ocean ecosystems at massive scale.",Therefore,baseline,829,263,0.09824183888997302
26,1.710499328425406,,,synthesis_restructured,targeted,0,20260228_155111,1.258988380432129,"The government should enforce a total ban on single-use plastics because companies keep using them despite promises to reduce waste—without a law, there’s no real accountability. We already know that microplastics are entering our bodies and could be harming our health in ways we’re just beginning to understand. But we don’t have to wait for more evidence—countries like Rwanda and Kenya have already proven that banning plastic bags works, cutting down pollution and inspiring cleaner cities. Even in the U.S., states like California and Oregon have seen real progress after implementing similar bans. A total ban is the most effective way to protect both the environment and our health, and it’s time we take bold action before the damage becomes irreversible.",emphasis_and_evaluation,corporate_behavior_and_voluntary_failure,"Importantly, companies often claim to reduce plastic waste but continue relying on single-use plastics because there’s no real penalty for failing to follow through. A total ban would force them to innovate and adopt real alternatives.",emphasis_and_evaluation_corporate_behavior_and_voluntary_failure,"I should analyze how manufacturers default to cheap plastics despite pledges, and why only binding regulation—not voluntary commitments—can shift industry norms.",Importantly,conclusion_and_summary,microplastics_and_human_health,"In conclusion, the health risks from microplastics—now found in human blood and organs—are too serious to ignore, and a ban is a necessary step to protect public health.",conclusion_and_summary_microplastics_and_human_health,"I should examine emerging evidence that microplastics accumulate in human tissue, blood, and organs, posing uncertain but potentially serious health risks.",In conclusion,clarification_and_specification,success_of_existing_bans,"In other words, countries like Rwanda and Kenya have successfully eliminated single-use plastic bags, proving that total bans are not just possible, but effective in drastically reducing plastic pollution.",clarification_and_specification_success_of_existing_bans,"I should examine case studies from Rwanda, the EU, Kenya, and various US states showing that bans are enforceable and produce measurable reductions in pollution.",In other words,targeted,764,32,0.09550988104854677
45,0.0,,,synthesis_restructured,random,1,20260228_155741,1.2897844314575195,"Single-use plastics are a massive environmental hazard—they persist in oceans and landfills for centuries, poisoning wildlife and entering our food system. Even if we tried to recycle them, less than 10% of plastic ever gets recycled, and much of it ends up in landfills or the ocean anyway. Beyond pollution, their production relies on fossil fuels, contributing to climate change through extraction, manufacturing, and disposal. A total government ban would push society toward reusable, safer alternatives and reduce long-term environmental damage. This shift isn’t about inconvenience—it’s about protecting our health and future generations. With the right policy support, alternatives like glass, metal, and compostable materials can meet everyday needs without the harm. A ban isn’t extreme—it’s responsible stewardship of the planet we all share.",concession_and_contrast,intergenerational_responsibility,"However, the fact that single-use plastics take hundreds of years to break down means they continue polluting ecosystems long after being discarded, harming wildlife and contaminating food chains.",concession_and_contrast_intergenerational_responsibility,"I should evaluate how plastics persist for centuries in the environment, meaning today's convenience imposes long-term burdens on future generations who had no say in their creation.",However,addition_and_elaboration,recycling_system_failure,"Moreover, recycling alone can’t solve the problem—most single-use plastics aren’t recycled, and even when they are, they often degrade in quality, making reuse inefficient.",addition_and_elaboration_recycling_system_failure,"I should consider that global plastic recycling rates remain below 10%, much plastic is downcycled or exported, and source reduction through bans is therefore necessary.",Moreover,conclusion_and_summary,carbon_footprint_and_climate,"In conclusion, banning single-use plastics reduces environmental harm, lowers carbon emissions, and encourages innovation in sustainable alternatives that are better for both people and the planet.",conclusion_and_summary_carbon_footprint_and_climate,"I should analyze how single-use plastics are petrochemical products that contribute to emissions throughout their lifecycle, from extraction to incineration.",In conclusion,baseline,853,283,0.09134610566698864
6,0.0,,,synthesis_restructured,random,1,20260228_155741,1.179171085357666,"Single-use plastics are a major source of pollution and climate change, as they’re made from fossil fuels and release harmful emissions throughout their lifecycle. Countries like Rwanda and Kenya have proven that total bans are not only possible but highly effective at cleaning up cities and protecting ecosystems. Fortunately, safe and practical alternatives — like paper, glass, and compostable materials — are already available for everyday use, making a ban both realistic and responsible. Protecting the environment shouldn’t depend on individual willpower; it requires strong, enforceable rules. A government ban is the most effective way to ensure widespread change and safeguard the planet for future generations.",concession_and_contrast,carbon_footprint_and_climate,"However, their production and disposal significantly contribute to greenhouse gas emissions, especially since they’re derived from fossil fuels. This makes them a major driver of climate change, even before they’re used.",concession_and_contrast_carbon_footprint_and_climate,"I should analyze how single-use plastics are petrochemical products that contribute to emissions throughout their lifecycle, from extraction to incineration.",However,exemplification,success_of_existing_bans,"For example, Rwanda’s total plastic ban has made it one of the cleanest countries in Africa, and similar bans in the EU and Kenya have drastically reduced plastic waste in landfills and oceans.",exemplification_success_of_existing_bans,"I should examine case studies from Rwanda, the EU, Kenya, and various US states showing that bans are enforceable and produce measurable reductions in pollution.",For example,exemplification,availability_of_alternatives,"For example, paper, bamboo, glass, and plant-based materials are widely available and can replace single-use plastics in everyday situations without sacrificing convenience or safety.",exemplification_availability_of_alternatives,"I should demonstrate that reusable, compostable, and biodegradable alternatives are available for bags, straws, containers, and packaging, making a ban practically feasible.",For example,baseline,722,182,0.09062545101202342
17,0.0,,,synthesis_restructured,random,3,20260228_155741,1.0275709629058838,"Single-use plastics are a major source of pollution and greenhouse gas emissions, from their production to disposal, so banning them is essential for protecting the environment. Fortunately, affordable and effective alternatives—like reusable bags, compostable containers, and metal straws—are already available and widely used around the world. Since less than 10% of plastic is actually recycled, and much of it ends up in landfills or oceans, relying on recycling isn’t enough—true progress requires preventing plastic waste before it happens. A government-enforced ban would drive innovation, shift consumer habits, and create a cleaner, healthier planet for future generations. It’s not just about stopping pollution—it’s about building a sustainable future that we all deserve.",causal_reasoning,carbon_footprint_and_climate,"Therefore, banning them reduces greenhouse gas emissions and helps combat climate change.",causal_reasoning_carbon_footprint_and_climate,"I should analyze how single-use plastics are petrochemical products that contribute to emissions throughout their lifecycle, from extraction to incineration.",Therefore,addition_and_elaboration,availability_of_alternatives,"Moreover, many sustainable alternatives already exist and are widely used in everyday life, so a ban is achievable without major disruption.",addition_and_elaboration_availability_of_alternatives,"I should demonstrate that reusable, compostable, and biodegradable alternatives are available for bags, straws, containers, and packaging, making a ban practically feasible.",Moreover,causal_reasoning,recycling_system_failure,"Therefore, relying on recycling alone is insufficient; a ban directly tackles the root problem at the source.",causal_reasoning_recycling_system_failure,"I should consider that global plastic recycling rates remain below 10%, much plastic is downcycled or exported, and source reduction through bans is therefore necessary.",Therefore,baseline,783,220,0.09028117571918103
37,0.0,,,synthesis_restructured,random,3,20260228_155741,1.2493798732757568,"Single-use plastics are polluting our oceans, harming wildlife, and now, scientists have found microplastics in human blood and organs—meaning they’re not just an environmental problem, but a direct threat to our health. Despite years of corporate promises to reduce plastic waste, little has changed, and companies continue to prioritize profit over people and the planet. Voluntary efforts have failed, and without a government mandate, we’ll never see the systemic change needed. A total ban would force industries to innovate with safer, reusable alternatives and protect both ecosystems and public health. It’s time to take bold action—protecting our environment and future generations is worth a simple, enforceable rule. This isn’t about inconvenience; it’s about responsibility and survival.",conclusion_and_summary,microplastics_and_human_health,"In conclusion, single-use plastics are not just an environmental hazard—they are now a direct threat to human health, and a ban is a necessary precaution.",conclusion_and_summary_microplastics_and_human_health,"I should examine emerging evidence that microplastics accumulate in human tissue, blood, and organs, posing uncertain but potentially serious health risks.",In conclusion,addition_and_elaboration,corporate_behavior_and_voluntary_failure,"Moreover, past promises from companies to reduce plastic waste have failed to deliver meaningful change, proving that voluntary actions aren’t enough—only a government mandate can force real progress.",addition_and_elaboration_corporate_behavior_and_voluntary_failure,"I should analyze how manufacturers default to cheap plastics despite pledges, and why only binding regulation—not voluntary commitments—can shift industry norms.",Moreover,conditional,corporate_behavior_and_voluntary_failure,"If we rely on companies to self-regulate, we’ll keep seeing empty promises and greenwashing—real change requires a strong, enforceable ban to level the playing field and protect everyone.",conditional_corporate_behavior_and_voluntary_failure,"I should analyze how manufacturers default to cheap plastics despite pledges, and why only binding regulation—not voluntary commitments—can shift industry norms.",If,baseline,799,231,0.08638973144706832
33,1.705821399919507,,,synthesis_restructured,targeted,3,20260228_155111,1.191840410232544,"We need a total ban on single-use plastics because they cause long-term environmental harm and shift the costs to the public. Wealthy nations often export their plastic waste to poorer countries that don’t have the infrastructure to manage it, creating global injustice. The damage isn’t just environmental—cleaning plastic from beaches, dealing with contaminated water, and treating related health issues all cost taxpayers money. Countries like Rwanda and Kenya have proven that banning these plastics works, with cleaner cities and fewer pollution problems. Even in the U.S., states that have banned single-use plastics have seen significant improvements in waste reduction. If we want to protect our planet and communities, we must act decisively—and banning single-use plastics is the most effective first step.",emphasis_and_evaluation,global_waste_trade_injustice,"Importantly, wealthier nations often ship their plastic waste to developing countries, placing an unfair burden on communities that lack the infrastructure to handle it safely.",emphasis_and_evaluation_global_waste_trade_injustice,"I should consider how wealthy countries export plastic waste to poorer nations, making this a global justice issue that requires upstream intervention at the production stage.",Importantly,conclusion_and_summary,economic_externalities,"In conclusion, the environmental and economic costs of plastic pollution—ranging from beach cleanups to health impacts—are ultimately paid by taxpayers and communities, not the companies that profit from single-use plastics.",conclusion_and_summary_economic_externalities,"I should calculate how cleanup costs, healthcare burdens, tourism losses, and ecosystem damage are borne by the public rather than producers—a market failure requiring correction.",In conclusion,evidence_and_authority,success_of_existing_bans,"Evidence shows that countries like Rwanda and Kenya have successfully eliminated single-use plastics through strict bans, resulting in cleaner cities and healthier ecosystems.",evidence_and_authority_success_of_existing_bans,"I should examine case studies from Rwanda, the EU, Kenya, and various US states showing that bans are enforceable and produce measurable reductions in pollution.",Evidence shows that,targeted,816,76,0.08547496598258393
35,0.0,,,synthesis_restructured,random,4,20260228_155741,1.2733261585235596,"Single-use plastics are a major threat to our planet, lasting hundreds of years in landfills and oceans, harming wildlife and polluting ecosystems we all depend on. Countries like Rwanda and Kenya have proven that a total ban is not only possible but effective, resulting in cleaner streets and healthier environments. While some argue it's inconvenient, the real inconvenience lies in living with polluted rivers, choked marine life, and climate damage caused by plastic production. Companies won’t change on their own—they need government rules to stop prioritizing profit over people and the planet. A total ban forces innovation toward real alternatives like reusable or compostable materials. Ultimately, protecting our environment and future generations demands bold action, not half-measures. The government has a responsibility to act decisively, and a total ban is the most effective way to stop plastic pollution at its source.",concession_and_contrast,intergenerational_responsibility,"However, the fact that single-use plastics last hundreds of years in landfills and oceans means they are creating irreversible environmental damage that will outlive us.",concession_and_contrast_intergenerational_responsibility,"I should evaluate how plastics persist for centuries in the environment, meaning today's convenience imposes long-term burdens on future generations who had no say in their creation.",However,addition_and_elaboration,success_of_existing_bans,"Moreover, countries like Rwanda and Kenya have successfully eliminated plastic bags through strict bans, leading to cleaner cities and reduced wildlife harm.",addition_and_elaboration_success_of_existing_bans,"I should examine case studies from Rwanda, the EU, Kenya, and various US states showing that bans are enforceable and produce measurable reductions in pollution.",Moreover,concession_and_contrast,corporate_behavior_and_voluntary_failure,"However, companies still rely on plastic because it’s cheap and convenient—without government action, they’ll never change, even if they claim to care about sustainability.",concession_and_contrast_corporate_behavior_and_voluntary_failure,"I should analyze how manufacturers default to cheap plastics despite pledges, and why only binding regulation—not voluntary commitments—can shift industry norms.",However,baseline,937,322,0.08339695698942036
30,0.0,,,synthesis_restructured,random,4,20260228_155741,1.3802473545074463,"Single-use plastics cause widespread environmental damage, and a government ban is the most effective way to stop this crisis at its source. When wealthy countries continue producing and discarding these plastics, they often export their waste to poorer nations, overwhelming local communities and ecosystems—this is not just pollution, it’s environmental injustice. The real cost of single-use plastics isn’t reflected in their price; instead, society pays through cleanup efforts, health problems, and damaged ecosystems, placing an unfair burden on taxpayers. A total ban ensures that producers are held accountable and that we stop creating waste that harms both people and the planet. By acting now, we protect future generations and create a cleaner, fairer world for everyone, not just those who can afford to avoid the consequences.",exemplification,global_waste_trade_injustice,"For example, developed countries like the U.S. and the U.K. send massive amounts of plastic waste to Southeast Asia, where it overwhelms local communities and ecosystems—this shows that letting single-use plastics continue unchecked harms people in less affluent nations.",exemplification_global_waste_trade_injustice,"I should consider how wealthy countries export plastic waste to poorer nations, making this a global justice issue that requires upstream intervention at the production stage.",For example,addition_and_elaboration,economic_externalities,"Moreover, the true cost of single-use plastics isn’t reflected in their price; instead, taxpayers foot the bill for pollution cleanup and health issues caused by plastic waste, which makes continued use economically unjustifiable.",addition_and_elaboration_economic_externalities,"I should calculate how cleanup costs, healthcare burdens, tourism losses, and ecosystem damage are borne by the public rather than producers—a market failure requiring correction.",Moreover,clarification_and_specification,global_waste_trade_injustice,"In other words, when we allow single-use plastics to remain in circulation, we’re effectively outsourcing environmental harm to developing nations, which lack the infrastructure to handle it—this is unfair and unsustainable.",clarification_and_specification_global_waste_trade_injustice,"I should consider how wealthy countries export plastic waste to poorer nations, making this a global justice issue that requires upstream intervention at the production stage.",In other words,baseline,840,273,0.07893150423575548
26,0.0,,,synthesis_restructured,random,0,20260228_155741,1.2980015277862549,"The government should enforce a total ban on single-use plastics because these items pose real, growing risks to human health—recent studies have found microplastics in human blood and organs, raising concerns about long-term toxicity. They also devastate marine life, with countless animals dying from ingesting or becoming entangled in plastic waste, while coral reefs and entire ocean ecosystems suffer irreversible damage. Beyond ecological harm, single-use plastics don’t vanish; they persist for centuries, polluting the environment and placing an unfair burden on future generations. A ban is a necessary and responsible step toward protecting both people and the planet. With reusable alternatives already widely available, the shift is not only feasible but urgent. We can’t afford to wait for more evidence when the risks are already clear.",concession_and_contrast,microplastics_and_human_health,"However, recent studies have found microplastics in human blood and organs, suggesting that the toxins and chemicals in single-use plastics can enter our bodies, potentially leading to long-term health problems.",concession_and_contrast_microplastics_and_human_health,"I should examine emerging evidence that microplastics accumulate in human tissue, blood, and organs, posing uncertain but potentially serious health risks.",However,causal_reasoning,marine_ecosystem_destruction,"Therefore, banning single-use plastics is essential to protect marine life and preserve ocean ecosystems, which are critical for global biodiversity and food security.",causal_reasoning_marine_ecosystem_destruction,"I should consider how single-use plastics kill marine animals through ingestion and entanglement, degrade coral reefs, and disrupt ocean ecosystems at massive scale.",Therefore,sequence_and_transition,intergenerational_responsibility,"Next, single-use plastics don’t disappear—they break down into microplastics that pollute soil, water, and air for hundreds of years, burdening future generations with waste we don’t even need to create today.",sequence_and_transition_intergenerational_responsibility,"I should evaluate how plastics persist for centuries in the environment, meaning today's convenience imposes long-term burdens on future generations who had no say in their creation.",Next,baseline,850,281,0.07860527769444019
16,0.0,,,synthesis_restructured,random,3,20260228_155741,1.286473274230957,"Single-use plastics are a major environmental hazard that harms ecosystems, wildlife, and public health, yet we continue to use them at an unsustainable rate. Reusable and compostable alternatives—like cloth bags, metal straws, and plant-based packaging—are already available and affordable, making a ban both practical and responsible. The pollution from plastic waste is not just an eyesore; it costs governments billions in cleanup efforts, damages tourism, and contributes to climate change through fossil fuel use. These environmental and financial burdens are unfairly shouldered by communities, not the corporations that profit from plastic production. A total ban would force industry to innovate and move toward sustainable alternatives, ensuring a cleaner, healthier future for all. As regular people, we deserve a world where our actions don’t harm the planet we depend on.",evidence_and_authority,availability_of_alternatives,"Evidence shows that durable, eco-friendly alternatives like cloth bags, metal straws, and compostable containers are already widely available and affordable, so phasing out single-use plastics is both realistic and necessary.",evidence_and_authority_availability_of_alternatives,"I should demonstrate that reusable, compostable, and biodegradable alternatives are available for bags, straws, containers, and packaging, making a ban practically feasible.",Evidence shows that,evidence_and_authority,economic_externalities,"Evidence shows that governments spend billions annually cleaning up plastic waste, and pollution harms wildlife and human health—costs that should fall on producers, not taxpayers.",evidence_and_authority_economic_externalities,"I should calculate how cleanup costs, healthcare burdens, tourism losses, and ecosystem damage are borne by the public rather than producers—a market failure requiring correction.",Evidence shows that,concession_and_contrast,carbon_footprint_and_climate,"However, single-use plastics come from fossil fuels and contribute to climate change through production, transport, and disposal—making them environmentally unsustainable in the long run.",concession_and_contrast_carbon_footprint_and_climate,"I should analyze how single-use plastics are petrochemical products that contribute to emissions throughout their lifecycle, from extraction to incineration.",However,baseline,884,301,0.07456031976181808
32,0.0,,,synthesis_restructured,random,4,20260228_155741,1.1704163551330566,"The government should enforce a total ban on single-use plastics because they are a major source of pollution and greenhouse gas emissions, contributing to climate change from production to disposal. Even if people recycle, most single-use plastics aren’t recycled and instead end up in landfills or oceans, where they harm wildlife and ecosystems for centuries. The problem is made worse by the fact that wealthy nations often export their plastic waste to poorer countries that can’t manage it safely, placing an unfair burden on communities that didn’t create the problem. A total ban is the most effective way to stop this cycle at the source and protect both people and the planet. It’s time we prioritize long-term environmental health over short-term convenience.",concession_and_contrast,carbon_footprint_and_climate,"However, the real harm comes not just from littering but from their contribution to greenhouse gas emissions throughout production and disposal, especially when they end up in landfills or the ocean.",concession_and_contrast_carbon_footprint_and_climate,"I should analyze how single-use plastics are petrochemical products that contribute to emissions throughout their lifecycle, from extraction to incineration.",However,concession_and_contrast,global_waste_trade_injustice,"However, the burden of plastic waste often falls on developing countries, which lack the infrastructure to handle it, making it a global equity issue that demands national-level action.",concession_and_contrast_global_waste_trade_injustice,"I should consider how wealthy countries export plastic waste to poorer nations, making this a global justice issue that requires upstream intervention at the production stage.",However,evidence_and_authority,intergenerational_responsibility,"Evidence shows that plastic pollution can take hundreds of years to break down, meaning today’s convenience creates irreversible environmental damage for future generations.",evidence_and_authority_intergenerational_responsibility,"I should evaluate how plastics persist for centuries in the environment, meaning today's convenience imposes long-term burdens on future generations who had no say in their creation.",Evidence shows that,baseline,770,206,0.0739848361687089
44,0.0,,,synthesis_restructured,random,4,20260228_155741,1.1674115657806396,"The government should enforce a total ban on single-use plastics because the environmental and societal costs are too high for communities to bear. Plastic pollution damages ecosystems, harms wildlife, and contaminates water and soil, ultimately affecting public health and increasing cleanup costs. Even though some companies have promised to reduce plastic use, these commitments have repeatedly failed to deliver real change, proving that voluntary action isn't enough. Fortunately, safe and practical alternatives—such as paper, glass, and compostable materials—are already available for everyday items like bags, straws, and containers. A nationwide ban would push innovation, level the playing field for responsible businesses, and protect future generations. It’s time to stop treating the planet as a dumping ground and act decisively to end single-use plastic pollution.",addition_and_elaboration,economic_externalities,"Moreover, the financial and environmental burden of plastic waste falls disproportionately on communities and taxpayers, not the corporations that produce single-use plastics.",addition_and_elaboration_economic_externalities,"I should calculate how cleanup costs, healthcare burdens, tourism losses, and ecosystem damage are borne by the public rather than producers—a market failure requiring correction.",Moreover,sequence_and_transition,corporate_behavior_and_voluntary_failure,"Next, past industry promises to reduce plastic use have consistently failed, showing that voluntary measures are ineffective without legal enforcement.",sequence_and_transition_corporate_behavior_and_voluntary_failure,"I should analyze how manufacturers default to cheap plastics despite pledges, and why only binding regulation—not voluntary commitments—can shift industry norms.",Next,sequence_and_transition,availability_of_alternatives,"Next, there are already affordable and accessible alternatives—like paper, glass, and plant-based materials—that can replace single-use plastics in everyday life.",sequence_and_transition_availability_of_alternatives,"I should demonstrate that reusable, compostable, and biodegradable alternatives are available for bags, straws, containers, and packaging, making a ban practically feasible.",Next,baseline,879,295,0.0734201003991328
37,0.0,,,synthesis_restructured,random,0,20260228_155741,1.515679121017456,"Single-use plastics are a growing threat to both the environment and human health—microplastics have already been detected in human blood and organs, showing they’re not just polluting oceans and landfills but also entering our own bodies. While some companies claim to be reducing plastic use, these promises are often slow and inconsistent; without a government mandate, there’s no real incentive to change. A total ban would force innovation, push industries to adopt safer, reusable alternatives, and ensure everyone—big companies and small businesses alike—acts responsibly. This kind of sweeping action is necessary because voluntary efforts have failed to make a meaningful impact so far. The health of our families and the planet depends on bold, decisive action—starting with a ban on single-use plastics. We can’t afford to wait for perfect solutions; we need real change now.",conclusion_and_summary,microplastics_and_human_health,"In conclusion, single-use plastics are not just an environmental problem—they are a direct threat to our health, as microplastics have already been found in human blood and organs, showing that these materials aren’t just polluting the planet but are also entering our own bodies.",conclusion_and_summary_microplastics_and_human_health,"I should examine emerging evidence that microplastics accumulate in human tissue, blood, and organs, posing uncertain but potentially serious health risks.",In conclusion,addition_and_elaboration,corporate_behavior_and_voluntary_failure,"Moreover, companies keep using single-use plastics because they’re cheap and convenient, but voluntary pledges rarely lead to real change—only a government ban can force innovation and ensure lasting alternatives are adopted across industries.",addition_and_elaboration_corporate_behavior_and_voluntary_failure,"I should analyze how manufacturers default to cheap plastics despite pledges, and why only binding regulation—not voluntary commitments—can shift industry norms.",Moreover,conditional,corporate_behavior_and_voluntary_failure,"If we wait for companies to do the right thing on their own, progress will be too slow; a total ban ensures that all sectors—from food packaging to retail—must adapt quickly and uniformly, creating a level playing field and preventing greenwashing.",conditional_corporate_behavior_and_voluntary_failure,"I should analyze how manufacturers default to cheap plastics despite pledges, and why only binding regulation—not voluntary commitments—can shift industry norms.",If,baseline,886,302,0.07083905603068544
36,1.7020849359066772,,,synthesis_restructured,targeted,3,20260228_155111,1.3177692890167236,"Single-use plastics are a major source of environmental pollution, harming marine life and contaminating ecosystems, making a total government ban essential to protect our planet. Countries like Rwanda and Kenya have already shown that nationwide bans are possible and effective, leading to cleaner communities and reduced plastic waste. Even though some argue it’s inconvenient, the long-term benefits—like less pollution, lower cleanup costs, and healthier ecosystems—far outweigh temporary discomfort. The truth is, we’ve been relying on plastic because it’s cheap, but the real cost is paid by nature and future generations. A ban forces innovation toward reusable and sustainable alternatives that are better for everyone. Rather than constantly cleaning up after plastic waste, we should prevent it at the source. The government has a responsibility to protect public health and the environment—and a total ban on single-use plastics is the most direct and effective step we can take.",emphasis_and_evaluation,recycling_system_failure,"Importantly, single-use plastics are harmful to the environment and wildlife, and a total ban would significantly reduce pollution in our oceans and ecosystems.",emphasis_and_evaluation_recycling_system_failure,"I should consider that global plastic recycling rates remain below 10%, much plastic is downcycled or exported, and source reduction through bans is therefore necessary.",Importantly,conclusion_and_summary,success_of_existing_bans,"In conclusion, countries like Rwanda and Kenya have proven that nationwide bans are feasible and effective, reducing plastic waste and encouraging sustainable alternatives.",conclusion_and_summary_success_of_existing_bans,"I should examine case studies from Rwanda, the EU, Kenya, and various US states showing that bans are enforceable and produce measurable reductions in pollution.",In conclusion,evidence_and_authority,economic_externalities,"Evidence shows that single-use plastics impose hidden costs on society, including cleanup efforts, medical issues from microplastics, and damage to tourism—costs that should be avoided through proactive bans.",evidence_and_authority_economic_externalities,"I should calculate how cleanup costs, healthcare burdens, tourism losses, and ecosystem damage are borne by the public rather than producers—a market failure requiring correction.",Evidence shows that,targeted,990,168,0.0684729222478646
9,0.0,,,synthesis_restructured,random,2,20260228_155741,1.152327299118042,"Single-use plastics are devastating our oceans and wildlife—marine animals choke on bags, get trapped in packaging, and ingest toxic microplastics that poison the food chain. It’s not just an environmental issue; it’s a matter of fairness, because wealthier countries often send their plastic waste to poorer nations that can’t manage it. The good news is that bans already work—countries like Rwanda and Kenya, along with several U.S. states, have dramatically reduced plastic pollution after implementing strict limits. If we act now with a total ban, we can protect ecosystems, reduce harm to humans, and create a cleaner future for everyone. This isn’t about inconvenience—it’s about responsibility and long-term survival.",conditional,marine_ecosystem_destruction,"If we don’t ban single-use plastics, marine life will continue to suffer—entangled in bags, poisoned by microplastics, and dying in alarming numbers.",conditional_marine_ecosystem_destruction,"I should consider how single-use plastics kill marine animals through ingestion and entanglement, degrade coral reefs, and disrupt ocean ecosystems at massive scale.",If,emphasis_and_evaluation,global_waste_trade_injustice,"Importantly, banning single-use plastics at the source stops waste from being dumped on developing nations that lack the infrastructure to handle it safely.",emphasis_and_evaluation_global_waste_trade_injustice,"I should consider how wealthy countries export plastic waste to poorer nations, making this a global justice issue that requires upstream intervention at the production stage.",Importantly,causal_reasoning,success_of_existing_bans,"Therefore, real-world examples prove that bans work—places like Rwanda have become cleaner and more sustainable because they banned plastic bags decades ago.",causal_reasoning_success_of_existing_bans,"I should examine case studies from Rwanda, the EU, Kenya, and various US states showing that bans are enforceable and produce measurable reductions in pollution.",Therefore,baseline,726,183,0.06729254888548886
5,0.0,,,synthesis_restructured,random,4,20260228_155741,1.4265570640563965,"The government should enforce a total ban on single-use plastics because the harm they cause is far greater than any short-term convenience they provide. The cost of cleaning up plastic waste, repairing damaged ecosystems, and addressing health issues from microplastics is paid by taxpayers, not by the companies that profit from these products. Worse still, many wealthy nations export their plastic waste to poorer countries, shifting the burden of pollution and health risks onto communities that didn’t create the problem. As evidence grows that microplastics are entering our blood and organs, the risk to human health becomes impossible to ignore. A ban is not an extreme measure—it’s a necessary step to protect both our environment and our well-being. The solution isn’t just recycling or better cleanup; it’s stopping the problem at the source by eliminating single-use plastics altogether.",concession_and_contrast,economic_externalities,"However, the cost of plastic pollution is not just environmental—it's financial and social. Cleanup crews, damaged infrastructure, and health issues linked to microplastics are ultimately paid for by taxpayers, not the companies that produce and profit from single-use plastics.",concession_and_contrast_economic_externalities,"I should calculate how cleanup costs, healthcare burdens, tourism losses, and ecosystem damage are borne by the public rather than producers—a market failure requiring correction.",However,sequence_and_transition,global_waste_trade_injustice,"Next, many countries export their plastic waste to developing nations with weaker regulations, leading to environmental harm and health risks in communities that had no part in creating the problem—this is unfair and unsustainable.",sequence_and_transition_global_waste_trade_injustice,"I should consider how wealthy countries export plastic waste to poorer nations, making this a global justice issue that requires upstream intervention at the production stage.",Next,conditional,microplastics_and_human_health,"If we continue using single-use plastics, we’re not only polluting oceans and landscapes but also unknowingly ingesting harmful particles—placing our own health at risk over time.",conditional_microplastics_and_human_health,"I should examine emerging evidence that microplastics accumulate in human tissue, blood, and organs, posing uncertain but potentially serious health risks.",If,baseline,900,308,0.06674719900702786
15,0.0,,,synthesis_restructured,random,0,20260228_155741,1.2376317977905271,"Single-use plastics are a major environmental and health hazard, and a government-enforced ban is the most effective way to address the crisis. Current recycling systems fail to process most plastic waste, leaving millions of tons to pollute oceans, landfills, and ecosystems each year. Banning these items at the source reduces plastic production, which in turn cuts greenhouse gas emissions tied to fossil fuel extraction and manufacturing. Beyond pollution, microplastics have been found in human blood and organs, raising serious concerns about long-term health effects. As someone who cares about clean oceans, a healthier planet, and safer food and water, I believe we need bold action now—starting with a total ban on single-use plastics. This step isn’t just responsible—it’s necessary for the well-being of current and future generations.",clarification_and_specification,recycling_system_failure,"In other words, banning single-use plastics at the source is a more practical solution than relying on flawed recycling systems that fail to handle most plastic waste.",clarification_and_specification_recycling_system_failure,"I should consider that global plastic recycling rates remain below 10%, much plastic is downcycled or exported, and source reduction through bans is therefore necessary.",In other words,conditional,carbon_footprint_and_climate,"If we are serious about climate change, we must reduce our reliance on fossil fuels, and banning single-use plastics helps limit the demand for virgin plastic production.",conditional_carbon_footprint_and_climate,"I should analyze how single-use plastics are petrochemical products that contribute to emissions throughout their lifecycle, from extraction to incineration.",If,addition_and_elaboration,microplastics_and_human_health,"Moreover, banning these items protects public health by reducing our exposure to toxic chemicals that leach into food and water from plastic packaging.",addition_and_elaboration_microplastics_and_human_health,"I should examine emerging evidence that microplastics accumulate in human tissue, blood, and organs, posing uncertain but potentially serious health risks.",Moreover,baseline,847,276,0.0659996216862763
31,0.0,,,synthesis_restructured,random,1,20260228_155741,1.5037496089935305,"Single-use plastics are a major threat to our environment and wildlife, causing widespread harm to marine animals through ingestion and entanglement, and contributing to the growing problem of plastic pollution in oceans and ecosystems. Fortunately, affordable and effective alternatives—such as reusable bags, metal straws, and compostable packaging—are already available and widely adopted in many communities. A government-enforced ban would not only reduce this pollution but also encourage innovation in sustainable materials and manufacturing. This policy is practical and achievable, as it has already proven successful in several countries and cities around the world. By taking a firm stand against single-use plastics, we protect both nature and public health, ensuring a cleaner, safer future for everyone. The time to act is now—banning single-use plastics is a necessary and responsible step for our planet.",evidence_and_authority,availability_of_alternatives,"Evidence shows that viable alternatives—like paper bags, metal straws, and compostable containers—already exist and are widely used in many places, proving that a ban on single-use plastics is both realistic and achievable without major disruption to daily life.",evidence_and_authority_availability_of_alternatives,"I should demonstrate that reusable, compostable, and biodegradable alternatives are available for bags, straws, containers, and packaging, making a ban practically feasible.",Evidence shows that,concession_and_contrast,marine_ecosystem_destruction,"However, the environmental cost of single-use plastics is devastating—marine life such as turtles, seabirds, and fish frequently ingest or become entangled in plastic waste, leading to injury and death, and even microplastics are now found in the food chain, threatening human health.",concession_and_contrast_marine_ecosystem_destruction,"I should consider how single-use plastics kill marine animals through ingestion and entanglement, degrade coral reefs, and disrupt ocean ecosystems at massive scale.",However,causal_reasoning,availability_of_alternatives,"Therefore, by banning single-use plastics, we can significantly reduce pollution, protect wildlife, and push industries to innovate toward sustainable solutions, all while safeguarding the planet for future generations.",causal_reasoning_availability_of_alternatives,"I should demonstrate that reusable, compostable, and biodegradable alternatives are available for bags, straws, containers, and packaging, making a ban practically feasible.",Therefore,baseline,920,317,0.06565280828098022
19,0.0,,,synthesis_restructured,random,0,20260228_155741,1.1478698253631592,"Single-use plastics are a major source of pollution that harms wildlife, contaminates our oceans, and persists for centuries, meaning we're passing on a toxic legacy to future generations. Even though recycling is often promoted, less than 10% of plastic is actually recycled—most ends up in landfills or the environment, where it breaks down into microplastics that enter our food and water. Banning these items entirely is the most effective way to prevent this damage, reduce fossil fuel use, and push society toward reusable, sustainable alternatives. A government ban sends a clear message that our planet’s health matters more than temporary convenience. It’s not about restricting freedom—it’s about protecting our shared environment for everyone, now and in the future.",causal_reasoning,intergenerational_responsibility,"Therefore, continuing to allow single-use plastics is a form of environmental injustice that unfairly burdens future generations with pollution they didn’t create.",causal_reasoning_intergenerational_responsibility,"I should evaluate how plastics persist for centuries in the environment, meaning today's convenience imposes long-term burdens on future generations who had no say in their creation.",Therefore,sequence_and_transition,carbon_footprint_and_climate,"Next, banning these plastics would significantly reduce fossil fuel consumption and greenhouse gas emissions, helping combat climate change.",sequence_and_transition_carbon_footprint_and_climate,"I should analyze how single-use plastics are petrochemical products that contribute to emissions throughout their lifecycle, from extraction to incineration.",Next,concession_and_contrast,recycling_system_failure,"However, recycling alone isn’t a sustainable fix—most plastic still ends up in landfills or oceans, so a total ban is a more effective and realistic solution.",concession_and_contrast_recycling_system_failure,"I should consider that global plastic recycling rates remain below 10%, much plastic is downcycled or exported, and source reduction through bans is therefore necessary.",However,baseline,777,215,0.06420814815959419
13,0.0,,,synthesis_restructured,random,1,20260228_155741,1.1519627571105957,"A total ban on single-use plastics is essential because these products cause widespread environmental and human harm. They end up in oceans, where they kill marine animals and degrade ecosystems, with microplastics now entering the human food supply. Many wealthy nations also export their plastic waste to poorer countries that can’t safely manage it, creating environmental injustice. Additionally, producing single-use plastics emits greenhouse gases at every stage, worsening climate change. A ban would reduce pollution, protect vulnerable communities, and help combat climate change—all while encouraging the development of sustainable alternatives. It’s time to prioritize long-term planet health over short-term convenience.",exemplification,global_waste_trade_injustice,"For example, many wealthy nations send their plastic waste to developing countries, which often lack the infrastructure to handle it safely, leading to pollution and health risks in those communities.",exemplification_global_waste_trade_injustice,"I should consider how wealthy countries export plastic waste to poorer nations, making this a global justice issue that requires upstream intervention at the production stage.",For example,evidence_and_authority,marine_ecosystem_destruction,"Evidence shows that marine life, from sea turtles to whales, often die from ingesting or getting trapped in plastic waste, and even microplastics are now found in the food chain, threatening human health.",evidence_and_authority_marine_ecosystem_destruction,"I should consider how single-use plastics kill marine animals through ingestion and entanglement, degrade coral reefs, and disrupt ocean ecosystems at massive scale.",Evidence shows that,conditional,carbon_footprint_and_climate,"If we factor in the carbon emissions from producing and disposing of single-use plastics, they significantly contribute to climate change, making a ban a climate-friendly policy decision.",conditional_carbon_footprint_and_climate,"I should analyze how single-use plastics are petrochemical products that contribute to emissions throughout their lifecycle, from extraction to incineration.",If,baseline,732,185,0.0631851665116603
27,1.705821399919507,,,synthesis_restructured,targeted,1,20260228_155111,1.1941475868225098,"The government should enforce a total ban on single-use plastics because countries like Rwanda and Kenya have already proven such bans work—cleaner cities, healthier ecosystems, and reduced pollution. Plastic waste doesn’t just disappear; it harms wildlife, pollutes oceans, and increases cleanup costs that taxpayers end up paying. The real burden falls on communities, not the corporations that profit from disposable plastics. However, bans don’t lead to shortages—instead, they push innovation, making reusable and eco-friendly options more accessible and affordable. When governments act, people adapt, and the planet benefits. A total ban is a necessary step to protect our environment and future generations.",emphasis_and_evaluation,success_of_existing_bans,"Importantly, countries like Rwanda and Kenya have successfully implemented strict bans on single-use plastics, resulting in cleaner streets, reduced landfill waste, and improved wildlife protection.",emphasis_and_evaluation_success_of_existing_bans,"I should examine case studies from Rwanda, the EU, Kenya, and various US states showing that bans are enforceable and produce measurable reductions in pollution.",Importantly,conclusion_and_summary,economic_externalities,"In conclusion, the costs of plastic pollution—like cleaning up beaches, harming marine life, and affecting public health—are ultimately paid by taxpayers and communities, not the companies that profit from plastic production.",conclusion_and_summary_economic_externalities,"I should calculate how cleanup costs, healthcare burdens, tourism losses, and ecosystem damage are borne by the public rather than producers—a market failure requiring correction.",In conclusion,evidence_and_authority,success_of_existing_bans,"Evidence shows that when governments enforce bans, alternatives like reusable bags, paper packaging, and biodegradable materials quickly become available and affordable—proving that bans don’t cause shortages but drive innovation.",evidence_and_authority_success_of_existing_bans,"I should examine case studies from Rwanda, the EU, Kenya, and various US states showing that bans are enforceable and produce measurable reductions in pollution.",Evidence shows that,targeted,715,8,0.06313290696008281
17,0.0,,,synthesis_restructured,random,4,20260228_155741,1.0471489429473877,"Single-use plastics are a major source of pollution and greenhouse gas emissions, from their production to disposal, so banning them is a crucial step in protecting the environment and fighting climate change. The good news is that we already have viable alternatives—like reusable bags, compostable containers, and biodegradable packaging—that are practical, affordable, and widely available. Even with recycling efforts, less than 10% of plastic is actually recycled, meaning most ends up in landfills, oceans, or is incinerated, causing further harm. A total ban forces industry and consumers to adopt sustainable solutions, reducing waste and protecting ecosystems. It’s not about eliminating convenience—it’s about creating a cleaner, healthier future for everyone.",causal_reasoning,carbon_footprint_and_climate,"Therefore, banning single-use plastics would significantly reduce greenhouse gas emissions and help combat climate change.",causal_reasoning_carbon_footprint_and_climate,"I should analyze how single-use plastics are petrochemical products that contribute to emissions throughout their lifecycle, from extraction to incineration.",Therefore,addition_and_elaboration,availability_of_alternatives,"Moreover, many everyday items can be replaced with sustainable alternatives that are already widely available and cost-effective.",addition_and_elaboration_availability_of_alternatives,"I should demonstrate that reusable, compostable, and biodegradable alternatives are available for bags, straws, containers, and packaging, making a ban practically feasible.",Moreover,causal_reasoning,recycling_system_failure,"Therefore, relying on recycling alone is insufficient—preventing plastic waste at the source through a ban is the most effective solution.",causal_reasoning_recycling_system_failure,"I should consider that global plastic recycling rates remain below 10%, much plastic is downcycled or exported, and source reduction through bans is therefore necessary.",Therefore,baseline,770,209,0.054491612448399264
41,0.0,,,synthesis_restructured,random,0,20260228_155741,1.2720494270324707,"A total government ban on single-use plastics is necessary because it's proven effective—countries like Rwanda and Kenya have dramatically reduced plastic pollution after implementing such bans. These plastics don’t just litter our streets; they end up in oceans, where they kill marine animals, choke coral reefs, and disrupt entire ecosystems. The problem isn’t just local—it’s global: wealthier nations often export their plastic waste to poorer countries, forcing communities to deal with pollution they didn’t create. By banning these disposable items, we protect both people and the planet, and we take responsibility for how our choices affect the world. It’s time to stop treating plastic as disposable when it’s anything but.",conditional,success_of_existing_bans,"If we look at countries like Rwanda and Kenya, which have implemented strict bans on single-use plastics, we’ve seen dramatic reductions in plastic waste and cleaner cities. These examples prove that such bans are not just possible but effective.",conditional_success_of_existing_bans,"I should examine case studies from Rwanda, the EU, Kenya, and various US states showing that bans are enforceable and produce measurable reductions in pollution.",If,conclusion_and_summary,marine_ecosystem_destruction,"In conclusion, banning single-use plastics would protect wildlife and preserve our oceans. Every year, millions of marine animals die from plastic pollution—this is not just an environmental issue, it’s a moral one.",conclusion_and_summary_marine_ecosystem_destruction,"I should consider how single-use plastics kill marine animals through ingestion and entanglement, degrade coral reefs, and disrupt ocean ecosystems at massive scale.",In conclusion,causal_reasoning,global_waste_trade_injustice,"Therefore, stopping single-use plastics at the source helps prevent the unfair burden of waste disposal that developing countries often face, where plastic waste is dumped or burned with little regulation.",causal_reasoning_global_waste_trade_injustice,"I should consider how wealthy countries export plastic waste to poorer nations, making this a global justice issue that requires upstream intervention at the production stage.",Therefore,baseline,734,186,0.04687959956816885
20,1.710499328425406,,,synthesis_restructured,targeted,4,20260228_155111,1.2241055965423584,"Single-use plastics are devastating to marine life—animals like sea turtles and whales often ingest them or get trapped, leading to injury and death. These plastics don’t disappear; they break down into microplastics that can enter our food chain and may even end up in our own bodies, posing unknown but serious health risks. The good news is that bans are already working: places like Rwanda, Kenya, and parts of the EU have dramatically cut plastic pollution after implementing strict laws. It’s not just possible—it’s necessary—to take bold action now. A total ban would protect ecosystems, reduce landfill waste, and encourage innovation in sustainable alternatives. As someone who cares about clean oceans and a healthier planet, I believe this ban is a responsible and achievable step forward.",emphasis_and_evaluation,marine_ecosystem_destruction,"Importantly, single-use plastics are a leading cause of pollution in our oceans, harming marine life like sea turtles, whales, and fish that mistake plastic for food or become trapped in it.",emphasis_and_evaluation_marine_ecosystem_destruction,"I should consider how single-use plastics kill marine animals through ingestion and entanglement, degrade coral reefs, and disrupt ocean ecosystems at massive scale.",Importantly,conclusion_and_summary,microplastics_and_human_health,"In conclusion, banning single-use plastics protects both the environment and public health, giving us a cleaner, safer world for future generations.",conclusion_and_summary_microplastics_and_human_health,"I should examine emerging evidence that microplastics accumulate in human tissue, blood, and organs, posing uncertain but potentially serious health risks.",In conclusion,clarification_and_specification,success_of_existing_bans,"In other words, bans are not just idealistic—they work: countries like Rwanda and Kenya have seen sharp reductions in plastic waste after enforcing strict bans.",clarification_and_specification_success_of_existing_bans,"I should examine case studies from Rwanda, the EU, Kenya, and various US states showing that bans are enforceable and produce measurable reductions in pollution.",In other words,targeted,800,61,0.04491398324735035
47,0.0,,,synthesis_restructured,random,1,20260228_155741,1.2390360832214355,"Single-use plastics are a major source of pollution that harms wildlife, contaminates ecosystems, and contributes to climate change through fossil fuel extraction and emissions. Even when people try to recycle, most single-use plastics aren’t recycled—instead, they end up in landfills, oceans, or incinerators, where they break down into toxic microplastics. These microplastics have been detected in human blood and organs, suggesting they may pose serious health risks we’re only beginning to grasp. A total ban on single-use plastics is a necessary and responsible step to protect both the environment and public health. While alternatives exist and are becoming more accessible, we can’t afford to wait for perfect solutions when the damage is already happening. A ban sends a clear message that our planet and well-being come first.",concession_and_contrast,recycling_system_failure,"However, the reality is that most single-use plastics are not recycled and instead end up polluting ecosystems, harming wildlife, and contributing to long-term environmental degradation.",concession_and_contrast_recycling_system_failure,"I should consider that global plastic recycling rates remain below 10%, much plastic is downcycled or exported, and source reduction through bans is therefore necessary.",However,emphasis_and_evaluation,carbon_footprint_and_climate,"Importantly, producing and disposing of single-use plastics releases significant greenhouse gases, worsening climate change and increasing our carbon footprint.",emphasis_and_evaluation_carbon_footprint_and_climate,"I should analyze how single-use plastics are petrochemical products that contribute to emissions throughout their lifecycle, from extraction to incineration.",Importantly,emphasis_and_evaluation,microplastics_and_human_health,"Importantly, microplastics from degraded plastics are now found in human blood and organs, raising serious concerns about long-term health impacts that we are only beginning to understand.",emphasis_and_evaluation_microplastics_and_human_health,"I should examine emerging evidence that microplastics accumulate in human tissue, blood, and organs, posing uncertain but potentially serious health risks.",Importantly,baseline,838,270,0.04474243081007109
29,0.0,,,synthesis_restructured,random,4,20260228_155741,1.164100170135498,"Single-use plastics are made from fossil fuels, and their production contributes significantly to greenhouse gas emissions, worsening climate change even before they’re used. Countries like Rwanda and Kenya have shown that banning these plastics is feasible and leads to cleaner streets, healthier ecosystems, and less pollution. Every year, millions of marine animals die from ingesting or becoming entangled in plastic waste, and these materials harm coral reefs and disrupt ocean ecosystems. A government-enforced ban would reduce this harm, protect wildlife, and encourage the use of sustainable alternatives. It’s not just about cleaner oceans—it’s about protecting our planet for future generations. With proven success in other nations, a total ban is both practical and necessary.",emphasis_and_evaluation,carbon_footprint_and_climate,"Importantly, single-use plastics are made from fossil fuels, and their production releases greenhouse gases, contributing to climate change, even before they’re used.",emphasis_and_evaluation_carbon_footprint_and_climate,"I should analyze how single-use plastics are petrochemical products that contribute to emissions throughout their lifecycle, from extraction to incineration.",Importantly,emphasis_and_evaluation,success_of_existing_bans,"Importantly, countries like Rwanda and Kenya have successfully banned single-use plastics and seen dramatic reductions in plastic waste, proving that such bans are practical and effective.",emphasis_and_evaluation_success_of_existing_bans,"I should examine case studies from Rwanda, the EU, Kenya, and various US states showing that bans are enforceable and produce measurable reductions in pollution.",Importantly,concession_and_contrast,marine_ecosystem_destruction,"However, the environmental damage is deeply concerning—millions of marine animals die each year from ingesting or getting trapped in plastic, and entire ecosystems are harmed.",concession_and_contrast_marine_ecosystem_destruction,"I should consider how single-use plastics kill marine animals through ingestion and entanglement, degrade coral reefs, and disrupt ocean ecosystems at massive scale.",However,baseline,788,223,0.044456389000910805
12,0.0,,,synthesis_restructured,random,3,20260228_155741,1.263948678970337,"Single-use plastics cause massive environmental harm, from polluting oceans to contributing to climate change through fossil fuel extraction and incineration. While some companies promise greener alternatives, they keep using plastic because it’s cheap—without a government ban, real change remains unlikely. Beyond just pollution, the global plastic crisis is also a justice issue, as wealthier nations export their waste to poorer countries, burdening vulnerable communities. A total ban is the most effective way to stop this cycle at the source and drive innovation toward safer, reusable alternatives. It’s not about restricting freedom—it’s about protecting our shared planet and future generations. Ultimately, the government has a responsibility to act decisively when industry won’t.",conclusion_and_summary,carbon_footprint_and_climate,"In conclusion, single-use plastics are a major source of pollution and greenhouse gas emissions, and banning them is a necessary step toward protecting both the environment and public health.",conclusion_and_summary_carbon_footprint_and_climate,"I should analyze how single-use plastics are petrochemical products that contribute to emissions throughout their lifecycle, from extraction to incineration.",In conclusion,emphasis_and_evaluation,corporate_behavior_and_voluntary_failure,"Importantly, while many companies claim to be ""green,"" they continue to rely on single-use plastics because they’re cheap and convenient—without a government ban, real change won’t happen.",emphasis_and_evaluation_corporate_behavior_and_voluntary_failure,"I should analyze how manufacturers default to cheap plastics despite pledges, and why only binding regulation—not voluntary commitments—can shift industry norms.",Importantly,concession_and_contrast,global_waste_trade_injustice,"However, the real issue goes beyond recycling: much of the world’s plastic waste is shipped to developing countries, where it pollutes rivers, soil, and communities—making a ban a matter of global fairness.",concession_and_contrast_global_waste_trade_injustice,"I should consider how wealthy countries export plastic waste to poorer nations, making this a global justice issue that requires upstream intervention at the production stage.",However,baseline,792,226,0.043356474438678266
14,0.0,,,synthesis_restructured,random,1,20260228_155741,1.187166452407837,"A total ban on single-use plastics is essential because these materials persist in the environment for centuries, causing lasting harm to ecosystems and future generations who didn’t choose this burden. Even though recycling is often promoted, less than 10% of plastic is actually recycled, and much of what is collected ends up being downcycled or shipped overseas, failing to solve the core problem. By banning single-use plastics at the source, we can significantly reduce pollution and shift society toward reusable, sustainable alternatives. This policy also addresses global environmental injustice, as wealthy nations often export their waste to poorer countries with fewer resources to manage it. A ban is not just an environmental necessity—it's a moral and practical step toward a healthier planet for everyone.",causal_reasoning,intergenerational_responsibility,"Therefore, a total ban is necessary to prevent irreversible harm to ecosystems and protect future generations from the lasting burden of plastic waste.",causal_reasoning_intergenerational_responsibility,"I should evaluate how plastics persist for centuries in the environment, meaning today's convenience imposes long-term burdens on future generations who had no say in their creation.",Therefore,conditional,recycling_system_failure,"If recycling isn’t a reliable solution, banning single-use plastics at the source is the most effective way to reduce pollution and break our dependence on disposable plastics.",conditional_recycling_system_failure,"I should consider that global plastic recycling rates remain below 10%, much plastic is downcycled or exported, and source reduction through bans is therefore necessary.",If,addition_and_elaboration,global_waste_trade_injustice,"Moreover, a total ban would prevent the export of environmental harm to developing countries, ensuring that the burden of plastic waste doesn’t fall unfairly on the most vulnerable.",addition_and_elaboration_global_waste_trade_injustice,"I should consider how wealthy countries export plastic waste to poorer nations, making this a global justice issue that requires upstream intervention at the production stage.",Moreover,baseline,821,255,0.04290262161211019
23,0.0,,,synthesis_restructured,random,3,20260228_155741,1.1109561920166016,"Single-use plastics are made from fossil fuels and release harmful greenhouse gases from production to disposal, worsening climate change. Thankfully, affordable and effective alternatives like reusable bags, metal straws, and compostable containers are already available for daily use. Banning these plastics isn’t about inconvenience—it’s about protecting our planet and communities. It also addresses global injustice, as much of the world’s plastic waste is shipped to developing countries that lack the infrastructure to handle it. A total ban would push industries to innovate and invest in sustainable materials. This shift is not only possible but necessary for a healthier environment and a fairer world. It's time to stop treating nature like a trash can and start protecting it for future generations.",clarification_and_specification,carbon_footprint_and_climate,"In other words, plastic production relies on fossil fuels and releases greenhouse gases at each stage, making it a significant contributor to climate change.",clarification_and_specification_carbon_footprint_and_climate,"I should analyze how single-use plastics are petrochemical products that contribute to emissions throughout their lifecycle, from extraction to incineration.",In other words,addition_and_elaboration,availability_of_alternatives,"Moreover, everyday alternatives like reusable bags, metal straws, and compostable containers are already widely available and more sustainable.",addition_and_elaboration_availability_of_alternatives,"I should demonstrate that reusable, compostable, and biodegradable alternatives are available for bags, straws, containers, and packaging, making a ban practically feasible.",Moreover,conditional,global_waste_trade_injustice,"If we allow single-use plastics to keep being made and used, we continue to burden poorer nations with waste they didn’t create and can’t manage.",conditional_global_waste_trade_injustice,"I should consider how wealthy countries export plastic waste to poorer nations, making this a global justice issue that requires upstream intervention at the production stage.",If,baseline,812,243,0.04259710668321146
38,0.0,,,synthesis_restructured,random,4,20260228_155741,1.206393480300903,"Single-use plastics cause devastating harm to marine life, with animals often mistaking them for food or becoming trapped in them, leading to injury or death. These plastics don’t disappear—they break down into microplastics that contaminate oceans, coral reefs, and even the seafood we eat, putting human health at risk. Without strong government action, companies will keep using these materials because they’re cheap and convenient, and voluntary efforts have repeatedly failed to make a real difference. A total ban is the only way to force a shift toward sustainable alternatives like reusable or compostable materials. It’s a necessary step to protect our planet, the creatures that live in it, and our own future. The environment and public health can’t wait for slow, piecemeal solutions—this is a crisis that demands decisive action now.",causal_reasoning,marine_ecosystem_destruction,"Therefore, banning single-use plastics is crucial to protect marine life and preserve fragile ocean ecosystems from irreversible harm.",causal_reasoning_marine_ecosystem_destruction,"I should consider how single-use plastics kill marine animals through ingestion and entanglement, degrade coral reefs, and disrupt ocean ecosystems at massive scale.",Therefore,clarification_and_specification,corporate_behavior_and_voluntary_failure,"In other words, without a total government ban, companies will continue relying on cheap, disposable plastics because they prioritize profit over sustainability.",clarification_and_specification_corporate_behavior_and_voluntary_failure,"I should analyze how manufacturers default to cheap plastics despite pledges, and why only binding regulation—not voluntary commitments—can shift industry norms.",In other words,addition_and_elaboration,marine_ecosystem_destruction,"Moreover, the environmental damage caused by these plastics is not just visual—it’s toxic, long-lasting, and ultimately threatens food chains, including human food sources.",addition_and_elaboration_marine_ecosystem_destruction,"I should consider how single-use plastics kill marine animals through ingestion and entanglement, degrade coral reefs, and disrupt ocean ecosystems at massive scale.",Moreover,baseline,846,275,0.04131796495596238
31,0.0,,,synthesis_restructured,random,0,20260228_155741,1.3555903434753418,"Single-use plastics are a major source of pollution that harms wildlife, contaminates waterways, and degrades ecosystems—millions of marine animals die each year from ingesting or becoming entangled in plastic waste. Fortunately, affordable and effective alternatives like paper, bamboo, and compostable materials are already widely available for everyday items such as bags, straws, and food containers. By implementing a total ban, the government can eliminate this pollution at the source while encouraging businesses and consumers to adopt sustainable habits. This shift would not only protect the environment but also promote innovation and create new green jobs. The average person can benefit from cleaner communities, healthier oceans, and a safer planet for future generations. It’s time to act decisively—banning single-use plastics is a responsible, achievable, and necessary step for long-term environmental health.",evidence_and_authority,availability_of_alternatives,"Evidence shows that viable alternatives exist for nearly every single-use plastic item—such as paper bags, bamboo straws, and compostable containers—making a total ban both realistic and achievable.",evidence_and_authority_availability_of_alternatives,"I should demonstrate that reusable, compostable, and biodegradable alternatives are available for bags, straws, containers, and packaging, making a ban practically feasible.",Evidence shows that,concession_and_contrast,marine_ecosystem_destruction,"However, the environmental toll of single-use plastics is devastating—over a million marine animals die annually from plastic entanglement or ingestion, and microplastics have been found in nearly every oceanic ecosystem.",concession_and_contrast_marine_ecosystem_destruction,"I should consider how single-use plastics kill marine animals through ingestion and entanglement, degrade coral reefs, and disrupt ocean ecosystems at massive scale.",However,causal_reasoning,availability_of_alternatives,"Therefore, a government-enforced ban would not only protect wildlife and reduce pollution but also drive innovation and shift consumer habits toward more sustainable choices.",causal_reasoning_availability_of_alternatives,"I should demonstrate that reusable, compostable, and biodegradable alternatives are available for bags, straws, containers, and packaging, making a ban practically feasible.",Therefore,baseline,927,319,0.04012164306078056
47,0.0,,,synthesis_restructured,random,4,20260228_155741,1.0699386596679688,"A total ban on single-use plastics is urgently needed because recycling alone can't handle the overwhelming volume of waste produced—most of it ends up in landfills or oceans. These plastics are made from fossil fuels, so their production and disposal contribute heavily to climate change through greenhouse gas emissions. Beyond environmental harm, microplastics from single-use items have been detected in human blood and organs, raising serious concerns about long-term health effects. As someone who cares about both clean communities and personal well-being, I believe the government has a responsibility to act decisively. A ban would push industries to innovate with safer, reusable alternatives and protect both people and the planet.",concession_and_contrast,recycling_system_failure,"However, banning single-use plastics at the source is a necessary step to reduce waste, especially since recycling alone cannot solve the plastic crisis.",concession_and_contrast_recycling_system_failure,"I should consider that global plastic recycling rates remain below 10%, much plastic is downcycled or exported, and source reduction through bans is therefore necessary.",However,emphasis_and_evaluation,carbon_footprint_and_climate,"Importantly, producing and disposing of single-use plastics releases significant greenhouse gases, so a ban would also help fight climate change.",emphasis_and_evaluation_carbon_footprint_and_climate,"I should analyze how single-use plastics are petrochemical products that contribute to emissions throughout their lifecycle, from extraction to incineration.",Importantly,emphasis_and_evaluation,microplastics_and_human_health,"Importantly, these tiny plastic particles are now found in our own bodies, which means we’re directly exposed to the chemicals in single-use plastics.",emphasis_and_evaluation_microplastics_and_human_health,"I should examine emerging evidence that microplastics accumulate in human tissue, blood, and organs, posing uncertain but potentially serious health risks.",Importantly,baseline,742,190,0.038318735822653986
35,0.0,,,synthesis_restructured,random,0,20260228_155741,1.2165930271148682,"Single-use plastics are a major source of pollution that harms wildlife, contaminates ecosystems, and persist for centuries—long after we've finished using them. While it might seem inconvenient to give up plastic bags or straws, the long-term damage to our planet outweighs short-term convenience. Countries like Rwanda and Kenya have shown that strict bans are not only possible but effective, leading to cleaner cities and reduced ocean pollution. Without government action, companies will continue relying on cheap plastics, ignoring promises to be greener. A total ban ensures accountability and pushes innovation toward truly sustainable alternatives. The government has a responsibility to protect public health and the environment—this is not about restricting freedom, but about protecting our shared future.",concession_and_contrast,intergenerational_responsibility,"However, the devastating environmental harm caused by single-use plastics—like pollution in oceans, harm to wildlife, and microplastic contamination—means we can't afford to ignore the damage they cause, even if they’re convenient now.",concession_and_contrast_intergenerational_responsibility,"I should evaluate how plastics persist for centuries in the environment, meaning today's convenience imposes long-term burdens on future generations who had no say in their creation.",However,addition_and_elaboration,success_of_existing_bans,"Moreover, countries and cities that have implemented plastic bans have seen significant drops in litter and cleaner public spaces, proving that such policies work in real-world settings.",addition_and_elaboration_success_of_existing_bans,"I should examine case studies from Rwanda, the EU, Kenya, and various US states showing that bans are enforceable and produce measurable reductions in pollution.",Moreover,concession_and_contrast,corporate_behavior_and_voluntary_failure,"However, without a government mandate, companies will keep prioritizing profit over sustainability, and the environment will continue to suffer.",concession_and_contrast_corporate_behavior_and_voluntary_failure,"I should analyze how manufacturers default to cheap plastics despite pledges, and why only binding regulation—not voluntary commitments—can shift industry norms.",However,baseline,817,249,0.038080735132234894
21,0.0,,,synthesis_restructured,random,0,20260228_155741,1.1194303035736084,"Single-use plastics are harmful and unnecessary, and a government ban is the most effective way to protect our environment and public health. Many alternatives—like reusable bags, paper wraps, and compostable containers—are already available and affordable, proving a ban is practical, not extreme. Without strict rules, companies keep choosing cheap plastic over sustainable options, even when they promise change. The real cost is paid by marine life: turtles, fish, and seabirds often die from eating plastic or getting trapped in it. This pollution also affects human health through microplastics entering our food and water. A total ban is not a sacrifice—it’s a necessary step to fix a problem that’s already causing irreversible harm to our planet.",concession_and_contrast,availability_of_alternatives,"However, many alternatives like reusable bags, paper packaging, and plant-based containers already exist and can easily replace single-use plastics in daily life.",concession_and_contrast_availability_of_alternatives,"I should demonstrate that reusable, compostable, and biodegradable alternatives are available for bags, straws, containers, and packaging, making a ban practically feasible.",However,exemplification,corporate_behavior_and_voluntary_failure,"For example, companies often claim to be sustainable but continue using plastic because there’s no legal requirement to change, so a ban forces real action.",exemplification_corporate_behavior_and_voluntary_failure,"I should analyze how manufacturers default to cheap plastics despite pledges, and why only binding regulation—not voluntary commitments—can shift industry norms.",For example,causal_reasoning,marine_ecosystem_destruction,"Therefore, reducing plastic waste is not just about cleanliness—it’s about protecting wildlife and preserving healthy oceans for future generations.",causal_reasoning_marine_ecosystem_destruction,"I should consider how single-use plastics kill marine animals through ingestion and entanglement, degrade coral reefs, and disrupt ocean ecosystems at massive scale.",Therefore,baseline,755,197,0.03779586106419258
9,0.0,,,synthesis_restructured,random,3,20260228_155741,1.215517520904541,"Single-use plastics are devastating our oceans and killing marine life—animals like turtles and seabirds often mistake plastic for food, leading to slow, painful deaths. Banning them entirely is the most effective way to stop this pollution at its source, rather than dealing with the consequences after the damage is done. Countries like Rwanda and Kenya have already proven it’s possible to enforce such bans successfully, with cleaner cities and less plastic in nature. When wealthy nations stop producing and exporting plastic waste, we also help protect communities in developing countries who bear the brunt of the pollution. A total ban isn’t radical—it’s responsible, practical, and necessary for a healthier planet. We can’t wait for the crisis to get worse; the time to act is now.",conditional,marine_ecosystem_destruction,"If we don’t ban single-use plastics, marine life will continue to suffer from pollution, with countless animals dying each year from ingesting or getting trapped in plastic waste.",conditional_marine_ecosystem_destruction,"I should consider how single-use plastics kill marine animals through ingestion and entanglement, degrade coral reefs, and disrupt ocean ecosystems at massive scale.",If,emphasis_and_evaluation,global_waste_trade_injustice,"Importantly, banning single-use plastics at the source stops the flow of waste that ends up harming vulnerable communities and ecosystems around the world.",emphasis_and_evaluation_global_waste_trade_injustice,"I should consider how wealthy countries export plastic waste to poorer nations, making this a global justice issue that requires upstream intervention at the production stage.",Importantly,causal_reasoning,success_of_existing_bans,"Therefore, real-world examples prove that a total ban is not just possible but effective—places that have implemented such bans have seen dramatic drops in plastic pollution.",causal_reasoning_success_of_existing_bans,"I should examine case studies from Rwanda, the EU, Kenya, and various US states showing that bans are enforceable and produce measurable reductions in pollution.",Therefore,baseline,791,225,0.03699421062196752
12,0.0,,,synthesis_restructured,random,4,20260228_155741,1.2693631649017334,"Single-use plastics are a major contributor to environmental pollution and climate change, releasing harmful greenhouse gases from production to disposal. Despite promises from corporations to reduce plastic use, they continue relying on these materials due to low costs, showing that voluntary efforts alone won’t work. Moreover, much of the world’s plastic waste is exported to poorer countries, causing severe environmental and health problems in vulnerable communities. A total government ban is the only effective way to stop this cycle and force industries to adopt sustainable alternatives. It’s not just about cleaning up the mess—it’s about preventing the harm before it starts. For the sake of our planet and global equity, a total ban on single-use plastics is both necessary and urgent.",conclusion_and_summary,carbon_footprint_and_climate,"In conclusion, single-use plastics are not only environmentally destructive but also contribute significantly to greenhouse gas emissions, making a total ban a necessary step toward climate action.",conclusion_and_summary_carbon_footprint_and_climate,"I should analyze how single-use plastics are petrochemical products that contribute to emissions throughout their lifecycle, from extraction to incineration.",In conclusion,emphasis_and_evaluation,corporate_behavior_and_voluntary_failure,"Importantly, even with corporate promises to reduce plastic use, companies continue relying on single-use plastics due to low production costs, showing that voluntary efforts are insufficient and only a government mandate can drive real change.",emphasis_and_evaluation_corporate_behavior_and_voluntary_failure,"I should analyze how manufacturers default to cheap plastics despite pledges, and why only binding regulation—not voluntary commitments—can shift industry norms.",Importantly,concession_and_contrast,global_waste_trade_injustice,"However, the problem is global—wealthy nations often export their plastic waste to developing countries, creating environmental and health crises abroad, which underscores the need for a total ban to prevent harm beyond borders.",concession_and_contrast_global_waste_trade_injustice,"I should consider how wealthy countries export plastic waste to poorer nations, making this a global justice issue that requires upstream intervention at the production stage.",However,baseline,798,230,0.03689152396976571
25,0.0,,,synthesis_restructured,random,4,20260228_155741,1.0453457832336426,"Single-use plastics are a major environmental hazard, lasting hundreds of years and damaging ecosystems, wildlife, and human health. Countries like Rwanda and Kenya have proven that banning them works, leading to cleaner streets and less pollution in rivers and oceans. These plastics also contribute to climate change by relying on fossil fuels for production and releasing emissions when burned or degraded. A total ban would encourage innovation in reusable and compostable alternatives that are safer and more sustainable. As someone who cares about leaving a cleaner world for future generations, I believe the government must act decisively to eliminate this persistent pollution source. This isn’t about inconvenience—it’s about responsibility and long-term survival.",exemplification,intergenerational_responsibility,"For example, plastic bags and bottles can take hundreds of years to decompose, polluting oceans and harming wildlife long after we're gone.",exemplification_intergenerational_responsibility,"I should evaluate how plastics persist for centuries in the environment, meaning today's convenience imposes long-term burdens on future generations who had no say in their creation.",For example,causal_reasoning,success_of_existing_bans,"Therefore, countries like Rwanda and Kenya have successfully banned plastic bags and seen cleaner cities and less waste in landfills and rivers.",causal_reasoning_success_of_existing_bans,"I should examine case studies from Rwanda, the EU, Kenya, and various US states showing that bans are enforceable and produce measurable reductions in pollution.",Therefore,clarification_and_specification,carbon_footprint_and_climate,"In other words, banning them helps reduce greenhouse gas emissions and dependence on fossil fuels, which benefits both climate and public health.",clarification_and_specification_carbon_footprint_and_climate,"I should analyze how single-use plastics are petrochemical products that contribute to emissions throughout their lifecycle, from extraction to incineration.",In other words,baseline,774,211,0.036621171902541716
12,0.0,,,synthesis_restructured,random,2,20260228_155741,1.2693262100219729,"Single-use plastics are made from fossil fuels and contribute to climate change at every stage—whether during production, transportation, or disposal. Even if companies promise to reduce plastic use, voluntary efforts fail without legal enforcement, allowing the status quo to continue. Recycling is often a myth, as most plastic waste either ends up in landfills or is exported to poorer countries that can’t manage it, creating environmental injustice. A government ban is the only way to stop this cycle at the source and force a shift toward sustainable alternatives. Without strong action, we’ll keep polluting our planet and burdening future generations with waste they didn’t create. A total ban is not just practical—it’s necessary for protecting both people and the planet.",conclusion_and_summary,carbon_footprint_and_climate,"In conclusion, banning single-use plastics is necessary because these items are made from fossil fuels and contribute to climate change at every stage—from production to disposal—making them environmentally unsustainable.",conclusion_and_summary_carbon_footprint_and_climate,"I should analyze how single-use plastics are petrochemical products that contribute to emissions throughout their lifecycle, from extraction to incineration.",In conclusion,emphasis_and_evaluation,corporate_behavior_and_voluntary_failure,"Importantly, companies often promise to reduce plastic use, but without legal enforcement, they continue relying on cheap plastic packaging, making a government ban the only reliable solution.",emphasis_and_evaluation_corporate_behavior_and_voluntary_failure,"I should analyze how manufacturers default to cheap plastics despite pledges, and why only binding regulation—not voluntary commitments—can shift industry norms.",Importantly,concession_and_contrast,global_waste_trade_injustice,"However, recycling isn’t enough—much of the plastic we “recycle” ends up in landfills or is shipped overseas, often to developing nations that lack the infrastructure to handle it, worsening global inequality.",concession_and_contrast_global_waste_trade_injustice,"I should consider how wealthy countries export plastic waste to poorer nations, making this a global justice issue that requires upstream intervention at the production stage.",However,baseline,782,217,0.03476487885142981
40,0.0,,,synthesis_restructured,random,4,20260228_155741,1.2602200508117676,"Single-use plastics are a major source of pollution, with most ending up in landfills or oceans instead of being recycled. While some people worry about convenience, eco-friendly alternatives like reusable bags, compostable containers, and biodegradable straws are already widely available and practical. A total ban would push businesses and consumers toward sustainable habits, reducing waste at the source. It’s not about inconvenience—it’s about protecting our planet for future generations. We’ve seen success in cities and countries that have already implemented such bans, with minimal disruption to everyday life. The solution isn’t just better recycling; it’s stopping the problem before it starts. That’s why a government-enforced ban on single-use plastics is not only necessary but also achievable and responsible.",sequence_and_transition,availability_of_alternatives,"Next-generation materials like compostable cornstarch containers and reusable silicone bags already offer reliable alternatives to single-use plastics, proving a ban is viable without disrupting daily life.",sequence_and_transition_availability_of_alternatives,"I should demonstrate that reusable, compostable, and biodegradable alternatives are available for bags, straws, containers, and packaging, making a ban practically feasible.",Next,emphasis_and_evaluation,recycling_system_failure,"Importantly, most single-use plastics aren’t recycled—so even if people try to recycle them, the system fails, making bans more effective than relying on individual responsibility.",emphasis_and_evaluation_recycling_system_failure,"I should consider that global plastic recycling rates remain below 10%, much plastic is downcycled or exported, and source reduction through bans is therefore necessary.",Importantly,exemplification,recycling_system_failure,"For example, plastic waste often ends up in oceans or landfills, harming wildlife and polluting our environment—banning it at the source is the most direct way to stop this damage.",exemplification_recycling_system_failure,"I should consider that global plastic recycling rates remain below 10%, much plastic is downcycled or exported, and source reduction through bans is therefore necessary.",For example,baseline,826,260,0.034583789550753606
11,0.0,,,synthesis_restructured,random,0,20260228_155741,1.3507883548736572,"The government should enforce a total ban on single-use plastics because it's one of the most effective ways to stop the massive environmental damage caused by plastic pollution. Right now, wealthy countries ship their plastic waste to poorer nations, where it harms local people and ecosystems without fair compensation or solutions. Even though companies promise to reduce plastic use, they keep doing it because there’s no real consequence—only a strict ban can force industries to switch to sustainable alternatives. Fortunately, reusable and biodegradable options like paper, glass, and plant-based materials are already available for everyday items like bags, straws, and food containers. A total ban isn’t about restricting freedom—it’s about protecting our health, oceans, and future generations. It’s time to stop treating plastic pollution as someone else’s problem and take decisive action.",emphasis_and_evaluation,global_waste_trade_injustice,"Importantly, many wealthy nations ship their plastic waste to developing countries, where it often ends up in rivers, oceans, and landfills, overwhelming local communities and ecosystems.",emphasis_and_evaluation_global_waste_trade_injustice,"I should consider how wealthy countries export plastic waste to poorer nations, making this a global justice issue that requires upstream intervention at the production stage.",Importantly,sequence_and_transition,corporate_behavior_and_voluntary_failure,"Next, despite promises from companies to reduce plastic use, most still rely on single-use plastics because there’s no real penalty for not changing—only a total ban can force meaningful industry transformation.",sequence_and_transition_corporate_behavior_and_voluntary_failure,"I should analyze how manufacturers default to cheap plastics despite pledges, and why only binding regulation—not voluntary commitments—can shift industry norms.",Next,emphasis_and_evaluation,availability_of_alternatives,"Importantly, alternatives like paper, glass, metal, and plant-based materials already exist for most single-use plastic items, so a ban isn’t about sacrificing convenience—it’s about choosing better options.",emphasis_and_evaluation_availability_of_alternatives,"I should demonstrate that reusable, compostable, and biodegradable alternatives are available for bags, straws, containers, and packaging, making a ban practically feasible.",Importantly,baseline,901,311,0.03415587662016425
4,1.7724313266826486,,,synthesis_restructured,targeted,0,20260228_155111,1.285102128982544,"A total ban on single-use plastics is essential because recycling alone can't handle the scale of plastic waste—most of it still ends up in landfills or oceans. The environmental damage caused by plastic pollution harms ecosystems, wildlife, and human health, while the cost of cleanup falls on taxpayers. Countries like Rwanda and the EU have shown that banning these items reduces pollution and drives innovation in sustainable alternatives. Given that even modest recycling efforts fail to keep up with plastic production, prevention through a ban is the only effective long-term solution. As an average citizen, I want cleaner streets, safer oceans, and a healthier planet—this ban is the most direct way to get there.",emphasis_and_evaluation,recycling_system_failure,"Importantly, banning single-use plastics at the national level addresses the root problem: overproduction and waste. Even if recycling were more widespread, it would still be less effective than preventing plastic use in the first place.",emphasis_and_evaluation_recycling_system_failure,"I should consider that global plastic recycling rates remain below 10%, much plastic is downcycled or exported, and source reduction through bans is therefore necessary.",Importantly,conclusion_and_summary,economic_externalities,"In conclusion, single-use plastics cause widespread environmental and economic harm—polluting oceans, harming wildlife, and burdening municipalities with cleanup costs—making a ban a necessary public health and financial protection measure.",conclusion_and_summary_economic_externalities,"I should calculate how cleanup costs, healthcare burdens, tourism losses, and ecosystem damage are borne by the public rather than producers—a market failure requiring correction.",In conclusion,conclusion_and_summary,success_of_existing_bans,"In conclusion, countries and regions that have implemented bans—like Rwanda and the EU—have drastically reduced plastic litter and encouraged innovation in reusable alternatives, proving that such bans are both practical and effective.",conclusion_and_summary_success_of_existing_bans,"I should examine case studies from Rwanda, the EU, Kenya, and various US states showing that bans are enforceable and produce measurable reductions in pollution.",In conclusion,targeted,722,10,0.03378390781353048
32,0.0,,,synthesis_restructured,random,3,20260228_155741,1.146080493927002,"The government should enforce a total ban on single-use plastics because they are a major source of pollution and climate change. Their production and disposal release dangerous greenhouse gases, worsening the climate crisis that affects us all. Additionally, much of the plastic waste we generate is exported to poorer countries, creating environmental injustice and endangering communities with inadequate waste systems. Plastic doesn’t vanish—it lingers for centuries, harming wildlife, contaminating water, and even entering our own food. Since reusable and biodegradable alternatives are available and growing in accessibility, we no longer have a reason to accept this waste. A total ban is a necessary and fair step toward protecting our planet and future generations.",concession_and_contrast,carbon_footprint_and_climate,"However, the production and disposal of single-use plastics release significant greenhouse gases and contribute to climate change, which affects everyone.",concession_and_contrast_carbon_footprint_and_climate,"I should analyze how single-use plastics are petrochemical products that contribute to emissions throughout their lifecycle, from extraction to incineration.",However,concession_and_contrast,global_waste_trade_injustice,"However, much of the plastic waste produced in wealthy nations ends up in developing countries, where waste management systems are overwhelmed, leading to pollution and health risks for vulnerable communities.",concession_and_contrast_global_waste_trade_injustice,"I should consider how wealthy countries export plastic waste to poorer nations, making this a global justice issue that requires upstream intervention at the production stage.",However,evidence_and_authority,intergenerational_responsibility,"Evidence shows that plastic waste can take hundreds of years to degrade, polluting oceans, soil, and even our food chain—this long-term harm is unacceptable when alternatives exist.",evidence_and_authority_intergenerational_responsibility,"I should evaluate how plastics persist for centuries in the environment, meaning today's convenience imposes long-term burdens on future generations who had no say in their creation.",Evidence shows that,baseline,775,212,0.03310596490430232
9,1.751392550419084,,,synthesis_restructured,targeted,4,20260228_155111,1.146610975265503,"Single-use plastics are devastating our oceans and wildlife—marine animals frequently ingest plastic debris, which can lead to injury or death. Even more troubling, microplastics have been found in human blood and organs, raising serious concerns about long-term health risks. Fortunately, real-world examples from Rwanda, Kenya, and the European Union prove that total bans are achievable and lead to cleaner cities and healthier ecosystems. As ordinary citizens, we have a responsibility to support policies that protect both our environment and our health. A total ban on single-use plastics is not just a good idea—it’s a necessary step toward a safer, more sustainable future.",emphasis_and_evaluation,marine_ecosystem_destruction,"Importantly, single-use plastics are a major threat to marine life—animals like turtles and seabirds often mistake plastic bags and bottles for food, leading to starvation and death.",emphasis_and_evaluation_marine_ecosystem_destruction,"I should consider how single-use plastics kill marine animals through ingestion and entanglement, degrade coral reefs, and disrupt ocean ecosystems at massive scale.",Importantly,conclusion_and_summary,microplastics_and_human_health,"In conclusion, even if we don’t fully understand the long-term effects, the presence of microplastics in our food and water supplies is a serious concern that demands immediate action.",conclusion_and_summary_microplastics_and_human_health,"I should examine emerging evidence that microplastics accumulate in human tissue, blood, and organs, posing uncertain but potentially serious health risks.",In conclusion,evidence_and_authority,success_of_existing_bans,"Evidence shows that countries like Rwanda and Kenya have successfully eliminated plastic bag waste after enforcing strict bans, proving that such policies are not only possible but effective.",evidence_and_authority_success_of_existing_bans,"I should examine case studies from Rwanda, the EU, Kenya, and various US states showing that bans are enforceable and produce measurable reductions in pollution.",Evidence shows that,targeted,681,2,0.032485958874119626
30,0.0,,,synthesis_restructured,random,1,20260228_155741,1.302502155303955,"Single-use plastics are a major environmental and social problem, and a total government ban is necessary to protect both people and the planet. Many wealthy countries export their plastic waste to poorer nations, where it overwhelms local infrastructure and harms communities that can’t afford to manage it. This creates a global injustice where the costs of pollution—cleanups, health issues, damaged ecosystems—are borne by those least responsible. Currently, taxpayers and future generations pay for the mess, while the companies that profit from single-use plastics face no real consequences. A total ban would force manufacturers to innovate and create truly sustainable alternatives, shifting responsibility to those who benefit from the status quo. It’s not just about convenience—it’s about fairness, health, and long-term survival. The time to act is now, before the damage becomes irreversible.",exemplification,global_waste_trade_injustice,"For example, many developed countries ship their plastic waste to less wealthy nations, which lack the infrastructure to manage it safely, leading to environmental harm and exploitation of vulnerable communities.",exemplification_global_waste_trade_injustice,"I should consider how wealthy countries export plastic waste to poorer nations, making this a global justice issue that requires upstream intervention at the production stage.",For example,addition_and_elaboration,economic_externalities,"Moreover, the costs of cleaning up plastic pollution and dealing with its health and environmental impacts are passed on to taxpayers and local communities, not the corporations that profit from single-use plastics.",addition_and_elaboration_economic_externalities,"I should calculate how cleanup costs, healthcare burdens, tourism losses, and ecosystem damage are borne by the public rather than producers—a market failure requiring correction.",Moreover,clarification_and_specification,global_waste_trade_injustice,"In other words, a total ban would force producers to design sustainable alternatives, shifting responsibility from consumers and future generations to those who profit from the current system.",clarification_and_specification_global_waste_trade_injustice,"I should consider how wealthy countries export plastic waste to poorer nations, making this a global justice issue that requires upstream intervention at the production stage.",In other words,baseline,905,314,0.032115913135856905
27,1.705821399919507,,,synthesis_restructured,targeted,2,20260228_155111,1.364133358001709,"Single-use plastics are a major source of pollution that harm wildlife, clog waterways, and degrade our environment for generations. Countries like Rwanda and Kenya have proven that a total ban is not only possible but effective, leading to cleaner streets and reduced plastic waste. In the European Union and several U.S. states, similar bans have already cut down plastic pollution while encouraging innovation in reusable and eco-friendly alternatives. The cost of ignoring this issue—cleaning up waste, damaging ecosystems, and risking public health—is far greater than the short-term inconvenience of change. We shouldn’t wait for disasters to act; we can choose cleaner, safer, and more sustainable solutions today. A government ban is a necessary step to protect our planet and our future.",emphasis_and_evaluation,success_of_existing_bans,"Importantly, countries like Rwanda and Kenya have successfully implemented nationwide bans on single-use plastics, leading to cleaner cities and reduced environmental harm—proving such policies are practical and effective even in developing nations.",emphasis_and_evaluation_success_of_existing_bans,"I should examine case studies from Rwanda, the EU, Kenya, and various US states showing that bans are enforceable and produce measurable reductions in pollution.",Importantly,conclusion_and_summary,economic_externalities,"In conclusion, the real cost of single-use plastics isn’t just in their production—it’s in the cleanup, polluted waterways, damaged ecosystems, and even health impacts, costs we all end up paying through taxes and degraded environments.",conclusion_and_summary_economic_externalities,"I should calculate how cleanup costs, healthcare burdens, tourism losses, and ecosystem damage are borne by the public rather than producers—a market failure requiring correction.",In conclusion,evidence_and_authority,success_of_existing_bans,"Evidence shows that when bans are implemented—like in the EU or California—plastic waste in oceans and landfills drops significantly, and alternatives like reusable bags and biodegradable packaging become more common and affordable.",evidence_and_authority_success_of_existing_bans,"I should examine case studies from Rwanda, the EU, Kenya, and various US states showing that bans are enforceable and produce measurable reductions in pollution.",Evidence shows that,targeted,796,56,0.031733943321191
34,0.0,,,synthesis_restructured,random,1,20260228_155741,1.2132103443145752,"Single-use plastics are a major source of pollution, with less than 10% being recycled globally—most end up in landfills or the ocean, where they harm wildlife and degrade ecosystems. Marine animals often mistake plastic for food, leading to injury or death, and even coral reefs are being damaged by plastic waste. Fortunately, we already have practical, sustainable alternatives like reusable bags, glass containers, and compostable packaging that can meet our daily needs without harm. A government-enforced ban on single-use plastics is not only necessary but also achievable, pushing society toward cleaner, more responsible habits. It’s time to stop treating the planet as a trash can and start protecting it for future generations.",clarification_and_specification,recycling_system_failure,"In other words, banning single-use plastics at the government level is essential because most of these materials don't get recycled and instead end up polluting oceans, landfills, and ecosystems.",clarification_and_specification_recycling_system_failure,"I should consider that global plastic recycling rates remain below 10%, much plastic is downcycled or exported, and source reduction through bans is therefore necessary.",In other words,causal_reasoning,marine_ecosystem_destruction,"Therefore, continuing to allow single-use plastics contributes to irreversible harm to wildlife and marine habitats, which are vital to Earth’s biodiversity and human well-being.",causal_reasoning_marine_ecosystem_destruction,"I should consider how single-use plastics kill marine animals through ingestion and entanglement, degrade coral reefs, and disrupt ocean ecosystems at massive scale.",Therefore,evidence_and_authority,availability_of_alternatives,"Evidence shows that alternatives like paper, glass, metal, and plant-based materials can easily replace single-use plastics in daily life, meaning a ban doesn’t mean inconvenience—it means innovation.",evidence_and_authority_availability_of_alternatives,"I should demonstrate that reusable, compostable, and biodegradable alternatives are available for bags, straws, containers, and packaging, making a ban practically feasible.",Evidence shows that,baseline,738,188,0.03010877884054291
17,0.0,,,synthesis_restructured,random,1,20260228_155741,1.0798754692077637,"Single-use plastics are made from fossil fuels and contribute heavily to greenhouse gas emissions throughout their lifecycle, so banning them is a necessary step in fighting climate change. Fortunately, affordable and effective alternatives like reusable bags, paper straws, and compostable containers are already available and widely used in many places. Despite common belief, recycling alone can't fix the plastic crisis—less than 10% of plastic is actually recycled, and much of it ends up in landfills or oceans. A total ban forces a shift toward sustainable habits and encourages innovation in eco-friendly packaging. It’s not just about stopping pollution; it’s about protecting our environment, health, and future for the next generation. A ban is not extreme—it’s practical, responsible, and long overdue.",causal_reasoning,carbon_footprint_and_climate,"Therefore, banning them reduces carbon emissions and supports climate action.",causal_reasoning_carbon_footprint_and_climate,"I should analyze how single-use plastics are petrochemical products that contribute to emissions throughout their lifecycle, from extraction to incineration.",Therefore,addition_and_elaboration,availability_of_alternatives,"Moreover, alternatives already exist and are widely used in many communities, proving that a total ban is achievable without major disruption.",addition_and_elaboration_availability_of_alternatives,"I should demonstrate that reusable, compostable, and biodegradable alternatives are available for bags, straws, containers, and packaging, making a ban practically feasible.",Moreover,causal_reasoning,recycling_system_failure,"Therefore, relying on recycling alone fails to solve the problem, and a ban is needed to prevent overwhelming landfills and oceans.",causal_reasoning_recycling_system_failure,"I should consider that global plastic recycling rates remain below 10%, much plastic is downcycled or exported, and source reduction through bans is therefore necessary.",Therefore,baseline,814,246,0.029632346476477615
13,0.0,,,synthesis_restructured,random,3,20260228_155741,1.1735553741455078,"The government should enforce a total ban on single-use plastics because they cause massive environmental harm, killing over a million marine animals annually through ingestion and entanglement. These plastics often end up in oceans and are exported from wealthy nations to poorer countries, creating environmental injustice and overburdening already vulnerable communities. Beyond marine life, single-use plastics are made from fossil fuels and contribute to climate change at every stage—from production to disposal. A ban would reduce pollution, protect ecosystems, and encourage innovation in sustainable alternatives. As an average person, I know the convenience of plastic doesn’t justify the long-term damage to our planet and future generations. A ban is a necessary, bold step toward a cleaner, healthier world.",exemplification,global_waste_trade_injustice,"For example, many developed countries ship their plastic waste to countries with weaker environmental regulations, often harming local communities and ecosystems in the Global South.",exemplification_global_waste_trade_injustice,"I should consider how wealthy countries export plastic waste to poorer nations, making this a global justice issue that requires upstream intervention at the production stage.",For example,evidence_and_authority,marine_ecosystem_destruction,"Evidence shows that over a million marine animals die each year due to plastic pollution, including turtles, whales, and seabirds, which are often mistaken for food or trapped in debris.",evidence_and_authority_marine_ecosystem_destruction,"I should consider how single-use plastics kill marine animals through ingestion and entanglement, degrade coral reefs, and disrupt ocean ecosystems at massive scale.",Evidence shows that,conditional,carbon_footprint_and_climate,"If we ban single-use plastics, we reduce fossil fuel dependency and lower carbon emissions, helping combat climate change and creating cleaner air for everyone.",conditional_carbon_footprint_and_climate,"I should analyze how single-use plastics are petrochemical products that contribute to emissions throughout their lifecycle, from extraction to incineration.",If,baseline,820,253,0.029589381454192723
9,0.0,,,synthesis_restructured,random,1,20260228_155741,1.3131413459777832,"Single-use plastics are killing marine life, polluting our oceans, and harming communities—especially in poorer nations that bear the brunt of plastic waste. We’ve seen time and again that when governments take strong action, like Rwanda and Kenya did with nationwide bans, plastic pollution drops fast and people adapt. It’s not just about protecting nature—it’s about fairness, too, since wealthy countries often dump their waste on others. A total ban is a bold but necessary move to protect our planet and future generations. The evidence shows it works, and we don’t have to wait for perfect alternatives—better options already exist. The real cost isn’t the ban, but the ongoing damage we’re ignoring. It’s time to act before it’s too late.",conditional,marine_ecosystem_destruction,"If we continue using single-use plastics, marine life like turtles, fish, and seabirds will keep dying from ingesting or getting trapped in plastic waste, which is both cruel and irreversible.",conditional_marine_ecosystem_destruction,"I should consider how single-use plastics kill marine animals through ingestion and entanglement, degrade coral reefs, and disrupt ocean ecosystems at massive scale.",If,emphasis_and_evaluation,global_waste_trade_injustice,"Importantly, many countries ship their plastic waste to developing nations, where it overwhelms local waste systems and harms communities—so stopping single-use plastics at the source is a fair and necessary step.",emphasis_and_evaluation_global_waste_trade_injustice,"I should consider how wealthy countries export plastic waste to poorer nations, making this a global justice issue that requires upstream intervention at the production stage.",Importantly,causal_reasoning,success_of_existing_bans,"Therefore, banning single-use plastics isn’t just idealistic—it’s practical, as proven by places like Rwanda and Kenya, where bans drastically reduced plastic pollution and improved public health.",causal_reasoning_success_of_existing_bans,"I should examine case studies from Rwanda, the EU, Kenya, and various US states showing that bans are enforceable and produce measurable reductions in pollution.",Therefore,baseline,746,192,0.027744352930101586
35,1.705821399919507,,,synthesis_restructured,targeted,3,20260228_155111,1.2879621982574463,"The government should enforce a total ban on single-use plastics because companies won’t change their habits unless forced to. Without strong rules, businesses keep using cheap plastic, even when they promise to do better. These bans are essential to stop environmental damage and protect public health. Countries like Rwanda and Kenya have already proven that such bans work—cutting pollution and cleaning up cities. The cost of plastic waste—cleaning beaches, harming wildlife, and affecting our health—is paid by everyone, not just the polluters. A ban ensures fairness and forces real innovation. It’s time we take responsibility and protect our planet for future generations.",emphasis_and_evaluation,corporate_behavior_and_voluntary_failure,"Importantly, companies often prioritize short-term profits over environmental responsibility, and they rarely act without legal pressure. A total ban forces them to innovate and adopt sustainable alternatives, ensuring real change rather than empty promises.",emphasis_and_evaluation_corporate_behavior_and_voluntary_failure,"I should analyze how manufacturers default to cheap plastics despite pledges, and why only binding regulation—not voluntary commitments—can shift industry norms.",Importantly,conclusion_and_summary,economic_externalities,"In conclusion, the cost of plastic pollution—cleaning up beaches, treating health issues from microplastics, and damaging tourism—is ultimately paid by taxpayers and communities, not corporations. A ban is a fair and necessary measure to hold polluters accountable.",conclusion_and_summary_economic_externalities,"I should calculate how cleanup costs, healthcare burdens, tourism losses, and ecosystem damage are borne by the public rather than producers—a market failure requiring correction.",In conclusion,evidence_and_authority,success_of_existing_bans,"Evidence shows that countries and regions that have banned single-use plastics—like Rwanda and Kenya—have seen dramatic reductions in litter and pollution. These bans work in practice, proving that a government-led approach is both feasible and effective.",evidence_and_authority_success_of_existing_bans,"I should examine case studies from Rwanda, the EU, Kenya, and various US states showing that bans are enforceable and produce measurable reductions in pollution.",Evidence shows that,targeted,680,1,0.026467257034169734
39,0.0,,,synthesis_restructured,random,4,20260228_155741,1.354590892791748,"Single-use plastics are a major source of pollution that harm ecosystems, wildlife, and human health, yet they continue to be produced and used at alarming rates. Because these materials can take centuries to break down, each plastic item we use today will still be with us long after we’re gone. Companies won’t change their behavior on their own because plastic is cheap and profitable, and voluntary pledges have failed to make a real difference. The true cost of this pollution—cleaning up oceans, protecting wildlife, and treating health problems—is paid by taxpayers and communities, not the corporations that profit from plastic. A total ban is necessary to stop this damage at the source and protect the environment for future generations. It’s not about restricting freedom—it’s about protecting our shared planet and long-term well-being.",emphasis_and_evaluation,intergenerational_responsibility,"Importantly, single-use plastics don’t just vanish after use—they linger in oceans, soil, and food chains for hundreds of years, harming wildlife and contaminating the environment we all depend on.",emphasis_and_evaluation_intergenerational_responsibility,"I should evaluate how plastics persist for centuries in the environment, meaning today's convenience imposes long-term burdens on future generations who had no say in their creation.",Importantly,emphasis_and_evaluation,corporate_behavior_and_voluntary_failure,"Importantly, companies keep using single-use plastics because they’re cheap and profitable, and without strong rules, they won’t change on their own—even if they promise to be greener.",emphasis_and_evaluation_corporate_behavior_and_voluntary_failure,"I should analyze how manufacturers default to cheap plastics despite pledges, and why only binding regulation—not voluntary commitments—can shift industry norms.",Importantly,conclusion_and_summary,economic_externalities,"In conclusion, the damage from plastic pollution—like clogged waterways, sick marine life, and contaminated food—ultimately costs all of us through higher taxes, lost jobs, and health risks.",conclusion_and_summary_economic_externalities,"I should calculate how cleanup costs, healthcare burdens, tourism losses, and ecosystem damage are borne by the public rather than producers—a market failure requiring correction.",In conclusion,baseline,848,278,0.025809897967542468
18,0.0,,,synthesis_restructured,random,4,20260228_155741,1.2089779376983645,"Single-use plastics are harmful to the planet in ways that go far beyond just littering parks and beaches—they're made from fossil fuels, which contribute to climate change at every stage of their life cycle. Even when people try to recycle, most single-use plastics end up in landfills or oceans, where they break down into microplastics that poison wildlife and enter our food chain. We already have practical, reusable alternatives—like cloth bags, metal straws, and glass containers—that work just as well and are safer for the environment. A total ban isn’t extreme; it’s a necessary step to protect our oceans, wildlife, and long-term health. By acting now, we can encourage innovation, reduce pollution, and build a cleaner, more sustainable future for everyone.",causal_reasoning,carbon_footprint_and_climate,"Therefore, banning them reduces reliance on fossil fuels and helps combat climate change—not just by reducing litter but by cutting down on carbon emissions.",causal_reasoning_carbon_footprint_and_climate,"I should analyze how single-use plastics are petrochemical products that contribute to emissions throughout their lifecycle, from extraction to incineration.",Therefore,conditional,carbon_footprint_and_climate,"If we want to reduce pollution and protect the environment, it's essential to stop producing these materials at scale, especially since we already have safe and effective alternatives.",conditional_carbon_footprint_and_climate,"I should analyze how single-use plastics are petrochemical products that contribute to emissions throughout their lifecycle, from extraction to incineration.",If,concession_and_contrast,marine_ecosystem_destruction,"However, it's not just about pollution—it's about protecting wildlife and natural habitats that support human life, like fisheries and coastal economies.",concession_and_contrast_marine_ecosystem_destruction,"I should consider how single-use plastics kill marine animals through ingestion and entanglement, degrade coral reefs, and disrupt ocean ecosystems at massive scale.",However,baseline,769,205,0.02540204295902124
27,0.0,,,synthesis_restructured,random,0,20260228_155741,1.1443710327148438,"Single-use plastics are a serious threat to our environment and public health, polluting oceans and harming wildlife that we all depend on. Marine animals frequently ingest plastic debris, which can cause internal injuries, blockages, and death, disrupting entire ecosystems. While some argue for alternatives, the reality is that without a total government ban, companies will keep producing these harmful materials because they are cheap and profitable. Voluntary industry actions have failed to reduce plastic waste effectively, meaning regulation is the only reliable solution. A ban would push innovation toward sustainable alternatives and protect future generations. Ultimately, protecting our planet and public health requires bold, enforceable action—starting with a total ban on single-use plastics.",emphasis_and_evaluation,economic_externalities,"Importantly, single-use plastics pollute our oceans, clog waterways, and harm wildlife, and these consequences are ultimately paid for by taxpayers through cleanup efforts and environmental restoration.",emphasis_and_evaluation_economic_externalities,"I should calculate how cleanup costs, healthcare burdens, tourism losses, and ecosystem damage are borne by the public rather than producers—a market failure requiring correction.",Importantly,addition_and_elaboration,marine_ecosystem_destruction,"Moreover, marine animals often mistake plastic for food, leading to starvation, internal injuries, and death—threatening entire ecosystems and biodiversity.",addition_and_elaboration_marine_ecosystem_destruction,"I should consider how single-use plastics kill marine animals through ingestion and entanglement, degrade coral reefs, and disrupt ocean ecosystems at massive scale.",Moreover,concession_and_contrast,corporate_behavior_and_voluntary_failure,"However, without a strict ban, companies continue relying on cheap, disposable plastics, and voluntary measures have repeatedly failed to make meaningful change.",concession_and_contrast_corporate_behavior_and_voluntary_failure,"I should analyze how manufacturers default to cheap plastics despite pledges, and why only binding regulation—not voluntary commitments—can shift industry norms.",However,baseline,809,241,0.024776943005347836
34,0.0,,,synthesis_restructured,random,2,20260228_155741,1.1341824531555176,"The government should enforce a total ban on single-use plastics because most of these items aren’t recycled—less than 10% globally—and end up polluting our oceans and landfills. This pollution harms marine animals, who often mistake plastic for food or become trapped in it, contributing to ecosystem collapse. Fortunately, we already have viable alternatives like reusable bags, compostable containers, and bamboo straws that can meet our everyday needs without the environmental cost. A ban would push society to adopt these sustainable options and stop treating the planet as a dumping ground. It’s not just about convenience—it’s about protecting wildlife, human health, and the environment for future generations. A total ban is both necessary and achievable with the tools we already have.",clarification_and_specification,recycling_system_failure,"In other words, since most single-use plastics aren't actually recycled, banning them at the source is the most effective way to reduce pollution and protect the environment.",clarification_and_specification_recycling_system_failure,"I should consider that global plastic recycling rates remain below 10%, much plastic is downcycled or exported, and source reduction through bans is therefore necessary.",In other words,causal_reasoning,marine_ecosystem_destruction,"Therefore, banning these plastics is essential to prevent irreversible harm to wildlife and marine ecosystems that support human livelihoods and biodiversity.",causal_reasoning_marine_ecosystem_destruction,"I should consider how single-use plastics kill marine animals through ingestion and entanglement, degrade coral reefs, and disrupt ocean ecosystems at massive scale.",Therefore,evidence_and_authority,availability_of_alternatives,"Evidence shows that alternatives like paper, bamboo, and plant-based materials can easily replace single-use plastics in daily life.",evidence_and_authority_availability_of_alternatives,"I should demonstrate that reusable, compostable, and biodegradable alternatives are available for bags, straws, containers, and packaging, making a ban practically feasible.",Evidence shows that,baseline,796,228,0.023557590877835505
17,0.0,,,synthesis_restructured,random,0,20260228_155741,1.1942224502563477,"Single-use plastics are a major contributor to climate change, as they are made from fossil fuels and release greenhouse gases throughout their entire life cycle—from production to disposal. Banning them would dramatically reduce carbon emissions and help protect the environment for future generations. Luckily, there are already many practical and affordable alternatives available—like reusable bags, metal straws, and compostable food containers—that make going plastic-free easy and convenient. Since less than 10% of plastic is actually recycled, and much of the rest ends up in landfills or oceans, recycling alone can’t solve the problem. A government-enforced ban is the most effective way to stop the flow of plastic pollution at the source and create lasting environmental change. It’s time we take bold action to protect our planet, and a total ban on single-use plastics is the right step.",causal_reasoning,carbon_footprint_and_climate,"Therefore, banning them would significantly reduce greenhouse gas emissions and help combat climate change.",causal_reasoning_carbon_footprint_and_climate,"I should analyze how single-use plastics are petrochemical products that contribute to emissions throughout their lifecycle, from extraction to incineration.",Therefore,addition_and_elaboration,availability_of_alternatives,"Moreover, many everyday alternatives like cloth bags, metal straws, and plant-based containers already exist and are accessible to most people.",addition_and_elaboration_availability_of_alternatives,"I should demonstrate that reusable, compostable, and biodegradable alternatives are available for bags, straws, containers, and packaging, making a ban practically feasible.",Moreover,causal_reasoning,recycling_system_failure,"Therefore, relying on recycling is not enough—preventing plastic waste at the source by banning single-use items is the most effective path forward.",causal_reasoning_recycling_system_failure,"I should consider that global plastic recycling rates remain below 10%, much plastic is downcycled or exported, and source reduction through bans is therefore necessary.",Therefore,baseline,902,312,0.02352832001526668
28,0.0,,,synthesis_restructured,random,1,20260228_155741,1.2182245254516602,"The government should enforce a total ban on single-use plastics because companies won’t change on their own—without strict laws, they’ll keep using cheap plastic just because it's convenient. Countries like Rwanda and Kenya have already proven that such bans work, drastically cutting pollution and cleaning up cities and beaches. Every year, millions of marine animals die from swallowing or getting trapped in plastic, harming entire ocean ecosystems. Even though some worry about alternatives, reusable and compostable options are becoming more affordable and accessible. A ban is the only way to end our dependence on plastic that harms people, animals, and the planet. It’s time to prioritize the environment over convenience.",clarification_and_specification,corporate_behavior_and_voluntary_failure,"In other words, many companies say they’re reducing plastic use, but without strict laws, they just keep using it because it's cheaper and easier. A total ban would force them to actually change, not just pretend.",clarification_and_specification_corporate_behavior_and_voluntary_failure,"I should analyze how manufacturers default to cheap plastics despite pledges, and why only binding regulation—not voluntary commitments—can shift industry norms.",In other words,addition_and_elaboration,success_of_existing_bans,"Moreover, countries like Rwanda and Kenya have banned single-use plastics and seen huge drops in litter, proving that these laws work in real life, not just on paper.",addition_and_elaboration_success_of_existing_bans,"I should examine case studies from Rwanda, the EU, Kenya, and various US states showing that bans are enforceable and produce measurable reductions in pollution.",Moreover,addition_and_elaboration,marine_ecosystem_destruction,"Moreover, plastic waste kills millions of sea animals every year—turtles, fish, birds—by choking them or poisoning them with toxic chemicals, and we can’t keep ignoring this.",addition_and_elaboration_marine_ecosystem_destruction,"I should consider how single-use plastics kill marine animals through ingestion and entanglement, degrade coral reefs, and disrupt ocean ecosystems at massive scale.",Moreover,baseline,732,184,0.022554580568627743
9,1.751392550419084,,,synthesis_restructured,targeted,2,20260228_155111,1.2964081764221191,"Single-use plastics are a major threat to marine life, with animals like sea turtles and whales often dying after ingesting plastic bags or entanglement in plastic debris. These materials don’t just disappear—they break down into microplastics that can enter our food and water, posing unknown but real risks to human health. Fortunately, countries like Rwanda and the European Union have successfully implemented bans, resulting in cleaner cities, less ocean pollution, and increased public awareness. A total ban is not only environmentally responsible but also achievable with proper enforcement and public support. As a regular person, I believe we have a duty to protect our planet and future generations. It’s time for the government to act decisively and eliminate single-use plastics once and for all.",emphasis_and_evaluation,marine_ecosystem_destruction,"Importantly, single-use plastics are a leading cause of marine pollution, harming animals like sea turtles, whales, and seabirds that mistake plastic for food, often resulting in painful deaths.",emphasis_and_evaluation_marine_ecosystem_destruction,"I should consider how single-use plastics kill marine animals through ingestion and entanglement, degrade coral reefs, and disrupt ocean ecosystems at massive scale.",Importantly,conclusion_and_summary,microplastics_and_human_health,"In conclusion, banning single-use plastics is a necessary step to protect both the environment and human health, since these materials break down into microplastics that can enter our food and water supply.",conclusion_and_summary_microplastics_and_human_health,"I should examine emerging evidence that microplastics accumulate in human tissue, blood, and organs, posing uncertain but potentially serious health risks.",In conclusion,evidence_and_authority,success_of_existing_bans,"Evidence shows that countries and regions that have banned single-use plastics—like Rwanda and the EU—have seen dramatic reductions in litter and cleaner public spaces, proving such bans are both practical and effective.",evidence_and_authority_success_of_existing_bans,"I should examine case studies from Rwanda, the EU, Kenya, and various US states showing that bans are enforceable and produce measurable reductions in pollution.",Evidence shows that,targeted,809,70,0.022513063093319505
21,0.0,,,synthesis_restructured,random,1,20260228_155741,1.324932336807251,"Single-use plastics are a major source of pollution that harms wildlife, contaminates waterways, and damages ecosystems—animals often mistake them for food or get trapped in them, leading to suffering and death. Fortunately, effective alternatives already exist, from reusable bags to compostable packaging, so banning single-use plastics isn’t about inconvenience—it’s about making sustainable choices the default. Right now, companies keep using plastic because they aren’t forced to change, even when they promise to be greener; a government ban is the only way to ensure real accountability. Without strict rules, progress stalls and the planet continues to pay the price. A total ban would push innovation, reduce landfill waste, and protect future generations. It’s time for bold action, not slow promises. The environment—our home—deserves better than endless plastic.",concession_and_contrast,availability_of_alternatives,"However, many single-use plastic alternatives are already available—like reusable bags, biodegradable containers, and paper straws—making a ban not only viable but necessary to push widespread adoption.",concession_and_contrast_availability_of_alternatives,"I should demonstrate that reusable, compostable, and biodegradable alternatives are available for bags, straws, containers, and packaging, making a ban practically feasible.",However,exemplification,corporate_behavior_and_voluntary_failure,"For example, companies often claim to be “eco-friendly” but still rely on single-use plastics because there’s no law forcing them to change—only a ban can ensure real progress.",exemplification_corporate_behavior_and_voluntary_failure,"I should analyze how manufacturers default to cheap plastics despite pledges, and why only binding regulation—not voluntary commitments—can shift industry norms.",For example,causal_reasoning,marine_ecosystem_destruction,"Therefore, the environmental damage caused by plastic pollution—like animals dying from ingesting plastic or entire ecosystems being harmed—is too severe to ignore.",causal_reasoning_marine_ecosystem_destruction,"I should consider how single-use plastics kill marine animals through ingestion and entanglement, degrade coral reefs, and disrupt ocean ecosystems at massive scale.",Therefore,baseline,875,292,0.02211240496566891
49,0.0,,,synthesis_restructured,random,3,20260228_155741,1.3593792915344238,"The government should enforce a total ban on single-use plastics because they cause widespread environmental harm that directly impacts ordinary people. Every year, millions of marine animals die from ingesting or getting trapped in plastic waste, which damages ecosystems and threatens fish populations we depend on for food and livelihoods. The pollution also degrades beaches and water quality, hurting tourism and recreational activities that communities rely on. Even though some may argue that alternatives are inconvenient, the long-term costs of plastic pollution—on health, nature, and public finances—far outweigh the short-term ease of convenience. A ban would push industry to innovate with sustainable alternatives and ensure that the burden of cleanup isn’t left to taxpayers and local communities. Ultimately, protecting our environment and public health requires bold, decisive action, and a total ban is the most effective way to stop this crisis in its tracks.",addition_and_elaboration,economic_externalities,"Moreover, the environmental toll of single-use plastics—like pollution in oceans and harm to wildlife—directly affects everyday people through degraded ecosystems and contaminated food sources.",addition_and_elaboration_economic_externalities,"I should calculate how cleanup costs, healthcare burdens, tourism losses, and ecosystem damage are borne by the public rather than producers—a market failure requiring correction.",Moreover,exemplification,marine_ecosystem_destruction,"For example, millions of marine animals die each year from ingesting or becoming entangled in plastic waste, which not only harms biodiversity but also threatens fish populations we rely on for food.",exemplification_marine_ecosystem_destruction,"I should consider how single-use plastics kill marine animals through ingestion and entanglement, degrade coral reefs, and disrupt ocean ecosystems at massive scale.",For example,exemplification,marine_ecosystem_destruction,"For example, millions of marine animals die each year from ingesting or becoming entangled in plastic waste, which not only harms biodiversity but also threatens fish populations we rely on for food.",exemplification_marine_ecosystem_destruction,"I should consider how single-use plastics kill marine animals through ingestion and entanglement, degrade coral reefs, and disrupt ocean ecosystems at massive scale.",For example,baseline,978,337,0.02130538598296842
2,0.0,,,synthesis_restructured,random,2,20260228_155741,1.1728496551513672,"A total ban on single-use plastics is necessary because recycling alone can't handle the scale of the waste crisis—most of these items aren't recycled at all, and much of what is recycled ends up being downcycled or exported. Even when recycling happens, it often fails to truly close the loop, leading to pollution in ecosystems and landfills. Without strict government action, companies will continue relying on cheap, disposable plastics, despite green promises that rarely lead to real change. A ban creates a clear signal that it's time to innovate with reusable and biodegradable alternatives. This is not about restricting freedom—it's about protecting our planet for future generations. Only bold, enforceable rules can drive the systemic change we urgently need.",causal_reasoning,recycling_system_failure,"Therefore, a total ban on single-use plastics is essential to reduce the overwhelming amount of plastic waste that ends up in landfills and oceans.",causal_reasoning_recycling_system_failure,"I should consider that global plastic recycling rates remain below 10%, much plastic is downcycled or exported, and source reduction through bans is therefore necessary.",Therefore,clarification_and_specification,recycling_system_failure,"In other words, relying on recycling alone won't solve the problem—most single-use plastics aren't recycled, and even when they are, the process often fails to truly close the loop.",clarification_and_specification_recycling_system_failure,"I should consider that global plastic recycling rates remain below 10%, much plastic is downcycled or exported, and source reduction through bans is therefore necessary.",In other words,conclusion_and_summary,corporate_behavior_and_voluntary_failure,"In conclusion, only a total ban can force companies to innovate with sustainable alternatives, ensuring long-term environmental protection.",conclusion_and_summary_corporate_behavior_and_voluntary_failure,"I should analyze how manufacturers default to cheap plastics despite pledges, and why only binding regulation—not voluntary commitments—can shift industry norms.",In conclusion,baseline,771,207,0.02123464882489742
43,0.0,,,synthesis_restructured,random,0,20260228_155741,1.2379558086395264,"Single-use plastics are a major source of pollution that harms wildlife and ecosystems, and they often end up in oceans and landfills where they persist for centuries. While some argue that recycling can solve the problem, the reality is that less than 10% of plastic is actually recycled, and much of what is collected ends up being downcycled or exported. Fortunately, affordable and practical alternatives like paper, glass, metal, and compostable materials are already widely available for everyday use. A total ban would drive innovation, reduce waste, and protect the environment for future generations. Since we don’t need these short-term conveniences at the cost of long-term damage, banning single-use plastics is not only responsible—it’s necessary.",evidence_and_authority,availability_of_alternatives,"Evidence shows that alternatives like paper, glass, metal, and compostable materials can easily replace single-use plastics in everyday items such as bags, bottles, and food containers.",evidence_and_authority_availability_of_alternatives,"I should demonstrate that reusable, compostable, and biodegradable alternatives are available for bags, straws, containers, and packaging, making a ban practically feasible.",Evidence shows that,exemplification,recycling_system_failure,"For example, most plastic waste isn’t recycled properly—instead, it ends up in landfills, oceans, or incinerators—making bans a more effective solution than relying on recycling.",exemplification_recycling_system_failure,"I should consider that global plastic recycling rates remain below 10%, much plastic is downcycled or exported, and source reduction through bans is therefore necessary.",For example,evidence_and_authority,intergenerational_responsibility,"Evidence shows that single-use plastics can take hundreds of years to decompose, polluting ecosystems and harming wildlife, which means we have a moral obligation to stop producing them.",evidence_and_authority_intergenerational_responsibility,"I should evaluate how plastics persist for centuries in the environment, meaning today's convenience imposes long-term burdens on future generations who had no say in their creation.",Evidence shows that,baseline,760,200,0.02122125096870401
20,0.0,,,synthesis_restructured,random,1,20260228_155741,1.295701026916504,"Single-use plastics are a major environmental hazard that contribute heavily to climate change through their carbon-intensive production and disposal. Even when recycled, they require energy and release pollutants, making them unsustainable in the long run. Relying on voluntary industry changes or public goodwill has failed so far—only a strong government ban can force companies to adopt truly eco-friendly alternatives. Worse, these plastics don’t disappear; they break down into microplastics that contaminate our water, soil, and food, threatening both nature and human health for generations to come. A total ban is not an extreme measure—it’s a necessary step to protect our planet and future. As someone who just wants a cleaner, safer world, I believe we have no choice but to act decisively now.",concession_and_contrast,carbon_footprint_and_climate,"However, the production and disposal of single-use plastics release significant greenhouse gases, contributing to climate change. Even if they are recycled, the process still emits pollutants and requires energy, making them environmentally costly.",concession_and_contrast_carbon_footprint_and_climate,"I should analyze how single-use plastics are petrochemical products that contribute to emissions throughout their lifecycle, from extraction to incineration.",However,causal_reasoning,corporate_behavior_and_voluntary_failure,"Therefore, relying on corporate promises or public awareness alone won’t drive meaningful change—only a government-enforced ban can compel industries to innovate with sustainable alternatives.",causal_reasoning_corporate_behavior_and_voluntary_failure,"I should analyze how manufacturers default to cheap plastics despite pledges, and why only binding regulation—not voluntary commitments—can shift industry norms.",Therefore,exemplification,intergenerational_responsibility,"For example, plastic waste doesn’t biodegrade—it breaks into microplastics that pollute oceans, soil, and even our food chain, endangering ecosystems and human health for centuries.",exemplification_intergenerational_responsibility,"I should evaluate how plastics persist for centuries in the environment, meaning today's convenience imposes long-term burdens on future generations who had no say in their creation.",For example,baseline,806,239,0.020737079199698763
41,0.0,,,synthesis_restructured,random,4,20260228_155741,1.1792070865631104,"Countries like Rwanda and Kenya have already proven that a total ban on single-use plastics is not only feasible but highly effective in reducing pollution and protecting the environment. These bans have led to cleaner streets, healthier ecosystems, and a cultural shift toward reusable alternatives. Beyond local benefits, plastic waste harms marine life through ingestion and entanglement, damages coral reefs, and disrupts entire ocean ecosystems. A total ban addresses the root of the problem by preventing plastic from entering the environment in the first place. It also promotes global environmental justice by stopping wealthy nations from exporting their waste to poorer countries. For these reasons, the government should enforce a total ban on single-use plastics to protect both people and the planet.",conditional,success_of_existing_bans,"If countries like Rwanda and Kenya have successfully implemented total bans on single-use plastics and seen dramatic reductions in plastic waste, then it's clear that such policies are not only possible but effective.",conditional_success_of_existing_bans,"I should examine case studies from Rwanda, the EU, Kenya, and various US states showing that bans are enforceable and produce measurable reductions in pollution.",If,conclusion_and_summary,marine_ecosystem_destruction,"In conclusion, banning single-use plastics is essential for protecting marine life, preventing pollution, and preserving the health of our oceans and ecosystems.",conclusion_and_summary_marine_ecosystem_destruction,"I should consider how single-use plastics kill marine animals through ingestion and entanglement, degrade coral reefs, and disrupt ocean ecosystems at massive scale.",In conclusion,causal_reasoning,global_waste_trade_injustice,"Therefore, a total ban makes environmental sense not just locally, but globally—helping prevent wealthier nations from dumping their waste on less developed countries.",causal_reasoning_global_waste_trade_injustice,"I should consider how wealthy countries export plastic waste to poorer nations, making this a global justice issue that requires upstream intervention at the production stage.",Therefore,baseline,813,245,0.019168425978308742
34,0.0,,,synthesis_restructured,random,3,20260228_155741,1.0871891975402832,"Single-use plastics are a major source of pollution that harm wildlife, degrade ecosystems, and overwhelm recycling systems. With less than 10% of plastic actually being recycled, relying on recycling alone is not enough—it’s time to stop the problem at the source. Fortunately, we already have practical alternatives like reusable bags, compostable containers, and biodegradable packaging that can replace most single-use items. A government-enforced ban isn’t about restricting freedom; it’s about protecting our planet and ensuring a cleaner future for everyone. This kind of action is necessary to maintain public health, preserve natural habitats, and push industries toward sustainable practices. Since alternatives are widely available and already in use, a ban is not only possible but essential.",clarification_and_specification,recycling_system_failure,"In other words, since recycling isn’t a sustainable solution for most single-use plastics, eliminating them at the source is our best chance to reduce pollution.",clarification_and_specification_recycling_system_failure,"I should consider that global plastic recycling rates remain below 10%, much plastic is downcycled or exported, and source reduction through bans is therefore necessary.",In other words,causal_reasoning,marine_ecosystem_destruction,"Therefore, banning single-use plastics protects wildlife and prevents irreversible damage to the environment.",causal_reasoning_marine_ecosystem_destruction,"I should consider how single-use plastics kill marine animals through ingestion and entanglement, degrade coral reefs, and disrupt ocean ecosystems at massive scale.",Therefore,evidence_and_authority,availability_of_alternatives,"Evidence shows that alternatives exist and are already used in many places—this ban isn’t about inconvenience, it’s about progress.",evidence_and_authority_availability_of_alternatives,"I should demonstrate that reusable, compostable, and biodegradable alternatives are available for bags, straws, containers, and packaging, making a ban practically feasible.",Evidence shows that,baseline,804,237,0.018825454238799694
3,0.0,,,synthesis_restructured,random,0,20260228_155741,1.1482319831848145,"Single-use plastics are a major threat to the environment, and a total government ban is the only effective way to stop the crisis. Many wealthy nations export their plastic waste to poorer countries, overwhelming their systems and causing serious harm to local communities and ecosystems. Even with promises from companies, voluntary efforts have failed to reduce plastic production significantly—only a strict ban can force industries to innovate and adopt sustainable alternatives. Moreover, billions of marine animals die each year from ingesting or getting trapped in plastic, and coral reefs are being degraded by pollution. A total ban would not only protect wildlife but also address global environmental injustice by preventing waste from being dumped on vulnerable nations. This bold step is necessary to safeguard our planet for future generations.",emphasis_and_evaluation,global_waste_trade_injustice,"Importantly, many wealthy countries ship their single-use plastic waste to developing nations, often overwhelming their infrastructure and harming local communities and environments.",emphasis_and_evaluation_global_waste_trade_injustice,"I should consider how wealthy countries export plastic waste to poorer nations, making this a global justice issue that requires upstream intervention at the production stage.",Importantly,conclusion_and_summary,corporate_behavior_and_voluntary_failure,"In conclusion, without a total ban, companies will keep relying on cheap, disposable plastics and continue to avoid taking meaningful responsibility.",conclusion_and_summary_corporate_behavior_and_voluntary_failure,"I should analyze how manufacturers default to cheap plastics despite pledges, and why only binding regulation—not voluntary commitments—can shift industry norms.",In conclusion,causal_reasoning,marine_ecosystem_destruction,"Therefore, a total ban is necessary to protect marine life and ensure the long-term health of our oceans, which are already under severe stress from pollution.",causal_reasoning_marine_ecosystem_destruction,"I should consider how single-use plastics kill marine animals through ingestion and entanglement, degrade coral reefs, and disrupt ocean ecosystems at massive scale.",Therefore,baseline,859,284,0.018404938247655316
30,1.705821399919507,,,synthesis_restructured,targeted,1,20260228_155111,1.0889971256256104,"Single-use plastics are a major threat to marine life—animals like turtles and seabirds often mistake them for food, leading to painful deaths and disrupting entire ecosystems. Banning them would prevent this harm, protect wildlife, and reduce the massive cleanup costs that burden taxpayers and local governments. Countries like Rwanda and Kenya have already proven that nationwide bans are possible and effective, with visible improvements in cleanliness and environmental health. It’s not just about being eco-friendly—it’s about protecting our communities, our oceans, and our future. A total ban is a necessary, practical step we can take now to create a cleaner, safer world for everyone.",emphasis_and_evaluation,marine_ecosystem_destruction,"Importantly, single-use plastics pollute our oceans and kill marine life—animals like turtles and seabirds often mistake plastic for food, leading to starvation and death.",emphasis_and_evaluation_marine_ecosystem_destruction,"I should consider how single-use plastics kill marine animals through ingestion and entanglement, degrade coral reefs, and disrupt ocean ecosystems at massive scale.",Importantly,conclusion_and_summary,economic_externalities,"In conclusion, banning single-use plastics would save governments billions in cleanup and environmental damage costs, while protecting public health and preserving natural beauty.",conclusion_and_summary_economic_externalities,"I should calculate how cleanup costs, healthcare burdens, tourism losses, and ecosystem damage are borne by the public rather than producers—a market failure requiring correction.",In conclusion,evidence_and_authority,success_of_existing_bans,Evidence shows that countries and cities that have banned single-use plastics have seen dramatic drops in litter and pollution—proving such bans are effective and realistic.,evidence_and_authority_success_of_existing_bans,"I should examine case studies from Rwanda, the EU, Kenya, and various US states showing that bans are enforceable and produce measurable reductions in pollution.",Evidence shows that,targeted,694,5,0.017010364216105522
49,0.0,,,synthesis_restructured,random,0,20260228_155741,1.3039312362670898,"The government should enforce a total ban on single-use plastics because the environmental and public health costs are far too high to ignore. Plastic pollution harms marine life—killing millions of animals annually through ingestion and entanglement—and damages vital ecosystems like coral reefs. These impacts not only threaten biodiversity but also harm industries like fishing and tourism that rely on healthy oceans. The burden of cleaning up plastic waste and addressing its health effects falls on ordinary citizens through higher taxes and reduced quality of life. A ban would shift responsibility to producers and encourage sustainable alternatives. It's time to prioritize the planet and public well-being over convenience and corporate profits. A total ban is a necessary, long-term solution to a crisis we can no longer afford to ignore.",addition_and_elaboration,economic_externalities,"Moreover, the financial and environmental costs of plastic pollution—like beach cleanups, damaged fisheries, and healthcare issues from microplastics—are ultimately paid by taxpayers and communities, not the corporations that profit from single-use plastics.",addition_and_elaboration_economic_externalities,"I should calculate how cleanup costs, healthcare burdens, tourism losses, and ecosystem damage are borne by the public rather than producers—a market failure requiring correction.",Moreover,exemplification,marine_ecosystem_destruction,"For example, millions of marine animals die each year from ingesting or becoming entangled in plastic waste, and coral reefs are increasingly damaged by plastic debris, threatening entire marine ecosystems.",exemplification_marine_ecosystem_destruction,"I should consider how single-use plastics kill marine animals through ingestion and entanglement, degrade coral reefs, and disrupt ocean ecosystems at massive scale.",For example,exemplification,marine_ecosystem_destruction,"For example, millions of marine animals die each year from ingesting or becoming entangled in plastic waste, and coral reefs are increasingly damaged by plastic debris, threatening entire marine ecosystems.",exemplification_marine_ecosystem_destruction,"I should consider how single-use plastics kill marine animals through ingestion and entanglement, degrade coral reefs, and disrupt ocean ecosystems at massive scale.",For example,baseline,849,280,0.016935591795348637
39,0.0,,,synthesis_restructured,random,0,20260228_155741,1.2296552658081057,"Single-use plastics are a persistent environmental disaster—once discarded, they remain in ecosystems for centuries, harming wildlife and polluting our food and water. Companies will not change their habits on their own, because plastic is cheap and convenient, and without a government ban, there’s no real pressure to adopt better alternatives. The real cost of plastic waste—cleanup, health issues, damaged ecosystems—is paid by ordinary people, not by the corporations that profit from it. A total ban is the only way to level the playing field and force innovation toward truly sustainable solutions. It’s not about restricting freedom; it’s about protecting our planet and future generations from a crisis we created. So, yes, the government must act—now—with a full ban on single-use plastics.",emphasis_and_evaluation,intergenerational_responsibility,"Importantly, single-use plastics don’t just disappear—they linger in oceans, forests, and landfills for hundreds of years, poisoning wildlife and contaminating our food and water.",emphasis_and_evaluation_intergenerational_responsibility,"I should evaluate how plastics persist for centuries in the environment, meaning today's convenience imposes long-term burdens on future generations who had no say in their creation.",Importantly,emphasis_and_evaluation,corporate_behavior_and_voluntary_failure,"Importantly, companies keep using plastic because it’s cheap and easy, but without a government ban, they’ll never have the incentive to innovate sustainable alternatives.",emphasis_and_evaluation_corporate_behavior_and_voluntary_failure,"I should analyze how manufacturers default to cheap plastics despite pledges, and why only binding regulation—not voluntary commitments—can shift industry norms.",Importantly,conclusion_and_summary,economic_externalities,"In conclusion, the environmental and economic damage from plastic waste is massive, and it’s unfair to make taxpayers pay for cleanup while polluters go untouched.",conclusion_and_summary_economic_externalities,"I should calculate how cleanup costs, healthcare burdens, tourism losses, and ecosystem damage are borne by the public rather than producers—a market failure requiring correction.",In conclusion,baseline,800,232,0.016634811913647136
21,0.0,,,synthesis_restructured,random,2,20260228_155741,1.199610471725464,"Single-use plastics are a major environmental hazard, harming wildlife and polluting oceans, and they’re not necessary when we already have practical, eco-friendly alternatives like paper, glass, and compostable materials. While some claim a ban would be inconvenient, everyday items like reusable bags, metal straws, and biodegradable packaging prove that change is both possible and manageable. Without government enforcement, companies have no real incentive to switch, and voluntary efforts have failed to make meaningful progress. A total ban is the only way to ensure widespread, consistent change across industries and communities. It’s not about restricting freedom—it’s about protecting our planet for future generations. By taking decisive action now, we can reduce pollution, save marine life, and build a more sustainable future.",concession_and_contrast,availability_of_alternatives,"However, many alternatives like paper bags, reusable containers, and compostable materials already exist and can effectively replace single-use plastics without disrupting daily life.",concession_and_contrast_availability_of_alternatives,"I should demonstrate that reusable, compostable, and biodegradable alternatives are available for bags, straws, containers, and packaging, making a ban practically feasible.",However,exemplification,corporate_behavior_and_voluntary_failure,"For example, despite promises to reduce plastic waste, many companies still rely on single-use plastics because there’s no legal pressure to change—only a ban can force real transformation.",exemplification_corporate_behavior_and_voluntary_failure,"I should analyze how manufacturers default to cheap plastics despite pledges, and why only binding regulation—not voluntary commitments—can shift industry norms.",For example,causal_reasoning,marine_ecosystem_destruction,"Therefore, banning single-use plastics is essential to protect wildlife and preserve marine ecosystems, which are already under severe threat from plastic pollution.",causal_reasoning_marine_ecosystem_destruction,"I should consider how single-use plastics kill marine animals through ingestion and entanglement, degrade coral reefs, and disrupt ocean ecosystems at massive scale.",Therefore,baseline,841,271,0.01662832852352212
30,0.0,,,synthesis_restructured,random,3,20260228_155741,1.2277698516845703,"Single-use plastics cause widespread environmental damage and disproportionately harm people in developing countries who often receive waste from wealthier nations. The real cost of this pollution—cleaning up beaches, treating health issues, and losing tourism income—is passed on to ordinary people through taxes and public services. It's unfair that communities far from the source of plastic waste bear the burden of its consequences. A total government ban would stop the problem at the source, force companies to innovate with sustainable alternatives, and protect both the environment and global equity. As someone who just wants a cleaner, healthier world for my family, I believe we need bold action now. A ban isn’t extreme—it’s necessary to protect our planet and each other.",exemplification,global_waste_trade_injustice,"For example, many wealthy countries ship their plastic waste to developing nations where it's often improperly disposed of, causing environmental harm and health risks in those communities.",exemplification_global_waste_trade_injustice,"I should consider how wealthy countries export plastic waste to poorer nations, making this a global justice issue that requires upstream intervention at the production stage.",For example,addition_and_elaboration,economic_externalities,"Moreover, the true cost of plastic pollution—like cleaning up beaches, treating pollution-related illnesses, and losing tourism revenue—is paid by taxpayers, not the companies that profit from single-use plastics.",addition_and_elaboration_economic_externalities,"I should calculate how cleanup costs, healthcare burdens, tourism losses, and ecosystem damage are borne by the public rather than producers—a market failure requiring correction.",Moreover,clarification_and_specification,global_waste_trade_injustice,"In other words, it's unfair that people in poorer countries suffer the consequences of waste generated by wealthier nations, and a ban would help end this cycle of environmental injustice.",clarification_and_specification_global_waste_trade_injustice,"I should consider how wealthy countries export plastic waste to poorer nations, making this a global justice issue that requires upstream intervention at the production stage.",In other words,baseline,785,222,0.016502821770675986
18,1.710499328425406,,,synthesis_restructured,targeted,1,20260228_155111,1.1874194145202637,"Single-use plastics are a major source of pollution that harm wildlife, contaminate our oceans, and can even enter our bodies through microplastics. These materials don’t break down easily—they persist for centuries, leaving a lasting burden on the planet. But we don’t need to accept this as inevitable: countries like Rwanda and Kenya have successfully banned single-use plastics and seen dramatic improvements in cleanliness and environmental health. Even in the U.S., states like California and Hawaii have proven such bans are practical and effective. Given that the health and future of our planet are at stake, it’s time for the government to take bold action and enforce a total ban on single-use plastics—before it’s too late.",emphasis_and_evaluation,intergenerational_responsibility,"Importantly, single-use plastics don’t just disappear—they linger in ecosystems for hundreds of years, polluting oceans, harming wildlife, and entering our food chain through microplastics.",emphasis_and_evaluation_intergenerational_responsibility,"I should evaluate how plastics persist for centuries in the environment, meaning today's convenience imposes long-term burdens on future generations who had no say in their creation.",Importantly,conclusion_and_summary,microplastics_and_human_health,"In conclusion, banning single-use plastics is a necessary step to protect not just the environment, but also our own health and the well-being of future generations.",conclusion_and_summary_microplastics_and_human_health,"I should examine emerging evidence that microplastics accumulate in human tissue, blood, and organs, posing uncertain but potentially serious health risks.",In conclusion,clarification_and_specification,success_of_existing_bans,"In other words, we’ve already seen successful plastic bans around the world—places like Rwanda and Kenya have drastically reduced plastic waste and inspired global change.",clarification_and_specification_success_of_existing_bans,"I should examine case studies from Rwanda, the EU, Kenya, and various US states showing that bans are enforceable and produce measurable reductions in pollution.",In other words,targeted,735,15,0.015608286127358076
32,1.705821399919507,,,synthesis_restructured,targeted,3,20260228_155111,1.0963969230651855,"The government should enforce a total ban on single-use plastics because the environmental and health costs of plastic pollution are too high to ignore. These costs—like cleaning up beaches, treating pollution-related illnesses, and damaging local tourism—are paid by ordinary people, not the companies that profit from plastic production. It’s unfair that we’re left to clean up after corporations that prioritize profit over the planet. Countries like Rwanda and Kenya have already proven that strict bans work, with cleaner streets and less pollution. Even in the U.S., states like California and Hawaii have seen success with similar measures. A total ban is not just possible—it’s necessary to protect our environment, public health, and future generations.",emphasis_and_evaluation,economic_externalities,"Importantly, the costs of plastic pollution are not borne by the companies that produce it, but by taxpayers and communities through cleanup efforts, damaged ecosystems, and health problems.",emphasis_and_evaluation_economic_externalities,"I should calculate how cleanup costs, healthcare burdens, tourism losses, and ecosystem damage are borne by the public rather than producers—a market failure requiring correction.",Importantly,conclusion_and_summary,economic_externalities,"In conclusion, a total ban is necessary to prevent further environmental harm and to protect public health, especially for vulnerable communities.",conclusion_and_summary_economic_externalities,"I should calculate how cleanup costs, healthcare burdens, tourism losses, and ecosystem damage are borne by the public rather than producers—a market failure requiring correction.",In conclusion,evidence_and_authority,success_of_existing_bans,Evidence shows that countries like Rwanda and Kenya have successfully implemented plastic bans with widespread public support and dramatic reductions in litter.,evidence_and_authority_success_of_existing_bans,"I should examine case studies from Rwanda, the EU, Kenya, and various US states showing that bans are enforceable and produce measurable reductions in pollution.",Evidence shows that,targeted,762,29,0.015581071880044602
29,0.0,,,synthesis_restructured,random,1,20260228_155741,1.266171932220459,"Single-use plastics are made from fossil fuels and contribute heavily to climate change through their entire lifecycle, from extraction to disposal. Banning them is a necessary step to reduce greenhouse gas emissions and protect the environment. Countries like Rwanda and Kenya have already shown that total bans are not only possible but effective, leading to cleaner streets and less pollution in natural habitats. Moreover, plastic waste kills marine life through ingestion and entanglement, harms coral reefs, and disrupts ocean ecosystems. While it may seem inconvenient to give up plastic bags or straws, the long-term benefits to public health, wildlife, and the planet far outweigh the short-term discomfort. A government-enforced ban is a responsible and practical way to protect future generations. Being part of the solution means taking simple but powerful steps today.",emphasis_and_evaluation,carbon_footprint_and_climate,"Importantly, single-use plastics are made from fossil fuels, and their production and disposal contribute significantly to greenhouse gas emissions, worsening climate change.",emphasis_and_evaluation_carbon_footprint_and_climate,"I should analyze how single-use plastics are petrochemical products that contribute to emissions throughout their lifecycle, from extraction to incineration.",Importantly,emphasis_and_evaluation,success_of_existing_bans,"Importantly, countries like Rwanda and Kenya have successfully implemented nationwide bans on plastic bags, leading to cleaner cities and less plastic pollution in rivers and oceans.",emphasis_and_evaluation_success_of_existing_bans,"I should examine case studies from Rwanda, the EU, Kenya, and various US states showing that bans are enforceable and produce measurable reductions in pollution.",Importantly,concession_and_contrast,marine_ecosystem_destruction,"However, these plastics don’t just sit in landfills—they end up in oceans, where they’re mistaken for food by sea turtles, whales, and fish, often leading to death and harming entire ecosystems.",concession_and_contrast_marine_ecosystem_destruction,"I should consider how single-use plastics kill marine animals through ingestion and entanglement, degrade coral reefs, and disrupt ocean ecosystems at massive scale.",However,baseline,881,298,0.015090116917163245
8,0.0,,,synthesis_restructured,random,3,20260228_155741,1.2127735614776611,"The government should enforce a total ban on single-use plastics because they cause severe environmental harm and disproportionately affect vulnerable communities, especially in developing countries that receive much of the world’s plastic waste. While some may argue that such a ban is inconvenient, practical alternatives like paper bags, reusable containers, and biodegradable materials are already widely available and affordable. A ban would push industries to innovate and adopt sustainable practices, reducing pollution in oceans, rivers, and landfills. It’s not just an environmental issue—it’s a matter of global justice and responsibility. By acting now, we protect both our planet and future generations. A total ban is the most effective way to cut plastic pollution at the source, and it’s a step we can’t afford to delay.",emphasis_and_evaluation,global_waste_trade_injustice,"Importantly, many wealthy nations export their plastic waste to developing countries, often with poor environmental safeguards, which disproportionately harms vulnerable communities and ecosystems.",emphasis_and_evaluation_global_waste_trade_injustice,"I should consider how wealthy countries export plastic waste to poorer nations, making this a global justice issue that requires upstream intervention at the production stage.",Importantly,evidence_and_authority,availability_of_alternatives,"Evidence shows that affordable and effective alternatives—like paper, bamboo, glass, and plant-based materials—already exist for most single-use plastic items, proving a ban is both practical and achievable.",evidence_and_authority_availability_of_alternatives,"I should demonstrate that reusable, compostable, and biodegradable alternatives are available for bags, straws, containers, and packaging, making a ban practically feasible.",Evidence shows that,emphasis_and_evaluation,availability_of_alternatives,"Importantly, many wealthy nations export their plastic waste to developing countries, often with poor environmental safeguards, which disproportionately harms vulnerable communities and ecosystems.",emphasis_and_evaluation_availability_of_alternatives,"I should demonstrate that reusable, compostable, and biodegradable alternatives are available for bags, straws, containers, and packaging, making a ban practically feasible.",Importantly,baseline,835,266,0.013260264121048946
43,0.0,,,synthesis_restructured,random,3,20260228_155741,1.377408504486084,"A total ban on single-use plastics is necessary because viable alternatives like paper, bamboo, and compostable materials are already available and widely used in everyday life. Recycling alone isn’t enough—over 90% of plastic waste isn’t recycled, and much of it ends up polluting our oceans and ecosystems. These plastics don’t break down for centuries, harming wildlife and even entering the food we eat, which means we’re passing a toxic legacy to future generations. By banning single-use plastics, the government can push industries to innovate and adopt truly sustainable solutions. This isn’t about inconvenience—it’s about protecting our planet and our health for the long term. A ban is a bold but essential step toward real environmental responsibility.",evidence_and_authority,availability_of_alternatives,"Evidence shows that viable alternatives like paper bags, bamboo straws, and compostable packaging already exist and are widely used in many regions, proving that a ban on single-use plastics is both realistic and achievable without disrupting daily life.",evidence_and_authority_availability_of_alternatives,"I should demonstrate that reusable, compostable, and biodegradable alternatives are available for bags, straws, containers, and packaging, making a ban practically feasible.",Evidence shows that,exemplification,recycling_system_failure,"For example, most plastic waste is not properly recycled—over 90% ends up in landfills or the environment—so relying on recycling alone won’t solve the problem; a ban forces the shift to better alternatives at the source.",exemplification_recycling_system_failure,"I should consider that global plastic recycling rates remain below 10%, much plastic is downcycled or exported, and source reduction through bans is therefore necessary.",For example,evidence_and_authority,intergenerational_responsibility,"Evidence shows that single-use plastics can take hundreds of years to decompose, polluting oceans, harming wildlife, and even entering the human food chain—so continuing their use is unsustainable and irresponsible for future generations.",evidence_and_authority_intergenerational_responsibility,"I should evaluate how plastics persist for centuries in the environment, meaning today's convenience imposes long-term burdens on future generations who had no say in their creation.",Evidence shows that,baseline,764,203,0.013154677310371657
30,0.0,,,synthesis_restructured,random,2,20260228_155741,1.3429994583129885,"Single-use plastics are a major environmental and social problem that harms both people and ecosystems. When we use them, we’re not just creating litter—we’re shifting the cost of pollution to communities, especially in developing countries that end up receiving our waste. The real price of plastic isn’t just what we pay at the store; it’s the cost of cleaning up oceans, treating pollution-related illnesses, and losing tourism revenue, all of which fall on the public. A total ban is the only way to stop this cycle of harm at the source, ensuring that corporations can’t continue dumping problems onto the planet and future generations. It’s time to take responsibility and protect our environment and global neighbors by ending single-use plastics for good.",exemplification,global_waste_trade_injustice,"For example, many developed countries ship their plastic waste to countries with weaker environmental regulations, leading to pollution and health hazards in those regions—this shows that simply managing waste after it's created isn't enough.",exemplification_global_waste_trade_injustice,"I should consider how wealthy countries export plastic waste to poorer nations, making this a global justice issue that requires upstream intervention at the production stage.",For example,addition_and_elaboration,economic_externalities,"Moreover, the real cost of single-use plastics isn’t just in production—it’s in the pollution they cause: cleaning beaches, treating pollution-related illnesses, and losing tourism revenue, all of which end up being paid by taxpayers.",addition_and_elaboration_economic_externalities,"I should calculate how cleanup costs, healthcare burdens, tourism losses, and ecosystem damage are borne by the public rather than producers—a market failure requiring correction.",Moreover,clarification_and_specification,global_waste_trade_injustice,"In other words, the problem isn’t just about littering—it’s about a system where rich nations pass their waste problems to poorer ones, and a total ban would stop this harmful cycle at its source.",clarification_and_specification_global_waste_trade_injustice,"I should consider how wealthy countries export plastic waste to poorer nations, making this a global justice issue that requires upstream intervention at the production stage.",In other words,baseline,763,204,0.013116804381885281
42,0.0,,,synthesis_restructured,random,3,20260228_155741,1.3654425144195557,"Single-use plastics are a major contributor to climate change because they are made from fossil fuels and release greenhouse gases during production and disposal. Even if we try to recycle them, less than 10% of plastic waste is actually recycled—most ends up in landfills or pollutes our oceans. This pollution is devastating to marine life, as animals like turtles and seabirds often ingest plastic or get trapped in it, leading to suffering and death. A total ban on single-use plastics is a necessary and practical step to protect both our environment and public health. It shifts responsibility from cleanup to prevention, giving us a real chance to break the cycle of plastic waste. As a regular person, I believe we can live without plastic bags, straws, and cutlery—there are safer, reusable alternatives available today. It’s time to act now, before the damage becomes irreversible.",emphasis_and_evaluation,carbon_footprint_and_climate,"Importantly, single-use plastics are made from fossil fuels, and their production contributes significantly to greenhouse gas emissions, worsening climate change.",emphasis_and_evaluation_carbon_footprint_and_climate,"I should analyze how single-use plastics are petrochemical products that contribute to emissions throughout their lifecycle, from extraction to incineration.",Importantly,evidence_and_authority,recycling_system_failure,"Evidence shows that less than 10% of plastic waste is actually recycled, and most ends up in landfills or the environment—banning it at the source is the most effective way to stop this cycle.",evidence_and_authority_recycling_system_failure,"I should consider that global plastic recycling rates remain below 10%, much plastic is downcycled or exported, and source reduction through bans is therefore necessary.",Evidence shows that,sequence_and_transition,marine_ecosystem_destruction,"Next, single-use plastics pollute our oceans and harm wildlife—marine animals often mistake plastic for food, leading to injury, starvation, and death.",sequence_and_transition_marine_ecosystem_destruction,"I should consider how single-use plastics kill marine animals through ingestion and entanglement, degrade coral reefs, and disrupt ocean ecosystems at massive scale.",Next,baseline,891,305,0.012939680027420327
7,0.0,,,synthesis_restructured,random,0,20260228_155741,1.2412211894989014,"We already have viable alternatives like paper, bamboo, and compostable materials that can replace plastic bags, straws, and containers, so banning single-use plastics is both practical and necessary. These plastics don’t disappear—they linger for hundreds of years, breaking into microplastics that poison oceans, kill marine life, and even end up in our food and water. By allowing their continued use, we’re passing on a toxic legacy to future generations who didn’t choose it. A total ban is a bold but responsible step to protect our planet and public health. It’s time we stop prioritizing short-term convenience over long-term survival. The environment—and our children—deserve better.",conditional,availability_of_alternatives,"If we can already find reliable eco-friendly alternatives like paper, bamboo, or compostable materials for everyday items like bags and straws, then banning single-use plastics is not only possible but a necessary step toward protecting our environment.",conditional_availability_of_alternatives,"I should demonstrate that reusable, compostable, and biodegradable alternatives are available for bags, straws, containers, and packaging, making a ban practically feasible.",If,emphasis_and_evaluation,intergenerational_responsibility,"Importantly, single-use plastics don’t just vanish—they break down into microplastics that pollute oceans, harm wildlife, and even enter our food chain, affecting human health over time.",emphasis_and_evaluation_intergenerational_responsibility,"I should evaluate how plastics persist for centuries in the environment, meaning today's convenience imposes long-term burdens on future generations who had no say in their creation.",Importantly,causal_reasoning,intergenerational_responsibility,"Therefore, continuing to allow single-use plastics is irresponsible—it's like leaving a massive environmental debt for our children and grandchildren to clean up.",causal_reasoning_intergenerational_responsibility,"I should evaluate how plastics persist for centuries in the environment, meaning today's convenience imposes long-term burdens on future generations who had no say in their creation.",Therefore,baseline,692,176,0.012454470353106966
40,0.0,,,synthesis_restructured,random,1,20260228_155741,1.224271535873413,"Single-use plastics are a major source of pollution that harm wildlife, contaminate our oceans, and persist in the environment for hundreds of years. While some argue that bans are too restrictive, alternatives like paper bags, compostable containers, and reusable products are already available and widely used. These options are not only effective but also increasingly affordable and convenient for everyday use. A total ban would significantly reduce plastic waste at the source, rather than relying on flawed recycling systems that currently fail to handle most plastics. This shift protects our planet for future generations and encourages innovation in sustainable materials. Since the average person uses dozens of single-use items each week, a ban is a simple, effective step toward a cleaner, healthier world.",sequence_and_transition,availability_of_alternatives,"Next-generation alternatives like paper, plant-based plastics, and reusable containers are already widely available and can easily replace single-use plastics in everyday life.",sequence_and_transition_availability_of_alternatives,"I should demonstrate that reusable, compostable, and biodegradable alternatives are available for bags, straws, containers, and packaging, making a ban practically feasible.",Next,emphasis_and_evaluation,recycling_system_failure,"Importantly, most single-use plastics aren’t recycled—they end up in landfills or oceans, where they harm wildlife and pollute ecosystems, making bans a practical solution.",emphasis_and_evaluation_recycling_system_failure,"I should consider that global plastic recycling rates remain below 10%, much plastic is downcycled or exported, and source reduction through bans is therefore necessary.",Importantly,exemplification,recycling_system_failure,"For example, plastic straws, bags, and cutlery are often not recycled and instead clog waterways or break down into microplastics that enter our food and water.",exemplification_recycling_system_failure,"I should consider that global plastic recycling rates remain below 10%, much plastic is downcycled or exported, and source reduction through bans is therefore necessary.",For example,baseline,819,254,0.011555105934835141
2,0.0,,,synthesis_restructured,random,4,20260228_155741,1.243984937667847,"Single-use plastics are a major cause of pollution, and despite recycling efforts, less than 10% of them are actually recycled—most end up in landfills or oceans. Even when we try to recycle, the system is overwhelmed, and much plastic is downcycled or shipped abroad, often harming communities and ecosystems. As someone who cares about clean streets and a healthier planet, I believe the government must take bold action by banning these products entirely. Voluntary efforts from companies haven’t worked, and without a clear rule, plastic use will keep growing. A total ban forces innovation and pushes businesses to develop better, reusable options. This kind of change is necessary not just for the environment, but for our health and future generations. It’s time to stop treating plastic waste as someone else’s problem and act decisively to protect our world.",causal_reasoning,recycling_system_failure,"Therefore, banning single-use plastics at the national level is essential to reduce pollution and promote sustainable alternatives.",causal_reasoning_recycling_system_failure,"I should consider that global plastic recycling rates remain below 10%, much plastic is downcycled or exported, and source reduction through bans is therefore necessary.",Therefore,clarification_and_specification,recycling_system_failure,"In other words, even if we recycle, most single-use plastics never make it into the system—so stopping their use in the first place is the only effective solution.",clarification_and_specification_recycling_system_failure,"I should consider that global plastic recycling rates remain below 10%, much plastic is downcycled or exported, and source reduction through bans is therefore necessary.",In other words,conclusion_and_summary,corporate_behavior_and_voluntary_failure,"In conclusion, a government ban is the only way to ensure companies stop relying on disposable plastics and invest in real, lasting alternatives.",conclusion_and_summary_corporate_behavior_and_voluntary_failure,"I should analyze how manufacturers default to cheap plastics despite pledges, and why only binding regulation—not voluntary commitments—can shift industry norms.",In conclusion,baseline,867,289,0.01088099656035
42,0.0,,,synthesis_restructured,random,0,20260228_155741,1.2025525569915771,"The government should enforce a total ban on single-use plastics because they are made from fossil fuels and contribute significantly to climate change through their production and disposal. Despite promises of recycling, less than 10% of plastic is actually recycled, and the rest ends up in landfills, incinerators, or the natural environment. This pollution harms marine life, with countless animals ingesting or becoming entangled in plastic debris, disrupting ecosystems and biodiversity. A total ban would push society to adopt sustainable alternatives like reusable bags, containers, and biodegradable materials. By taking decisive action now, we can protect our planet and future generations from irreversible environmental damage. A ban isn’t just possible—it’s necessary.",emphasis_and_evaluation,carbon_footprint_and_climate,"Importantly, single-use plastics are made from fossil fuels and contribute heavily to greenhouse gas emissions during production and disposal, making them a significant driver of climate change.",emphasis_and_evaluation_carbon_footprint_and_climate,"I should analyze how single-use plastics are petrochemical products that contribute to emissions throughout their lifecycle, from extraction to incineration.",Importantly,evidence_and_authority,recycling_system_failure,"Evidence shows that less than 10% of plastic is actually recycled, and most of it ends up in landfills or the environment, meaning recycling alone won’t solve the problem.",evidence_and_authority_recycling_system_failure,"I should consider that global plastic recycling rates remain below 10%, much plastic is downcycled or exported, and source reduction through bans is therefore necessary.",Evidence shows that,sequence_and_transition,marine_ecosystem_destruction,"Next, these plastics pollute oceans and harm wildlife—animals like sea turtles and birds often mistake them for food, leading to injury or death, and damaging entire ecosystems.",sequence_and_transition_marine_ecosystem_destruction,"I should consider how single-use plastics kill marine animals through ingestion and entanglement, degrade coral reefs, and disrupt ocean ecosystems at massive scale.",Next,baseline,781,216,0.010767865436978635
49,0.0,,,synthesis_restructured,random,1,20260228_155741,1.2782912254333496,"The government should enforce a total ban on single-use plastics because the environmental and public health costs are too high to ignore. These plastics pollute our oceans, kill marine life through ingestion and entanglement, and contribute to microplastic contamination in the food we eat. Even if we don’t use plastic ourselves, we all pay the price through degraded ecosystems, lost tourism, and increased cleanup and healthcare costs. A total ban is a necessary step to stop this damage at the source. With reusable and biodegradable alternatives already available, the shift is both practical and urgent. Protecting our planet and our health shouldn’t be a luxury—it should be a priority for everyone.",addition_and_elaboration,economic_externalities,"Moreover, the environmental damage from single-use plastics—polluting oceans, harming wildlife, and contributing to microplastic pollution—is a public cost we all pay for, even if we don’t use these products directly.",addition_and_elaboration_economic_externalities,"I should calculate how cleanup costs, healthcare burdens, tourism losses, and ecosystem damage are borne by the public rather than producers—a market failure requiring correction.",Moreover,exemplification,marine_ecosystem_destruction,"For example, countless marine animals like turtles, seabirds, and fish die each year after ingesting or getting trapped in plastic waste, which disrupts entire food chains and ecosystems we depend on.",exemplification_marine_ecosystem_destruction,"I should consider how single-use plastics kill marine animals through ingestion and entanglement, degrade coral reefs, and disrupt ocean ecosystems at massive scale.",For example,exemplification,marine_ecosystem_destruction,"For example, countless marine animals like turtles, seabirds, and fish die each year after ingesting or getting trapped in plastic waste, which disrupts entire food chains and ecosystems we depend on.",exemplification_marine_ecosystem_destruction,"I should consider how single-use plastics kill marine animals through ingestion and entanglement, degrade coral reefs, and disrupt ocean ecosystems at massive scale.",For example,baseline,707,178,0.010445261581961672
20,0.0,,,synthesis_restructured,random,2,20260228_155741,1.0767333507537842,"Single-use plastics are made from fossil fuels and contribute to greenhouse gas emissions throughout their entire lifecycle, from extraction to disposal. Without a total ban, companies will continue choosing cheap, environmentally harmful plastics over sustainable alternatives, especially since voluntary pledges have repeatedly failed to deliver real change. The environmental damage from plastic waste doesn’t disappear—it persists for centuries, polluting oceans, harming wildlife, and entering our food chain. What we gain in short-term convenience comes at a cost that future generations didn’t choose and can’t escape. A government-enforced ban is the only way to ensure a meaningful shift toward sustainable alternatives and protect our planet for the long term.",concession_and_contrast,carbon_footprint_and_climate,"However, single-use plastics are made from fossil fuels and contribute to greenhouse gas emissions throughout their entire lifecycle, from extraction and production to disposal.",concession_and_contrast_carbon_footprint_and_climate,"I should analyze how single-use plastics are petrochemical products that contribute to emissions throughout their lifecycle, from extraction to incineration.",However,causal_reasoning,corporate_behavior_and_voluntary_failure,"Therefore, without a total ban, companies will continue relying on cheap, disposable plastics, undermining sustainability goals and shifting environmental costs onto communities and ecosystems.",causal_reasoning_corporate_behavior_and_voluntary_failure,"I should analyze how manufacturers default to cheap plastics despite pledges, and why only binding regulation—not voluntary commitments—can shift industry norms.",Therefore,exemplification,intergenerational_responsibility,"For example, plastic waste outlasts human civilizations—what we consider convenient today becomes a permanent burden for future generations and natural systems.",exemplification_intergenerational_responsibility,"I should evaluate how plastics persist for centuries in the environment, meaning today's convenience imposes long-term burdens on future generations who had no say in their creation.",For example,baseline,770,208,0.009998678093648877
25,0.0,,,synthesis_restructured,random,1,20260228_155741,1.322638988494873,"Single-use plastics don’t just disappear after we’re done with them—they linger for centuries, polluting oceans, killing marine life, and even making their way into the food we eat. Countries like Rwanda and Kenya have already shown that a total ban is practical and effective, leading to cleaner cities and less waste. Beyond the environment, these plastics are made from fossil fuels, so their production and disposal contribute to climate change. A ban would reduce pollution, cut emissions, and protect both ecosystems and human health. As someone who just wants cleaner streets and a safer planet, I believe we can do better than relying on throwaway plastic. A total ban isn't extreme—it's a necessary step toward a sustainable future for everyone.",exemplification,intergenerational_responsibility,"For example, plastic bags and straws can take hundreds of years to decompose, polluting oceans, harming wildlife, and eventually entering our food chain—this is not just an environmental issue but a threat to human health.",exemplification_intergenerational_responsibility,"I should evaluate how plastics persist for centuries in the environment, meaning today's convenience imposes long-term burdens on future generations who had no say in their creation.",For example,causal_reasoning,success_of_existing_bans,"Therefore, a total ban on single-use plastics is not only possible but already proven effective in places like Rwanda, where plastic waste plummeted after a nationwide ban, showing that societies can adapt and thrive without these items.",causal_reasoning_success_of_existing_bans,"I should examine case studies from Rwanda, the EU, Kenya, and various US states showing that bans are enforceable and produce measurable reductions in pollution.",Therefore,clarification_and_specification,carbon_footprint_and_climate,"In other words, banning these plastics reduces fossil fuel demand, lowers greenhouse gas emissions, and helps fight climate change—making the ban a win for both the planet and public health.",clarification_and_specification_carbon_footprint_and_climate,"I should analyze how single-use plastics are petrochemical products that contribute to emissions throughout their lifecycle, from extraction to incineration.",In other words,baseline,754,195,0.009865405454738987
18,1.710499328425406,,,synthesis_restructured,targeted,3,20260228_155111,1.1134095191955566,"Single-use plastics are a major environmental hazard that persist for centuries, polluting oceans, harming wildlife, and disrupting ecosystems. Even though they’re convenient, the long-term damage they cause far outweighs short-term benefits. We already know microplastics are entering our bodies, and the health risks are still being studied—why wait for the worst to happen? Countries like Rwanda and Kenya have successfully banned plastic bags and seen dramatic reductions in litter and waste. A total ban isn’t just an environmental win—it’s a responsible choice for our health and future generations. The evidence shows it’s doable, effective, and essential.",emphasis_and_evaluation,intergenerational_responsibility,"Importantly, single-use plastics don’t just disappear—they linger in oceans, soil, and wildlife for hundreds of years, causing irreversible harm to ecosystems and biodiversity.",emphasis_and_evaluation_intergenerational_responsibility,"I should evaluate how plastics persist for centuries in the environment, meaning today's convenience imposes long-term burdens on future generations who had no say in their creation.",Importantly,conclusion_and_summary,microplastics_and_human_health,"In conclusion, even if the immediate discomfort of giving up plastic bags or cutlery seems minor, the long-term health and environmental toll makes a ban both necessary and justifiable.",conclusion_and_summary_microplastics_and_human_health,"I should examine emerging evidence that microplastics accumulate in human tissue, blood, and organs, posing uncertain but potentially serious health risks.",In conclusion,clarification_and_specification,success_of_existing_bans,"In other words, bans on single-use plastics aren’t just idealistic—they’re practical, and real-world examples prove they work without causing economic collapse.",clarification_and_specification_success_of_existing_bans,"I should examine case studies from Rwanda, the EU, Kenya, and various US states showing that bans are enforceable and produce measurable reductions in pollution.",In other words,targeted,663,0,0.009263364745588554
45,0.0,,,synthesis_restructured,random,4,20260228_155741,1.2222514152526855,"Single-use plastics don’t just clutter our landfills—they pollute our oceans, harm wildlife, and remain in the environment for centuries, long after we’ve moved on. With less than 10% of plastic ever being recycled, relying on recycling is not a real solution; we need to stop the problem at the source by banning these products altogether. Plus, making plastic from fossil fuels contributes to climate change, so reducing its use helps protect both people and the planet. A government ban is a simple, effective way to encourage innovation in reusable alternatives and protect the environment for future generations. As someone who just wants clean streets, safe water, and a healthier world, I believe this ban is not extreme—it’s common sense.",concession_and_contrast,intergenerational_responsibility,"However, the fact that single-use plastics can last hundreds of years in landfills and oceans means we are leaving an irreversible environmental legacy for future generations.",concession_and_contrast_intergenerational_responsibility,"I should evaluate how plastics persist for centuries in the environment, meaning today's convenience imposes long-term burdens on future generations who had no say in their creation.",However,addition_and_elaboration,recycling_system_failure,"Moreover, because most single-use plastics are not effectively recycled, banning them is a practical step toward reducing pollution rather than relying on an unrealistic system of waste management.",addition_and_elaboration_recycling_system_failure,"I should consider that global plastic recycling rates remain below 10%, much plastic is downcycled or exported, and source reduction through bans is therefore necessary.",Moreover,conclusion_and_summary,carbon_footprint_and_climate,"In conclusion, banning single-use plastics reduces carbon emissions, conserves fossil fuels, and prevents harm to wildlife and human health, making it a responsible and necessary government action.",conclusion_and_summary_carbon_footprint_and_climate,"I should analyze how single-use plastics are petrochemical products that contribute to emissions throughout their lifecycle, from extraction to incineration.",In conclusion,baseline,746,194,0.008621474430499054
18,1.710499328425406,,,synthesis_restructured,targeted,4,20260228_155111,1.2205593585968018,"Single-use plastics are a major source of pollution that harm wildlife, clog waterways, and degrade ecosystems for centuries. Even though they’re convenient, the long-term damage they cause to the environment and human health far outweighs their short-term benefits. Countries like Rwanda and Kenya have shown that banning these plastics is not only feasible but leads to cleaner cities and healthier ecosystems. With microplastics now found in human blood and organs, the risks to our health are no longer theoretical—they’re real. A total government ban is a responsible and necessary step to protect both current and future generations. It’s time to prioritize the planet over convenience.",emphasis_and_evaluation,intergenerational_responsibility,"Importantly, single-use plastics don’t just disappear—they linger in oceans, soil, and wildlife for hundreds of years, causing irreversible damage to ecosystems and threatening biodiversity.",emphasis_and_evaluation_intergenerational_responsibility,"I should evaluate how plastics persist for centuries in the environment, meaning today's convenience imposes long-term burdens on future generations who had no say in their creation.",Importantly,conclusion_and_summary,microplastics_and_human_health,"In conclusion, even though single-use plastics offer short-term convenience, their long-term impact on our health and environment is too great to ignore, making a total ban a necessary step to protect both people and the planet.",conclusion_and_summary_microplastics_and_human_health,"I should examine emerging evidence that microplastics accumulate in human tissue, blood, and organs, posing uncertain but potentially serious health risks.",In conclusion,clarification_and_specification,success_of_existing_bans,"In other words, real-world examples show that banning single-use plastics is not only possible but effective—countries like Rwanda and Kenya have drastically reduced plastic waste after implementing strict bans, proving that change is achievable.",clarification_and_specification_success_of_existing_bans,"I should examine case studies from Rwanda, the EU, Kenya, and various US states showing that bans are enforceable and produce measurable reductions in pollution.",In other words,targeted,692,4,0.00857039181537904
31,0.0,,,synthesis_restructured,random,3,20260228_155741,1.2302775382995603,"Single-use plastics are a major threat to our environment and wildlife, with millions of marine animals dying each year from ingesting or getting trapped in them. Fortunately, we already have viable alternatives—like paper, bamboo, glass, and compostable materials—that can replace plastic bags, straws, and packaging in everyday life. A government ban would push industries and consumers toward these safer, sustainable options, reducing pollution and protecting ecosystems. While some may worry about inconvenience, the long-term benefits to public health and the planet far outweigh the short-term adjustments. The world is moving toward a plastic-free future, and a ban is the most effective way to make that happen. It’s not just about stopping waste—it’s about building a cleaner, healthier world for everyone.",evidence_and_authority,availability_of_alternatives,"Evidence shows that affordable and effective alternatives to single-use plastics—like paper, bamboo, glass, and compostable materials—are already widely available and used in many places.",evidence_and_authority_availability_of_alternatives,"I should demonstrate that reusable, compostable, and biodegradable alternatives are available for bags, straws, containers, and packaging, making a ban practically feasible.",Evidence shows that,concession_and_contrast,marine_ecosystem_destruction,"However, single-use plastics are a major pollutant: they harm wildlife, poison food chains, and damage ecosystems—especially oceans, where they kill millions of marine animals each year.",concession_and_contrast_marine_ecosystem_destruction,"I should consider how single-use plastics kill marine animals through ingestion and entanglement, degrade coral reefs, and disrupt ocean ecosystems at massive scale.",However,causal_reasoning,availability_of_alternatives,"Therefore, banning single-use plastics isn’t just an environmental ideal—it’s a practical and necessary step toward protecting our planet and future generations.",causal_reasoning_availability_of_alternatives,"I should demonstrate that reusable, compostable, and biodegradable alternatives are available for bags, straws, containers, and packaging, making a ban practically feasible.",Therefore,baseline,816,247,0.008115985102015806
27,0.0,,,synthesis_restructured,random,4,20260228_155741,1.290076494216919,"The government should enforce a total ban on single-use plastics because the environmental and financial costs of plastic pollution are borne by ordinary citizens through cleanup efforts, damaged ecosystems, and potential health risks. Every year, millions of marine animals die from ingesting or getting trapped in plastic, and vital habitats like coral reefs are being destroyed. While companies have made vague promises to reduce waste, these pledges have led to little real change, showing that voluntary measures simply don’t work. A strong, enforceable ban is the only way to shift industry practices and protect public health and the environment. Without government action, we’ll continue to pay the price—both literally and ecologically—for someone else’s convenience.",emphasis_and_evaluation,economic_externalities,"Importantly, the financial and environmental costs of plastic pollution—like beach cleanups, wildlife harm, and medical issues from microplastics—are ultimately paid by taxpayers and communities, not the corporations that profit from single-use plastics.",emphasis_and_evaluation_economic_externalities,"I should calculate how cleanup costs, healthcare burdens, tourism losses, and ecosystem damage are borne by the public rather than producers—a market failure requiring correction.",Importantly,addition_and_elaboration,marine_ecosystem_destruction,"Moreover, single-use plastics are a leading cause of marine pollution, killing millions of animals every year through ingestion and entanglement, and devastating ecosystems like coral reefs that support fisheries and coastal economies.",addition_and_elaboration_marine_ecosystem_destruction,"I should consider how single-use plastics kill marine animals through ingestion and entanglement, degrade coral reefs, and disrupt ocean ecosystems at massive scale.",Moreover,concession_and_contrast,corporate_behavior_and_voluntary_failure,"However, despite repeated promises from companies to reduce plastic waste, progress has been minimal, proving that voluntary action alone won’t solve the crisis—only a government-enforced ban can create real change.",concession_and_contrast_corporate_behavior_and_voluntary_failure,"I should analyze how manufacturers default to cheap plastics despite pledges, and why only binding regulation—not voluntary commitments—can shift industry norms.",However,baseline,776,214,0.0073414436595840285
39,0.0,,,synthesis_restructured,random,2,20260228_155741,1.219817876815796,"Single-use plastics are a major threat to our environment and health, lasting hundreds of years in oceans and landfills while harming wildlife and entering our food chain. Companies keep using them because they’re cheap and convenient, but voluntary efforts have failed to make real change—only a government ban can force meaningful action. The costs of plastic pollution—cleaning beaches, treating health issues, damaging tourism, and destroying ecosystems—are passed on to ordinary people, not the producers. That’s unfair and unsustainable. A total ban would protect our planet, reduce long-term expenses, and push innovation toward truly reusable alternatives. It’s time to stop treating the environment as a trash can and start protecting it for future generations. A ban isn’t extreme—it’s responsible.",emphasis_and_evaluation,intergenerational_responsibility,"Importantly, single-use plastics don’t just disappear—they linger in oceans, soil, and even our food chain for hundreds of years, harming wildlife and threatening human health.",emphasis_and_evaluation_intergenerational_responsibility,"I should evaluate how plastics persist for centuries in the environment, meaning today's convenience imposes long-term burdens on future generations who had no say in their creation.",Importantly,emphasis_and_evaluation,corporate_behavior_and_voluntary_failure,"Importantly, companies keep using plastic because it’s cheap and convenient for them, but without a government ban, they have no real incentive to change.",emphasis_and_evaluation_corporate_behavior_and_voluntary_failure,"I should analyze how manufacturers default to cheap plastics despite pledges, and why only binding regulation—not voluntary commitments—can shift industry norms.",Importantly,conclusion_and_summary,economic_externalities,"In conclusion, the cost of plastic pollution is paid by everyone through cleaner beaches, contaminated food, and damaged ecosystems, so a ban is the only fair and effective solution.",conclusion_and_summary_economic_externalities,"I should calculate how cleanup costs, healthcare burdens, tourism losses, and ecosystem damage are borne by the public rather than producers—a market failure requiring correction.",In conclusion,baseline,808,240,0.007143703167919679
7,0.0,,,synthesis_restructured,random,4,20260228_155741,1.1892147064208984,"We should ban single-use plastics because we already have safe, affordable, and effective alternatives like reusable bags, glass containers, and paper packaging. These materials serve the same purpose without the environmental damage. What’s more, single-use plastics don’t break down—they pile up in oceans, choke animals, and pollute the air and water we all breathe and drink. This pollution doesn’t just affect nature; it harms our health and costs us money in cleanup and healthcare. It’s not fair to make future generations deal with the mess we create today for the sake of a few minutes of convenience. A total ban is a responsible, necessary step to protect both people and the planet.",conditional,availability_of_alternatives,"If we can already replace single-use plastics with viable alternatives like paper, glass, metal, and plant-based materials, then banning them is not only possible but necessary to protect our environment.",conditional_availability_of_alternatives,"I should demonstrate that reusable, compostable, and biodegradable alternatives are available for bags, straws, containers, and packaging, making a ban practically feasible.",If,emphasis_and_evaluation,intergenerational_responsibility,"Importantly, single-use plastics don’t just disappear—they linger in oceans, landfills, and ecosystems for hundreds of years, harming wildlife and polluting the air and water we all depend on.",emphasis_and_evaluation_intergenerational_responsibility,"I should evaluate how plastics persist for centuries in the environment, meaning today's convenience imposes long-term burdens on future generations who had no say in their creation.",Importantly,causal_reasoning,intergenerational_responsibility,"Therefore, it’s unfair to pass on this pollution legacy to our children and grandchildren simply for the sake of convenience.",causal_reasoning_intergenerational_responsibility,"I should evaluate how plastics persist for centuries in the environment, meaning today's convenience imposes long-term burdens on future generations who had no say in their creation.",Therefore,baseline,694,177,0.006768503823446472
36,0.0,,,synthesis_restructured,random,0,20260228_155741,1.219036340713501,"Single-use plastics are a massive public health and environmental threat that harm wildlife, pollute our oceans, and burden communities with cleanup costs and long-term health risks. Every year, millions of animals die from ingesting or getting trapped in plastic waste, and ecosystems like coral reefs are being destroyed. These materials don’t vanish—they persist for centuries, passing the cost and danger onto future generations who had no role in creating the problem. A total ban is the most effective way to stop the pollution at the source, protect nature, and ensure cleaner, safer communities. Without strong government action, we’ll keep paying the price in dollars, health, and environmental damage. It’s time to prioritize people and the planet over convenience.",sequence_and_transition,economic_externalities,"Next to harming wildlife and polluting oceans, single-use plastics cause long-term environmental and public health problems that burden communities and taxpayers through cleanup costs and medical expenses.",sequence_and_transition_economic_externalities,"I should calculate how cleanup costs, healthcare burdens, tourism losses, and ecosystem damage are borne by the public rather than producers—a market failure requiring correction.",Next,conditional,marine_ecosystem_destruction,"If we don’t act, plastic waste will continue to choke marine life, poison food chains, and damage ecosystems that support millions of livelihoods and global food security.",conditional_marine_ecosystem_destruction,"I should consider how single-use plastics kill marine animals through ingestion and entanglement, degrade coral reefs, and disrupt ocean ecosystems at massive scale.",If,addition_and_elaboration,intergenerational_responsibility,"Moreover, single-use plastics don’t just disappear—they linger in landfills and oceans for hundreds of years, leaving a toxic legacy for future generations who didn’t choose this pollution.",addition_and_elaboration_intergenerational_responsibility,"I should evaluate how plastics persist for centuries in the environment, meaning today's convenience imposes long-term burdens on future generations who had no say in their creation.",Moreover,baseline,775,219,0.006680057172531601
3,0.0,,,synthesis_restructured,random,4,20260228_155741,1.2133407592773438,"Single-use plastics are a major source of pollution, harming marine life through ingestion and entanglement, and damaging fragile ecosystems like coral reefs. Many of these plastics are exported to developing nations that lack the infrastructure to manage them, creating unfair environmental burdens on communities that didn’t contribute to the problem. While some companies claim to be eco-friendly, without a government-enforced ban, they continue using cheap plastics because there’s no real penalty for not changing. A total ban is the only way to ensure industries shift toward sustainable alternatives and stop relying on disposable materials. It’s not about limiting freedom—it’s about protecting our planet and future generations. We don’t need more promises; we need real action. A ban is the most responsible and effective step we can take.",emphasis_and_evaluation,global_waste_trade_injustice,"Importantly, single-use plastics often end up in developing countries that lack the infrastructure to handle them, leading to environmental damage and public health risks in regions that didn’t create the problem.",emphasis_and_evaluation_global_waste_trade_injustice,"I should consider how wealthy countries export plastic waste to poorer nations, making this a global justice issue that requires upstream intervention at the production stage.",Importantly,conclusion_and_summary,corporate_behavior_and_voluntary_failure,"In conclusion, without a government-enforced ban, companies will continue prioritizing profit over sustainability, relying on weak promises instead of real change.",conclusion_and_summary_corporate_behavior_and_voluntary_failure,"I should analyze how manufacturers default to cheap plastics despite pledges, and why only binding regulation—not voluntary commitments—can shift industry norms.",In conclusion,causal_reasoning,marine_ecosystem_destruction,"Therefore, a total ban is essential to protect wildlife, preserve marine ecosystems, and prevent long-term ecological damage that future generations will inherit.",causal_reasoning_marine_ecosystem_destruction,"I should consider how single-use plastics kill marine animals through ingestion and entanglement, degrade coral reefs, and disrupt ocean ecosystems at massive scale.",Therefore,baseline,850,282,0.006666250803204256
23,0.0,,,synthesis_restructured,random,1,20260228_155741,1.1299686431884766,"Single-use plastics are made from fossil fuels and release harmful greenhouse gases throughout their life cycle, making them a major contributor to climate change. Thankfully, we already have practical and affordable alternatives—like reusable bags, paper straws, and compostable containers—that can easily replace plastic items in everyday use. Banning single-use plastics isn’t about inconvenience; it’s about protecting the planet and our communities from pollution and environmental harm. It also helps prevent wealthy nations from exporting their waste to poorer countries, which is unfair and unsustainable. A total ban is a bold but necessary step toward a cleaner, healthier future. By taking this action now, we can safeguard natural ecosystems, reduce pollution, and encourage innovation in sustainable materials.",clarification_and_specification,carbon_footprint_and_climate,"In other words, single-use plastics are made from fossil fuels, and their production and disposal release harmful greenhouse gases, worsening climate change.",clarification_and_specification_carbon_footprint_and_climate,"I should analyze how single-use plastics are petrochemical products that contribute to emissions throughout their lifecycle, from extraction to incineration.",In other words,addition_and_elaboration,availability_of_alternatives,"Moreover, there are effective and accessible alternatives—like reusable bags, paper packaging, and compostable containers—that can replace single-use plastics without disrupting daily life.",addition_and_elaboration_availability_of_alternatives,"I should demonstrate that reusable, compostable, and biodegradable alternatives are available for bags, straws, containers, and packaging, making a ban practically feasible.",Moreover,conditional,global_waste_trade_injustice,"If the government bans single-use plastics, it stops the flow of waste and prevents the burden of pollution from being dumped on developing countries.",conditional_global_waste_trade_injustice,"I should consider how wealthy countries export plastic waste to poorer nations, making this a global justice issue that requires upstream intervention at the production stage.",If,baseline,823,257,0.006431749598375864
24,0.0,,,synthesis_restructured,random,2,20260228_155741,0.9978032112121582,"Single-use plastics are a major environmental hazard that don’t disappear after disposal—they persist for hundreds of years, polluting oceans, killing wildlife, and contaminating the food chain. Even though recycling is often promoted, less than 10% of plastic is actually recycled, and much of it ends up in landfills or the environment. A total ban would push society to adopt reusable, sustainable alternatives and reduce the long-term damage caused by plastic waste. This is not about restricting personal freedom—it’s about protecting our health, our planet, and future generations from avoidable harm. By taking bold action now, governments can drive innovation and create a cleaner, safer world for everyone.",causal_reasoning,recycling_system_failure,"Therefore, banning single-use plastics is a necessary step to reduce pollution and promote sustainable alternatives.",causal_reasoning_recycling_system_failure,"I should consider that global plastic recycling rates remain below 10%, much plastic is downcycled or exported, and source reduction through bans is therefore necessary.",Therefore,emphasis_and_evaluation,intergenerational_responsibility,"Importantly, single-use plastics do not disappear—they accumulate in ecosystems, harming wildlife and contaminating our food and water.",emphasis_and_evaluation_intergenerational_responsibility,"I should evaluate how plastics persist for centuries in the environment, meaning today's convenience imposes long-term burdens on future generations who had no say in their creation.",Importantly,causal_reasoning,marine_ecosystem_destruction,"Therefore, banning plastic pollution protects both nature and human health, ensuring cleaner oceans and safer food sources.",causal_reasoning_marine_ecosystem_destruction,"I should consider how single-use plastics kill marine animals through ingestion and entanglement, degrade coral reefs, and disrupt ocean ecosystems at massive scale.",Therefore,baseline,715,180,0.006369756530101763
27,0.0,,,synthesis_restructured,random,3,20260228_155741,1.212172508239746,"Single-use plastics cause massive harm to our environment and public health, and the cost is ultimately paid by ordinary citizens through polluted beaches, damaged ecosystems, and higher taxes for cleanup. Millions of marine animals die each year from ingesting or getting trapped in plastic waste, and entire ocean habitats are being destroyed by pollution. Despite promises from corporations, voluntary efforts haven’t reduced plastic use significantly—companies will only change when forced by strong rules. A total government ban is the most effective and necessary way to protect our planet and communities, ensuring that we don’t keep sacrificing nature for convenience. It’s time to stop treating plastic pollution as someone else’s problem and take bold action for a cleaner, healthier future.",emphasis_and_evaluation,economic_externalities,"Importantly, single-use plastics are a public cost that we all end up paying for, whether through higher taxes to fund cleanups, degraded beaches affecting tourism, or health issues from pollution.",emphasis_and_evaluation_economic_externalities,"I should calculate how cleanup costs, healthcare burdens, tourism losses, and ecosystem damage are borne by the public rather than producers—a market failure requiring correction.",Importantly,addition_and_elaboration,marine_ecosystem_destruction,"Moreover, the environmental toll is visibly devastating—millions of marine animals die each year from ingesting or becoming entangled in plastic waste, and entire ecosystems like coral reefs are being damaged.",addition_and_elaboration_marine_ecosystem_destruction,"I should consider how single-use plastics kill marine animals through ingestion and entanglement, degrade coral reefs, and disrupt ocean ecosystems at massive scale.",Moreover,concession_and_contrast,corporate_behavior_and_voluntary_failure,"However, companies continue relying on single-use plastics because they're cheap and profitable—without a government ban, there's no real incentive to change.",concession_and_contrast_corporate_behavior_and_voluntary_failure,"I should analyze how manufacturers default to cheap plastics despite pledges, and why only binding regulation—not voluntary commitments—can shift industry norms.",However,baseline,801,236,0.006302009206135354
7,1.751392550419084,,,synthesis_restructured,targeted,2,20260228_155111,1.3236064910888672,"I believe the government should ban single-use plastics because they’re harming the environment and our health. Even though some companies promise to reduce plastic use, they keep using it because it’s cheap—only a strict ban will force real change. Plastic pollution is already everywhere, from oceans to rivers, and microplastics are now showing up in human blood and organs, which is deeply concerning. Countries like Rwanda and Kenya have already proven that banning plastic is possible and effective, with cleaner streets and less waste. In the U.S., states like California and Oregon have already seen success with similar rules. This isn’t about being extreme—it’s about protecting our planet and our families from something we can no longer ignore.",emphasis_and_evaluation,corporate_behavior_and_voluntary_failure,"Importantly, many companies still rely on single-use plastics because they're cheap and convenient, and voluntary pledges haven’t led to real change. A government ban would force innovation and push companies to find better alternatives.",emphasis_and_evaluation_corporate_behavior_and_voluntary_failure,"I should analyze how manufacturers default to cheap plastics despite pledges, and why only binding regulation—not voluntary commitments—can shift industry norms.",Importantly,conclusion_and_summary,microplastics_and_human_health,"In conclusion, banning single-use plastics is essential to protect both our environment and our health, especially as microplastics are now found in human blood and organs—proof that this isn’t just an ecological issue, but a personal one.",conclusion_and_summary_microplastics_and_human_health,"I should examine emerging evidence that microplastics accumulate in human tissue, blood, and organs, posing uncertain but potentially serious health risks.",In conclusion,evidence_and_authority,success_of_existing_bans,"Evidence shows that countries like Rwanda and Kenya, which implemented strict bans, now have cleaner cities and less plastic waste in their waterways, proving that a ban is not only possible but effective.",evidence_and_authority_success_of_existing_bans,"I should examine case studies from Rwanda, the EU, Kenya, and various US states showing that bans are enforceable and produce measurable reductions in pollution.",Evidence shows that,targeted,756,25,0.006072785035975793
10,0.0,,,synthesis_restructured,random,3,20260228_155741,1.1129472255706787,"Single-use plastics are a serious threat to both human health and the environment. Microplastics from these products have been found in human blood and organs, suggesting they may cause long-term harm we’re only beginning to understand. Banning them outright is the most effective way to stop this pollution at the source. Without a total ban, we continue to export plastic waste to poorer countries that can’t handle it, forcing them to bear the burden of our convenience. This isn’t just an environmental issue—it’s a matter of fairness and global responsibility. A government ban is the clearest, most decisive step we can take to protect people and the planet.",emphasis_and_evaluation,microplastics_and_human_health,"Importantly, single-use plastics break down into microplastics that have now been detected in human blood and organs, raising serious concerns about long-term health impacts.",emphasis_and_evaluation_microplastics_and_human_health,"I should examine emerging evidence that microplastics accumulate in human tissue, blood, and organs, posing uncertain but potentially serious health risks.",Importantly,conditional,global_waste_trade_injustice,"If we don’t ban single-use plastics at the source, we’re simply shifting environmental harm to developing countries that lack the infrastructure to manage it safely.",conditional_global_waste_trade_injustice,"I should consider how wealthy countries export plastic waste to poorer nations, making this a global justice issue that requires upstream intervention at the production stage.",If,evidence_and_authority,global_waste_trade_injustice,"Evidence shows that much of the plastic waste from wealthy nations ends up in developing countries, where it pollutes rivers, harms communities, and damages ecosystems.",evidence_and_authority_global_waste_trade_injustice,"I should consider how wealthy countries export plastic waste to poorer nations, making this a global justice issue that requires upstream intervention at the production stage.",Evidence shows that,baseline,664,172,0.006057600957185077
4,0.0,,,synthesis_restructured,random,3,20260228_155741,1.2609195709228516,"Single-use plastics are a major source of pollution that harms wildlife, contaminates waterways, and lingers in the environment for hundreds of years. Even though they’re convenient, the long-term damage they cause to ecosystems and human health far outweighs their short-term benefits. A total ban would drastically cut down on plastic waste, reduce greenhouse gas emissions from production and disposal, and push society toward sustainable alternatives. It’s a necessary step to protect the planet for future generations who didn’t choose to inherit this mess. While some may worry about inconvenience, the shift to reusable or compostable options is manageable and already happening in many places. This ban isn’t about restricting freedom—it’s about protecting our shared environment and ensuring a healthier, cleaner world for everyone.",concession_and_contrast,intergenerational_responsibility,"However, the environmental damage caused by single-use plastics—like pollution in oceans and harm to wildlife—is irreversible and growing, and the convenience they offer isn’t worth the long-term cost to our planet and health.",concession_and_contrast_intergenerational_responsibility,"I should evaluate how plastics persist for centuries in the environment, meaning today's convenience imposes long-term burdens on future generations who had no say in their creation.",However,causal_reasoning,carbon_footprint_and_climate,"Therefore, banning them supports climate action and reduces pollution from manufacturing and waste disposal, which affects both the environment and human health in nearby communities.",causal_reasoning_carbon_footprint_and_climate,"I should analyze how single-use plastics are petrochemical products that contribute to emissions throughout their lifecycle, from extraction to incineration.",Therefore,conditional,carbon_footprint_and_climate,"If we stop producing these plastics, we reduce greenhouse gas emissions and rely less on fossil fuels, helping fight climate change in a way that benefits everyone.",conditional_carbon_footprint_and_climate,"I should analyze how single-use plastics are petrochemical products that contribute to emissions throughout their lifecycle, from extraction to incineration.",If,baseline,841,272,0.00552198764242585
13,0.0,,,synthesis_restructured,random,0,20260228_155741,1.1379733085632324,"Single-use plastics cause massive environmental harm, killing marine life and polluting oceans, which affects ecosystems worldwide. Many of these plastics end up in developing nations that lack the infrastructure to manage waste properly, creating an unfair burden on vulnerable communities. Beyond harming wildlife, the production and disposal of these plastics contribute to climate change by increasing fossil fuel use and greenhouse gas emissions. A total government ban would address the root cause by eliminating the problem at the source, promoting safer, reusable alternatives. This shift isn’t just about cleaning up oceans—it’s about protecting both people and the planet. Given how widespread and damaging single-use plastics are, a ban is a necessary and responsible step toward a more sustainable future.",exemplification,global_waste_trade_injustice,"For example, much of the plastic waste from developed countries ends up in nations with weaker infrastructure, leading to environmental and health crises in those communities.",exemplification_global_waste_trade_injustice,"I should consider how wealthy countries export plastic waste to poorer nations, making this a global justice issue that requires upstream intervention at the production stage.",For example,evidence_and_authority,marine_ecosystem_destruction,"Evidence shows that over a million marine animals die each year due to plastic pollution, and banning single-use plastics would drastically reduce this suffering.",evidence_and_authority_marine_ecosystem_destruction,"I should consider how single-use plastics kill marine animals through ingestion and entanglement, degrade coral reefs, and disrupt ocean ecosystems at massive scale.",Evidence shows that,conditional,carbon_footprint_and_climate,"If we banned single-use plastics, we’d also reduce fossil fuel demand and carbon emissions, helping fight climate change—a benefit that extends beyond just clean oceans.",conditional_carbon_footprint_and_climate,"I should analyze how single-use plastics are petrochemical products that contribute to emissions throughout their lifecycle, from extraction to incineration.",If,baseline,817,252,0.005478281451855312
3,0.0,,,synthesis_restructured,random,1,20260228_155741,1.3184654712677002,"Single-use plastics are a major threat to our environment and communities, especially in poorer nations that receive plastic waste from wealthier countries. These countries often can't safely process the waste, leading to pollution, health hazards, and long-term damage to ecosystems. While some companies promise to reduce plastic use, they continue relying on it because there are no real consequences for failing to act—only a total ban can force real change. Beyond pollution, single-use plastics kill marine animals through ingestion and entanglement, harm coral reefs, and disrupt the balance of ocean ecosystems. A government-enforced ban is not just practical—it’s a moral necessity to protect both people and the planet. We can’t afford to wait for voluntary actions that have repeatedly failed; bold, immediate policy is what’s needed.",emphasis_and_evaluation,global_waste_trade_injustice,"Importantly, many high-income countries export their plastic waste to lower-income nations, which often lack the infrastructure to manage it safely—leading to environmental degradation and health risks in vulnerable communities.",emphasis_and_evaluation_global_waste_trade_injustice,"I should consider how wealthy countries export plastic waste to poorer nations, making this a global justice issue that requires upstream intervention at the production stage.",Importantly,conclusion_and_summary,corporate_behavior_and_voluntary_failure,"In conclusion, while companies often promise to reduce plastic use, they continue relying on single-use plastics because there’s no real consequence for failing to act—only a total ban can force meaningful change.",conclusion_and_summary_corporate_behavior_and_voluntary_failure,"I should analyze how manufacturers default to cheap plastics despite pledges, and why only binding regulation—not voluntary commitments—can shift industry norms.",In conclusion,causal_reasoning,marine_ecosystem_destruction,"Therefore, a government-enforced ban is necessary to protect marine life, reduce pollution in oceans, and safeguard ecosystems that billions depend on for food and livelihoods.",causal_reasoning_marine_ecosystem_destruction,"I should consider how single-use plastics kill marine animals through ingestion and entanglement, degrade coral reefs, and disrupt ocean ecosystems at massive scale.",Therefore,baseline,845,274,0.00534786613926203
48,0.0,,,synthesis_restructured,random,1,20260228_155741,1.2020866870880127,"Single-use plastics are a major environmental hazard, harming marine life and introducing toxic microplastics into the food chain, which can eventually affect human health. Even well-intentioned recycling efforts fail to keep up with the volume of plastic waste, making voluntary industry changes insufficient. Without a strong government mandate, companies will continue to prioritize low-cost plastics over sustainable alternatives. A total ban is the most effective way to stop the pollution cycle and encourage innovation in eco-friendly packaging. It’s not just about cleaning up today—it’s about protecting the planet for future generations who didn’t choose this mess. We can’t afford to wait for change; we need decisive action now.",sequence_and_transition,marine_ecosystem_destruction,"Next to being a major source of pollution, single-use plastics are especially harmful because they don’t biodegrade—they break down into microplastics that enter the food chain, ultimately threatening human health.",sequence_and_transition_marine_ecosystem_destruction,"I should consider how single-use plastics kill marine animals through ingestion and entanglement, degrade coral reefs, and disrupt ocean ecosystems at massive scale.",Next,concession_and_contrast,corporate_behavior_and_voluntary_failure,"However, without a government-enforced ban, companies will keep prioritizing profit over the environment, relying on recycling programs that are often ineffective or poorly implemented.",concession_and_contrast_corporate_behavior_and_voluntary_failure,"I should analyze how manufacturers default to cheap plastics despite pledges, and why only binding regulation—not voluntary commitments—can shift industry norms.",However,causal_reasoning,intergenerational_responsibility,"Therefore, a total ban is necessary to stop the continuous flow of plastic waste into our oceans, landfills, and even the air we breathe—protecting both current and future generations.",causal_reasoning_intergenerational_responsibility,"I should evaluate how plastics persist for centuries in the environment, meaning today's convenience imposes long-term burdens on future generations who had no say in their creation.",Therefore,baseline,740,189,0.004620491613979828
20,0.0,,,synthesis_restructured,random,4,20260228_155741,1.197258710861206,"Single-use plastics are not just a short-term convenience—they're a long-term environmental disaster. They're made from fossil fuels, and their entire lifecycle, from production to disposal, releases harmful greenhouse gases that worsen climate change. Despite promises from companies to reduce plastic use, voluntary efforts have failed to make a real difference, showing that only a government-enforced ban can create the systemic change we need. What’s more, most single-use plastics don’t disappear—they persist in nature for centuries, polluting oceans, harming animals, and burdening future generations with a problem they didn’t create. A total ban is the only way to stop this cycle and protect both the environment and public health. It’s time to prioritize the planet over the convenience of a plastic bag.",concession_and_contrast,carbon_footprint_and_climate,"However, the production and disposal of single-use plastics release significant greenhouse gases, contributing to climate change even before they are used.",concession_and_contrast_carbon_footprint_and_climate,"I should analyze how single-use plastics are petrochemical products that contribute to emissions throughout their lifecycle, from extraction to incineration.",However,causal_reasoning,corporate_behavior_and_voluntary_failure,"Therefore, relying on companies to self-regulate or make voluntary changes has repeatedly failed, and only a government-enforced ban can ensure meaningful and consistent change.",causal_reasoning_corporate_behavior_and_voluntary_failure,"I should analyze how manufacturers default to cheap plastics despite pledges, and why only binding regulation—not voluntary commitments—can shift industry norms.",Therefore,exemplification,intergenerational_responsibility,"For example, plastic waste lingers in oceans and landfills for hundreds of years, harming wildlife and polluting ecosystems that future generations will have to clean up.",exemplification_intergenerational_responsibility,"I should evaluate how plastics persist for centuries in the environment, meaning today's convenience imposes long-term burdens on future generations who had no say in their creation.",For example,baseline,816,248,0.004345859406766901
32,0.0,,,synthesis_restructured,random,0,20260228_155741,1.207129955291748,"The government should enforce a total ban on single-use plastics because they are a major source of pollution and climate change, releasing harmful greenhouse gases throughout their life cycle. When these plastics are discarded, they often end up in developing nations that lack the infrastructure to handle the waste, creating environmental injustice and long-term health risks. Worse, single-use plastics don’t break down easily—many persist in nature for centuries, choking wildlife, polluting oceans, and entering the food chain. This isn’t just an environmental issue; it’s a moral one, as we’re leaving behind a toxic legacy for future generations who didn’t choose it. A total ban is the most effective way to stop the problem at the source and push society toward sustainable alternatives that protect both people and the planet.",concession_and_contrast,carbon_footprint_and_climate,"However, the production and disposal of single-use plastics release significant greenhouse gases, worsening climate change and contributing to environmental degradation.",concession_and_contrast_carbon_footprint_and_climate,"I should analyze how single-use plastics are petrochemical products that contribute to emissions throughout their lifecycle, from extraction to incineration.",However,concession_and_contrast,global_waste_trade_injustice,"However, much of the world’s plastic waste ends up in developing countries, where it overloads landfills and pollutes ecosystems, often without the resources to manage it properly.",concession_and_contrast_global_waste_trade_injustice,"I should consider how wealthy countries export plastic waste to poorer nations, making this a global justice issue that requires upstream intervention at the production stage.",However,evidence_and_authority,intergenerational_responsibility,"Evidence shows that single-use plastics can take hundreds of years to decompose, harming wildlife and contaminating water and soil for generations to come.",evidence_and_authority_intergenerational_responsibility,"I should evaluate how plastics persist for centuries in the environment, meaning today's convenience imposes long-term burdens on future generations who had no say in their creation.",Evidence shows that,baseline,837,269,0.004285077098795247
18,0.0,,,synthesis_restructured,random,1,20260228_155741,1.1350812911987305,"Single-use plastics are a major source of pollution that harms our planet in ways that go far beyond littering. They’re made from fossil fuels, and their production and disposal release harmful greenhouse gases, worsening climate change. Every year, millions of marine animals die from ingesting or getting trapped in plastic waste, and entire ecosystems like coral reefs are being damaged. A total ban would drastically reduce this destruction, protect wildlife, and push society toward more sustainable alternatives. While some might worry about convenience, the long-term environmental and health costs of inaction are far greater. We have the technology and resources to switch to reusable or biodegradable options—now is the time to make that shift. A ban isn’t just a policy; it’s a necessary step to protect our planet for future generations.",causal_reasoning,carbon_footprint_and_climate,"Therefore, banning single-use plastics would reduce greenhouse gas emissions and help combat climate change.",causal_reasoning_carbon_footprint_and_climate,"I should analyze how single-use plastics are petrochemical products that contribute to emissions throughout their lifecycle, from extraction to incineration.",Therefore,conditional,carbon_footprint_and_climate,"If we ban single-use plastics, we’ll reduce our dependence on fossil fuels and cut down on harmful emissions from manufacturing and disposal.",conditional_carbon_footprint_and_climate,"I should analyze how single-use plastics are petrochemical products that contribute to emissions throughout their lifecycle, from extraction to incineration.",If,concession_and_contrast,marine_ecosystem_destruction,"However, the environmental damage they cause—especially to marine life and ecosystems—is undeniable and irreversible in many cases.",concession_and_contrast_marine_ecosystem_destruction,"I should consider how single-use plastics kill marine animals through ingestion and entanglement, degrade coral reefs, and disrupt ocean ecosystems at massive scale.",However,baseline,849,279,0.004250460230441521
30,0.0,,,synthesis_restructured,random,0,20260228_155741,1.154618263244629,"Single-use plastics are a major environmental and social crisis, and a total government ban is the most effective way to address it. Wealthy countries often export their plastic waste to poorer nations, overwhelming local communities and ecosystems that didn’t create the problem. The costs of cleaning up plastic pollution—loss of tourism, damage to wildlife, and public health impacts—are shouldered by ordinary people, not the corporations that profit from these products. By banning single-use plastics at the source, the government can prevent harm before it happens and ensure that polluters are held accountable. This is not just an environmental issue—it’s a matter of fairness and long-term public safety. A total ban is a necessary step toward protecting our planet and our communities.",exemplification,global_waste_trade_injustice,"For example, countries in the Global North often ship their plastic waste to developing nations, overwhelming local infrastructure and harming communities that didn’t create the problem.",exemplification_global_waste_trade_injustice,"I should consider how wealthy countries export plastic waste to poorer nations, making this a global justice issue that requires upstream intervention at the production stage.",For example,addition_and_elaboration,economic_externalities,"Moreover, the financial burden of cleaning up plastic pollution falls on taxpayers and local governments, while the corporations that profit from single-use plastics avoid accountability.",addition_and_elaboration_economic_externalities,"I should calculate how cleanup costs, healthcare burdens, tourism losses, and ecosystem damage are borne by the public rather than producers—a market failure requiring correction.",Moreover,clarification_and_specification,global_waste_trade_injustice,"In other words, a total ban would stop the problem at its source, preventing harm to both people and ecosystems before it begins.",clarification_and_specification_global_waste_trade_injustice,"I should consider how wealthy countries export plastic waste to poorer nations, making this a global justice issue that requires upstream intervention at the production stage.",In other words,baseline,796,227,0.0040761321530853
13,0.0,,,synthesis_restructured,random,4,20260228_155741,1.115645408630371,"Single-use plastics are a major environmental hazard that harm wildlife, pollute oceans, and contribute to climate change. Many marine animals die each year after ingesting or becoming entangled in plastic waste, and entire ecosystems like coral reefs are being degraded. In addition, these plastics are made from fossil fuels, and their production and disposal release harmful greenhouse gases. Wealthy countries often export their plastic waste to poorer nations, placing an unfair burden on communities that lack the resources to manage it. A total government ban would stop this pollution at the source, promote sustainable alternatives, and protect both people and the planet. It’s a necessary step toward a cleaner, fairer, and healthier future for all.",exemplification,global_waste_trade_injustice,"For example, many developed nations ship their plastic waste to countries with weaker environmental regulations, often causing severe pollution and health issues in those communities.",exemplification_global_waste_trade_injustice,"I should consider how wealthy countries export plastic waste to poorer nations, making this a global justice issue that requires upstream intervention at the production stage.",For example,evidence_and_authority,marine_ecosystem_destruction,"Evidence shows that over a million marine animals die each year from plastic pollution, including turtles, seals, and seabirds that mistake plastic for food.",evidence_and_authority_marine_ecosystem_destruction,"I should consider how single-use plastics kill marine animals through ingestion and entanglement, degrade coral reefs, and disrupt ocean ecosystems at massive scale.",Evidence shows that,conditional,carbon_footprint_and_climate,"If we ban single-use plastics, we reduce fossil fuel dependence and lower greenhouse gas emissions, helping to fight climate change.",conditional_carbon_footprint_and_climate,"I should analyze how single-use plastics are petrochemical products that contribute to emissions throughout their lifecycle, from extraction to incineration.",If,baseline,759,199,0.003625990955103661
49,0.0,,,synthesis_restructured,random,4,20260228_155741,1.2797317504882812,"The government should enforce a total ban on single-use plastics because they cause massive environmental harm that affects everyone. These plastics pollute our oceans and landfills, killing marine animals like sea turtles and seabirds that mistake them for food, leading to painful deaths. They also degrade ecosystems, damage coral reefs, and threaten the natural resources we all rely on for clean water, air, and food. Even though some people say bans are inconvenient, the long-term cost of not acting—like lost tourism, cleanup expenses, and health risks—is far greater. A ban pushes companies to innovate with sustainable alternatives, making the switch easier over time. We can’t keep letting plastic waste harm our planet while big corporations profit. It's time to protect our shared environment for future generations.",addition_and_elaboration,economic_externalities,"Moreover, single-use plastics pollute our oceans and landfills, harming wildlife and degrading natural environments that everyone depends on for clean air, water, and recreation.",addition_and_elaboration_economic_externalities,"I should calculate how cleanup costs, healthcare burdens, tourism losses, and ecosystem damage are borne by the public rather than producers—a market failure requiring correction.",Moreover,exemplification,marine_ecosystem_destruction,"For example, animals like sea turtles and seabirds often mistake plastic bags and bottles for food, leading to starvation and death—this kind of irreversible harm is unacceptable.",exemplification_marine_ecosystem_destruction,"I should consider how single-use plastics kill marine animals through ingestion and entanglement, degrade coral reefs, and disrupt ocean ecosystems at massive scale.",For example,exemplification,marine_ecosystem_destruction,"For example, animals like sea turtles and seabirds often mistake plastic bags and bottles for food, leading to starvation and death—this kind of irreversible harm is unacceptable.",exemplification_marine_ecosystem_destruction,"I should consider how single-use plastics kill marine animals through ingestion and entanglement, degrade coral reefs, and disrupt ocean ecosystems at massive scale.",For example,baseline,829,262,0.0035880056493033615
27,0.0,,,synthesis_restructured,random,1,20260228_155741,1.195338249206543,"The government should enforce a total ban on single-use plastics because they cause widespread environmental damage that harms wildlife, pollutes our oceans, and degrades ecosystems—costs that we all end up paying for through taxpayer-funded cleanups and lost natural resources. When animals ingest or get entangled in plastic, they suffer and die, and entire marine food chains are disrupted, threatening biodiversity. While some companies promise to reduce plastic use, they only act when forced by law, and voluntary efforts simply aren’t enough to stop the ongoing pollution crisis. A ban would push innovation toward sustainable alternatives and ensure that all of us—especially future generations—live in a cleaner, healthier world. This isn’t about inconvenience; it’s about protecting the planet we all share.",emphasis_and_evaluation,economic_externalities,"Importantly, single-use plastics pollute our oceans and landfills, harming wildlife and ecosystems, and these environmental costs are ultimately paid by taxpayers through cleanup and conservation efforts.",emphasis_and_evaluation_economic_externalities,"I should calculate how cleanup costs, healthcare burdens, tourism losses, and ecosystem damage are borne by the public rather than producers—a market failure requiring correction.",Importantly,addition_and_elaboration,marine_ecosystem_destruction,"Moreover, marine animals often mistake plastic for food, leading to painful deaths and population declines, which threaten biodiversity and disrupt entire food chains.",addition_and_elaboration_marine_ecosystem_destruction,"I should consider how single-use plastics kill marine animals through ingestion and entanglement, degrade coral reefs, and disrupt ocean ecosystems at massive scale.",Moreover,concession_and_contrast,corporate_behavior_and_voluntary_failure,"However, companies keep using single-use plastics because they’re cheap and convenient, and without a government ban, they have no real incentive to change.",concession_and_contrast_corporate_behavior_and_voluntary_failure,"I should analyze how manufacturers default to cheap plastics despite pledges, and why only binding regulation—not voluntary commitments—can shift industry norms.",However,baseline,817,250,0.003568328849178181
7,0.0,,,synthesis_restructured,random,1,20260228_155741,1.2258877754211426,"We can easily replace single-use plastics with reusable or compostable alternatives like paper, glass, metal, and plant-based materials that work just as well for everyday needs. These products are already available in stores and used by millions around the world without major disruption. But the real issue is that plastic waste doesn’t just vanish—it lingers in oceans and landfills for centuries, poisoning wildlife and polluting our air and water. This isn’t just a problem for today; it’s a burden we’re leaving behind for future generations who didn’t choose it. A total ban is a necessary step to protect our planet and ensure cleaner, healthier communities. By acting now, we can create a sustainable future without sacrificing convenience.",conditional,availability_of_alternatives,"If we stop using single-use plastics, we can still meet daily needs with eco-friendly alternatives like paper, glass, metal, and compostable materials that are widely available and effective.",conditional_availability_of_alternatives,"I should demonstrate that reusable, compostable, and biodegradable alternatives are available for bags, straws, containers, and packaging, making a ban practically feasible.",If,emphasis_and_evaluation,intergenerational_responsibility,"Importantly, single-use plastics don’t just disappear—they linger in oceans, landfills, and ecosystems for hundreds of years, harming wildlife and polluting the environment we all depend on.",emphasis_and_evaluation_intergenerational_responsibility,"I should evaluate how plastics persist for centuries in the environment, meaning today's convenience imposes long-term burdens on future generations who had no say in their creation.",Importantly,causal_reasoning,intergenerational_responsibility,"Therefore, continuing to allow these plastic products is a short-term convenience at the expense of long-term environmental health and intergenerational fairness.",causal_reasoning_intergenerational_responsibility,"I should evaluate how plastics persist for centuries in the environment, meaning today's convenience imposes long-term burdens on future generations who had no say in their creation.",Therefore,baseline,749,193,0.0034439502214113553
45,0.0,,,synthesis_restructured,random,2,20260228_155741,1.2058501243591309,"Single-use plastics are a major source of pollution, lasting for centuries and harming wildlife, ecosystems, and even human health. Despite recycling efforts, less than 10% of plastic is actually recycled, meaning most ends up in landfills or oceans where it breaks down into dangerous microplastics. Banning them entirely is a practical solution that reduces environmental damage and encourages innovation in reusable and sustainable alternatives. It also cuts down on fossil fuel use and greenhouse gas emissions from plastic production. As an average person concerned about clean water, healthy wildlife, and a safer planet, I believe a total ban is the responsible and necessary step forward. We can’t keep treating the Earth as a trash can for our short-term convenience.",concession_and_contrast,intergenerational_responsibility,"However, single-use plastics are designed for immediate disposal, yet they persist in ecosystems for hundreds of years, polluting oceans, harming wildlife, and contaminating food chains.",concession_and_contrast_intergenerational_responsibility,"I should evaluate how plastics persist for centuries in the environment, meaning today's convenience imposes long-term burdens on future generations who had no say in their creation.",However,addition_and_elaboration,recycling_system_failure,"Moreover, despite recycling efforts, most single-use plastics aren’t recycled—instead, they end up in landfills or oceans, making a total ban a practical and necessary step to reduce pollution.",addition_and_elaboration_recycling_system_failure,"I should consider that global plastic recycling rates remain below 10%, much plastic is downcycled or exported, and source reduction through bans is therefore necessary.",Moreover,conclusion_and_summary,carbon_footprint_and_climate,"In conclusion, banning single-use plastics reduces greenhouse gas emissions and dependence on fossil fuels, which benefits both the environment and public health.",conclusion_and_summary_carbon_footprint_and_climate,"I should analyze how single-use plastics are petrochemical products that contribute to emissions throughout their lifecycle, from extraction to incineration.",In conclusion,baseline,776,213,0.0034105076436153434
19,0.0,,,synthesis_restructured,random,1,20260228_155741,1.204049587249756,"The government should enforce a total ban on single-use plastics because these items are a major source of pollution that harms ecosystems and human health for centuries. They are made from fossil fuels, and their production and disposal contribute significantly to greenhouse gas emissions, worsening climate change. Despite efforts to recycle, less than 10% of plastic waste is actually recycled, and much of it ends up in landfills or oceans, where it breaks down into microplastics that enter our food and water. A total ban is the most effective way to stop this damage at the source, pushing society toward reusable and sustainable alternatives. As a regular person concerned about clean air, water, and a healthier planet, I believe this step is essential for protecting both nature and future generations.",causal_reasoning,intergenerational_responsibility,"Therefore, the government should act now to prevent further harm by banning single-use plastics, since these items are unnecessary and cause lasting damage.",causal_reasoning_intergenerational_responsibility,"I should evaluate how plastics persist for centuries in the environment, meaning today's convenience imposes long-term burdens on future generations who had no say in their creation.",Therefore,sequence_and_transition,carbon_footprint_and_climate,"Next, these plastics are not only polluting but also accelerate climate change, which makes a ban not just an environmental issue but a climate imperative.",sequence_and_transition_carbon_footprint_and_climate,"I should analyze how single-use plastics are petrochemical products that contribute to emissions throughout their lifecycle, from extraction to incineration.",Next,concession_and_contrast,recycling_system_failure,"However, recycling alone cannot solve the problem—most single-use plastics aren’t recycled, and even when they are, the process is inefficient and energy-intensive.",concession_and_contrast_recycling_system_failure,"I should consider that global plastic recycling rates remain below 10%, much plastic is downcycled or exported, and source reduction through bans is therefore necessary.",However,baseline,813,244,0.0033370986340224363
24,0.0,,,synthesis_restructured,random,0,20260228_155741,1.1173665523529053,"The government should enforce a total ban on single-use plastics because they pollute our environment and ecosystems, with less than 10% of plastic ever being recycled. Once discarded, these items persist for centuries, harming wildlife like marine animals that mistake them for food or become entangled. The long-term damage to oceans, coral reefs, and natural habitats affects not only nature but also future generations who didn’t choose this burden. A nationwide ban is a necessary step to reduce waste, conserve resources, and protect both human and planetary health. Simple alternatives like reusable bags and containers are already available and increasingly affordable. It’s time we stop treating the environment as a dumping ground for convenience.",causal_reasoning,recycling_system_failure,"Therefore, banning single-use plastics at the national level is essential to reduce pollution, conserve resources, and prevent environmental harm.",causal_reasoning_recycling_system_failure,"I should consider that global plastic recycling rates remain below 10%, much plastic is downcycled or exported, and source reduction through bans is therefore necessary.",Therefore,emphasis_and_evaluation,intergenerational_responsibility,"Importantly, single-use plastics don't just pollute— they outlive us, harming ecosystems and wildlife for hundreds of years, which is fundamentally unfair to future generations.",emphasis_and_evaluation_intergenerational_responsibility,"I should evaluate how plastics persist for centuries in the environment, meaning today's convenience imposes long-term burdens on future generations who had no say in their creation.",Importantly,causal_reasoning,marine_ecosystem_destruction,"Therefore, eliminating single-use plastics is not just about clean streets—it’s about protecting the health of our oceans and the species that live in them.",causal_reasoning_marine_ecosystem_destruction,"I should consider how single-use plastics kill marine animals through ingestion and entanglement, degrade coral reefs, and disrupt ocean ecosystems at massive scale.",Therefore,baseline,757,198,0.003321994620993514
39,0.0,,,synthesis_restructured,random,1,20260228_155741,1.3218722343444824,"Single-use plastics don’t just vanish—they remain in our oceans and landfills for centuries, harming animals, polluting waterways, and damaging the environment for generations to come. Companies will keep using them unless forced to change, because plastic is cheap and profitable, and their promises to reduce waste have not delivered real results. The true cost of plastic—cleaning up pollution, treating health issues, and losing tourism—falls on ordinary people, not the corporations that profit from it. A total ban is not extreme; it’s a necessary step to protect our planet and our future. Without government action, we’re stuck with a system that prioritizes short-term convenience over long-term survival. We deserve cleaner water, healthier ecosystems, and a world where our children aren’t burdened by our waste. It’s time to end single-use plastics once and for all.",emphasis_and_evaluation,intergenerational_responsibility,"Importantly, single-use plastics don’t just disappear—they linger in oceans and landfills for hundreds of years, polluting ecosystems and harming wildlife.",emphasis_and_evaluation_intergenerational_responsibility,"I should evaluate how plastics persist for centuries in the environment, meaning today's convenience imposes long-term burdens on future generations who had no say in their creation.",Importantly,emphasis_and_evaluation,corporate_behavior_and_voluntary_failure,"Importantly, companies keep using plastic because it’s cheap and convenient, but they won’t change unless the government mandates it—voluntary efforts have failed so far.",emphasis_and_evaluation_corporate_behavior_and_voluntary_failure,"I should analyze how manufacturers default to cheap plastics despite pledges, and why only binding regulation—not voluntary commitments—can shift industry norms.",Importantly,conclusion_and_summary,economic_externalities,"In conclusion, the real cost of plastic isn’t on the price tag—it’s paid by our communities through polluted rivers, sick wildlife, and degraded natural spaces.",conclusion_and_summary_economic_externalities,"I should calculate how cleanup costs, healthcare burdens, tourism losses, and ecosystem damage are borne by the public rather than producers—a market failure requiring correction.",In conclusion,baseline,878,294,0.0030308338131099445
36,0.0,,,synthesis_restructured,random,1,20260228_155741,1.3703064918518066,"Single-use plastics are a massive public cost disguised as convenience—pollution clogs our rivers, kills wildlife, and harms human health, all while the companies that profit from them avoid responsibility. We’re already paying for this through cleanup bills, damaged tourism, and ecological collapse, and it’s not fair to keep shifting the burden onto communities and nature. These plastics don’t vanish—they break down into microplastics that end up in our food, water, and even our bodies. If we don’t ban them now, we’re condemning future generations to live in a world choked by waste they didn’t create. A total ban is the only way to stop this crisis before it gets worse. It’s time we stop treating the planet as a trash can and start living sustainably.",sequence_and_transition,economic_externalities,"Next to no one benefits from plastic pollution: it harms our environment, clogs our waterways, and harms wildlife. The people who produce and use single-use plastics don’t pay the real cost—communities, governments, and nature do.",sequence_and_transition_economic_externalities,"I should calculate how cleanup costs, healthcare burdens, tourism losses, and ecosystem damage are borne by the public rather than producers—a market failure requiring correction.",Next,conditional,marine_ecosystem_destruction,"If we don’t act, plastic will continue choking fish, birds, and turtles—leading to species loss and broken food chains that could affect what we eat and how healthy our oceans are.",conditional_marine_ecosystem_destruction,"I should consider how single-use plastics kill marine animals through ingestion and entanglement, degrade coral reefs, and disrupt ocean ecosystems at massive scale.",If,addition_and_elaboration,intergenerational_responsibility,"Moreover, single-use plastics don’t disappear—they linger for hundreds of years, poisoning soil and water. Future generations shouldn’t inherit a planet ruined by our disposable habits.",addition_and_elaboration_intergenerational_responsibility,"I should evaluate how plastics persist for centuries in the environment, meaning today's convenience imposes long-term burdens on future generations who had no say in their creation.",Moreover,baseline,762,201,0.0030162308852345865
36,0.0,,,synthesis_restructured,random,4,20260228_155741,1.3230352401733398,"The government should enforce a total ban on single-use plastics because these items are poisoning our environment, harming wildlife, and putting our health at risk—without any real benefit to everyday people. Every year, millions of marine animals die from ingesting or getting trapped in plastic, and ecosystems like coral reefs are being destroyed. Even worse, plastic doesn’t break down; it just turns into smaller, toxic particles that end up in our water, food, and bodies. We’re already paying for this through costly cleanups, damaged coastlines, and rising healthcare issues. A ban isn’t extreme—it’s a necessary step to protect our planet and future generations. After all, we can’t keep sacrificing clean water, healthy oceans, and public health for the convenience of a few seconds of use.",sequence_and_transition,economic_externalities,"Next to the waste piles, plastic pollution is hurting our environment and public health, and it’s not fair that we, the public, have to pay for it through higher taxes and lost clean spaces.",sequence_and_transition_economic_externalities,"I should calculate how cleanup costs, healthcare burdens, tourism losses, and ecosystem damage are borne by the public rather than producers—a market failure requiring correction.",Next,conditional,marine_ecosystem_destruction,"If we don’t act now, our oceans will be choked with plastic, killing fish, turtles, and seabirds that we depend on for food and ecological balance.",conditional_marine_ecosystem_destruction,"I should consider how single-use plastics kill marine animals through ingestion and entanglement, degrade coral reefs, and disrupt ocean ecosystems at massive scale.",If,addition_and_elaboration,intergenerational_responsibility,"Moreover, plastic doesn’t just disappear—it lingers for hundreds of years, passing toxic chemicals into our water, soil, and even our bodies, threatening our children’s health.",addition_and_elaboration_intergenerational_responsibility,"I should evaluate how plastics persist for centuries in the environment, meaning today's convenience imposes long-term burdens on future generations who had no say in their creation.",Moreover,baseline,801,235,0.0029077333154206454
22,0.0,,,synthesis_restructured,random,2,20260228_155741,1.0437166690826416,"Single-use plastics are harmful to the planet in ways that go beyond just littering—it's clear they contribute to climate change through fossil fuel extraction and production, while also destroying marine life and ecosystems. Every year, millions of animals die after ingesting or getting trapped in plastic waste, and even coral reefs suffer from the pollution. While companies say they’re trying to improve, they keep using plastic unless laws force them to switch to better alternatives. A total government ban is necessary to create real, lasting change and protect our environment for future generations. Without strong legal action, progress remains slow and inconsistent. This isn’t about inconvenience—it’s about responsibility to the Earth we all share.",exemplification,carbon_footprint_and_climate,"For example, producing these plastics requires fossil fuels, which contribute to greenhouse gas emissions and climate change.",exemplification_carbon_footprint_and_climate,"I should analyze how single-use plastics are petrochemical products that contribute to emissions throughout their lifecycle, from extraction to incineration.",For example,concession_and_contrast,marine_ecosystem_destruction,"However, the environmental cost is even more dire: these plastics pollute oceans, killing marine life and harming ecosystems we depend on.",concession_and_contrast_marine_ecosystem_destruction,"I should consider how single-use plastics kill marine animals through ingestion and entanglement, degrade coral reefs, and disrupt ocean ecosystems at massive scale.",However,exemplification,corporate_behavior_and_voluntary_failure,"For example, even when companies promise to reduce plastic use, they often continue relying on single-use packaging unless laws force them to change.",exemplification_corporate_behavior_and_voluntary_failure,"I should analyze how manufacturers default to cheap plastics despite pledges, and why only binding regulation—not voluntary commitments—can shift industry norms.",For example,baseline,762,202,0.0019466229691695626
37,0.0,,,synthesis_restructured,random,2,20260228_155741,1.3041050434112549,"The government should enforce a total ban on single-use plastics because they are a major source of pollution that harms wildlife, contaminates our oceans, and may even be entering our own bodies through food and water. While companies often promise to reduce plastic use, they only act when forced to—voluntary measures have failed to create meaningful change. A nationwide ban would push industries to innovate and adopt safer, reusable alternatives, creating long-term environmental and public health benefits. It’s time to stop treating plastic pollution as a minor issue and take decisive action to protect our planet and future generations. Without strong government intervention, the problem will only get worse. A total ban is the most effective and necessary step we can take now.",conclusion_and_summary,microplastics_and_human_health,"In conclusion, the government should enforce a total ban on single-use plastics because they are polluting our environment, harming wildlife, and may even be entering our own bodies through food and water.",conclusion_and_summary_microplastics_and_human_health,"I should examine emerging evidence that microplastics accumulate in human tissue, blood, and organs, posing uncertain but potentially serious health risks.",In conclusion,addition_and_elaboration,corporate_behavior_and_voluntary_failure,"Moreover, companies keep using single-use plastics because they’re cheap and convenient, but without a government ban, they have no real incentive to change—even when they promise to do better.",addition_and_elaboration_corporate_behavior_and_voluntary_failure,"I should analyze how manufacturers default to cheap plastics despite pledges, and why only binding regulation—not voluntary commitments—can shift industry norms.",Moreover,conditional,corporate_behavior_and_voluntary_failure,"If we rely on voluntary efforts, progress will be slow and inconsistent, but a total ban would create a level playing field, encourage innovation in sustainable alternatives, and send a strong signal that environmental responsibility is non-negotiable.",conditional_corporate_behavior_and_voluntary_failure,"I should analyze how manufacturers default to cheap plastics despite pledges, and why only binding regulation—not voluntary commitments—can shift industry norms.",If,baseline,789,224,0.00185775089069445
18,0.0,,,synthesis_restructured,random,3,20260228_155741,1.1856977939605713,"Single-use plastics are a major source of pollution and climate change, and a total ban would help protect both the environment and public health. They’re made from fossil fuels, and producing and disposing of them releases harmful greenhouse gases. Even though we might not think about it every day, millions of marine animals suffer and die each year from ingesting or getting trapped in plastic waste. These plastics also break down into microplastics that enter the food chain and can end up in our own bodies. A total ban would encourage innovation in reusable and sustainable alternatives, making our communities cleaner and safer for everyone. It’s time to act — not just for the planet, but for our own well-being and future generations.",causal_reasoning,carbon_footprint_and_climate,"Therefore, banning single-use plastics helps reduce greenhouse gas emissions and combats climate change, even if the average person might not know all the technical details.",causal_reasoning_carbon_footprint_and_climate,"I should analyze how single-use plastics are petrochemical products that contribute to emissions throughout their lifecycle, from extraction to incineration.",Therefore,conditional,carbon_footprint_and_climate,"If we can avoid making these plastics in the first place, we reduce pollution and help protect the environment for future generations.",conditional_carbon_footprint_and_climate,"I should analyze how single-use plastics are petrochemical products that contribute to emissions throughout their lifecycle, from extraction to incineration.",If,concession_and_contrast,marine_ecosystem_destruction,"However, most people don’t realize just how much harm these plastics cause to wildlife — from turtles mistaking bags for jellyfish to fish ingesting microplastics that end up on our plates.",concession_and_contrast_marine_ecosystem_destruction,"I should consider how single-use plastics kill marine animals through ingestion and entanglement, degrade coral reefs, and disrupt ocean ecosystems at massive scale.",However,baseline,745,191,0.0013003391285426682
43,0.0,,,synthesis_restructured,random,1,20260228_155741,1.2874884605407717,"A total ban on single-use plastics is essential because alternatives like paper, glass, and compostable materials are already widely available and functional. Recycling isn’t a reliable solution—less than 10% of plastic is actually recycled, and most ends up in landfills or oceans. Beyond pollution, single-use plastics persist in the environment for centuries, endangering wildlife and potentially entering our food supply. A ban stops the problem before it starts, protecting both the environment and public health. It’s not just about convenience today—it’s about responsibility to future generations who shouldn’t inherit our throwaway culture. This simple, proactive step can make a lasting difference.",evidence_and_authority,availability_of_alternatives,"Evidence shows that viable alternatives like paper bags, glass containers, and plant-based plastics already exist and are being used successfully in many places, proving that a ban on single-use plastics is realistic and achievable.",evidence_and_authority_availability_of_alternatives,"I should demonstrate that reusable, compostable, and biodegradable alternatives are available for bags, straws, containers, and packaging, making a ban practically feasible.",Evidence shows that,exemplification,recycling_system_failure,"For example, most plastic waste isn’t recycled—only about 9% globally—and even when recycled, it often degrades in quality. A total ban cuts pollution at the source, which is far more effective than relying on imperfect recycling systems.",exemplification_recycling_system_failure,"I should consider that global plastic recycling rates remain below 10%, much plastic is downcycled or exported, and source reduction through bans is therefore necessary.",For example,evidence_and_authority,intergenerational_responsibility,"Evidence shows that single-use plastics can take hundreds of years to break down, polluting oceans, harming wildlife, and even entering our food chain. A ban prevents this long-term harm and protects ecosystems for future generations.",evidence_and_authority_intergenerational_responsibility,"I should evaluate how plastics persist for centuries in the environment, meaning today's convenience imposes long-term burdens on future generations who had no say in their creation.",Evidence shows that,baseline,708,179,0.001095280759627661
38,0.0,,,synthesis_restructured,random,1,20260228_155741,1.173069953918457,"Single-use plastics are a major threat to marine life, causing injury and death to countless animals through ingestion and entanglement, and damaging vital ecosystems like coral reefs. Without strong government action, companies will continue choosing cheap plastic over sustainable alternatives because it’s profitable and convenient. Even if some businesses promise to reduce plastic use, voluntary efforts don’t create real change—only a total ban ensures accountability and forces innovation. Plus, plastic pollution doesn’t stop at sea; it enters our food chain and drinking water, putting our own health at risk. As someone who just wants clean oceans and a safer planet, I believe the government has a responsibility to act decisively by banning single-use plastics now. This isn’t about inconvenience—it’s about protecting nature and future generations.",causal_reasoning,marine_ecosystem_destruction,"Therefore, banning single-use plastics is essential to protect marine life, which is already suffering from widespread pollution.",causal_reasoning_marine_ecosystem_destruction,"I should consider how single-use plastics kill marine animals through ingestion and entanglement, degrade coral reefs, and disrupt ocean ecosystems at massive scale.",Therefore,clarification_and_specification,corporate_behavior_and_voluntary_failure,"In other words, without a government-enforced ban, companies will continue relying on plastic because it’s cheap and convenient, even if it harms the environment.",clarification_and_specification_corporate_behavior_and_voluntary_failure,"I should analyze how manufacturers default to cheap plastics despite pledges, and why only binding regulation—not voluntary commitments—can shift industry norms.",In other words,addition_and_elaboration,marine_ecosystem_destruction,"Moreover, plastic waste doesn’t just harm the ocean—it ends up in our food and water, threatening human health in ways we’re only beginning to understand.",addition_and_elaboration_marine_ecosystem_destruction,"I should consider how single-use plastics kill marine animals through ingestion and entanglement, degrade coral reefs, and disrupt ocean ecosystems at massive scale.",Moreover,baseline,861,286,0.0009640159103960673
1,0.0,,,synthesis_restructured,random,4,20260228_155741,1.153031826019287,"Single-use plastics are harming our planet and our health in ways we can no longer ignore. They’re polluting our oceans, killing marine life, and even showing up in human blood and organs—something no one should have to deal with. The cost of cleaning up this mess, protecting wildlife, and treating plastic-related health issues falls on all of us, while plastic companies profit. A total ban would stop the damage at the source, protect ecosystems, and force innovation in safer, reusable alternatives. We don’t need to wait for perfect solutions—just the courage to stop a problem we already know is dangerous. It’s time to protect our future by banning single-use plastics now.",conditional,microplastics_and_human_health,"If plastic waste continues to pollute our environment, it may eventually enter our food and water, which could harm our health in ways we are only beginning to understand.",conditional_microplastics_and_human_health,"I should examine emerging evidence that microplastics accumulate in human tissue, blood, and organs, posing uncertain but potentially serious health risks.",If,emphasis_and_evaluation,marine_ecosystem_destruction,"Importantly, plastic waste is already killing millions of animals each year, including fish, birds, and sea turtles, destroying natural habitats we depend on.",emphasis_and_evaluation_marine_ecosystem_destruction,"I should consider how single-use plastics kill marine animals through ingestion and entanglement, degrade coral reefs, and disrupt ocean ecosystems at massive scale.",Importantly,conditional,economic_externalities,"If governments don’t act now, we’ll keep paying for plastic pollution through higher taxes, damaged coastlines, and sickened communities.",conditional_economic_externalities,"I should calculate how cleanup costs, healthcare burdens, tourism losses, and ecosystem damage are borne by the public rather than producers—a market failure requiring correction.",If,baseline,681,174,0.000943438241774986
7,0.0,,,synthesis_restructured,random,2,20260228_155741,1.154794692993164,"Single-use plastics are a major source of pollution that harm wildlife, clog our waterways, and take centuries to break down. We already have practical, affordable alternatives like reusable bags, paper packaging, and compostable containers that can replace plastic in everyday use. Banning them isn’t about restricting freedom—it’s about protecting our environment and ensuring cleaner, healthier communities for everyone. The harm caused by plastic waste is long-lasting and irreversible, and we shouldn’t pass that burden on to future generations. A total ban is a necessary and achievable step toward a sustainable future. Ultimately, taking action now will lead to a cleaner planet and a healthier life for all of us.",conditional,availability_of_alternatives,"If we can already use alternatives like paper bags, glass containers, and bamboo utensils, there's no reason we can't phase out single-use plastics altogether.",conditional_availability_of_alternatives,"I should demonstrate that reusable, compostable, and biodegradable alternatives are available for bags, straws, containers, and packaging, making a ban practically feasible.",If,emphasis_and_evaluation,intergenerational_responsibility,"Importantly, plastic waste doesn’t disappear—it lingers in oceans and landfills for hundreds of years, polluting ecosystems and harming wildlife without any benefit to future humans.",emphasis_and_evaluation_intergenerational_responsibility,"I should evaluate how plastics persist for centuries in the environment, meaning today's convenience imposes long-term burdens on future generations who had no say in their creation.",Importantly,causal_reasoning,intergenerational_responsibility,"Therefore, continuing to use single-use plastics is not just wasteful—it's irresponsible to future generations who will inherit a planet already choked with pollution.",causal_reasoning_intergenerational_responsibility,"I should evaluate how plastics persist for centuries in the environment, meaning today's convenience imposes long-term burdens on future generations who had no say in their creation.",Therefore,baseline,722,181,0.000537241448060673
4,0.0,,,synthesis_restructured,random,0,20260228_155741,1.1243464946746826,"Single-use plastics are a major threat to our environment, lasting hundreds of years and polluting oceans, soil, and even the air we breathe. They’re made from fossil fuels, and their entire lifecycle—from production to disposal—contributes to climate change and environmental degradation. Even though they’re convenient, that short-term benefit comes at a long-term cost to ecosystems, wildlife, and human health. A government-enforced ban would push society to adopt reusable and sustainable alternatives, reducing pollution and protecting future generations. We can’t keep ignoring the damage caused by something we use for minutes but that lasts for centuries. It’s time to prioritize lasting solutions over temporary convenience.",concession_and_contrast,intergenerational_responsibility,"However, the harm caused by single-use plastics isn't just environmental—it’s also a burden on future generations who didn’t choose to live with the pollution we’re creating today.",concession_and_contrast_intergenerational_responsibility,"I should evaluate how plastics persist for centuries in the environment, meaning today's convenience imposes long-term burdens on future generations who had no say in their creation.",However,causal_reasoning,carbon_footprint_and_climate,"Therefore, banning them supports climate goals by reducing fossil fuel consumption and lowering greenhouse gas emissions from production and disposal.",causal_reasoning_carbon_footprint_and_climate,"I should analyze how single-use plastics are petrochemical products that contribute to emissions throughout their lifecycle, from extraction to incineration.",Therefore,conditional,carbon_footprint_and_climate,"If we want to reduce pollution and protect the planet for our children, we need to stop enabling a system that relies on disposable materials with lasting harm.",conditional_carbon_footprint_and_climate,"I should analyze how single-use plastics are petrochemical products that contribute to emissions throughout their lifecycle, from extraction to incineration.",If,baseline,734,187,0.0005197466784612112
24,0.0,,,synthesis_restructured,random,3,20260228_155741,1.048875093460083,"A total ban on single-use plastics is necessary because recycling isn't a real solution—most of these items never get recycled and end up in landfills or oceans. These plastics don’t just disappear; they break down into microplastics that pollute our water, harm wildlife, and may even enter our food chain. From killing sea turtles and fish to damaging coral reefs, the environmental damage is both widespread and irreversible. By banning single-use plastics now, we protect nature and future generations from long-term harm. It’s not just about cleaner streets—it’s about ensuring a livable planet for everyone. A ban forces innovation toward sustainable alternatives we can all support.",causal_reasoning,recycling_system_failure,"Therefore, a total ban on single-use plastics is essential to prevent pollution, as recycling alone cannot handle the scale of waste produced.",causal_reasoning_recycling_system_failure,"I should consider that global plastic recycling rates remain below 10%, much plastic is downcycled or exported, and source reduction through bans is therefore necessary.",Therefore,emphasis_and_evaluation,intergenerational_responsibility,"Importantly, single-use plastics don’t just pollute today—they harm ecosystems and human health for hundreds of years, making their continued use irresponsible.",emphasis_and_evaluation_intergenerational_responsibility,"I should evaluate how plastics persist for centuries in the environment, meaning today's convenience imposes long-term burdens on future generations who had no say in their creation.",Importantly,causal_reasoning,marine_ecosystem_destruction,"Therefore, banning these items protects wildlife and preserves biodiversity, which benefits us all by maintaining a healthier planet.",causal_reasoning_marine_ecosystem_destruction,"I should consider how single-use plastics kill marine animals through ingestion and entanglement, degrade coral reefs, and disrupt ocean ecosystems at massive scale.",Therefore,baseline,689,175,0.0005035104179541451
19,0.0,,,synthesis_restructured,random,3,20260228_155741,1.0506904125213623,"Single-use plastics are a major environmental hazard, lasting hundreds of years and polluting oceans, forests, and wildlife habitats. A total government ban is necessary because recycling these items simply doesn’t work at scale—most end up in landfills or the environment anyway. It’s not fair to future generations to leave behind this pollution while we enjoy short-term convenience. Plus, producing plastic relies on fossil fuels and contributes to climate change, so banning it helps protect our planet. The right solution isn’t just better recycling—it’s stopping the problem before it starts. This ban is a proactive, common-sense move to protect nature and public health.",causal_reasoning,intergenerational_responsibility,"Therefore, banning single-use plastics is a responsible decision to reduce pollution and protect ecosystems for future generations.",causal_reasoning_intergenerational_responsibility,"I should evaluate how plastics persist for centuries in the environment, meaning today's convenience imposes long-term burdens on future generations who had no say in their creation.",Therefore,sequence_and_transition,carbon_footprint_and_climate,"Next, a total ban would help reduce greenhouse gas emissions and lessen our dependence on fossil fuels, making it a step toward climate action.",sequence_and_transition_carbon_footprint_and_climate,"I should analyze how single-use plastics are petrochemical products that contribute to emissions throughout their lifecycle, from extraction to incineration.",Next,concession_and_contrast,recycling_system_failure,"However, recycling alone isn’t enough—most single-use plastics are too contaminated or complex to recycle effectively, so banning them at the source is far more effective.",concession_and_contrast_recycling_system_failure,"I should consider that global plastic recycling rates remain below 10%, much plastic is downcycled or exported, and source reduction through bans is therefore necessary.",However,baseline,679,173,0.000466574164286665
26,0.0,,,synthesis_restructured,random,4,20260228_155741,1.1231718063354492,"Single-use plastics are a major source of pollution that harm marine life, with animals often ingesting or becoming entangled in plastic waste, leading to injury and death. While the health risks of microplastics in humans are still being studied, the potential dangers are serious enough to warrant precautionary action. The environmental impact of these plastics is undeniable—most don’t degrade for hundreds of years, leaving a lasting burden on ecosystems and future generations. A total ban is a necessary step to protect both nature and public health, even if some risks remain uncertain. It’s time to prioritize long-term sustainability over short-term convenience. By banning single-use plastics, we take a strong stand for cleaner oceans, healthier wildlife, and a safer planet for everyone.",concession_and_contrast,microplastics_and_human_health,"However, the evidence is still emerging, and the full extent of health risks from microplastics is not yet fully understood.",concession_and_contrast_microplastics_and_human_health,"I should examine emerging evidence that microplastics accumulate in human tissue, blood, and organs, posing uncertain but potentially serious health risks.",However,causal_reasoning,marine_ecosystem_destruction,"Therefore, banning single-use plastics can significantly reduce marine pollution, protecting ecosystems and preventing widespread harm to wildlife.",causal_reasoning_marine_ecosystem_destruction,"I should consider how single-use plastics kill marine animals through ingestion and entanglement, degrade coral reefs, and disrupt ocean ecosystems at massive scale.",Therefore,sequence_and_transition,intergenerational_responsibility,"Next, the long-term environmental damage caused by single-use plastics is unsustainable, and a ban ensures we don’t pass on toxic waste to future generations.",sequence_and_transition_intergenerational_responsibility,"I should evaluate how plastics persist for centuries in the environment, meaning today's convenience imposes long-term burdens on future generations who had no say in their creation.",Next,baseline,800,233,0.00043202911739052374
38,0.0,,,synthesis_restructured,random,2,20260228_155741,1.0790040493011477,"Single-use plastics are a major threat to marine life, often causing injury or death through ingestion and entanglement, and they degrade coral reefs and other ecosystems. They also persist in the environment for centuries, polluting rivers, oceans, and landfills long after being used once. While some companies claim to be reducing plastic use, voluntary efforts have failed to make meaningful change—only a strict government ban can compel real innovation and widespread adoption of eco-friendly alternatives. As someone who cares about the planet and future generations, I believe we can’t afford to wait for slow progress when the damage is already so severe. A total ban is the most effective and necessary step to protect nature and public health.",causal_reasoning,marine_ecosystem_destruction,"Therefore, banning single-use plastics is crucial for protecting marine life and preserving the health of our oceans.",causal_reasoning_marine_ecosystem_destruction,"I should consider how single-use plastics kill marine animals through ingestion and entanglement, degrade coral reefs, and disrupt ocean ecosystems at massive scale.",Therefore,clarification_and_specification,corporate_behavior_and_voluntary_failure,"In other words, a total ban is needed to force companies to innovate and use sustainable alternatives, since they won’t do so on their own.",clarification_and_specification_corporate_behavior_and_voluntary_failure,"I should analyze how manufacturers default to cheap plastics despite pledges, and why only binding regulation—not voluntary commitments—can shift industry norms.",In other words,addition_and_elaboration,marine_ecosystem_destruction,"Moreover, these materials take hundreds of years to break down, polluting land and waterways long after they’ve served their short purpose.",addition_and_elaboration_marine_ecosystem_destruction,"I should consider how single-use plastics kill marine animals through ingestion and entanglement, degrade coral reefs, and disrupt ocean ecosystems at massive scale.",Moreover,baseline,754,196,0.000430628707889294
38,0.0,,,synthesis_restructured,random,0,20260228_155741,1.0723743438720703,"A total ban on single-use plastics is necessary to protect marine life, which suffers immensely from plastic pollution through ingestion and entanglement. These materials don’t disappear—they persist for centuries, degrading into microplastics that poison oceans and harm ecosystems. Without government enforcement, companies will continue relying on cheap, disposable plastics, ignoring their environmental cost. Voluntary efforts have failed to make meaningful change; only a strong, binding policy can force industry to innovate with sustainable alternatives. As a regular person who cares about the planet, I believe we must act now to stop the pollution now and protect future generations. A ban is not extreme—it’s a responsible step toward a cleaner, healthier Earth.",causal_reasoning,marine_ecosystem_destruction,"Therefore, a total ban on single-use plastics is essential to protect marine life and preserve ocean health.",causal_reasoning_marine_ecosystem_destruction,"I should consider how single-use plastics kill marine animals through ingestion and entanglement, degrade coral reefs, and disrupt ocean ecosystems at massive scale.",Therefore,clarification_and_specification,corporate_behavior_and_voluntary_failure,"In other words, without a government-enforced ban, companies will continue prioritizing profit over the environment, making progress impossible.",clarification_and_specification_corporate_behavior_and_voluntary_failure,"I should analyze how manufacturers default to cheap plastics despite pledges, and why only binding regulation—not voluntary commitments—can shift industry norms.",In other words,addition_and_elaboration,marine_ecosystem_destruction,"Moreover, these materials take hundreds of years to break down, and every piece ever made still exists in some form—polluting our planet today.",addition_and_elaboration_marine_ecosystem_destruction,"I should consider how single-use plastics kill marine animals through ingestion and entanglement, degrade coral reefs, and disrupt ocean ecosystems at massive scale.",Moreover,baseline,774,210,0.0004025427362912261
