trajectory_rank,predicted_score,actual_score_mean,n_observed,experiment_mode,selection_mode,sample_idx,timestamp,runtime_seconds,final_argument,structure_1,content_1,step_1_reasoning,step_1_action_actual,step_1_internal_reasoning,step_1_prefix,structure_2,content_2,step_2_reasoning,step_2_action_actual,step_2_internal_reasoning,step_2_prefix,structure_3,content_3,step_3_reasoning,step_3_action_actual,step_3_internal_reasoning,step_3_prefix
0,0.0,,,synthesis_faithful,random,0,20260206_121538,1.233642816543579,"The government should enforce a total ban on single-use plastics because they cause widespread environmental harm that affects both nature and human health. These plastics don’t biodegrade and instead break down into microplastics that pollute oceans, soil, and even the air we breathe. Wildlife often mistakes plastic for food, leading to injury or death, and these toxins can eventually make their way into the food we eat. While some argue that alternatives may be less convenient, the long-term cost of not acting is far greater than the short-term adjustments. A ban would push innovation toward truly sustainable materials and encourage responsible consumer habits. Ultimately, protecting our planet and future generations requires bold, decisive action—starting with eliminating single-use plastics at the source.",clarification_and_specification,incentives_and_power_dynamics,"In other words, the government has the responsibility to protect public health and the environment, and single-use plastics pose serious risks to both.",clarification_and_specification_incentives_and_power_dynamics,"I should examine what behaviors are encouraged, who holds power, and how interests align or conflict. ",In other words,concession_and_contrast,risk_and_unintended_consequences,"However, these plastics often end up in oceans and landfills, where they can take hundreds of years to decompose, harming wildlife and contaminating ecosystems.",concession_and_contrast_risk_and_unintended_consequences,"I should identify risks, unintended outcomes, cascading effects, and potential for escalation. ",However,concession_and_contrast,risk_and_unintended_consequences,"However, the environmental damage from plastic pollution has already reached critical levels, with marine life ingesting plastic and microplastics entering the food chain.",concession_and_contrast_risk_and_unintended_consequences,"I should identify risks, unintended outcomes, cascading effects, and potential for escalation. ",However
0,0.0,,,synthesis_faithful,random,1,20260206_121538,1.3615331649780273,"The government should enforce a total ban on single-use plastics because they are a major source of pollution that harms wildlife, contaminates ecosystems, and contributes to long-term environmental damage. While some worry about alternatives causing new problems, the long-term benefits of eliminating plastic waste far outweigh the risks, especially as safer, sustainable replacements become more widely available. A ban sends a clear message that environmental protection is a priority and encourages innovation in green materials and packaging. Without strong government action, industries will continue relying on cheap, disposable plastics, and individuals will have no real incentive to change. The average person deserves a cleaner, healthier planet, and a ban is a necessary step to protect our air, water, and land for future generations. Simple, practical alternatives exist and can be adopted with proper support and infrastructure. Inaction is not a neutral option—it’s a choice to keep polluting, which we can no longer afford.",clarification_and_specification,incentives_and_power_dynamics,"In other words, it’s not just about the science—it’s about who’s in charge, who benefits, and how decisions are made.",clarification_and_specification_incentives_and_power_dynamics,"I should examine what behaviors are encouraged, who holds power, and how interests align or conflict. ",In other words,concession_and_contrast,risk_and_unintended_consequences,"However, a total ban on single-use plastics could lead to unintended consequences, such as increased use of alternatives that may be equally or more harmful to the environment.",concession_and_contrast_risk_and_unintended_consequences,"I should identify risks, unintended outcomes, cascading effects, and potential for escalation. ",However,concession_and_contrast,risk_and_unintended_consequences,"However, a total ban on single-use plastics could lead to unintended consequences, such as increased use of alternatives that may be equally or more harmful to the environment.",concession_and_contrast_risk_and_unintended_consequences,"I should identify risks, unintended outcomes, cascading effects, and potential for escalation. ",However
0,0.0,,,synthesis_faithful,random,2,20260206_121538,1.175217628479004,"The government should enforce a total ban on single-use plastics because they cause severe and long-lasting damage to the environment and public health. Single-use plastics often end up in oceans, harming marine life and eventually making their way into our food and water. Even though these items are convenient, the cost to ecosystems and human well-being is far too high to ignore. A total ban would push innovation toward safer, reusable alternatives and reduce the burden on waste management systems. It’s not just about convenience—it’s about protecting the planet for future generations. Simple, everyday actions can have a big impact when done collectively, and a ban sends a clear message that sustainability matters.",clarification_and_specification,incentives_and_power_dynamics,"In other words, the government has the responsibility to protect public health and the environment, and single-use plastics pose a clear and growing threat to both.",clarification_and_specification_incentives_and_power_dynamics,"I should examine what behaviors are encouraged, who holds power, and how interests align or conflict. ",In other words,concession_and_contrast,risk_and_unintended_consequences,"However, the harm caused by plastic pollution—such as ocean contamination, wildlife endangerment, and microplastics entering our food chain—outweighs the convenience single-use plastics provide.",concession_and_contrast_risk_and_unintended_consequences,"I should identify risks, unintended outcomes, cascading effects, and potential for escalation. ",However,concession_and_contrast,risk_and_unintended_consequences,"However, the harm caused by plastic pollution—such as ocean contamination, wildlife endangerment, and microplastics entering our food chain—outweighs the convenience single-use plastics provide.",concession_and_contrast_risk_and_unintended_consequences,"I should identify risks, unintended outcomes, cascading effects, and potential for escalation. ",However
0,0.0,,,synthesis_faithful,random,3,20260206_121538,1.2782716751098633,"The government should enforce a total ban on single-use plastics because they pose serious, long-term threats to our environment and health. These materials don’t break down easily, and instead fragment into microplastics that contaminate water sources, harm marine life, and could eventually end up in the food we eat. Without strong government action, individuals and businesses won’t have the incentive or structure to switch to sustainable alternatives. A total ban sends a clear message that our planet and public well-being come before convenience. It also pushes innovation toward eco-friendly packaging and creates a level playing field for responsible companies. While some may worry about inconvenience, the long-term benefits to the environment and human health far outweigh the temporary adjustments. We can’t afford to wait—our future depends on bold, immediate action.",clarification_and_specification,incentives_and_power_dynamics,"In other words, the government has the responsibility to protect public health and the environment, and single-use plastics are a major threat to both.",clarification_and_specification_incentives_and_power_dynamics,"I should examine what behaviors are encouraged, who holds power, and how interests align or conflict. ",In other words,concession_and_contrast,risk_and_unintended_consequences,"However, if the government does not act decisively, these harmful materials will continue to pollute our oceans, harm wildlife, and potentially enter our food chain through microplastics.",concession_and_contrast_risk_and_unintended_consequences,"I should identify risks, unintended outcomes, cascading effects, and potential for escalation. ",However,concession_and_contrast,risk_and_unintended_consequences,"However, if the government does not act decisively, these harmful materials will continue to pollute our oceans, harm wildlife, and potentially enter our food chain through microplastics.",concession_and_contrast_risk_and_unintended_consequences,"I should identify risks, unintended outcomes, cascading effects, and potential for escalation. ",However
0,0.0,,,synthesis_faithful,random,4,20260206_121538,1.270707607269287,"I believe the government should enforce a total ban on single-use plastics because they are a major source of pollution that harms wildlife, clogs landfills, and lingers in ecosystems for hundreds of years. While some worry that alternatives might cause new problems, the long-term environmental damage from plastic waste far outweighs the risks of switching to safer, reusable options. A ban would push innovation in sustainable materials and encourage people to adopt more responsible habits. It’s not just about convenience—it’s about protecting our planet for future generations. The idea that we can’t live without plastic is outdated; we’ve already seen how communities adapt when given better options. With proper support and education, a ban is not only possible but necessary. We owe it to the environment and to our children to act decisively now.",clarification_and_specification,incentives_and_power_dynamics,"In other words, people should be aware of who benefits from the status quo and who is harmed by it.",clarification_and_specification_incentives_and_power_dynamics,"I should examine what behaviors are encouraged, who holds power, and how interests align or conflict. ",In other words,concession_and_contrast,risk_and_unintended_consequences,"However, if a ban on single-use plastics is implemented without careful planning, it could lead to unintended consequences like increased use of alternatives that are equally or more harmful to the environment.",concession_and_contrast_risk_and_unintended_consequences,"I should identify risks, unintended outcomes, cascading effects, and potential for escalation. ",However,concession_and_contrast,risk_and_unintended_consequences,"However, if a ban on single-use plastics is implemented without careful planning, it could lead to unintended consequences like increased use of alternatives that are equally or more harmful to the environment.",concession_and_contrast_risk_and_unintended_consequences,"I should identify risks, unintended outcomes, cascading effects, and potential for escalation. ",However
1,0.0,,,synthesis_faithful,random,0,20260206_121538,1.1437044143676758,"A total ban on single-use plastics infringes on personal freedoms and limits the choices individuals have in their daily lives. It disproportionately affects low-income communities who depend on affordable, convenient plastic items, deepening economic inequality. Moreover, without accessible and sustainable alternatives, such a ban could lead to unintended consequences, like a rise in the use of materials that are more harmful to the environment, such as paper or non-recyclable fabrics. These outcomes suggest that a blanket ban is not a balanced or practical solution. Instead, policies should focus on promoting responsible use, improving recycling infrastructure, and encouraging innovation in eco-friendly alternatives. A nuanced, gradual approach respects both environmental goals and individual rights.",conditional,rights_and_liberties,"If the government enforces a total ban on single-use plastics, it could infringe on personal freedoms and restrict individual choices about what products to use.",conditional_rights_and_liberties,"I should consider inalienable human rights, civil liberties, privacy protections, and the freedom to make one's own choices. ",If,emphasis_and_evaluation,incentives_and_power_dynamics,"Importantly, such a ban may disproportionately impact low-income communities who rely on inexpensive, convenient single-use items, thus worsening economic inequality.",emphasis_and_evaluation_incentives_and_power_dynamics,"I should examine what behaviors are encouraged, who holds power, and how interests align or conflict. ",Importantly,evidence_and_authority,risk_and_unintended_consequences,"Evidence shows that banning single-use plastics without viable alternatives could lead to increased use of more environmentally harmful substitutes, such as paper or reusable bags that require more energy to produce.",evidence_and_authority_risk_and_unintended_consequences,"I should identify risks, unintended outcomes, cascading effects, and potential for escalation. ",Evidence shows that
1,0.0,,,synthesis_faithful,random,1,20260206_121538,1.4753475189208984,"The government should not enforce a total ban on single-use plastics because it infringes on personal freedom and places an unfair burden on everyday people. Many individuals rely on these items for convenience and accessibility, especially those with limited financial resources who cannot afford reusable alternatives. Banning them without providing practical options forces compliance through restriction rather than encouraging responsible behavior. Moreover, such bans often lead to unintended consequences, like the increased use of materials that are more harmful to the environment. Instead of top-down prohibition, a better solution is to educate the public and invest in sustainable alternatives that people can choose freely. Ultimately, freedom of choice and equitable access should take precedence over top-down mandates that may do more harm than good.",conditional,rights_and_liberties,"If the government bans a product that people use every day, like plastic bags or straws, it’s an overreach of power. It limits personal freedom and forces people to conform to what the government thinks is best, even when they might prefer the convenience of single-use plastics.",conditional_rights_and_liberties,"I should consider inalienable human rights, civil liberties, privacy protections, and the freedom to make one's own choices. ",If,emphasis_and_evaluation,incentives_and_power_dynamics,"Importantly, such a ban would place the burden on individuals to change their habits without adequate access to alternatives, especially for lower-income communities who may not afford reusable products. This creates an unfair burden and doesn’t address the root causes of plastic waste.",emphasis_and_evaluation_incentives_and_power_dynamics,"I should examine what behaviors are encouraged, who holds power, and how interests align or conflict. ",Importantly,evidence_and_authority,risk_and_unintended_consequences,"Evidence shows that bans often lead to black markets or the use of alternative materials that may be more harmful to the environment, such as paper or bioplastics that require more energy to produce and don’t decompose easily. This could make the environmental problem worse, not better.",evidence_and_authority_risk_and_unintended_consequences,"I should identify risks, unintended outcomes, cascading effects, and potential for escalation. ",Evidence shows that
1,0.0,,,synthesis_faithful,random,2,20260206_121538,1.297999620437622,"The government should not enforce a total ban on single-use plastics because it infringes on personal freedom by dictating everyday choices, such as the type of packaging we use for groceries or the containers we carry. Such a ban would disproportionately impact low-income individuals who depend on affordable, single-use items for basic needs. Furthermore, replacing plastic with alternatives like paper or bioplastics can lead to higher carbon emissions and greater resource consumption, potentially worsening environmental harm. Instead of a one-size-fits-all ban, the government should focus on education, incentives for sustainable alternatives, and targeted regulations based on real environmental impact. This approach respects individual autonomy while still promoting environmental responsibility.",conditional,rights_and_liberties,"If the government bans all single-use plastics, it oversteps its bounds by controlling personal choices, such as what kind of packaging we use for food or how we carry our belongings. This kind of regulation limits individual freedom without a clear necessity.",conditional_rights_and_liberties,"I should consider inalienable human rights, civil liberties, privacy protections, and the freedom to make one's own choices. ",If,emphasis_and_evaluation,incentives_and_power_dynamics,"Importantly, such a ban could disproportionately affect low-income individuals who rely on affordable, single-use packaging for food and hygiene products. A blanket ban might not consider the economic realities faced by everyday people.",emphasis_and_evaluation_incentives_and_power_dynamics,"I should examine what behaviors are encouraged, who holds power, and how interests align or conflict. ",Importantly,evidence_and_authority,risk_and_unintended_consequences,"Evidence shows that banning single-use plastics can lead to unintended consequences, like increased use of alternative materials that may be more harmful to the environment or require more energy to produce, undermining the very goal of environmental protection.",evidence_and_authority_risk_and_unintended_consequences,"I should identify risks, unintended outcomes, cascading effects, and potential for escalation. ",Evidence shows that
1,0.0,,,synthesis_faithful,random,3,20260206_121538,1.130882978439331,"A total ban on single-use plastics infringes upon individual freedoms and personal autonomy, as people should have the right to choose what they use, especially when it comes to everyday convenience. Such a ban would likely harm low-income communities who depend on affordable, accessible single-use items and could give corporations greater control over the market for alternatives. Moreover, banning these products might lead to unintended environmental consequences, as substitutes like certain bioplastics or reusable containers can have higher carbon footprints or require more resources to produce. Without careful consideration of these trade-offs, a blanket ban could do more harm than good.",conditional,rights_and_liberties,"If the government enforces a total ban on single-use plastics, it could infringe upon individual freedoms and personal choices, as people may want to use these products for convenience or necessity without government interference.",conditional_rights_and_liberties,"I should consider inalienable human rights, civil liberties, privacy protections, and the freedom to make one's own choices. ",If,emphasis_and_evaluation,incentives_and_power_dynamics,"Importantly, such a ban might disproportionately affect low-income communities who rely on affordable, single-use items, giving more power to corporations that control the alternative market.",emphasis_and_evaluation_incentives_and_power_dynamics,"I should examine what behaviors are encouraged, who holds power, and how interests align or conflict. ",Importantly,evidence_and_authority,risk_and_unintended_consequences,"Evidence shows that banning single-use plastics can lead to unintended consequences, such as increased use of alternatives that may be more harmful to the environment or less sustainable in the long term.",evidence_and_authority_risk_and_unintended_consequences,"I should identify risks, unintended outcomes, cascading effects, and potential for escalation. ",Evidence shows that
1,0.0,,,synthesis_faithful,random,4,20260206_121538,1.0223357677459717,"A total ban on single-use plastics infringes upon personal freedoms by restricting everyday choices that individuals make without harming others. It disproportionately impacts low-income communities who depend on affordable, convenient alternatives that single-use plastics offer. Furthermore, such a ban could lead to unintended environmental consequences, like increased reliance on materials such as paper or thicker plastics, which require more energy and resources to produce and may contribute to deforestation or higher carbon emissions. Rather than imposing blanket restrictions, a more balanced approach—like incentivizing reuse and investing in sustainable alternatives—would support environmental goals without undermining individual rights or creating new harms.",conditional,rights_and_liberties,"If the government bans single-use plastics, it will infringe upon personal freedoms by limiting the choices individuals have in their daily lives.",conditional_rights_and_liberties,"I should consider inalienable human rights, civil liberties, privacy protections, and the freedom to make one's own choices. ",If,emphasis_and_evaluation,incentives_and_power_dynamics,"Importantly, such a ban may disproportionately affect low-income individuals who rely on affordable, convenient options that single-use plastics provide.",emphasis_and_evaluation_incentives_and_power_dynamics,"I should examine what behaviors are encouraged, who holds power, and how interests align or conflict. ",Importantly,evidence_and_authority,risk_and_unintended_consequences,"Evidence shows that banning single-use plastics could lead to increased use of alternative materials like paper or thicker plastics, which may have higher environmental costs in production and disposal.",evidence_and_authority_risk_and_unintended_consequences,"I should identify risks, unintended outcomes, cascading effects, and potential for escalation. ",Evidence shows that
2,0.0,,,synthesis_faithful,random,0,20260206_121538,1.0450642108917236,"A total ban on single-use plastics is the fairest and most responsible policy because it protects everyone, especially those most vulnerable to environmental degradation. Since major corporations profit from producing plastic, it's only right that the government regulates their actions to reduce widespread harm. Without such a ban, pollution will continue to damage ecosystems, harm wildlife, and threaten human health for decades. This measure is not about restricting freedom but about protecting public well-being and ensuring a sustainable future for all. The risks of inaction far outweigh the temporary inconvenience of change. Ultimately, a total ban is a necessary step toward a cleaner, healthier planet.",causal_reasoning,justice_and_fairness,"Therefore, a total ban on single-use plastics is a fair approach because it protects everyone, especially vulnerable populations, from long-term environmental harm.",causal_reasoning_justice_and_fairness,"I should analyze whether outcomes, processes, and distributions are fair to all parties involved. ",Therefore,clarification_and_specification,stakeholder_responsibility,"In other words, since large corporations produce and profit from plastic waste, it's only fair that the government steps in to regulate and reduce their environmental impact.",clarification_and_specification_stakeholder_responsibility,"I should analyze who bears responsibility—whether government, individuals, corporations, or other institutions. ",In other words,causal_reasoning,risk_and_unintended_consequences,"Therefore, a total ban prevents ongoing pollution that could harm ecosystems, wildlife, and human health for generations to come.",causal_reasoning_risk_and_unintended_consequences,"I should identify risks, unintended outcomes, cascading effects, and potential for escalation. ",Therefore
2,0.0,,,synthesis_faithful,random,1,20260206_121538,1.0626516342163086,"A total ban on single-use plastics is necessary because it protects all people, especially those in low-income or coastal communities who suffer the most from pollution. While individuals use plastic, the real responsibility lies with corporations that profit from its production, so government action is essential to enforce change at the source. Without strict regulation, plastic waste will continue to harm ecosystems, clog waterways, and endanger wildlife, leading to irreversible environmental damage. A ban is a fair and responsible step to ensure long-term public health and planetary well-being. It’s not about restricting freedom—it’s about protecting the future we all share.",causal_reasoning,justice_and_fairness,"Therefore, a ban on single-use plastics is fair because it protects everyone from environmental harm, especially vulnerable communities most affected by pollution.",causal_reasoning_justice_and_fairness,"I should analyze whether outcomes, processes, and distributions are fair to all parties involved. ",Therefore,clarification_and_specification,stakeholder_responsibility,"In other words, while individuals use plastic, corporations produce and profit from it, so the government must step in to regulate production and shift responsibility to those with the power to change.",clarification_and_specification_stakeholder_responsibility,"I should analyze who bears responsibility—whether government, individuals, corporations, or other institutions. ",In other words,causal_reasoning,risk_and_unintended_consequences,"Therefore, a ban prevents long-term environmental damage like ocean pollution and wildlife harm, which could spiral out of control if left unchecked.",causal_reasoning_risk_and_unintended_consequences,"I should identify risks, unintended outcomes, cascading effects, and potential for escalation. ",Therefore
2,0.0,,,synthesis_faithful,random,2,20260206_121538,1.2732996940612793,"A total ban on single-use plastics is fair because it ensures everyone shares the responsibility of protecting the environment, rather than leaving future generations or vulnerable communities to suffer the consequences of pollution. Since corporations produce the majority of these plastics and the government has the authority to regulate them, it is appropriate for the government to act as the leader in this effort. Enforcing a ban would prevent long-term environmental damage, such as plastic accumulation in oceans and harm to marine life, which could otherwise become irreversible. Without decisive action, the problem will only grow worse over time. A ban encourages innovation in sustainable alternatives and reduces waste at its source. Ultimately, this policy protects public health, natural ecosystems, and the planet for everyone.",causal_reasoning,justice_and_fairness,"Therefore, a total ban on single-use plastics would be fair because it ensures that everyone shares the responsibility of protecting the environment, rather than disproportionately burdening future generations or vulnerable communities with pollution.",causal_reasoning_justice_and_fairness,"I should analyze whether outcomes, processes, and distributions are fair to all parties involved. ",Therefore,clarification_and_specification,stakeholder_responsibility,"In other words, since corporations produce most single-use plastics and the government has the authority to regulate them, it is fitting for the government to lead by enforcing a ban, instead of leaving the burden solely on individual consumers.",clarification_and_specification_stakeholder_responsibility,"I should analyze who bears responsibility—whether government, individuals, corporations, or other institutions. ",In other words,causal_reasoning,risk_and_unintended_consequences,"Therefore, a total ban could prevent long-term environmental damage such as ocean pollution and harm to wildlife, which could otherwise worsen over time and become irreversible.",causal_reasoning_risk_and_unintended_consequences,"I should identify risks, unintended outcomes, cascading effects, and potential for escalation. ",Therefore
2,0.0,,,synthesis_faithful,random,3,20260206_121538,1.1167774200439453,"A total ban on single-use plastics is essential because it ensures fairness by protecting everyone from environmental damage, especially communities most affected by pollution. While individuals use these products, the government must take responsibility for creating policies that promote sustainable choices and prevent harm at scale. Without a ban, plastic waste will keep increasing, leading to irreversible damage to oceans, wildlife, and public health. The long-term benefits of cleaner streets, healthier ecosystems, and reduced pollution far outweigh the short-term inconvenience of change. This policy is not about restricting freedom—it’s about protecting our shared future and ensuring that future generations inherit a livable planet. A total ban is the most effective and just way forward.",causal_reasoning,justice_and_fairness,"Therefore, a total ban on single-use plastics is fair because it protects everyone from environmental harm, especially vulnerable communities that suffer most from pollution.",causal_reasoning_justice_and_fairness,"I should analyze whether outcomes, processes, and distributions are fair to all parties involved. ",Therefore,clarification_and_specification,stakeholder_responsibility,"In other words, while individuals use single-use plastics, the responsibility lies with the government to enact policies that guide sustainable behavior and force systemic change.",clarification_and_specification_stakeholder_responsibility,"I should analyze who bears responsibility—whether government, individuals, corporations, or other institutions. ",In other words,causal_reasoning,risk_and_unintended_consequences,"Therefore, a total ban is necessary because without it, plastic pollution will continue to grow, harming marine life, ecosystems, and human health for decades.",causal_reasoning_risk_and_unintended_consequences,"I should identify risks, unintended outcomes, cascading effects, and potential for escalation. ",Therefore
2,0.0,,,synthesis_faithful,random,4,20260206_121538,1.0890834331512451,"The government should enforce a total ban on single-use plastics because it’s essential to protecting the environment and public health. Plastic waste harms wildlife, pollutes oceans, and eventually enters our food chain through microplastics. While individuals use these products, the real responsibility lies with governments to create policies that drive widespread change. A total ban would eliminate the source of this pollution and encourage innovation in sustainable alternatives. It’s not just about convenience—it’s about ensuring a livable planet for future generations. Without strong government action, progress will be too slow and inconsistent. So, a ban is a necessary and fair step toward a cleaner, healthier world.",causal_reasoning,justice_and_fairness,"Therefore, the government should enforce a total ban on single-use plastics because it addresses environmental harm and protects public health.",causal_reasoning_justice_and_fairness,"I should analyze whether outcomes, processes, and distributions are fair to all parties involved. ",Therefore,clarification_and_specification,stakeholder_responsibility,"In other words, plastic pollution is largely caused by industrial production and consumer habits, but the government is best positioned to make systemic changes that individuals alone cannot achieve.",clarification_and_specification_stakeholder_responsibility,"I should analyze who bears responsibility—whether government, individuals, corporations, or other institutions. ",In other words,causal_reasoning,risk_and_unintended_consequences,"Therefore, a total ban would prevent further environmental degradation, reduce marine pollution, and avoid long-term health risks associated with microplastics in food and water.",causal_reasoning_risk_and_unintended_consequences,"I should identify risks, unintended outcomes, cascading effects, and potential for escalation. ",Therefore
3,0.0,,,synthesis_faithful,random,0,20260206_121538,1.085768461227417,"The government should enforce a total ban on single-use plastics because these materials are a major source of pollution, harming wildlife, clogging waterways, and contributing to climate change. Even though some people may rely on these products for convenience, there are already viable, eco-friendly alternatives available that can meet everyday needs. A ban would push businesses and consumers toward sustainable options, reducing waste and protecting natural ecosystems for future generations. It's not about restricting freedom—it's about making responsible choices that benefit everyone. After all, clean air, water, and a healthy planet are basic rights we should all protect. A total ban is a bold but necessary step to ensure long-term environmental and public health.",emphasis_and_evaluation,incentives_and_power_dynamics,"Importantly, the government has the responsibility to protect public health and the environment, and single-use plastics pose serious threats to both.",emphasis_and_evaluation_incentives_and_power_dynamics,"I should examine what behaviors are encouraged, who holds power, and how interests align or conflict. ",Importantly,conclusion_and_summary,feasibility_and_implementation,"In conclusion, a total ban on single-use plastics is a necessary and achievable step to reduce pollution, safeguard ecosystems, and promote sustainable alternatives.",conclusion_and_summary_feasibility_and_implementation,I should evaluate whether the proposal can actually be implemented and enforced effectively. ,In conclusion,addition_and_elaboration,rights_and_liberties,"Moreover, this ban doesn't remove personal freedom—it simply encourages responsible choices that protect future generations and the planet we all share.",addition_and_elaboration_rights_and_liberties,"I should consider inalienable human rights, civil liberties, privacy protections, and the freedom to make one's own choices. ",Moreover
3,0.0,,,synthesis_faithful,random,1,20260206_121538,1.4020586013793945,"A total ban on single-use plastics is necessary because it makes eco-friendly choices easy and automatic for ordinary people, removing the burden of having to decide what’s sustainable. Without government action, most individuals won’t change their habits, even if they care about the environment. This ban protects our fundamental right to a safe and healthy planet, ensuring clean water, air, and ecosystems for future generations. It’s not about controlling people—it’s about protecting everyone from the long-term dangers of plastic pollution. By enforcing a ban, the government takes a strong, clear stand in favor of our collective future. A world without single-use plastics is not only possible—it’s essential.",emphasis_and_evaluation,incentives_and_power_dynamics,"Importantly, a total ban on single-use plastics empowers everyday citizens to make environmentally responsible choices without needing to research or understand complex ecological systems. By removing these items from circulation, the government makes sustainable behavior the default, simplifying decisions for regular people.",emphasis_and_evaluation_incentives_and_power_dynamics,"I should examine what behaviors are encouraged, who holds power, and how interests align or conflict. ",Importantly,conclusion_and_summary,feasibility_and_implementation,"In conclusion, a government-enforced ban is the most practical way to ensure widespread compliance, because relying on voluntary action or individual awareness won’t produce the scale of change needed to protect our planet. Without a rule in place, most people won’t change their habits, even if they want to.",conclusion_and_summary_feasibility_and_implementation,I should evaluate whether the proposal can actually be implemented and enforced effectively. ,In conclusion,addition_and_elaboration,rights_and_liberties,"Moreover, a total ban doesn’t remove personal freedom—it actually protects it by preventing long-term environmental harm that could destroy clean air, safe water, and healthy ecosystems, which are essential for human well-being and dignity.",addition_and_elaboration_rights_and_liberties,"I should consider inalienable human rights, civil liberties, privacy protections, and the freedom to make one's own choices. ",Moreover
3,0.0,,,synthesis_faithful,random,2,20260206_121538,1.137582540512085,"Single-use plastics are a major source of pollution that harm wildlife, clog waterways, and persist in ecosystems for centuries. They contribute significantly to environmental degradation and pose long-term risks to human health through microplastic contamination. A government-enforced ban is a clear and effective way to reduce this harm on a large scale. Fortunately, reusable alternatives are widely available and affordable, meaning people can easily adapt without sacrificing convenience. The ban doesn’t restrict personal freedom—it simply encourages smarter, more sustainable choices. By taking strong action now, the government can protect natural resources for future generations. In conclusion, a total ban on single-use plastics is a necessary step to protect the environment and public health.",emphasis_and_evaluation,incentives_and_power_dynamics,"Importantly, single-use plastics are a major source of pollution that harm wildlife, clog waterways, and persist in ecosystems for centuries.",emphasis_and_evaluation_incentives_and_power_dynamics,"I should examine what behaviors are encouraged, who holds power, and how interests align or conflict. ",Importantly,conclusion_and_summary,feasibility_and_implementation,"In conclusion, a government-enforced ban on single-use plastics is a necessary step to protect the environment and public health.",conclusion_and_summary_feasibility_and_implementation,I should evaluate whether the proposal can actually be implemented and enforced effectively. ,In conclusion,addition_and_elaboration,rights_and_liberties,"Moreover, banning single-use plastics doesn’t infringe on personal freedom—most people can easily switch to reusable alternatives like cloth bags, metal straws, and glass containers.",addition_and_elaboration_rights_and_liberties,"I should consider inalienable human rights, civil liberties, privacy protections, and the freedom to make one's own choices. ",Moreover
3,0.0,,,synthesis_faithful,random,3,20260206_121538,1.109046220779419,"The government should enforce a total ban on single-use plastics because they pollute our oceans, harm wildlife, and contribute to long-term environmental damage. These products are often used for minutes but can take hundreds of years to break down, creating lasting harm to ecosystems. A ban would encourage innovation in sustainable alternatives and reduce the burden on waste management systems. As ordinary citizens, we all want cleaner streets, safer communities, and a healthier planet for our children. A total ban is a responsible and necessary step toward protecting our shared environment. It’s not about restricting freedom—it’s about ensuring we all have the right to live in a clean and safe world.",emphasis_and_evaluation,incentives_and_power_dynamics,"Importantly, the government has a responsibility to protect public health and the environment, and single-use plastics pose serious risks to both.",emphasis_and_evaluation_incentives_and_power_dynamics,"I should examine what behaviors are encouraged, who holds power, and how interests align or conflict. ",Importantly,conclusion_and_summary,feasibility_and_implementation,"In conclusion, a total ban on single-use plastics is a necessary step to reduce pollution and protect ecosystems, and it is achievable with public cooperation and alternative solutions.",conclusion_and_summary_feasibility_and_implementation,I should evaluate whether the proposal can actually be implemented and enforced effectively. ,In conclusion,addition_and_elaboration,rights_and_liberties,"Moreover, people deserve clean air, safe water, and a healthy planet, and a ban on single-use plastics ensures these basic rights are upheld for future generations.",addition_and_elaboration_rights_and_liberties,"I should consider inalienable human rights, civil liberties, privacy protections, and the freedom to make one's own choices. ",Moreover
3,0.0,,,synthesis_faithful,random,4,20260206_121538,1.177783727645874,"The government should enforce a total ban on single-use plastics because they cause widespread environmental harm, polluting oceans, harming wildlife, and contributing to long-term climate issues. While some may argue this limits personal freedom, the ban doesn't eliminate choice—it encourages the use of reusable and eco-friendly alternatives that are becoming more common and affordable. Many regions around the world have already implemented similar bans with positive results, proving that such policies work in practice. Protecting our planet and public health is a shared responsibility, and government action is necessary to drive large-scale change. Without strong regulations, individuals and companies will continue to prioritize convenience over sustainability. A total ban is the most effective way to ensure lasting environmental protection and promote a culture of responsibility.",emphasis_and_evaluation,incentives_and_power_dynamics,"Importantly, the government has a responsibility to protect public health and the environment, and single-use plastics are a major source of pollution that harms ecosystems and wildlife.",emphasis_and_evaluation_incentives_and_power_dynamics,"I should examine what behaviors are encouraged, who holds power, and how interests align or conflict. ",Importantly,conclusion_and_summary,feasibility_and_implementation,"In conclusion, a total ban on single-use plastics is not only feasible but necessary, as many countries and cities have already proven it can be implemented successfully without causing major disruptions.",conclusion_and_summary_feasibility_and_implementation,I should evaluate whether the proposal can actually be implemented and enforced effectively. ,In conclusion,addition_and_elaboration,rights_and_liberties,"Moreover, this ban does not remove personal choice—it simply shifts it toward sustainable alternatives that are increasingly accessible and affordable.",addition_and_elaboration_rights_and_liberties,"I should consider inalienable human rights, civil liberties, privacy protections, and the freedom to make one's own choices. ",Moreover
4,0.0,,,synthesis_faithful,random,0,20260206_121538,0.995246410369873,"The government should enforce a total ban on single-use plastics because it has the authority and responsibility to protect public health and the environment. While individuals and businesses can make changes, systemic problems like plastic pollution require systemic solutions that only the government can deliver. A ban would reduce pollution, conserve natural resources, and encourage innovation in sustainable alternatives. Without government action, progress will be too slow and inconsistent across regions. This isn't about restricting freedom—it's about safeguarding our planet and future generations. The government must act decisively, not because it's easy, but because it's necessary and right.",concession_and_contrast,stakeholder_responsibility,"However, the government holds the most power to enforce large-scale change, and it's unrealistic to expect individuals to solve this crisis alone.",concession_and_contrast_stakeholder_responsibility,"I should analyze who bears responsibility—whether government, individuals, corporations, or other institutions. ",However,causal_reasoning,ethical_principles,"Therefore, the government has a moral duty to protect public health and the environment, which single-use plastics severely endanger.",causal_reasoning_ethical_principles,"I should evaluate actions based on moral rules, character virtues, relationships, and ethical obligations. ",Therefore,exemplification,governance_and_accountability,"For example, the government can create laws that ban single-use plastics, enforce them fairly, and hold companies accountable for pollution.",exemplification_governance_and_accountability,"I should consider legal frameworks, accountability mechanisms, democratic principles, and proper authority. ",For example
4,0.0,,,synthesis_faithful,random,1,20260206_121538,1.3157305717468262,"The government should enforce a total ban on single-use plastics because it’s the most effective way to address a crisis that individuals alone can’t solve. While people want to do the right thing, they’re overwhelmed by widespread availability and lack of alternatives—so the government must step in to create real change. This isn’t overreach; it’s fulfilling a basic duty to protect public health and the environment, much like past regulations on smoking or unsafe products. A ban ensures accountability, levels the playing field for businesses, and encourages innovation in sustainable materials. With strong enforcement, we can reduce pollution, protect wildlife, and build a cleaner future for everyone. After all, the planet is our shared home, and the government has the authority and responsibility to safeguard it.",concession_and_contrast,stakeholder_responsibility,"However, the government holds the most power to implement sweeping changes, and it's unfair to expect individuals to solve a problem that requires systemic change. The government must lead by enacting enforceable policies to protect the environment.",concession_and_contrast_stakeholder_responsibility,"I should analyze who bears responsibility—whether government, individuals, corporations, or other institutions. ",However,causal_reasoning,ethical_principles,"Therefore, protecting the environment is a shared moral responsibility, and the government has a duty to act in the public interest—especially when citizens can't effectively tackle pollution on their own.",causal_reasoning_ethical_principles,"I should evaluate actions based on moral rules, character virtues, relationships, and ethical obligations. ",Therefore,exemplification,governance_and_accountability,"For example, taxes, regulations, and bans are legitimate tools governments use to promote public welfare—like seatbelt laws or smoking bans—and a plastic ban fits within this tradition.",exemplification_governance_and_accountability,"I should consider legal frameworks, accountability mechanisms, democratic principles, and proper authority. ",For example
4,0.0,,,synthesis_faithful,random,2,20260206_121538,1.4536008834838867,"The government should enforce a total ban on single-use plastics because it’s the most effective way to protect our environment and public health. As individuals, we often don’t have the tools, information, or power to make sustainable choices on our own, so it’s up to the government to lead with strong, fair rules. Just like past bans on dangerous materials such as leaded gasoline and asbestos, a ban on single-use plastics is a responsible and necessary step to prevent long-term harm to nature and people. Without government action, corporations will continue prioritizing profit over the planet, and we’ll keep polluting our oceans, soil, and air. A total ban sends a clear message that we value clean water, healthy wildlife, and a livable future. It’s not about restricting freedom—it’s about protecting our shared world. That’s what responsible leadership looks like.",concession_and_contrast,stakeholder_responsibility,"However, since individuals make up the majority and often lack the resources or information to make sustainable choices, it's the government's responsibility to lead by setting clear, enforceable standards that protect both the environment and public health.",concession_and_contrast_stakeholder_responsibility,"I should analyze who bears responsibility—whether government, individuals, corporations, or other institutions. ",However,causal_reasoning,ethical_principles,"Therefore, a government has a moral obligation to protect its citizens and the planet from long-term harm, especially when pollution from single-use plastics affects ecosystems, wildlife, and human health.",causal_reasoning_ethical_principles,"I should evaluate actions based on moral rules, character virtues, relationships, and ethical obligations. ",Therefore,exemplification,governance_and_accountability,"For example, laws banning harmful substances like lead in paint or asbestos in buildings have saved lives—similarly, a ban on single-use plastics is a necessary, proportionate step to prevent irreversible environmental damage.",exemplification_governance_and_accountability,"I should consider legal frameworks, accountability mechanisms, democratic principles, and proper authority. ",For example
4,0.0,,,synthesis_faithful,random,3,20260206_121538,1.2236080169677734,"As an average person, I believe the government should enforce a total ban on single-use plastics because individuals alone can’t fix this problem—systemic change requires strong leadership. The government has a responsibility to protect both people and the planet, and single-use plastics cause serious harm to wildlife, oceans, and our own health. Just as governments have banned dangerous products like lead paint or tobacco, they should act decisively to eliminate a known environmental hazard. A ban would push companies to innovate greener alternatives, reduce pollution, and encourage sustainable habits. Without government action, we’ll keep polluting for years, and the cost will be paid by future generations. A total ban is a fair, necessary, and long-overdue step toward a cleaner, healthier world.",concession_and_contrast,stakeholder_responsibility,"However, since individuals often lack the power to drive systemic change, it’s essential that the government step in to create and enforce regulations that protect the environment.",concession_and_contrast_stakeholder_responsibility,"I should analyze who bears responsibility—whether government, individuals, corporations, or other institutions. ",However,causal_reasoning,ethical_principles,"Therefore, the government has a moral duty to protect public health and the natural environment, particularly when single-use plastics harm ecosystems and human well-being.",causal_reasoning_ethical_principles,"I should evaluate actions based on moral rules, character virtues, relationships, and ethical obligations. ",Therefore,exemplification,governance_and_accountability,"For example, governments already regulate harmful substances and practices—like tobacco or lead in paint—so banning single-use plastics fits within their legitimate authority to safeguard citizens.",exemplification_governance_and_accountability,"I should consider legal frameworks, accountability mechanisms, democratic principles, and proper authority. ",For example
4,0.0,,,synthesis_faithful,random,4,20260206_121538,1.0968546867370605,"The government should enforce a total ban on single-use plastics because it has the authority and responsibility to protect public health and the environment. While individuals and businesses can make changes, only the government can implement nationwide regulations that stop the production and distribution of harmful materials at scale. A ban ensures that dangerous plastics, which pollute ecosystems and harm wildlife, are no longer available, reducing long-term environmental damage. This action reflects a moral duty to safeguard both current and future generations. Without government intervention, efforts by individuals or companies will remain fragmented and ineffective. Therefore, a total ban is not only necessary but also a responsible use of governmental power.",concession_and_contrast,stakeholder_responsibility,"However, because the government has the authority to regulate large-scale production and distribution, it is best positioned to create sweeping changes that individuals alone cannot achieve.",concession_and_contrast_stakeholder_responsibility,"I should analyze who bears responsibility—whether government, individuals, corporations, or other institutions. ",However,causal_reasoning,ethical_principles,"Therefore, the government has a moral obligation to protect public health and the environment, especially when harmful products like single-use plastics are widely available and cause long-term damage.",causal_reasoning_ethical_principles,"I should evaluate actions based on moral rules, character virtues, relationships, and ethical obligations. ",Therefore,exemplification,governance_and_accountability,"For example, governments can set laws that prevent harmful products from being manufactured and sold, ensuring public safety and long-term environmental sustainability.",exemplification_governance_and_accountability,"I should consider legal frameworks, accountability mechanisms, democratic principles, and proper authority. ",For example
5,0.0,,,synthesis_faithful,random,0,20260206_121538,1.2722089290618896,"The environmental damage caused by single-use plastics is already severe and irreversible in many ecosystems, and a total ban is a necessary step to prevent further harm. The government has the responsibility and authority to protect public health and the environment, and enacting a ban aligns with its duty to safeguard future generations. Such a ban can be implemented gradually, allowing businesses and communities time to adapt, while still sending a clear message about environmental priorities. Even if some inconvenience arises initially, the long-term benefits to our planet and health far outweigh the short-term challenges. A total ban is not an overreach—it’s a practical and urgent response to a crisis that affects everyone. We can’t afford to wait for perfect solutions when the problem is already escalating. It’s time to take bold action for a cleaner, safer future.",concession_and_contrast,risk_and_unintended_consequences,"However, the environmental damage caused by single-use plastics is already severe and irreversible in many ecosystems, and a total ban is a necessary step to prevent further harm.",concession_and_contrast_risk_and_unintended_consequences,"I should identify risks, unintended outcomes, cascading effects, and potential for escalation. ",However,sequence_and_transition,governance_and_accountability,"Next, the government has the responsibility and authority to protect public health and the environment, and enacting a ban aligns with its duty to safeguard future generations.",sequence_and_transition_governance_and_accountability,"I should consider legal frameworks, accountability mechanisms, democratic principles, and proper authority. ",Next,emphasis_and_evaluation,governance_and_accountability,"Importantly, such a ban can be implemented gradually, allowing businesses and communities time to adapt, while still sending a clear message about environmental priorities.",emphasis_and_evaluation_governance_and_accountability,"I should consider legal frameworks, accountability mechanisms, democratic principles, and proper authority. ",Importantly
5,0.0,,,synthesis_faithful,random,1,20260206_121538,1.104508876800537,"Single-use plastics are a major source of pollution that harms ecosystems and wildlife, and they persist in the environment for centuries, making their continued use unsustainable. Governments have a duty to protect public health and the natural world, and a total ban is a necessary and responsible action to address this growing crisis. Rather than being abrupt or unfair, such a ban can be rolled out gradually, giving industries and individuals time to switch to reusable or biodegradable alternatives. This approach balances environmental protection with practical concerns, ensuring the transition is manageable for everyone. Ultimately, banning single-use plastics is not an extreme measure—it's a crucial step toward a cleaner, healthier planet.",concession_and_contrast,risk_and_unintended_consequences,"However, such a ban is necessary because single-use plastics pollute our oceans, harm wildlife, and take hundreds of years to decompose, causing long-term environmental damage.",concession_and_contrast_risk_and_unintended_consequences,"I should identify risks, unintended outcomes, cascading effects, and potential for escalation. ",However,sequence_and_transition,governance_and_accountability,"Next, governments have a responsibility to protect public health and the environment, and enforcing a ban is a legitimate use of regulatory power to prevent widespread harm.",sequence_and_transition_governance_and_accountability,"I should consider legal frameworks, accountability mechanisms, democratic principles, and proper authority. ",Next,emphasis_and_evaluation,governance_and_accountability,"Importantly, a total ban can be implemented in phases, allowing businesses and consumers time to adapt, ensuring fairness and effectiveness.",emphasis_and_evaluation_governance_and_accountability,"I should consider legal frameworks, accountability mechanisms, democratic principles, and proper authority. ",Importantly
5,0.0,,,synthesis_faithful,random,2,20260206_121538,0.8759868144989014,"We must act now to prevent irreversible harm to our planet—single-use plastics pollute oceans, harm wildlife, and even enter our food chain, threatening human health. A government-enforced ban ensures everyone follows clear, consistent rules, eliminating confusion from varying local laws and making compliance easier. Since the government is responsible for protecting public health and the environment, a total ban is a necessary and justifiable step to safeguard both current and future generations.",concession_and_contrast,risk_and_unintended_consequences,"However, if we don't act now, the environmental damage from single-use plastics will become irreversible, harming ecosystems and human health.",concession_and_contrast_risk_and_unintended_consequences,"I should identify risks, unintended outcomes, cascading effects, and potential for escalation. ",However,sequence_and_transition,governance_and_accountability,"Next, a government ban ensures accountability and creates consistent rules that everyone must follow, preventing a patchwork of confusing local laws.",sequence_and_transition_governance_and_accountability,"I should consider legal frameworks, accountability mechanisms, democratic principles, and proper authority. ",Next,emphasis_and_evaluation,governance_and_accountability,"Importantly, the government has a responsibility to protect public health and the environment, and a ban is a necessary step to fulfill that duty.",emphasis_and_evaluation_governance_and_accountability,"I should consider legal frameworks, accountability mechanisms, democratic principles, and proper authority. ",Importantly
5,0.0,,,synthesis_faithful,random,3,20260206_121538,1.052553415298462,"The environmental damage caused by single-use plastics is too severe to ignore, and a total ban is the most effective way to protect our oceans, wildlife, and even human health. Governments have a duty to safeguard public welfare, and regulating harmful products like single-use plastics falls within that responsibility, especially when safer, reusable alternatives are already available. A ban would also push companies to innovate and develop sustainable solutions, leading to long-term economic and environmental benefits. Without strong action, plastic pollution will continue to grow, harming ecosystems and future generations. This is not about restricting freedom—it's about protecting the planet we all share. A total ban is a necessary and responsible step toward a cleaner, healthier future.",concession_and_contrast,risk_and_unintended_consequences,"However, the environmental harm caused by single-use plastics is so significant that a total ban is necessary to protect ecosystems and public health.",concession_and_contrast_risk_and_unintended_consequences,"I should identify risks, unintended outcomes, cascading effects, and potential for escalation. ",However,sequence_and_transition,governance_and_accountability,"Next, governments have the authority and responsibility to regulate harmful substances for the public good, especially when alternatives exist.",sequence_and_transition_governance_and_accountability,"I should consider legal frameworks, accountability mechanisms, democratic principles, and proper authority. ",Next,emphasis_and_evaluation,governance_and_accountability,"Importantly, a ban would drive innovation in sustainable materials and encourage businesses to adopt eco-friendly practices.",emphasis_and_evaluation_governance_and_accountability,"I should consider legal frameworks, accountability mechanisms, democratic principles, and proper authority. ",Importantly
5,0.0,,,synthesis_faithful,random,4,20260206_121538,0.9005558490753174,"Single-use plastics pollute our oceans, harm wildlife, and persist in the environment for centuries, so a total ban is essential to protect nature and public health. Governments are responsible for safeguarding the environment and the well-being of their citizens, and a ban is a clear, enforceable way to fulfill that duty. Rather than being overly restrictive, a ban would push businesses to develop eco-friendly alternatives, leading to a cleaner, more sustainable future for everyone.",concession_and_contrast,risk_and_unintended_consequences,"However, the environmental damage caused by single-use plastics is too severe to ignore, and a total ban is necessary to protect ecosystems and public health.",concession_and_contrast_risk_and_unintended_consequences,"I should identify risks, unintended outcomes, cascading effects, and potential for escalation. ",However,sequence_and_transition,governance_and_accountability,"Next, governments have the authority and responsibility to protect citizens and the environment, and a ban is a legitimate and enforceable measure to fulfill that duty.",sequence_and_transition_governance_and_accountability,"I should consider legal frameworks, accountability mechanisms, democratic principles, and proper authority. ",Next,emphasis_and_evaluation,governance_and_accountability,"Importantly, a ban on single-use plastics would encourage innovation in sustainable alternatives and reduce long-term environmental costs.",emphasis_and_evaluation_governance_and_accountability,"I should consider legal frameworks, accountability mechanisms, democratic principles, and proper authority. ",Importantly
6,0.0,,,synthesis_faithful,random,0,20260206_121538,1.176725149154663,"As an average person, I believe the government should enforce a total ban on single-use plastics because it's the right thing to do for the planet and future generations. Even if it causes temporary inconvenience, protecting the environment is more important than convenience. These plastics pollute our oceans, harm animals, and can even enter our food chain, threatening public health. A ban would push companies to develop better, reusable alternatives and reduce the massive waste we produce. While some may argue it’s too strict, the long-term benefits to nature and society far outweigh the short-term challenges. The government has a responsibility to act in the public interest, especially when it comes to protecting the Earth we all share. Therefore, a total ban is both necessary and just.",concession_and_contrast,ethical_principles,"However, I should be careful not to assume that governments don't have a responsibility to enforce laws that serve the public good, even if it’s inconvenient.",concession_and_contrast_ethical_principles,"I should evaluate actions based on moral rules, character virtues, relationships, and ethical obligations. ",However,exemplification,incentives_and_power_dynamics,"For example, if single-use plastics harm the environment and public health, then the government has an ethical obligation to act, even if it's unpopular.",exemplification_incentives_and_power_dynamics,"I should examine what behaviors are encouraged, who holds power, and how interests align or conflict. ",For example,addition_and_elaboration,risk_and_unintended_consequences,"Moreover, a total ban on single-use plastics would reduce pollution, protect wildlife, and encourage innovation in sustainable alternatives.",addition_and_elaboration_risk_and_unintended_consequences,"I should identify risks, unintended outcomes, cascading effects, and potential for escalation. ",Moreover
6,0.0,,,synthesis_faithful,random,1,20260206_121538,1.2500941753387451,"The government should enforce a total ban on single-use plastics because it is our moral duty to protect the planet for future generations. By doing so, we uphold ethical responsibilities to preserve ecosystems and prevent harm to animals and human health. Although some may worry about short-term inconvenience, the long-term consequences of plastic pollution—such as contaminated oceans and food chains—are far more dangerous and irreversible. A ban encourages innovation in sustainable materials and shifts industries toward environmentally responsible practices. This policy reflects fairness and justice, ensuring that no one—especially vulnerable communities—bears the brunt of environmental degradation. Ultimately, protecting the Earth is not a luxury; it’s a necessity we all share.",concession_and_contrast,ethical_principles,"However, the government should enforce a total ban on single-use plastics because it is a moral imperative to protect the environment for future generations, and such a ban reflects our ethical responsibility to preserve the planet.",concession_and_contrast_ethical_principles,"I should evaluate actions based on moral rules, character virtues, relationships, and ethical obligations. ",However,exemplification,incentives_and_power_dynamics,"For example, by banning single-use plastics, the government can redirect industrial practices toward sustainable alternatives, reducing pollution and preventing harm to wildlife, which is a more just and equitable outcome.",exemplification_incentives_and_power_dynamics,"I should examine what behaviors are encouraged, who holds power, and how interests align or conflict. ",For example,addition_and_elaboration,risk_and_unintended_consequences,"Moreover, while some may argue that such a ban could inconvenience consumers, the long-term environmental and health risks of continuing plastic use—like ocean pollution and microplastic contamination—are far more damaging and irreversible.",addition_and_elaboration_risk_and_unintended_consequences,"I should identify risks, unintended outcomes, cascading effects, and potential for escalation. ",Moreover
6,0.0,,,synthesis_faithful,random,2,20260206_121538,0.9697728157043457,"We have a moral duty to protect the planet for future generations, and single-use plastics cause severe environmental harm, including pollution in oceans and harm to wildlife. A total ban is necessary to shift societal behavior and prioritize long-term ecological health over short-term convenience. While some may worry about economic impacts, such a policy would drive innovation in eco-friendly materials and create new green jobs. The risks of continued plastic pollution—like contaminated water and food sources—far outweigh any temporary inconvenience. Ultimately, protecting our environment is not just a practical choice but an ethical one. A government-enforced ban is the most effective way to ensure lasting change.",concession_and_contrast,ethical_principles,"However, the ethical obligation to protect the environment and future generations outweighs convenience and economic interests.",concession_and_contrast_ethical_principles,"I should evaluate actions based on moral rules, character virtues, relationships, and ethical obligations. ",However,exemplification,incentives_and_power_dynamics,"For example, single-use plastics contribute heavily to pollution, harming ecosystems and wildlife, which we are morally obligated to protect.",exemplification_incentives_and_power_dynamics,"I should examine what behaviors are encouraged, who holds power, and how interests align or conflict. ",For example,addition_and_elaboration,risk_and_unintended_consequences,"Moreover, a total ban would incentivize innovation in sustainable alternatives, reducing long-term environmental and health risks.",addition_and_elaboration_risk_and_unintended_consequences,"I should identify risks, unintended outcomes, cascading effects, and potential for escalation. ",Moreover
6,0.0,,,synthesis_faithful,random,3,20260206_121538,1.1418030261993408,"A total ban on single-use plastics is not a balanced or practical solution. While reducing plastic waste is important, such a ban would infringe on personal freedoms and unfairly impact low-income individuals who depend on affordable, convenient packaging. Without widespread access to sustainable alternatives, people may end up using materials that are even worse for the environment, like paper or styrofoam, which require more energy and resources to produce. Instead of a blanket ban, the government should focus on incentivizing innovation, improving recycling infrastructure, and promoting responsible consumer choices. This approach respects individual autonomy while still advancing environmental goals in a realistic and equitable way.",concession_and_contrast,ethical_principles,"However, such a ban would be a significant overreach into personal freedom and market dynamics, especially since many single-use plastics serve essential purposes in food safety and hygiene.",concession_and_contrast_ethical_principles,"I should evaluate actions based on moral rules, character virtues, relationships, and ethical obligations. ",However,exemplification,incentives_and_power_dynamics,"For example, banning single-use plastics could disproportionately affect low-income individuals who rely on affordable, convenient packaging for groceries and food storage.",exemplification_incentives_and_power_dynamics,"I should examine what behaviors are encouraged, who holds power, and how interests align or conflict. ",For example,addition_and_elaboration,risk_and_unintended_consequences,"Moreover, without viable and accessible alternatives, such a ban could lead to increased use of even more environmentally harmful materials, like paper or styrofoam, which have higher carbon footprints and resource demands.",addition_and_elaboration_risk_and_unintended_consequences,"I should identify risks, unintended outcomes, cascading effects, and potential for escalation. ",Moreover
6,0.0,,,synthesis_faithful,random,4,20260206_121538,1.365685224533081,"The government should enforce a total ban on single-use plastics because they cause significant harm to the environment and public health, and a ban is the most effective way to protect future generations. For example, single-use plastics often end up in oceans, harming marine life and eventually entering our food chain through fish and seafood, which can lead to serious health issues. Moreover, these plastics take hundreds of years to decompose, so even if we reduce usage now, the pollution will persist for generations, making a full ban necessary to stop the damage before it’s irreversible. A ban encourages innovation in sustainable alternatives and shifts public habits toward more responsible consumption. It's not just about convenience—it's about protecting the planet we all share. Without strong government action, individual efforts won’t be enough to reverse the damage already done.",concession_and_contrast,ethical_principles,"However, I believe the government should enforce a total ban on single-use plastics because they cause significant harm to the environment and public health, and a ban is the most effective way to protect future generations.",concession_and_contrast_ethical_principles,"I should evaluate actions based on moral rules, character virtues, relationships, and ethical obligations. ",However,exemplification,incentives_and_power_dynamics,"For example, single-use plastics often end up in oceans, harming marine life and eventually entering our food chain through fish and seafood, which can lead to serious health issues.",exemplification_incentives_and_power_dynamics,"I should examine what behaviors are encouraged, who holds power, and how interests align or conflict. ",For example,addition_and_elaboration,risk_and_unintended_consequences,"Moreover, these plastics take hundreds of years to decompose, so even if we reduce usage now, the pollution will persist for generations, making a full ban necessary to stop the damage before it’s irreversible.",addition_and_elaboration_risk_and_unintended_consequences,"I should identify risks, unintended outcomes, cascading effects, and potential for escalation. ",Moreover
7,0.0,,,synthesis_faithful,random,0,20260206_121538,1.3301432132720947,"The government should enforce a total ban on single-use plastics because it is a necessary step to protect public health and the environment. Such a policy should be enacted through democratic legislation, ensuring transparency and accountability in decision-making. While some may worry about personal freedom, the right to use disposable plastics does not outweigh the collective right to clean air, safe water, and a healthy planet. The government has a moral duty to act when human and ecological wellbeing are at risk. A ban promotes sustainable choices without eliminating freedom—it simply makes better choices the default. Ultimately, this action reflects responsible leadership and long-term thinking for future generations.",conditional,governance_and_accountability,"If a government chooses to ban single-use plastics, it should do so through legislation passed by elected representatives in a transparent, democratic process. This ensures public input, legal legitimacy, and accountability for decisions that affect everyday life.",conditional_governance_and_accountability,"I should consider legal frameworks, accountability mechanisms, democratic principles, and proper authority. ",If,emphasis_and_evaluation,ethical_principles,"Importantly, the government has a moral responsibility to protect public health and the environment, especially when actions like plastic pollution harm communities and ecosystems. A ban on single-use plastics reflects a commitment to long-term stewardship and intergenerational justice.",emphasis_and_evaluation_ethical_principles,"I should evaluate actions based on moral rules, character virtues, relationships, and ethical obligations. ",Importantly,exemplification,rights_and_liberties,"For example, a ban does not eliminate personal freedom; it simply redirects choices toward sustainable alternatives that are safer for people and the planet. The right to use a plastic bag or straw doesn’t outweigh the right to clean air, water, and a stable climate.",exemplification_rights_and_liberties,"I should consider inalienable human rights, civil liberties, privacy protections, and the freedom to make one's own choices. ",For example
7,0.0,,,synthesis_faithful,random,1,20260206_121538,1.1800494194030762,"A total ban on single-use plastics is necessary because only government enforcement can ensure all communities follow the same rules, eliminating inconsistent behavior and loopholes that voluntary efforts often allow. It's our moral responsibility to protect the planet and future generations from pollution and ecological harm caused by plastic waste. While some may value the convenience of plastic, the right to clean air, water, and land is far more fundamental than the temporary ease of disposable products. A ban doesn’t restrict freedom—it protects it by ensuring a healthier, safer world for everyone. Without strong government action, plastic pollution will continue to grow, harming ecosystems and human health. Therefore, a total ban is not just practical, but ethically essential.",conditional,governance_and_accountability,"If the government enacts a total ban on single-use plastics, it can ensure consistent enforcement and accountability across all regions, preventing loopholes that voluntary measures might create.",conditional_governance_and_accountability,"I should consider legal frameworks, accountability mechanisms, democratic principles, and proper authority. ",If,emphasis_and_evaluation,ethical_principles,"Importantly, protecting the environment and future generations is a moral duty—banning single-use plastics reflects responsibility toward our shared planet and the well-being of those who come after us.",emphasis_and_evaluation_ethical_principles,"I should evaluate actions based on moral rules, character virtues, relationships, and ethical obligations. ",Importantly,exemplification,rights_and_liberties,"For example, while some may prefer convenience, the right to a clean and safe environment outweighs the convenience of disposable plastic products.",exemplification_rights_and_liberties,"I should consider inalienable human rights, civil liberties, privacy protections, and the freedom to make one's own choices. ",For example
7,0.0,,,synthesis_faithful,random,2,20260206_121538,1.4480681419372559,"A total ban on single-use plastics is necessary because it ensures consistent, enforceable standards across the country, preventing the patchwork of local regulations that often lead to confusion and weak compliance. This action reflects our moral duty to protect the planet and future generations from irreversible environmental harm, especially since plastic pollution devastates wildlife and contaminates water sources. While some may worry about personal freedom, the ban doesn’t eliminate choice—it only removes a harmful option, encouraging people to use reusable alternatives that are both practical and sustainable. The government has a legitimate role in safeguarding public health and the environment, especially when individual actions alone are insufficient to solve large-scale crises. Ultimately, this ban is not about controlling people, but about protecting the shared world we all depend on.",conditional,governance_and_accountability,"If the government enforces a total ban on single-use plastics, it can ensure consistent, nationwide standards that prevent loopholes and inconsistent enforcement at the local level. This centralized approach allows for stronger accountability and helps avoid confusion among consumers and businesses.",conditional_governance_and_accountability,"I should consider legal frameworks, accountability mechanisms, democratic principles, and proper authority. ",If,emphasis_and_evaluation,ethical_principles,"Importantly, protecting the environment is a moral responsibility we owe to future generations. By banning single-use plastics, the government upholds its duty to preserve ecosystems and reduce pollution, which aligns with ethical values like stewardship and fairness.",emphasis_and_evaluation_ethical_principles,"I should evaluate actions based on moral rules, character virtues, relationships, and ethical obligations. ",Importantly,exemplification,rights_and_liberties,"For example, individuals already have the freedom to choose reusable alternatives—such as cloth bags or metal containers—without being forced into a particular lifestyle. A ban doesn’t restrict personal freedom; it simply removes the option of using harmful, disposable products.",exemplification_rights_and_liberties,"I should consider inalienable human rights, civil liberties, privacy protections, and the freedom to make one's own choices. ",For example
7,0.0,,,synthesis_faithful,random,3,20260206_121538,1.3066205978393555,"The government should enforce a total ban on single-use plastics because it is a necessary step to protect public health and the environment. These plastics cause long-lasting pollution that harms wildlife, contaminates our water and food supplies, and contributes to climate change. By banning them, the government upholds its responsibility to safeguard the well-being of current and future generations. This action is not an overreach but a moral obligation to ensure everyone has the right to live in a clean and safe world. While personal choice matters, it should not come at the expense of collective health and environmental stability. A ban is a clear, enforceable way to drive real change and hold industries accountable. Ultimately, protecting our planet and communities justifies strong, decisive government action.",conditional,governance_and_accountability,"If the government is responsible for protecting public health and the environment, it has a duty to enforce laws that reduce widespread harm. A total ban on single-use plastics directly addresses a major source of pollution that endangers ecosystems and human well-being.",conditional_governance_and_accountability,"I should consider legal frameworks, accountability mechanisms, democratic principles, and proper authority. ",If,emphasis_and_evaluation,ethical_principles,"Importantly, a ban reflects a moral commitment to future generations—ensuring they inherit a cleaner, healthier planet rather than a world choked by waste.",emphasis_and_evaluation_ethical_principles,"I should evaluate actions based on moral rules, character virtues, relationships, and ethical obligations. ",Importantly,exemplification,rights_and_liberties,"For example, individuals have the right to live in a clean and safe environment, and this right is undermined when pollution from single-use plastics contaminates water, soil, and air.",exemplification_rights_and_liberties,"I should consider inalienable human rights, civil liberties, privacy protections, and the freedom to make one's own choices. ",For example
7,0.0,,,synthesis_faithful,random,4,20260206_121538,1.2378406524658203,"The government should enforce a total ban on single-use plastics because it has both the legal authority and moral duty to protect public health and the environment. Such a ban is not an overreach but a necessary action to prevent long-term ecological harm caused by plastic waste. While individuals value convenience, our freedom to make personal choices must not come at the expense of clean water, safe food, and a stable climate—rights essential to human dignity. A ban ensures that industries and consumers alike take responsibility for their environmental impact. Ultimately, protecting future generations is a shared ethical obligation, and banning single-use plastics is a clear, effective step toward fulfilling that duty.",conditional,governance_and_accountability,"If the government has the legal authority and democratic mandate to regulate activities that harm public health and the environment, then it has the right to enforce a total ban on single-use plastics, especially when they are proven to cause significant ecological damage.",conditional_governance_and_accountability,"I should consider legal frameworks, accountability mechanisms, democratic principles, and proper authority. ",If,emphasis_and_evaluation,ethical_principles,"Importantly, protecting the planet and future generations is a moral duty, and banning single-use plastics aligns with this responsibility by preventing pollution and safeguarding ecosystems for all life.",emphasis_and_evaluation_ethical_principles,"I should evaluate actions based on moral rules, character virtues, relationships, and ethical obligations. ",Importantly,exemplification,rights_and_liberties,"For example, the freedom to choose convenience products should not outweigh the collective right to clean air, water, and a safe environment—basic human rights that are undermined by plastic pollution.",exemplification_rights_and_liberties,"I should consider inalienable human rights, civil liberties, privacy protections, and the freedom to make one's own choices. ",For example
8,0.0,,,synthesis_faithful,random,0,20260206_121538,1.0839736461639404,"The government should enforce a total ban on single-use plastics because it’s a crucial step in protecting our environment and public health. These plastics pollute our oceans, harm animals, and contribute to climate change, which we all have a moral responsibility to prevent. A ban would eliminate the root cause of this pollution and encourage sustainable alternatives, ensuring a cleaner, safer future for everyone. Without strong government action, individuals and businesses will continue to rely on harmful materials out of convenience. A total ban is the most effective way to create lasting change and protect the planet for future generations.",emphasis_and_evaluation,incentives_and_power_dynamics,"Importantly, the government has the authority to implement policies that protect public health and the environment, and a total ban on single-use plastics is a necessary step toward reducing pollution and safeguarding ecosystems.",emphasis_and_evaluation_incentives_and_power_dynamics,"I should examine what behaviors are encouraged, who holds power, and how interests align or conflict. ",Importantly,evidence_and_authority,ethical_principles,"Evidence shows that single-use plastics harm wildlife, pollute oceans, and contribute to climate change—actions that violate our responsibility to care for the planet and future generations.",evidence_and_authority_ethical_principles,"I should evaluate actions based on moral rules, character virtues, relationships, and ethical obligations. ",Evidence shows that,causal_reasoning,risk_and_unintended_consequences,"Therefore, a total ban is not only effective but also prevents the continued reliance on disposable plastics, which would otherwise lead to irreversible environmental damage.",causal_reasoning_risk_and_unintended_consequences,"I should identify risks, unintended outcomes, cascading effects, and potential for escalation. ",Therefore
8,0.0,,,synthesis_faithful,random,1,20260206_121538,1.3919367790222168,"Single-use plastics are a major source of pollution, harming wildlife and contaminating our water and soil. As an average person who cares about a cleaner, healthier planet, I believe the government must take strong action to protect our environment and future generations. These plastics take hundreds of years to break down and release toxic microplastics into ecosystems. A total ban is the most effective way to stop this pollution at the source. While there may be some short-term inconvenience, the long-term benefits to public health and the environment are too important to ignore. We don’t need to wait for perfect alternatives—progress begins with bold, decisive policy. A ban sends a clear message that our planet matters more than convenience.",emphasis_and_evaluation,incentives_and_power_dynamics,"Importantly, single-use plastics are a major source of pollution, clogging waterways and harming wildlife. As an average person concerned about the environment and clean communities, I believe the government has a responsibility to act decisively to protect public health and natural ecosystems.",emphasis_and_evaluation_incentives_and_power_dynamics,"I should examine what behaviors are encouraged, who holds power, and how interests align or conflict. ",Importantly,evidence_and_authority,ethical_principles,"Evidence shows that plastic waste takes hundreds of years to decompose, and even then, it breaks down into microplastics that contaminate soil and water. If we don’t act now, future generations will inherit a planet that’s increasingly damaged and dangerous.",evidence_and_authority_ethical_principles,"I should evaluate actions based on moral rules, character virtues, relationships, and ethical obligations. ",Evidence shows that,causal_reasoning,risk_and_unintended_consequences,"Therefore, a total ban on single-use plastics is the most effective way to reduce pollution at the source. While some may argue about inconvenience, the long-term environmental and health benefits far outweigh temporary discomfort.",causal_reasoning_risk_and_unintended_consequences,"I should identify risks, unintended outcomes, cascading effects, and potential for escalation. ",Therefore
8,0.0,,,synthesis_faithful,random,2,20260206_121538,1.048220157623291,"The government should enforce a total ban on single-use plastics because they cause lasting environmental harm and endanger wildlife. These plastics don’t break down easily, polluting oceans and harming animals, which is both unsustainable and ethically troubling. A complete ban would stop this pollution at the source, reducing the burden on ecosystems and ensuring cleaner, safer environments for future generations. It’s a necessary step to protect our planet and public health. The government has a duty to act in the best interest of citizens and the environment, and this ban is a clear, decisive way to fulfill that duty.",emphasis_and_evaluation,incentives_and_power_dynamics,"Importantly, the government has the authority and responsibility to protect public health and the environment, and single-use plastics pose clear threats to both through pollution and harm to wildlife.",emphasis_and_evaluation_incentives_and_power_dynamics,"I should examine what behaviors are encouraged, who holds power, and how interests align or conflict. ",Importantly,evidence_and_authority,ethical_principles,"Evidence shows that single-use plastics take hundreds of years to decompose, often ending up in oceans and harming marine life, which is both environmentally irresponsible and morally wrong.",evidence_and_authority_ethical_principles,"I should evaluate actions based on moral rules, character virtues, relationships, and ethical obligations. ",Evidence shows that,causal_reasoning,risk_and_unintended_consequences,"Therefore, a total ban would prevent plastic waste from accumulating in landfills and ecosystems, reducing long-term environmental damage and protecting future generations.",causal_reasoning_risk_and_unintended_consequences,"I should identify risks, unintended outcomes, cascading effects, and potential for escalation. ",Therefore
8,0.0,,,synthesis_faithful,random,3,20260206_121538,1.1323931217193604,"The government should enforce a total ban on single-use plastics because they cause lasting environmental damage and threaten human health. These plastics pollute our oceans, kill marine life, and break down into microplastics that end up in the food we eat and the water we drink. A total ban would stop this harm at the source, reduce waste in landfills and waterways, and encourage companies to develop sustainable, reusable alternatives. While some may worry about convenience, the long-term benefits far outweigh short-term discomfort. Protecting the planet and public health is a responsibility we all share, and the government has a clear role in leading this change. A ban is not just practical—it’s necessary for a healthier future.",emphasis_and_evaluation,incentives_and_power_dynamics,"Importantly, the government has the authority and responsibility to protect public health and the environment, and single-use plastics pose serious threats to both.",emphasis_and_evaluation_incentives_and_power_dynamics,"I should examine what behaviors are encouraged, who holds power, and how interests align or conflict. ",Importantly,evidence_and_authority,ethical_principles,"Evidence shows that single-use plastics pollute oceans, harm wildlife, and break down into microplastics that enter our food and water—threatening human health.",evidence_and_authority_ethical_principles,"I should evaluate actions based on moral rules, character virtues, relationships, and ethical obligations. ",Evidence shows that,causal_reasoning,risk_and_unintended_consequences,"Therefore, a total ban would prevent these harms at scale, reduce litter, and push industries to innovate safer, reusable alternatives.",causal_reasoning_risk_and_unintended_consequences,"I should identify risks, unintended outcomes, cascading effects, and potential for escalation. ",Therefore
8,0.0,,,synthesis_faithful,random,4,20260206_121538,1.1764636039733887,"The government should enforce a total ban on single-use plastics because it has a duty to protect both public health and the environment. Plastic waste is polluting our oceans, killing marine life, and entering the food chain, which poses serious risks to human well-being. A total ban is a responsible and necessary measure to stop this damage before it becomes irreversible. While some may argue it’s inconvenient, the long-term benefits to ecosystems and future generations far outweigh short-term discomfort. We can’t afford to wait for further harm when we already have sustainable alternatives. This ban is not about restricting freedom—it’s about protecting our planet and our collective future.",emphasis_and_evaluation,incentives_and_power_dynamics,"Importantly, the government has the authority and responsibility to protect public health and the environment, and a total ban on single-use plastics is a necessary step to address the growing crisis of plastic pollution.",emphasis_and_evaluation_incentives_and_power_dynamics,"I should examine what behaviors are encouraged, who holds power, and how interests align or conflict. ",Importantly,evidence_and_authority,ethical_principles,"Evidence shows that single-use plastics contaminate oceans, harm wildlife, and persist in ecosystems for hundreds of years, making it ethically wrong to continue allowing their widespread use without strong regulation.",evidence_and_authority_ethical_principles,"I should evaluate actions based on moral rules, character virtues, relationships, and ethical obligations. ",Evidence shows that,causal_reasoning,risk_and_unintended_consequences,"Therefore, a total ban is not an overreaction but a proportionate response to a long-term environmental threat that could lead to irreversible ecological damage if left unaddressed.",causal_reasoning_risk_and_unintended_consequences,"I should identify risks, unintended outcomes, cascading effects, and potential for escalation. ",Therefore
9,0.0,,,synthesis_faithful,random,0,20260206_121538,1.3769679069519043,"If we don’t ban single-use plastics, the environmental damage will keep growing—oceans will continue to fill with plastic waste, wildlife will keep dying, and microplastics will keep entering our food and water. The government has a responsibility to protect public health and the environment, and a total ban is a clear, enforceable way to fulfill that duty. It’s not fair to expect everyday people to fix a problem created by big corporations and mass industrial production. A ban puts the burden where it belongs—on industries that produce the waste in the first place. With proper alternatives already available, such as reusable bags, metal straws, and biodegradable packaging, a ban is both practical and necessary. The long-term savings in cleanup costs, healthcare, and environmental recovery will far outweigh the short-term inconvenience. We should act now—our planet and future generations depend on it.",conditional,cost_benefit_and_impact_analysis,"If we don’t ban single-use plastics, the environmental damage will keep growing—oceans will continue to fill with plastic waste, wildlife will keep dying, and microplastics will keep entering our food and water.",conditional_cost_benefit_and_impact_analysis,"I should quantify and compare costs, benefits, and real-world impacts across economic, social, and environmental dimensions. ",If,sequence_and_transition,governance_and_accountability,"Next, I believe the government has a responsibility to protect public health and the environment, and a total ban is a clear, enforceable way to fulfill that duty.",sequence_and_transition_governance_and_accountability,"I should consider legal frameworks, accountability mechanisms, democratic principles, and proper authority. ",Next,emphasis_and_evaluation,stakeholder_responsibility,"Importantly, it’s not fair to expect everyday people to fix a problem created by big corporations and mass industrial production.",emphasis_and_evaluation_stakeholder_responsibility,"I should analyze who bears responsibility—whether government, individuals, corporations, or other institutions. ",Importantly
9,0.0,,,synthesis_faithful,random,1,20260206_121538,1.3934946060180664,"If we don’t act now, plastic pollution will continue to choke our oceans, harm wildlife, and even enter the human food chain, which is both unsustainable and dangerous to our health. Governments have a responsibility to protect public health and the environment, and a total ban is the most effective way to ensure long-term environmental safety and accountability. It’s not fair to expect everyday people to fix a problem created by massive industrial use of plastic—governments must step in and enforce rules that hold big corporations accountable. A ban makes it easier for citizens to do the right thing by removing single-use plastics from stores and daily life. With proper alternatives already available, there’s no excuse to continue allowing such harmful waste. The long-term benefits—cleaner communities, healthier ecosystems, and reduced waste—far outweigh any short-term inconvenience. That’s why the government should enforce a total ban on single-use plastics now.",conditional,cost_benefit_and_impact_analysis,"If we don’t act now, plastic pollution will continue to choke our oceans, harm wildlife, and even enter the human food chain, which is both unsustainable and dangerous to our health.",conditional_cost_benefit_and_impact_analysis,"I should quantify and compare costs, benefits, and real-world impacts across economic, social, and environmental dimensions. ",If,sequence_and_transition,governance_and_accountability,"Next, governments have a responsibility to protect public health and the environment, and a total ban is the most effective way to ensure long-term environmental safety and accountability.",sequence_and_transition_governance_and_accountability,"I should consider legal frameworks, accountability mechanisms, democratic principles, and proper authority. ",Next,emphasis_and_evaluation,stakeholder_responsibility,"Importantly, while individuals can make choices, it’s the government’s role to set standards and enforce rules that hold large corporations accountable for pollution they cause.",emphasis_and_evaluation_stakeholder_responsibility,"I should analyze who bears responsibility—whether government, individuals, corporations, or other institutions. ",Importantly
9,0.0,,,synthesis_faithful,random,2,20260206_121538,1.2882018089294434,"If we don't act now, the environmental damage from single-use plastics will only grow worse, harming wildlife, polluting our oceans, and contributing to climate change. It's important to recognize that governments have a responsibility to protect public health and the environment, and a total ban is a clear, enforceable way to fulfill that duty. Importantly, while individuals can reduce plastic use, the scale of the problem requires systemic change, and only governments can mandate widespread action. A ban would push companies to innovate with sustainable alternatives and reduce plastic waste at the source. Even if it feels inconvenient at first, the long-term benefits for our planet and future generations far outweigh the short-term adjustments. We don’t need to wait for perfect solutions—we need bold action now. A total ban is not just possible, it’s necessary.",conditional,cost_benefit_and_impact_analysis,"If we don't act now, the environmental damage from single-use plastics will only grow worse, harming wildlife, polluting our oceans, and contributing to climate change.",conditional_cost_benefit_and_impact_analysis,"I should quantify and compare costs, benefits, and real-world impacts across economic, social, and environmental dimensions. ",If,sequence_and_transition,governance_and_accountability,"Next, it's important to recognize that governments have a responsibility to protect public health and the environment, and a total ban is a clear, enforceable way to fulfill that duty.",sequence_and_transition_governance_and_accountability,"I should consider legal frameworks, accountability mechanisms, democratic principles, and proper authority. ",Next,emphasis_and_evaluation,stakeholder_responsibility,"Importantly, while individuals can reduce plastic use, the scale of the problem requires systemic change, and only governments can mandate widespread action.",emphasis_and_evaluation_stakeholder_responsibility,"I should analyze who bears responsibility—whether government, individuals, corporations, or other institutions. ",Importantly
9,0.0,,,synthesis_faithful,random,3,20260206_121538,1.3019309043884277,"The government should enforce a total ban on single-use plastics because the environmental damage they cause—especially to oceans and wildlife—is already severe and growing. Without decisive action, future generations will inherit a planet choked with waste, and we cannot afford to wait for gradual change. The government has a duty to protect public health and the environment, and a ban is a clear, enforceable way to fulfill that responsibility. It’s not fair to expect individuals to bear the full burden when large corporations are the main producers and profiteers of these harmful materials. A ban shifts the focus to the source of the problem and gives us a realistic shot at cleaning up our planet. With proper planning, alternatives exist and can be adopted without causing major disruption. So, taking this bold step is not only necessary but also responsible and achievable.",conditional,cost_benefit_and_impact_analysis,"If we don't act now, plastic pollution will continue to harm marine life and ecosystems, and a total ban would be a strong, necessary step to prevent irreversible damage.",conditional_cost_benefit_and_impact_analysis,"I should quantify and compare costs, benefits, and real-world impacts across economic, social, and environmental dimensions. ",If,sequence_and_transition,governance_and_accountability,"Next, I think the government has a responsibility to protect citizens and the environment, and a ban is a justified use of its authority to ensure long-term public health and safety.",sequence_and_transition_governance_and_accountability,"I should consider legal frameworks, accountability mechanisms, democratic principles, and proper authority. ",Next,emphasis_and_evaluation,stakeholder_responsibility,"Importantly, while individuals use single-use plastics, the real responsibility lies with manufacturers and industries that produce them in massive quantities and profit from them.",emphasis_and_evaluation_stakeholder_responsibility,"I should analyze who bears responsibility—whether government, individuals, corporations, or other institutions. ",Importantly
9,0.0,,,synthesis_faithful,random,4,20260206_121538,1.1829237937927246,"The government should enforce a total ban on single-use plastics because it would drastically reduce pollution in our oceans and landfills, protecting wildlife and natural ecosystems from long-term damage. This is a responsible use of government authority to safeguard public health and the environment, which are core duties of any functioning state. While some may worry about inconvenience, the real cost of inaction—polluted rivers, dying marine life, and contaminated food chains—is far greater. The responsibility to prevent environmental harm shouldn't fall on individual citizens alone; the government must lead with strong, enforceable policies. A ban would also encourage innovation in sustainable alternatives, creating green jobs and reducing long-term waste management costs. Ultimately, protecting our planet and future generations justifies decisive action now.",conditional,cost_benefit_and_impact_analysis,"If the government bans single-use plastics, it would significantly reduce pollution in oceans and landfills, which is already harming wildlife and ecosystems.",conditional_cost_benefit_and_impact_analysis,"I should quantify and compare costs, benefits, and real-world impacts across economic, social, and environmental dimensions. ",If,sequence_and_transition,governance_and_accountability,"Next, such a ban would be a responsible use of government power to protect public health and the environment, which are fundamental responsibilities of any state.",sequence_and_transition_governance_and_accountability,"I should consider legal frameworks, accountability mechanisms, democratic principles, and proper authority. ",Next,emphasis_and_evaluation,stakeholder_responsibility,"Importantly, the burden of cleaning up plastic waste should not fall solely on individuals or future generations; the government must act to prevent harm at scale.",emphasis_and_evaluation_stakeholder_responsibility,"I should analyze who bears responsibility—whether government, individuals, corporations, or other institutions. ",Importantly
10,0.0,,,synthesis_faithful,random,0,20260206_121538,1.2679409980773926,"The government should not enforce a total ban on single-use plastics because it infringes on individual freedoms and restricts personal choices, even when driven by environmental concerns. Enforcing such a ban would be extremely difficult to monitor, especially in homes and small businesses, leading to widespread non-compliance and potential resentment. A more practical solution is to gradually reduce plastic use through education, incentives, and targeted regulations rather than sweeping prohibitions. This approach respects everyday realities while still working toward sustainability. By focusing on long-term behavioral change, we can achieve real environmental progress without overreaching government control. Ultimately, freedom and responsibility should go hand in hand, not be sacrificed for a one-size-fits-all policy. Therefore, a total ban is neither effective nor fair.",emphasis_and_evaluation,rights_and_liberties,"Importantly, the government should uphold individual freedoms and not impose blanket bans that restrict personal choice, even if the intention is to protect the environment.",emphasis_and_evaluation_rights_and_liberties,"I should consider inalienable human rights, civil liberties, privacy protections, and the freedom to make one's own choices. ",Importantly,conditional,feasibility_and_implementation,"If the government attempts to enforce a total ban on single-use plastics, it would be extremely difficult to monitor and uphold, especially in private homes and small businesses, leading to widespread non-compliance.",conditional_feasibility_and_implementation,I should evaluate whether the proposal can actually be implemented and enforced effectively. ,If,causal_reasoning,precedent_and_long_term_effects,"Therefore, while reducing plastic pollution is important, a total ban is not practical, and a more balanced, gradual approach would be more effective and respectful of people’s daily lives.",causal_reasoning_precedent_and_long_term_effects,"I should evaluate historical precedents, long-term vs short-term tradeoffs, and obligations to future generations. ",Therefore
10,0.0,,,synthesis_faithful,random,1,20260206_121538,1.5530593395233154,"Importantly, personal autonomy and individual freedom are fundamental to a functioning society. While there may be environmental benefits to reducing plastic use, forcing compliance through a total ban infringes on the rights of individuals to choose the products they use, even if those choices are not perfectly eco-friendly. If the government were to enforce a total ban on single-use plastics, it would face immense logistical and practical challenges, such as monitoring compliance across millions of businesses and households, which could lead to inconsistent enforcement and public backlash. Therefore, a total ban is not only impractical but also potentially counterproductive; it may lead to the unintended use of more harmful alternatives, such as paper or glass, which have their own environmental costs. A better approach would be to promote education, incentives, and voluntary reduction rather than top-down mandates. Ultimately, respecting individual choice is essential for sustainable change, not coercion.",emphasis_and_evaluation,rights_and_liberties,"Importantly, personal autonomy and individual freedom are fundamental to a functioning society. While there may be environmental benefits to reducing plastic use, forcing compliance through a total ban infringes on the rights of individuals to choose the products they use, even if those choices are not perfectly eco-friendly.",emphasis_and_evaluation_rights_and_liberties,"I should consider inalienable human rights, civil liberties, privacy protections, and the freedom to make one's own choices. ",Importantly,conditional,feasibility_and_implementation,"If the government were to enforce a total ban on single-use plastics, it would face immense logistical and practical challenges, such as monitoring compliance across millions of businesses and households, which could lead to inconsistent enforcement and public backlash.",conditional_feasibility_and_implementation,I should evaluate whether the proposal can actually be implemented and enforced effectively. ,If,causal_reasoning,precedent_and_long_term_effects,"Therefore, a total ban is not only impractical but also potentially counterproductive; it may lead to the unintended use of more harmful alternatives, such as paper or glass, which have their own environmental costs.",causal_reasoning_precedent_and_long_term_effects,"I should evaluate historical precedents, long-term vs short-term tradeoffs, and obligations to future generations. ",Therefore
10,0.0,,,synthesis_faithful,random,2,20260206_121538,1.1406240463256836,"Personal freedom means people should be able to choose what they want to use, including single-use plastics, without government interference. Enforcing a total ban would be incredibly difficult to implement and maintain across every household, business, and public space. Such a sweeping measure could lead to black markets, widespread non-compliance, and erosion of trust in government regulations. Rather than imposing a blanket ban, it's more effective to promote voluntary reduction, improve recycling infrastructure, and encourage innovation in sustainable alternatives. These approaches respect individual choice while still addressing environmental concerns. A total ban is not only impractical but could backfire by creating resentment and inefficiencies. Ultimately, freedom and environmental responsibility can coexist without the need for extreme government control.",emphasis_and_evaluation,rights_and_liberties,"Importantly, personal freedom means people should be able to choose what they want to use, including single-use plastics, without government interference.",emphasis_and_evaluation_rights_and_liberties,"I should consider inalienable human rights, civil liberties, privacy protections, and the freedom to make one's own choices. ",Importantly,conditional,feasibility_and_implementation,"If the government tries to ban all single-use plastics, it would be incredibly difficult to enforce consistently across every household, business, and public space.",conditional_feasibility_and_implementation,I should evaluate whether the proposal can actually be implemented and enforced effectively. ,If,causal_reasoning,precedent_and_long_term_effects,"Therefore, a total ban is impractical and could lead to black markets or widespread non-compliance, undermining the rule of law.",causal_reasoning_precedent_and_long_term_effects,"I should evaluate historical precedents, long-term vs short-term tradeoffs, and obligations to future generations. ",Therefore
10,0.0,,,synthesis_faithful,random,3,20260206_121538,1.248058795928955,"A total ban on single-use plastics is unrealistic and unfair to everyday people who rely on them for hygiene, safety, and convenience. Many items like medical gloves, food containers, and packaging are essential for health and accessibility, especially for low-income or elderly individuals. Enforcing such a ban would be extremely difficult to monitor and maintain across all communities, particularly in remote or under-resourced areas. This could lead to public resistance and ineffective policy. Rather than imposing a harsh ban, the government should focus on promoting sustainable alternatives through education, incentives, and infrastructure improvements. This approach respects personal freedom while still working toward environmental goals in a fair and practical way.",emphasis_and_evaluation,rights_and_liberties,"Importantly, many people rely on single-use plastics for convenience and hygiene, especially in everyday items like medical supplies and food packaging. Forcing a total ban could disproportionately affect vulnerable populations who depend on these products for safety and accessibility.",emphasis_and_evaluation_rights_and_liberties,"I should consider inalienable human rights, civil liberties, privacy protections, and the freedom to make one's own choices. ",Importantly,conditional,feasibility_and_implementation,"If the government imposes a total ban, enforcement would be extremely difficult, especially in rural or underserved areas where alternatives are not readily available. This would likely lead to widespread noncompliance and resentment toward the government.",conditional_feasibility_and_implementation,I should evaluate whether the proposal can actually be implemented and enforced effectively. ,If,causal_reasoning,precedent_and_long_term_effects,"Therefore, a total ban may not be the most practical solution. Instead, gradual reduction through incentives and education would be more effective and respectful of individual autonomy.",causal_reasoning_precedent_and_long_term_effects,"I should evaluate historical precedents, long-term vs short-term tradeoffs, and obligations to future generations. ",Therefore
10,0.0,,,synthesis_faithful,random,4,20260206_121538,1.0001494884490967,"Importantly, individuals should have the right to make their own decisions without excessive government interference, especially when those decisions don’t directly harm others. If the government imposes a ban on single-use plastics without a clear plan for enforcement and alternatives, it may lead to confusion, non-compliance, and unintended consequences. Therefore, while environmental protection is important, drastic measures like a total ban could disrupt supply chains, harm small businesses, and disproportionately affect low-income communities who rely on affordable plastic products.",emphasis_and_evaluation,rights_and_liberties,"Importantly, individuals should have the right to make their own decisions without excessive government interference, especially when those decisions don’t directly harm others.",emphasis_and_evaluation_rights_and_liberties,"I should consider inalienable human rights, civil liberties, privacy protections, and the freedom to make one's own choices. ",Importantly,conditional,feasibility_and_implementation,"If the government imposes a ban on single-use plastics without a clear plan for enforcement and alternatives, it may lead to confusion, non-compliance, and unintended consequences.",conditional_feasibility_and_implementation,I should evaluate whether the proposal can actually be implemented and enforced effectively. ,If,causal_reasoning,precedent_and_long_term_effects,"Therefore, while environmental protection is important, drastic measures like a total ban could disrupt supply chains, harm small businesses, and disproportionately affect low-income communities who rely on affordable plastic products.",causal_reasoning_precedent_and_long_term_effects,"I should evaluate historical precedents, long-term vs short-term tradeoffs, and obligations to future generations. ",Therefore
11,0.0,,,synthesis_faithful,random,0,20260206_121538,0.9994597434997559,"The government should enforce a total ban on single-use plastics because they pose serious threats to both the environment and public health. These plastics often end up in oceans and landfills, where they harm animals and can eventually enter the human food supply. Relying on recycling alone is ineffective, as most single-use plastics aren’t actually recycled, leading to endless pollution. A total ban would force a shift toward sustainable alternatives and stop the problem before it starts. This kind of decisive action is necessary to protect future generations and ensure cleaner, safer communities for everyone.",emphasis_and_evaluation,incentives_and_power_dynamics,"Importantly, the government has a responsibility to protect public health and the environment, and single-use plastics pose significant risks to both.",emphasis_and_evaluation_incentives_and_power_dynamics,"I should examine what behaviors are encouraged, who holds power, and how interests align or conflict. ",Importantly,sequence_and_transition,incentives_and_power_dynamics,"Next, many single-use plastics are not recycled and end up polluting oceans, harming wildlife, and entering the food chain, which directly affects human health.",sequence_and_transition_incentives_and_power_dynamics,"I should examine what behaviors are encouraged, who holds power, and how interests align or conflict. ",Next,causal_reasoning,risk_and_unintended_consequences,"Therefore, a total ban is necessary to stop this pollution at the source, rather than relying on imperfect recycling systems that fail most of the time.",causal_reasoning_risk_and_unintended_consequences,"I should identify risks, unintended outcomes, cascading effects, and potential for escalation. ",Therefore
11,0.0,,,synthesis_faithful,random,1,20260206_121538,1.2335152626037598,"The government should enforce a total ban on single-use plastics because they cause serious harm to the environment and public health. These plastics pollute oceans and rivers, kill wildlife, and persist in ecosystems for hundreds of years, affecting both nature and human communities. A ban would push businesses to develop eco-friendly alternatives, reduce waste, and ease the strain on recycling and disposal systems. As a regular person, I believe we have a shared responsibility to protect our planet for future generations, and a government-led ban is the most effective way to make lasting change. Without strong action, plastic pollution will only get worse, and the cost to society will grow. A total ban is not just practical—it’s essential for a cleaner, healthier world.",emphasis_and_evaluation,incentives_and_power_dynamics,"Importantly, governments have a responsibility to protect public health and the environment, and single-use plastics pose clear and documented threats to both, making a ban a necessary and justifiable action.",emphasis_and_evaluation_incentives_and_power_dynamics,"I should examine what behaviors are encouraged, who holds power, and how interests align or conflict. ",Importantly,sequence_and_transition,incentives_and_power_dynamics,"Next, single-use plastics are a major source of pollution, clogging waterways, harming wildlife, and contributing to long-term environmental damage that affects everyone—especially future generations.",sequence_and_transition_incentives_and_power_dynamics,"I should examine what behaviors are encouraged, who holds power, and how interests align or conflict. ",Next,causal_reasoning,risk_and_unintended_consequences,"Therefore, a total ban would encourage innovation in sustainable alternatives and reduce the burden on waste management systems, which are often overwhelmed by plastic waste.",causal_reasoning_risk_and_unintended_consequences,"I should identify risks, unintended outcomes, cascading effects, and potential for escalation. ",Therefore
11,0.0,,,synthesis_faithful,random,2,20260206_121538,1.1275370121002197,"Single-use plastics are a major source of pollution that harms ecosystems and wildlife, especially in oceans and landfills, where they can take hundreds of years to break down. A government-enforced total ban ensures that all regions follow the same rules, making it easier for people and businesses to adapt without confusion. Without a complete ban, manufacturers may simply shift to alternative plastic products or loopholes, meaning pollution continues. A total ban is the only way to force real change and protect the environment for future generations. As a regular person, I want cleaner streets, safer oceans, and a healthier planet—this ban is a clear, necessary step toward that.",emphasis_and_evaluation,incentives_and_power_dynamics,"Importantly, single-use plastics are a major contributor to environmental pollution, particularly in oceans and landfills, where they persist for centuries and harm wildlife.",emphasis_and_evaluation_incentives_and_power_dynamics,"I should examine what behaviors are encouraged, who holds power, and how interests align or conflict. ",Importantly,sequence_and_transition,incentives_and_power_dynamics,"Next, banning these items at the government level ensures consistency and scale, making it easier for individuals and businesses to adapt without confusion or uneven rules across regions.",sequence_and_transition_incentives_and_power_dynamics,"I should examine what behaviors are encouraged, who holds power, and how interests align or conflict. ",Next,causal_reasoning,risk_and_unintended_consequences,"Therefore, a total ban is necessary to eliminate the root cause of plastic waste, since partial measures often fail to achieve meaningful change due to loopholes and continued production.",causal_reasoning_risk_and_unintended_consequences,"I should identify risks, unintended outcomes, cascading effects, and potential for escalation. ",Therefore
11,0.0,,,synthesis_faithful,random,3,20260206_121538,1.2185730934143066,"The government should enforce a total ban on single-use plastics because it has the authority to implement large-scale changes that individuals alone cannot achieve. While people can try to reduce plastic use, the widespread availability and convenience of these products make it nearly impossible to avoid them without systemic intervention. A total ban ensures that companies stop producing harmful plastics, which in turn reduces pollution, protects wildlife, and pushes innovation toward sustainable alternatives. Without a firm policy, progress will be slow and inconsistent, allowing plastic waste to continue harming our planet. A ban sends a clear message that environmental protection is a priority and helps build a long-term culture of sustainability. Ultimately, the government has both the responsibility and the power to take bold action where individual efforts fall short.",emphasis_and_evaluation,incentives_and_power_dynamics,"Importantly, the government holds the power to regulate harmful practices on a large scale, and it is only through strong, enforceable policies that widespread behavioral change can occur.",emphasis_and_evaluation_incentives_and_power_dynamics,"I should examine what behaviors are encouraged, who holds power, and how interests align or conflict. ",Importantly,sequence_and_transition,incentives_and_power_dynamics,"Next, while individuals can make better choices, relying solely on personal responsibility ignores the systemic issue of how easy and cheap single-use plastics are to use and dispose of.",sequence_and_transition_incentives_and_power_dynamics,"I should examine what behaviors are encouraged, who holds power, and how interests align or conflict. ",Next,causal_reasoning,risk_and_unintended_consequences,"Therefore, a total ban is necessary because even partial restrictions allow companies to keep producing and selling these materials, which continues environmental harm and delays real change.",causal_reasoning_risk_and_unintended_consequences,"I should identify risks, unintended outcomes, cascading effects, and potential for escalation. ",Therefore
11,0.0,,,synthesis_faithful,random,4,20260206_121538,0.9537057876586914,"Single-use plastics are a major source of pollution, harming wildlife and damaging ecosystems. A government ban would push people and businesses to switch to reusable, eco-friendly alternatives, reducing waste. This shift protects natural environments and supports long-term public health. Given the irreversible damage caused by plastic pollution, a total ban is a necessary and responsible step. It’s not about restricting freedom—it’s about protecting the planet we all share. With proper education and support, such a ban is achievable and fair. The environment and future generations depend on bold action now.",emphasis_and_evaluation,incentives_and_power_dynamics,"Importantly, single-use plastics are a major source of environmental pollution, clogging waterways, harming wildlife, and contributing to long-term ecological damage.",emphasis_and_evaluation_incentives_and_power_dynamics,"I should examine what behaviors are encouraged, who holds power, and how interests align or conflict. ",Importantly,sequence_and_transition,incentives_and_power_dynamics,"Next, a government-imposed ban would encourage individuals and businesses to adopt reusable, sustainable alternatives, reducing dependence on harmful materials.",sequence_and_transition_incentives_and_power_dynamics,"I should examine what behaviors are encouraged, who holds power, and how interests align or conflict. ",Next,causal_reasoning,risk_and_unintended_consequences,"Therefore, a total ban helps prevent further environmental degradation and supports long-term public health and ecosystem stability.",causal_reasoning_risk_and_unintended_consequences,"I should identify risks, unintended outcomes, cascading effects, and potential for escalation. ",Therefore
12,0.0,,,synthesis_faithful,random,0,20260206_121538,1.2737102508544922,"The government should enforce a total ban on single-use plastics because the environmental and health harms they cause are too great to ignore. These items pollute oceans, harm wildlife, and can enter our food chain, threatening both nature and human well-being. While it may seem inconvenient, alternatives like reusable bags and containers are already widely available and practical. Many countries have already implemented similar bans with success, showing it’s possible without major disruption. The responsibility to protect the planet doesn’t lie solely with individuals—it requires strong government leadership and enforceable rules. Without a total ban, progress will remain too slow and uneven. Therefore, a ban is a necessary, moral, and realistic step for a sustainable future.",conclusion_and_summary,ethical_principles,"In conclusion, the government should enforce a total ban on single-use plastics because the harm they cause to the environment and public health outweighs any convenience they provide. This is morally responsible and aligns with our duty to protect the planet for future generations.",conclusion_and_summary_ethical_principles,"I should evaluate actions based on moral rules, character virtues, relationships, and ethical obligations. ",In conclusion,emphasis_and_evaluation,feasibility_and_implementation,"Importantly, such a ban is not only feasible but already being successfully implemented in multiple countries, proving that alternatives exist and can be adopted without major disruption to daily life.",emphasis_and_evaluation_feasibility_and_implementation,I should evaluate whether the proposal can actually be implemented and enforced effectively. ,Importantly,conclusion_and_summary,stakeholder_responsibility,"In conclusion, while individuals can make changes, the scale of the plastic pollution crisis demands coordinated government action; only through a ban can we ensure uniform compliance and meaningful change.",conclusion_and_summary_stakeholder_responsibility,"I should analyze who bears responsibility—whether government, individuals, corporations, or other institutions. ",In conclusion
12,0.0,,,synthesis_faithful,random,1,20260206_121538,1.2154541015625,"The government should enforce a total ban on single-use plastics because it’s a moral responsibility to protect our planet and future generations from irreversible environmental harm. A total ban is essential, as recycling and small fees don’t go far enough to stop the overwhelming pollution caused by these products. The government must take the lead, as it has the power and duty to set strong environmental standards and hold big polluters accountable. Without such a ban, the status quo will continue to degrade our ecosystems, harm wildlife, and endanger human health. This action reflects a commitment to fairness, sustainability, and long-term well-being. We can’t wait for voluntary action—strong government rules are needed now. A total ban is not just possible, it’s necessary for a healthier, cleaner future.",conclusion_and_summary,ethical_principles,"In conclusion, the government should enforce a total ban on single-use plastics because it is a morally responsible action that protects the environment and future generations.",conclusion_and_summary_ethical_principles,"I should evaluate actions based on moral rules, character virtues, relationships, and ethical obligations. ",In conclusion,emphasis_and_evaluation,feasibility_and_implementation,"Importantly, a total ban is necessary because partial measures like recycling or fees are insufficient to stop the massive pollution caused by single-use plastics.",emphasis_and_evaluation_feasibility_and_implementation,I should evaluate whether the proposal can actually be implemented and enforced effectively. ,Importantly,conclusion_and_summary,stakeholder_responsibility,"In conclusion, the government has a duty to lead this change, as it is best positioned to set standards, enforce regulations, and hold corporations accountable for producing harmful products.",conclusion_and_summary_stakeholder_responsibility,"I should analyze who bears responsibility—whether government, individuals, corporations, or other institutions. ",In conclusion
12,0.0,,,synthesis_faithful,random,2,20260206_121538,1.2419145107269287,"The government should enforce a total ban on single-use plastics because it is our moral duty to protect the planet and ensure a healthier future for generations to come. Such a ban is not only ethical but also practical, as countries around the world have already proven that a ban can be implemented effectively through clear laws and public awareness campaigns. Since corporations and industries profit from producing these plastics, and government policies enable their widespread use, it falls on the government to take responsibility and enact meaningful change. A total ban reduces pollution, protects wildlife, and encourages innovation in sustainable alternatives. People are already making efforts to reduce waste, but systemic change requires government leadership. Without a ban, progress will remain slow and inconsistent. Therefore, enforcing a total ban is both necessary and just.",conclusion_and_summary,ethical_principles,"In conclusion, the government should enforce a total ban on single-use plastics because it aligns with our moral obligation to protect the environment and future generations.",conclusion_and_summary_ethical_principles,"I should evaluate actions based on moral rules, character virtues, relationships, and ethical obligations. ",In conclusion,emphasis_and_evaluation,feasibility_and_implementation,"Importantly, a total ban is not only feasible but already being successfully implemented in various countries, proving that it can be enforced through clear regulations and public education.",emphasis_and_evaluation_feasibility_and_implementation,I should evaluate whether the proposal can actually be implemented and enforced effectively. ,Importantly,conclusion_and_summary,stakeholder_responsibility,"In conclusion, since the production and distribution of single-use plastics are largely driven by corporations and facilitated by government policies, it is the government’s responsibility to regulate and eliminate this harmful practice.",conclusion_and_summary_stakeholder_responsibility,"I should analyze who bears responsibility—whether government, individuals, corporations, or other institutions. ",In conclusion
12,0.0,,,synthesis_faithful,random,3,20260206_121538,1.2167909145355225,"A government-enforced ban on single-use plastics is a necessary and ethical step to protect the planet for future generations. It reflects our duty to act responsibly toward the environment and promotes sustainable habits across society. Many places around the world have already implemented similar bans with positive results, proving it’s both practical and achievable. The government, as a steward of public welfare, must take the lead in tackling pollution that individuals or businesses alone cannot solve. Without strong action from the government, we risk continuing to harm ecosystems and communities. This ban is not about restricting freedom—it's about making a simple, responsible choice for the greater good. Ultimately, protecting our planet starts with bold, collective decisions like this one.",conclusion_and_summary,ethical_principles,"In conclusion, a government-enforced ban on single-use plastics is ethically justifiable because it upholds our responsibility to protect the environment for future generations and reflects a commitment to sustainable living.",conclusion_and_summary_ethical_principles,"I should evaluate actions based on moral rules, character virtues, relationships, and ethical obligations. ",In conclusion,emphasis_and_evaluation,feasibility_and_implementation,"Importantly, such a ban is both feasible and practical, as many countries and cities have already successfully implemented similar measures with minimal disruption to daily life and strong public support.",emphasis_and_evaluation_feasibility_and_implementation,I should evaluate whether the proposal can actually be implemented and enforced effectively. ,Importantly,conclusion_and_summary,stakeholder_responsibility,"In conclusion, the government has a moral and practical obligation to lead the way in reducing environmental harm, especially when individual efforts alone are insufficient to address large-scale pollution.",conclusion_and_summary_stakeholder_responsibility,"I should analyze who bears responsibility—whether government, individuals, corporations, or other institutions. ",In conclusion
12,0.0,,,synthesis_faithful,random,4,20260206_121538,1.0067005157470703,"The government should enforce a total ban on single-use plastics because it is a necessary step to protect the environment and uphold our moral responsibility to future generations. Importantly, a total ban is not only feasible but already being successfully implemented in several countries and cities, proving that such policies can be enforced with proper planning and public cooperation. In conclusion, while individuals and businesses play a role, it is ultimately the government’s duty to set and enforce environmental standards that protect public health and natural resources.",conclusion_and_summary,ethical_principles,"In conclusion, the government should enforce a total ban on single-use plastics because it is a necessary step to protect the environment and uphold our moral responsibility to future generations.",conclusion_and_summary_ethical_principles,"I should evaluate actions based on moral rules, character virtues, relationships, and ethical obligations. ",In conclusion,emphasis_and_evaluation,feasibility_and_implementation,"Importantly, a total ban is not only feasible but already being successfully implemented in several countries and cities, proving that such policies can be enforced with proper planning and public cooperation.",emphasis_and_evaluation_feasibility_and_implementation,I should evaluate whether the proposal can actually be implemented and enforced effectively. ,Importantly,conclusion_and_summary,stakeholder_responsibility,"In conclusion, while individuals and businesses play a role, it is ultimately the government’s duty to set and enforce environmental standards that protect public health and natural resources.",conclusion_and_summary_stakeholder_responsibility,"I should analyze who bears responsibility—whether government, individuals, corporations, or other institutions. ",In conclusion
13,0.0,,,synthesis_faithful,random,0,20260206_121538,1.0501806735992432,"Single-use plastics are a major contributor to environmental pollution, clogging waterways and harming wildlife. A total government ban would significantly reduce this damage and help protect ecosystems for future generations. Many places around the world have already implemented similar bans with success, proving that alternatives like reusable or biodegradable materials are practical and effective. These changes don’t hurt the economy—they actually stimulate innovation and create new job opportunities in sustainable industries. It’s time we prioritize long-term environmental health over short-term convenience. A ban on single-use plastics is a responsible and achievable step toward a cleaner, greener future.",exemplification,incentives_and_power_dynamics,"For example, single-use plastics are a major source of pollution, and a total ban would reduce plastic waste in oceans and landfills, protecting ecosystems and wildlife.",exemplification_incentives_and_power_dynamics,"I should examine what behaviors are encouraged, who holds power, and how interests align or conflict. ",For example,addition_and_elaboration,precedent_and_long_term_effects,"Moreover, many countries and cities have successfully implemented bans on single-use plastics, showing that alternatives like paper, glass, and reusable materials are viable and widely adopted.",addition_and_elaboration_precedent_and_long_term_effects,"I should evaluate historical precedents, long-term vs short-term tradeoffs, and obligations to future generations. ",Moreover,evidence_and_authority,precedent_and_long_term_effects,"Evidence shows that such bans don’t cause economic collapse—instead, they drive innovation in sustainable packaging and create new green jobs.",evidence_and_authority_precedent_and_long_term_effects,"I should evaluate historical precedents, long-term vs short-term tradeoffs, and obligations to future generations. ",Evidence shows that
13,0.0,,,synthesis_faithful,random,1,20260206_121538,1.2150912284851074,"Single-use plastics are a major source of pollution that harm nature, animals, and even human health. While they’re convenient now, the long-term damage isn’t worth the short-term ease. Governments have a responsibility to protect people and the planet, just like they did with smoking bans and leaded fuel. A total ban would encourage companies to create better alternatives and help us build a cleaner, healthier future. We don’t need to rely on disposable plastics—better options already exist. It’s time to make a change before the damage becomes irreversible.",exemplification,incentives_and_power_dynamics,"For example, single-use plastics are often used because they're convenient and cheap, but this convenience comes at a high environmental cost. The government has the power to shift societal behaviors by setting rules that prioritize long-term public health and environmental protection over short-term convenience.",exemplification_incentives_and_power_dynamics,"I should examine what behaviors are encouraged, who holds power, and how interests align or conflict. ",For example,addition_and_elaboration,precedent_and_long_term_effects,"Moreover, similar bans on harmful products like smoking in public spaces or leaded gasoline have proven effective and were initially met with resistance. These bans protected people and the environment, showing that government intervention can lead to positive, lasting change.",addition_and_elaboration_precedent_and_long_term_effects,"I should evaluate historical precedents, long-term vs short-term tradeoffs, and obligations to future generations. ",Moreover,evidence_and_authority,precedent_and_long_term_effects,"Evidence shows that plastic pollution is harming wildlife, entering our food chain, and contributing to climate change. A total ban would push innovation toward reusable and sustainable alternatives, benefiting future generations.",evidence_and_authority_precedent_and_long_term_effects,"I should evaluate historical precedents, long-term vs short-term tradeoffs, and obligations to future generations. ",Evidence shows that
13,0.0,,,synthesis_faithful,random,2,20260206_121538,1.1274454593658447,"The government should enforce a total ban on single-use plastics because these items cause lasting environmental harm that affects wildlife, ecosystems, and future generations. Even though some people might find it inconvenient, we’ve seen before that rules—like those banning smoking in public—can successfully change habits for the better. Without strong government action, individuals won’t act fast enough to stop the damage, especially when alternatives are available and affordable. A ban is necessary to protect our planet, especially since plastic waste doesn’t disappear and keeps piling up in nature. The long-term benefits far outweigh short-term discomfort, and we owe it to future generations to act now. It’s not about restricting freedom—it’s about protecting shared resources and making responsible choices for everyone.",exemplification,incentives_and_power_dynamics,"For example, if people can’t be trusted to act responsibly, then government rules are needed to protect the environment.",exemplification_incentives_and_power_dynamics,"I should examine what behaviors are encouraged, who holds power, and how interests align or conflict. ",For example,addition_and_elaboration,precedent_and_long_term_effects,"Moreover, past bans on harmful products like smoking in public spaces show that government action can change behavior and protect public health.",addition_and_elaboration_precedent_and_long_term_effects,"I should evaluate historical precedents, long-term vs short-term tradeoffs, and obligations to future generations. ",Moreover,evidence_and_authority,precedent_and_long_term_effects,"Evidence shows that single-use plastics pollute oceans, harm wildlife, and take hundreds of years to break down—this is a crisis we must act on now.",evidence_and_authority_precedent_and_long_term_effects,"I should evaluate historical precedents, long-term vs short-term tradeoffs, and obligations to future generations. ",Evidence shows that
13,0.0,,,synthesis_faithful,random,3,20260206_121538,1.2804391384124756,"Single-use plastics are a major source of pollution that harms wildlife, contaminates our oceans, and even ends up in our food. While they may seem convenient now, the long-term damage they cause to the environment and human health far outweighs their short-term benefits. Governments have successfully banned other harmful products in the past, like leaded gasoline and tobacco, showing that regulation can protect public welfare. A total ban on single-use plastics is a responsible, forward-thinking action that protects both the planet and future generations. It's time to prioritize sustainability over convenience and make lasting change.",exemplification,incentives_and_power_dynamics,"For example, the current system allows companies to profit from single-use plastics, which are often seen as convenient, even though they cause long-term harm to the environment and public health. This creates a conflict where immediate convenience is prioritized over long-term sustainability.",exemplification_incentives_and_power_dynamics,"I should examine what behaviors are encouraged, who holds power, and how interests align or conflict. ",For example,addition_and_elaboration,precedent_and_long_term_effects,"Moreover, past bans on harmful products like leaded gasoline and tobacco show that governments can successfully regulate dangerous items when public health and environmental risks are clear. A ban on single-use plastics follows a similar logic—protecting future generations from pollution and ecosystem collapse.",addition_and_elaboration_precedent_and_long_term_effects,"I should evaluate historical precedents, long-term vs short-term tradeoffs, and obligations to future generations. ",Moreover,evidence_and_authority,precedent_and_long_term_effects,"Evidence shows that single-use plastics take hundreds of years to degrade, pollute oceans, harm wildlife, and even enter the human food chain. Banning them now is a necessary step to prevent irreversible environmental damage.",evidence_and_authority_precedent_and_long_term_effects,"I should evaluate historical precedents, long-term vs short-term tradeoffs, and obligations to future generations. ",Evidence shows that
13,0.0,,,synthesis_faithful,random,4,20260206_121538,1.2147252559661865,"The government should enforce a total ban on single-use plastics because they cause widespread environmental damage and threaten human health. These plastics pollute oceans, kill marine life, and break down into microplastics that end up in our food and water. Past government actions, like banning leaded gasoline and tobacco advertising, show that strong regulations can protect people and the planet. While some may argue it’s inconvenient, the long-term benefits to the environment and public health far outweigh short-term discomfort. A ban would also push innovation toward sustainable alternatives that are safer and more responsible. As ordinary citizens, we deserve a government that prioritizes our well-being over profits from disposable products. A total ban is a necessary step toward a cleaner, healthier future for everyone.",exemplification,incentives_and_power_dynamics,"For example, the government has the authority and responsibility to protect public health and the environment, and single-use plastics pose significant threats to both.",exemplification_incentives_and_power_dynamics,"I should examine what behaviors are encouraged, who holds power, and how interests align or conflict. ",For example,addition_and_elaboration,precedent_and_long_term_effects,"Moreover, bans on harmful products like leaded gasoline and tobacco have proven effective, showing that governments can successfully regulate dangerous materials for the public good.",addition_and_elaboration_precedent_and_long_term_effects,"I should evaluate historical precedents, long-term vs short-term tradeoffs, and obligations to future generations. ",Moreover,evidence_and_authority,precedent_and_long_term_effects,"Evidence shows that single-use plastics pollute oceans, harm wildlife, and break down into microplastics that enter our food chain, which poses serious long-term risks to human health and ecosystems.",evidence_and_authority_precedent_and_long_term_effects,"I should evaluate historical precedents, long-term vs short-term tradeoffs, and obligations to future generations. ",Evidence shows that
14,0.0,,,synthesis_faithful,random,0,20260206_121538,1.1201272010803223,"The government should enforce a total ban on single-use plastics because it’s the only institution powerful enough to make systemic change across industries and communities. While personal freedom matters, it shouldn’t come at the cost of polluting our oceans, harming wildlife, and endangering public health. Single-use plastics are not essential for daily life—reusable alternatives exist and are widely accessible. A ban would push innovation, reduce waste, and protect the environment for future generations. Ultimately, responsible governance means protecting people and the planet, not just catering to convenience.",causal_reasoning,stakeholder_responsibility,"Therefore, the government must take the lead in enforcing a total ban on single-use plastics, since it is the only entity with the authority and resources to implement widespread, enforceable change.",causal_reasoning_stakeholder_responsibility,"I should analyze who bears responsibility—whether government, individuals, corporations, or other institutions. ",Therefore,concession_and_contrast,rights_and_liberties,"However, this does not mean individuals should be left to decide alone—the right to a healthy environment and clean public spaces is equally important and often outweighs the convenience of single-use plastics.",concession_and_contrast_rights_and_liberties,"I should consider inalienable human rights, civil liberties, privacy protections, and the freedom to make one's own choices. ",However,clarification_and_specification,incentives_and_power_dynamics,"In other words, banning single-use plastics isn’t about restricting freedom—it’s about redirecting behavior toward long-term public health and environmental protection, especially when such items are unnecessary and easily replaceable.",clarification_and_specification_incentives_and_power_dynamics,"I should examine what behaviors are encouraged, who holds power, and how interests align or conflict. ",In other words
14,0.0,,,synthesis_faithful,random,1,20260206_121538,1.2188720703125,"The government must enforce a total ban on single-use plastics because individuals alone can’t fix such a large-scale environmental issue. Our personal freedom to use plastic doesn’t outweigh our right to clean air, water, and a healthy planet, especially when these plastics pollute oceans, harm animals, and even enter our food chain. A ban doesn’t take away choices—it pushes us toward better, more sustainable options that are now widely accessible. Just like seatbelt laws or smoking bans, public health and environmental safety sometimes require government action, even if it feels restrictive at first. The long-term benefits—cleaner communities, less pollution, and healthier ecosystems—make this a necessary and fair step. We all benefit when the government protects the shared environment we depend on.",causal_reasoning,stakeholder_responsibility,"Therefore, the government must take the lead in enforcing a total ban on single-use plastics, because individuals alone cannot solve a systemic environmental problem.",causal_reasoning_stakeholder_responsibility,"I should analyze who bears responsibility—whether government, individuals, corporations, or other institutions. ",Therefore,concession_and_contrast,rights_and_liberties,"However, our freedom to use plastic doesn’t outweigh the right to a clean, safe environment, especially since such plastics are a major source of pollution that harms wildlife and human health.",concession_and_contrast_rights_and_liberties,"I should consider inalienable human rights, civil liberties, privacy protections, and the freedom to make one's own choices. ",However,clarification_and_specification,incentives_and_power_dynamics,"In other words, a government ban doesn’t remove personal choice entirely—it simply redirects it toward sustainable alternatives, which are increasingly available and affordable.",clarification_and_specification_incentives_and_power_dynamics,"I should examine what behaviors are encouraged, who holds power, and how interests align or conflict. ",In other words
14,0.0,,,synthesis_faithful,random,2,20260206_121538,1.175779104232788,"The government should enforce a total ban on single-use plastics because pollution from these items is widespread, dangerous, and damages ecosystems that support human life. While personal freedom matters, it shouldn’t allow choices that harm the environment and public health, especially when alternatives exist. Governments have a responsibility to protect citizens, much like they’ve regulated tobacco and leaded fuel in the past. A ban would shift responsibility from individuals to systemic change, encouraging businesses to innovate greener solutions. It’s not about restricting freedom—it’s about ensuring a safer, cleaner world for everyone. Without strong government action, progress will be too slow and inconsistent. Therefore, a total ban is both necessary and just.",causal_reasoning,stakeholder_responsibility,"Therefore, since plastic pollution is a systemic issue caused by widespread use and inadequate disposal systems, the government must take responsibility to enforce a total ban on single-use plastics to drive meaningful change.",causal_reasoning_stakeholder_responsibility,"I should analyze who bears responsibility—whether government, individuals, corporations, or other institutions. ",Therefore,concession_and_contrast,rights_and_liberties,"However, individual freedom must be balanced with the greater good—when a choice harms the environment and public health, collective action is justified.",concession_and_contrast_rights_and_liberties,"I should consider inalienable human rights, civil liberties, privacy protections, and the freedom to make one's own choices. ",However,clarification_and_specification,incentives_and_power_dynamics,"In other words, the government has the authority and duty to regulate harmful products like single-use plastics, just as it does with tobacco or leaded gasoline, to protect communities and ecosystems.",clarification_and_specification_incentives_and_power_dynamics,"I should examine what behaviors are encouraged, who holds power, and how interests align or conflict. ",In other words
14,0.0,,,synthesis_faithful,random,3,20260206_121538,1.1934635639190674,"The government should enforce a total ban on single-use plastics because individual actions alone cannot solve a problem that affects the entire planet. While personal choices matter, they are overwhelmed by systemic overuse driven by convenience and corporate production. A ban is a necessary step to protect public health, prevent pollution in oceans and ecosystems, and ensure future generations inherit a livable world. It’s not about taking away freedom, but about creating a fairer, safer society where sustainability is the default. Just as we ban lead in paint or tobacco advertising, banning harmful plastics is a responsible use of government power. The shift to reusable and biodegradable alternatives is already possible and economically viable. A total ban is the most effective and just way to tackle a crisis that no one person can fix alone.",causal_reasoning,stakeholder_responsibility,"Therefore, the government has a responsibility to take decisive action when individual efforts are insufficient to address widespread environmental harm.",causal_reasoning_stakeholder_responsibility,"I should analyze who bears responsibility—whether government, individuals, corporations, or other institutions. ",Therefore,concession_and_contrast,rights_and_liberties,"However, rights are not absolute, and when certain behaviors—like pollution from single-use plastics—cause irreversible harm to public health and the environment, restrictions are justified to protect the greater good.",concession_and_contrast_rights_and_liberties,"I should consider inalienable human rights, civil liberties, privacy protections, and the freedom to make one's own choices. ",However,clarification_and_specification,incentives_and_power_dynamics,"In other words, banning single-use plastics is not about limiting freedom, but about shifting incentives toward sustainable alternatives that benefit everyone.",clarification_and_specification_incentives_and_power_dynamics,"I should examine what behaviors are encouraged, who holds power, and how interests align or conflict. ",In other words
14,0.0,,,synthesis_faithful,random,4,20260206_121538,1.1047382354736328,"The government should enforce a total ban on single-use plastics because individual efforts alone can't fix a crisis that affects everyone. While personal freedom matters, it doesn't excuse actions that harm public health and the environment on a massive scale. Banning these plastics is not about limiting choice—it's about protecting shared resources like clean water, air, and ecosystems that sustain all of us. The government has a responsibility to act where market forces and personal habits fall short. Without strong regulation, pollution will continue unchecked, harming wildlife and communities. A total ban is a decisive, necessary step toward a healthier planet for future generations.",causal_reasoning,stakeholder_responsibility,"Therefore, the government must take the lead in enforcing a total ban on single-use plastics, because individual actions alone won’t solve the widespread pollution crisis.",causal_reasoning_stakeholder_responsibility,"I should analyze who bears responsibility—whether government, individuals, corporations, or other institutions. ",Therefore,concession_and_contrast,rights_and_liberties,"However, this doesn’t mean we can’t regulate harmful practices that endanger public health and the environment—rights aren’t absolute when they cause widespread harm.",concession_and_contrast_rights_and_liberties,"I should consider inalienable human rights, civil liberties, privacy protections, and the freedom to make one's own choices. ",However,clarification_and_specification,incentives_and_power_dynamics,"In other words, banning single-use plastics isn’t a restriction on freedom—it’s a necessary shift to protect shared resources like clean water, air, and ecosystems we all depend on.",clarification_and_specification_incentives_and_power_dynamics,"I should examine what behaviors are encouraged, who holds power, and how interests align or conflict. ",In other words
15,0.0,,,synthesis_faithful,random,0,20260206_121538,1.1980366706848145,"I think the government should enforce a total ban on single-use plastics because it’s a simple and effective way to protect our environment. These plastics pollute our oceans, harm wildlife, and take hundreds of years to break down. Even if some people find it inconvenient, there are already reusable alternatives—like cloth bags and metal containers—that are easy to use and more sustainable. The long-term benefits to public health and nature far outweigh any short-term discomfort. Plus, many countries have already banned single-use plastics with success, proving it’s possible. It’s not about taking away freedom—it’s about protecting the planet for everyone, especially future generations.",clarification_and_specification,justice_and_fairness,"In other words, the fairness of outcomes, processes, and distributions must be evaluated in terms of their impact on people's lives, especially those who are most vulnerable.",clarification_and_specification_justice_and_fairness,"I should analyze whether outcomes, processes, and distributions are fair to all parties involved. ",In other words,conditional,rights_and_liberties,"If the outcomes of a policy significantly infringe on basic human rights, such as the freedom to access essential goods or the right to a healthy environment, then the policy may be considered unjust, even if it aims to achieve broader societal benefits.",conditional_rights_and_liberties,"I should consider inalienable human rights, civil liberties, privacy protections, and the freedom to make one's own choices. ",If,clarification_and_specification,feasibility_and_implementation,"In other words, even if a policy is fair in theory, it must be practically feasible to implement and enforce without causing unintended harm or widespread non-compliance.",clarification_and_specification_feasibility_and_implementation,I should evaluate whether the proposal can actually be implemented and enforced effectively. ,In other words
15,0.0,,,synthesis_faithful,random,1,20260206_121538,0.858034610748291,"A fair outcome must ensure all individuals are treated equitably, not just those with power or influence. If a policy infringes on basic freedoms or personal choices without sufficient justification, it fails the test of fairness. Additionally, any proposal must be practical and enforceable—otherwise, it cannot achieve justice in reality. Therefore, fairness depends on balance: protecting rights, ensuring equity, and implementing policies that can actually work. Without all three, no outcome can truly be considered fair.",clarification_and_specification,justice_and_fairness,"In other words, a fair outcome is one where all relevant parties are treated equitably, not just the most powerful or influential.",clarification_and_specification_justice_and_fairness,"I should analyze whether outcomes, processes, and distributions are fair to all parties involved. ",In other words,conditional,rights_and_liberties,"If a policy violates fundamental rights or limits personal autonomy without just cause, it undermines fairness.",conditional_rights_and_liberties,"I should consider inalienable human rights, civil liberties, privacy protections, and the freedom to make one's own choices. ",If,clarification_and_specification,feasibility_and_implementation,"In other words, if a policy is impractical or impossible to enforce, it cannot lead to a fair outcome regardless of its intentions.",clarification_and_specification_feasibility_and_implementation,I should evaluate whether the proposal can actually be implemented and enforced effectively. ,In other words
15,0.0,,,synthesis_faithful,random,2,20260206_121538,1.1188697814941406,"A total ban on single-use plastics is a fair policy because it ensures that everyone shares the responsibility of protecting the environment, rather than letting pollution disproportionately harm vulnerable communities. It respects human rights by safeguarding the right to a healthy environment, which is essential for well-being and long-term survival. Moreover, such a ban is practical, as many countries have already implemented similar measures with success, showing that alternatives like reusable bags and biodegradable materials are both accessible and effective. With growing public awareness and innovation in sustainable materials, enforcing this ban is not only achievable but necessary to prevent irreversible environmental damage. The long-term benefits to public health, ecosystems, and future generations far outweigh any short-term inconvenience. Therefore, a total ban on single-use plastics is a fair, just, and feasible step toward a more sustainable future.",clarification_and_specification,justice_and_fairness,"In other words, a fair outcome is one in which all parties involved receive equitable treatment and benefits.",clarification_and_specification_justice_and_fairness,"I should analyze whether outcomes, processes, and distributions are fair to all parties involved. ",In other words,conditional,rights_and_liberties,"If a policy infringes on individuals’ rights or limits their freedoms without justification, it undermines fairness.",conditional_rights_and_liberties,"I should consider inalienable human rights, civil liberties, privacy protections, and the freedom to make one's own choices. ",If,clarification_and_specification,feasibility_and_implementation,"In other words, a policy must be practically feasible and able to be implemented without excessive cost or disruption.",clarification_and_specification_feasibility_and_implementation,I should evaluate whether the proposal can actually be implemented and enforced effectively. ,In other words
15,0.0,,,synthesis_faithful,random,3,20260206_121538,1.096177101135254,"The government should enforce a total ban on single-use plastics because it would significantly reduce environmental pollution and protect ecosystems. If we continue using single-use plastics, we are harming the planet and future generations, which is an injustice to both nature and humanity. In other words, banning single-use plastics is not only possible but already being successfully implemented in many countries, proving that alternatives are viable and accessible. This ban would encourage innovation in sustainable materials and reduce the burden on landfills and oceans. It's a necessary step to protect our environment and ensure a healthier planet for everyone. As an average person concerned about our shared future, I believe this action is both practical and morally right.",clarification_and_specification,justice_and_fairness,"In other words, I believe the government should enforce a total ban on single-use plastics because it would significantly reduce environmental pollution and protect ecosystems.",clarification_and_specification_justice_and_fairness,"I should analyze whether outcomes, processes, and distributions are fair to all parties involved. ",In other words,conditional,rights_and_liberties,"If we continue using single-use plastics, we are harming the planet and future generations, which is an injustice to both nature and humanity.",conditional_rights_and_liberties,"I should consider inalienable human rights, civil liberties, privacy protections, and the freedom to make one's own choices. ",If,clarification_and_specification,feasibility_and_implementation,"In other words, banning single-use plastics is not only possible but already being successfully implemented in many countries, proving that alternatives are viable and accessible.",clarification_and_specification_feasibility_and_implementation,I should evaluate whether the proposal can actually be implemented and enforced effectively. ,In other words
15,0.0,,,synthesis_faithful,random,4,20260206_121538,1.1177985668182373,"Single-use plastics cause widespread environmental damage and harm human health, particularly in low-income communities that bear the brunt of pollution and waste. A government ban is fair because it protects everyone, especially those least able to cope with environmental degradation. It’s also a responsible use of government power to safeguard public health and ensure a sustainable future. Many places around the world have already banned single-use plastics and found it both workable and effective. With proper alternatives and public awareness, a total ban is not only possible but necessary. Ultimately, protecting the planet and people should come before convenience and corporate profits.",clarification_and_specification,justice_and_fairness,"In other words, the impact of single-use plastics on the environment and public health is widespread and disproportionately affects vulnerable communities, making a ban a matter of fairness and justice.",clarification_and_specification_justice_and_fairness,"I should analyze whether outcomes, processes, and distributions are fair to all parties involved. ",In other words,conditional,rights_and_liberties,"If a government is responsible for protecting the health and well-being of its citizens, then banning single-use plastics is a necessary step to safeguard public health and future generations from long-term environmental harm.",conditional_rights_and_liberties,"I should consider inalienable human rights, civil liberties, privacy protections, and the freedom to make one's own choices. ",If,clarification_and_specification,feasibility_and_implementation,"In other words, governments have already successfully implemented bans on single-use plastics in various regions, proving that such policies are practical and enforceable with proper public education and infrastructure support.",clarification_and_specification_feasibility_and_implementation,I should evaluate whether the proposal can actually be implemented and enforced effectively. ,In other words
16,0.0,,,synthesis_faithful,random,0,20260206_121538,1.1971540451049805,"A total ban on single-use plastics is necessary because it ensures accountability and compliance through enforceable laws, which individual choices alone cannot guarantee. It is morally imperative to protect the planet and future generations from the long-term environmental damage caused by plastic waste. History shows that bans on harmful products, such as leaded gasoline and public smoking, have successfully reduced harm and gained public support over time. Without a government-enforced ban, plastic pollution will continue to spread, harming wildlife, ecosystems, and human health. While some may argue about inconvenience, the environmental and health benefits far outweigh temporary discomfort. A ban sends a clear message that we value sustainability and collective well-being over short-term convenience. Therefore, the government has both a duty and the authority to implement such a ban for the greater good.",evidence_and_authority,governance_and_accountability,"Evidence shows that laws and regulations are essential tools for ensuring compliance with public health and environmental standards, especially when individual responsibility alone is insufficient.",evidence_and_authority_governance_and_accountability,"I should consider legal frameworks, accountability mechanisms, democratic principles, and proper authority. ",Evidence shows that,evidence_and_authority,ethical_principles,Evidence shows that a ban on single-use plastics is ethically required because it protects future generations and the natural world from irreversible harm.,evidence_and_authority_ethical_principles,"I should evaluate actions based on moral rules, character virtues, relationships, and ethical obligations. ",Evidence shows that,sequence_and_transition,precedent_and_long_term_effects,"Next, historical examples like the ban on leaded gasoline and smoking in public places demonstrate that bans on harmful substances are effective and widely supported over time.",sequence_and_transition_precedent_and_long_term_effects,"I should evaluate historical precedents, long-term vs short-term tradeoffs, and obligations to future generations. ",Next
16,0.0,,,synthesis_faithful,random,1,20260206_121538,1.1730165481567383,"A total ban on single-use plastics is necessary because the government has a responsibility to protect public health and the environment, and it's the only way to ensure meaningful and lasting change. Without strong legal action, individuals and companies will continue relying on cheap, disposable plastics out of convenience, despite the harm they cause. This ban aligns with ethical duty—preserving nature for future generations and reducing pollution that harms wildlife and communities. Past experience shows that voluntary measures and weak policies fail to make a real difference, so strong enforcement is essential. Ultimately, a total ban sends a clear message that our planet's health comes before short-term convenience. This is not an overreach—it’s a necessary step toward a more sustainable future.",evidence_and_authority,governance_and_accountability,"Evidence shows that government regulation is the most effective way to drive large-scale behavioral change, especially when it comes to environmental protection and public health.",evidence_and_authority_governance_and_accountability,"I should consider legal frameworks, accountability mechanisms, democratic principles, and proper authority. ",Evidence shows that,evidence_and_authority,ethical_principles,"Evidence shows that a total ban on single-use plastics is ethically justified because it protects ecosystems, reduces pollution, and ensures a healthier planet for future generations.",evidence_and_authority_ethical_principles,"I should evaluate actions based on moral rules, character virtues, relationships, and ethical obligations. ",Evidence shows that,sequence_and_transition,precedent_and_long_term_effects,"Next, a total ban is the most effective way to eliminate the root cause of plastic pollution, as partial restrictions often fail to stop the widespread use of disposable plastics.",sequence_and_transition_precedent_and_long_term_effects,"I should evaluate historical precedents, long-term vs short-term tradeoffs, and obligations to future generations. ",Next
16,0.0,,,synthesis_faithful,random,2,20260206_121538,1.2343041896820068,"The government should enforce a total ban on single-use plastics because such bans have already proven effective in reducing plastic pollution in countries like Canada and the UK. These laws are enforceable, legally sound, and serve the greater public good by protecting both the environment and human health. Banning single-use plastics also reflects our moral responsibility to future generations, ensuring they inherit a cleaner, safer planet. Without strong government action, plastic waste will continue to harm ecosystems, wildlife, and communities. A total ban is a necessary and fair step to address a problem that affects everyone. It’s time we take decisive action to protect our world for future generations.",evidence_and_authority,governance_and_accountability,"Evidence shows that government bans on single-use plastics have been effective in reducing plastic pollution in countries like Canada and the UK. These bans are legal, enforceable, and serve the public interest by protecting the environment and public health.",evidence_and_authority_governance_and_accountability,"I should consider legal frameworks, accountability mechanisms, democratic principles, and proper authority. ",Evidence shows that,evidence_and_authority,ethical_principles,"Evidence shows that government bans on single-use plastics have been effective in reducing plastic pollution in countries like Canada and the UK. These bans are legal, enforceable, and serve the public interest by protecting the environment and public health.",evidence_and_authority_ethical_principles,"I should evaluate actions based on moral rules, character virtues, relationships, and ethical obligations. ",Evidence shows that,sequence_and_transition,precedent_and_long_term_effects,"Next, banning single-use plastics protects future generations from environmental damage and health risks associated with plastic waste, ensuring a cleaner, safer planet for our children and grandchildren.",sequence_and_transition_precedent_and_long_term_effects,"I should evaluate historical precedents, long-term vs short-term tradeoffs, and obligations to future generations. ",Next
16,0.0,,,synthesis_faithful,random,3,20260206_121538,1.223656415939331,"The government should enforce a total ban on single-use plastics because it has both the legal authority and democratic responsibility to protect public and environmental health. Such a ban is morally necessary to prevent lasting harm to ecosystems, marine life, and future generations who will inherit a polluted planet. Past successes in banning other dangerous materials—like lead in fuel and asbestos—prove that comprehensive bans are feasible and lead to long-term societal benefits that far outweigh temporary disruptions. A total ban would also drive innovation in sustainable alternatives and reduce the overwhelming burden on landfills and oceans. As a concerned citizen, I believe we have a shared ethical duty to act decisively before irreversible damage is done. The time for gradual measures has passed; bold action is now essential. The government must lead this change to secure a cleaner, safer future for all.",evidence_and_authority,governance_and_accountability,Evidence shows that governments have the legal authority and democratic mandate to regulate harmful products like single-use plastics for public and environmental health.,evidence_and_authority_governance_and_accountability,"I should consider legal frameworks, accountability mechanisms, democratic principles, and proper authority. ",Evidence shows that,evidence_and_authority,ethical_principles,"Evidence shows that a total ban on single-use plastics is morally necessary to protect ecosystems, wildlife, and future generations from long-term environmental harm.",evidence_and_authority_ethical_principles,"I should evaluate actions based on moral rules, character virtues, relationships, and ethical obligations. ",Evidence shows that,sequence_and_transition,precedent_and_long_term_effects,"Next, historical bans on harmful products like lead in gasoline and asbestos demonstrate that governments can successfully eliminate dangerous materials with long-term benefits outweighing short-term inconvenience.",sequence_and_transition_precedent_and_long_term_effects,"I should evaluate historical precedents, long-term vs short-term tradeoffs, and obligations to future generations. ",Next
16,0.0,,,synthesis_faithful,random,4,20260206_121538,1.144648790359497,"The government should enforce a total ban on single-use plastics because voluntary efforts have consistently failed to reduce plastic pollution at the scale needed. Without legal mandates, industries and individuals lack the incentive to change, and the burden falls unfairly on communities already struggling with waste. Long-term environmental damage, including harm to marine life and human health, demands decisive action now—especially since future generations will inherit the consequences of today’s inaction. A government-led ban ensures accountability, creates consistent standards, and drives innovation in sustainable alternatives. This isn’t about restricting freedom, but about protecting our planet and public health. Given the scale of the crisis, only strong, enforceable policy can deliver real change. Therefore, a total ban is not only necessary but ethical.",evidence_and_authority,governance_and_accountability,"Evidence shows that government enforcement of bans on single-use plastics is necessary for systemic change, as voluntary measures often fail to produce significant results.",evidence_and_authority_governance_and_accountability,"I should consider legal frameworks, accountability mechanisms, democratic principles, and proper authority. ",Evidence shows that,evidence_and_authority,ethical_principles,"Evidence shows that government enforcement of bans on single-use plastics is necessary for systemic change, as voluntary measures often fail to produce significant results.",evidence_and_authority_ethical_principles,"I should evaluate actions based on moral rules, character virtues, relationships, and ethical obligations. ",Evidence shows that,sequence_and_transition,precedent_and_long_term_effects,"Next, I should consider the long-term environmental and health consequences of plastic pollution, which justify strong governmental action to protect public well-being.",sequence_and_transition_precedent_and_long_term_effects,"I should evaluate historical precedents, long-term vs short-term tradeoffs, and obligations to future generations. ",Next
17,0.0,,,synthesis_faithful,random,0,20260206_121538,1.091158151626587,"We have a moral duty to protect the planet for future generations, and banning single-use plastics is a clear step toward that responsibility. These items pollute our oceans, harm animals, and take hundreds of years to decompose, causing long-term damage that is unfair to both nature and people yet to come. Governments are meant to safeguard public well-being, and this includes protecting our environment from destructive practices. A total ban is the most effective way to stop the flow of plastic waste at the source. Without strong government action, individuals and businesses will continue relying on these harmful materials. Ultimately, a ban reflects our shared obligation to live sustainably and responsibly.",causal_reasoning,ethical_principles,"Therefore, we should act in ways that promote care for the environment and future generations, which aligns with a ban on single-use plastics.",causal_reasoning_ethical_principles,"I should evaluate actions based on moral rules, character virtues, relationships, and ethical obligations. ",Therefore,evidence_and_authority,justice_and_fairness,"Evidence shows that single-use plastics harm wildlife, pollute oceans, and persist in ecosystems for centuries, making their continued use unjust to both nature and future humans.",evidence_and_authority_justice_and_fairness,"I should analyze whether outcomes, processes, and distributions are fair to all parties involved. ",Evidence shows that,sequence_and_transition,governance_and_accountability,"Next, governments have the responsibility to protect public welfare and the environment, and enforcing a ban is a necessary step to uphold that duty.",sequence_and_transition_governance_and_accountability,"I should consider legal frameworks, accountability mechanisms, democratic principles, and proper authority. ",Next
17,0.0,,,synthesis_faithful,random,1,20260206_121538,1.1966552734375,"It is morally right to protect the environment, and banning single-use plastics is a necessary step to fulfill our responsibility to future generations. These plastics cause widespread pollution, endanger marine life, and worsen climate change, making a ban fairer for both nature and people who depend on clean ecosystems. Governments have the authority and duty to act in the public interest, and enforcing such a ban is a reasonable and just use of that power. By taking this step, we prioritize long-term sustainability over short-term convenience. This action reflects a commitment to ethical stewardship and collective well-being. A total ban is not extreme—it’s a practical and responsible measure to address a growing crisis. We should act now, before the damage becomes irreversible.",causal_reasoning,ethical_principles,"Therefore, it is morally right to protect the environment because it reflects a commitment to stewardship and responsibility toward future generations.",causal_reasoning_ethical_principles,"I should evaluate actions based on moral rules, character virtues, relationships, and ethical obligations. ",Therefore,evidence_and_authority,justice_and_fairness,"Evidence shows that single-use plastics pollute oceans, harm wildlife, and contribute to climate change, so a ban would promote fairness by reducing harm to vulnerable ecosystems and communities.",evidence_and_authority_justice_and_fairness,"I should analyze whether outcomes, processes, and distributions are fair to all parties involved. ",Evidence shows that,sequence_and_transition,governance_and_accountability,"Next, governments have a duty to protect public health and the environment, and enforcing a ban on single-use plastics is a legitimate exercise of that authority to safeguard collective well-being.",sequence_and_transition_governance_and_accountability,"I should consider legal frameworks, accountability mechanisms, democratic principles, and proper authority. ",Next
17,0.0,,,synthesis_faithful,random,2,20260206_121538,0.9485030174255371,"We have a moral duty to protect the planet for future generations by minimizing pollution and conserving natural resources. Single-use plastics are a major source of environmental harm, contaminating oceans, killing wildlife, and entering the food chain, which ultimately threatens human health. While personal choices matter, they are not enough—without legal action, most people will continue using convenient but harmful plastics. Governments have the authority and responsibility to implement policies that protect public welfare and the environment. A total ban ensures consistency, accountability, and widespread change. This is not about restricting freedom, but about safeguarding our shared world.",causal_reasoning,ethical_principles,"Therefore, we have a moral obligation to protect the environment for future generations by reducing pollution and conserving natural resources.",causal_reasoning_ethical_principles,"I should evaluate actions based on moral rules, character virtues, relationships, and ethical obligations. ",Therefore,evidence_and_authority,justice_and_fairness,"Evidence shows that single-use plastics cause severe harm to ecosystems, wildlife, and human health, disproportionately affecting vulnerable communities.",evidence_and_authority_justice_and_fairness,"I should analyze whether outcomes, processes, and distributions are fair to all parties involved. ",Evidence shows that,sequence_and_transition,governance_and_accountability,"Next, laws are essential for enforcing collective action, especially when individual choices fail to protect the public good.",sequence_and_transition_governance_and_accountability,"I should consider legal frameworks, accountability mechanisms, democratic principles, and proper authority. ",Next
17,0.0,,,synthesis_faithful,random,3,20260206_121538,1.1018571853637695,"The government should enforce a total ban on single-use plastics because it is morally right to protect the environment for future generations. Single-use plastics pollute oceans, harm wildlife, and contribute to climate change, which unfairly impacts vulnerable communities and future populations. A government ban is a fair and necessary measure to hold industries accountable, as individual efforts are insufficient to address such widespread environmental damage. By enforcing a ban, the government upholds its responsibility to protect public health and the planet, aligning with democratic values and long-term sustainability. This action reflects a commitment to justice, fairness, and intergenerational responsibility. Therefore, a total ban is not just practical—it is ethically required.",causal_reasoning,ethical_principles,"Therefore, the government should enforce a total ban on single-use plastics because it is ethically imperative to protect the environment for future generations.",causal_reasoning_ethical_principles,"I should evaluate actions based on moral rules, character virtues, relationships, and ethical obligations. ",Therefore,evidence_and_authority,justice_and_fairness,"Evidence shows that single-use plastics pollute oceans, harm wildlife, and contribute to climate change, which disproportionately affects vulnerable communities and future populations.",evidence_and_authority_justice_and_fairness,"I should analyze whether outcomes, processes, and distributions are fair to all parties involved. ",Evidence shows that,sequence_and_transition,governance_and_accountability,"Next, enforcing a ban through government policy is a just and necessary step to ensure accountability, especially since individual actions alone cannot solve large-scale environmental harm.",sequence_and_transition_governance_and_accountability,"I should consider legal frameworks, accountability mechanisms, democratic principles, and proper authority. ",Next
17,0.0,,,synthesis_faithful,random,4,20260206_121538,1.274984359741211,"As a responsible citizen, I believe the government should enforce a total ban on single-use plastics because it is our moral duty to protect the environment for future generations. Evidence shows that single-use plastics pollute oceans, harm wildlife, and persist in ecosystems for centuries, which is deeply unfair to both nature and future human populations. The government has a legitimate role in protecting public health and the environment, and a total ban is a reasonable and enforceable policy tool to achieve that goal. This action aligns with our shared responsibility to live sustainably and ethically. Without strong government intervention, individuals cannot solve this crisis alone. A ban would encourage innovation in reusable alternatives and reduce long-term environmental damage. Ultimately, protecting the planet is not optional—it's a moral obligation we all must uphold.",causal_reasoning,ethical_principles,"Therefore, as a responsible citizen, I believe the government should enforce a total ban on single-use plastics because it is our moral duty to protect the environment for future generations.",causal_reasoning_ethical_principles,"I should evaluate actions based on moral rules, character virtues, relationships, and ethical obligations. ",Therefore,evidence_and_authority,justice_and_fairness,"Evidence shows that single-use plastics pollute oceans, harm wildlife, and persist in ecosystems for centuries, which is deeply unfair to both nature and future human populations.",evidence_and_authority_justice_and_fairness,"I should analyze whether outcomes, processes, and distributions are fair to all parties involved. ",Evidence shows that,sequence_and_transition,governance_and_accountability,"Next, the government has a legitimate role in protecting public health and the environment, and a total ban is a reasonable and enforceable policy tool to achieve that goal.",sequence_and_transition_governance_and_accountability,"I should consider legal frameworks, accountability mechanisms, democratic principles, and proper authority. ",Next
18,0.0,,,synthesis_faithful,random,0,20260206_121538,1.2030894756317139,"The government should enforce a total ban on single-use plastics because it's a moral imperative to protect the environment for future generations and uphold our ethical responsibility to nature. While personal freedom is important, the right to convenience should not outweigh the right to clean air, water, and a stable climate. When individual behaviors lead to mass pollution and harm ecosystems, societal rules must intervene to safeguard the common good. Single-use plastics contribute to plastic waste in oceans, harm wildlife, and persist in the environment for centuries. A ban would encourage innovation in sustainable alternatives and shift consumer habits toward long-term environmental health. Ultimately, protecting the planet is not just a policy issue—it's a shared moral duty we all must fulfill.",causal_reasoning,ethical_principles,"Therefore, the government should enforce a total ban on single-use plastics because it's a moral imperative to protect the environment for future generations and uphold our ethical responsibility to nature.",causal_reasoning_ethical_principles,"I should evaluate actions based on moral rules, character virtues, relationships, and ethical obligations. ",Therefore,concession_and_contrast,rights_and_liberties,"However, the freedom to use single-use plastics comes at the cost of widespread environmental harm, which undermines the fundamental human right to a healthy and sustainable planet.",concession_and_contrast_rights_and_liberties,"I should consider inalienable human rights, civil liberties, privacy protections, and the freedom to make one's own choices. ",However,sequence_and_transition,rights_and_liberties,"Next, while personal choice matters, it should not override collective well-being; when individual habits cause irreversible damage, societal rules must step in to protect the common good.",sequence_and_transition_rights_and_liberties,"I should consider inalienable human rights, civil liberties, privacy protections, and the freedom to make one's own choices. ",Next
18,0.0,,,synthesis_faithful,random,1,20260206_121538,1.2228310108184814,"A total ban on single-use plastics is ethically required because it reflects our moral responsibility to protect the planet for future generations. While personal freedom is important, it shouldn’t come at the cost of widespread environmental damage that harms both people and ecosystems. The harm caused by plastic pollution is not evenly distributed—low-income and marginalized communities often bear the brunt of contamination and waste. By banning single-use plastics, we uphold environmental justice and ensure cleaner air, water, and land for all. This policy is not an overreach but a necessary step toward sustainable living. It aligns with common sense and shared values of care, responsibility, and long-term thinking. Ultimately, protecting the planet is not just practical—it's the right thing to do.",causal_reasoning,ethical_principles,"Therefore, a total ban on single-use plastics is ethically necessary because it protects the environment for future generations, reflecting our moral duty to preserve nature and uphold responsible stewardship.",causal_reasoning_ethical_principles,"I should evaluate actions based on moral rules, character virtues, relationships, and ethical obligations. ",Therefore,concession_and_contrast,rights_and_liberties,"However, individual freedom does not justify environmental harm; banning single-use plastics does not infringe on personal liberty but rather promotes collective well-being and long-term safety.",concession_and_contrast_rights_and_liberties,"I should consider inalienable human rights, civil liberties, privacy protections, and the freedom to make one's own choices. ",However,sequence_and_transition,rights_and_liberties,"Next, the environmental harm from single-use plastics disproportionately affects vulnerable communities and future populations, making a ban a matter of justice and fairness.",sequence_and_transition_rights_and_liberties,"I should consider inalienable human rights, civil liberties, privacy protections, and the freedom to make one's own choices. ",Next
18,0.0,,,synthesis_faithful,random,2,20260206_121538,0.8719546794891357,"Single-use plastics pollute our oceans, harm wildlife, and take hundreds of years to break down. Even though people value convenience, we have a moral obligation to protect the planet for future generations. Choosing reusable alternatives is a small change that leads to big environmental benefits. The freedom to use plastic shouldn’t come at the cost of long-term ecological harm. A total ban encourages innovation and responsibility without restricting basic freedoms. It’s a necessary step to preserve nature and public health. Ultimately, protecting the planet is a shared duty we all must take seriously.",causal_reasoning,ethical_principles,"Therefore, it is right to protect the environment and future generations by banning single-use plastics.",causal_reasoning_ethical_principles,"I should evaluate actions based on moral rules, character virtues, relationships, and ethical obligations. ",Therefore,concession_and_contrast,rights_and_liberties,"However, the right to convenience must not override the collective right to a clean and safe environment.",concession_and_contrast_rights_and_liberties,"I should consider inalienable human rights, civil liberties, privacy protections, and the freedom to make one's own choices. ",However,sequence_and_transition,rights_and_liberties,"Next, the freedom to choose products should not extend to damaging the planet for short-term convenience.",sequence_and_transition_rights_and_liberties,"I should consider inalienable human rights, civil liberties, privacy protections, and the freedom to make one's own choices. ",Next
18,0.0,,,synthesis_faithful,random,3,20260206_121538,1.0257289409637451,"A total ban on single-use plastics is morally necessary because it protects the environment and ensures a healthier planet for future generations. While personal freedom to use convenient products is important, it should not come at the expense of collective well-being and ecological survival. Our right to consume should not override the fundamental right to clean air, water, and a stable climate. Every plastic item discarded contributes to pollution that harms wildlife, ecosystems, and human health. By eliminating single-use plastics, the government can lead with responsibility, demonstrating that individual choices must align with environmental stewardship. This ban is not about restriction—it's about protecting our shared world. A small personal inconvenience today leads to long-term benefits for everyone.",causal_reasoning,ethical_principles,"Therefore, a total ban on single-use plastics is morally necessary to protect the environment and future generations.",causal_reasoning_ethical_principles,"I should evaluate actions based on moral rules, character virtues, relationships, and ethical obligations. ",Therefore,concession_and_contrast,rights_and_liberties,"However, the right to convenience and consumption does not outweigh the collective right to a safe and healthy environment.",concession_and_contrast_rights_and_liberties,"I should consider inalienable human rights, civil liberties, privacy protections, and the freedom to make one's own choices. ",However,sequence_and_transition,rights_and_liberties,"Next, personal freedom must be balanced with societal responsibility; we cannot claim freedom to harm the planet without consequence.",sequence_and_transition_rights_and_liberties,"I should consider inalienable human rights, civil liberties, privacy protections, and the freedom to make one's own choices. ",Next
18,0.0,,,synthesis_faithful,random,4,20260206_121538,1.1774983406066895,"We have a moral obligation to protect the environment, and banning single-use plastics is a clear and necessary step toward fulfilling that duty. While we value personal freedom, individual choices should not come at the cost of harming shared resources like clean oceans and air, which are essential to everyone’s well-being. The harm caused by single-use plastics—such as pollution in oceans, harm to wildlife, and health risks from microplastics—outweighs the convenience they provide. A total ban is a straightforward and effective way to reduce this widespread damage. It encourages innovation in sustainable alternatives and shifts societal habits toward long-term environmental responsibility. Ultimately, protecting our planet is not just a choice—it’s a collective duty we all share.",causal_reasoning,ethical_principles,"Therefore, we have a moral obligation to protect the environment, and banning single-use plastics is a clear and necessary step toward fulfilling that duty.",causal_reasoning_ethical_principles,"I should evaluate actions based on moral rules, character virtues, relationships, and ethical obligations. ",Therefore,concession_and_contrast,rights_and_liberties,"However, individual freedoms do not justify actions that harm shared resources like clean oceans and air, which are essential to human well-being.",concession_and_contrast_rights_and_liberties,"I should consider inalienable human rights, civil liberties, privacy protections, and the freedom to make one's own choices. ",However,sequence_and_transition,rights_and_liberties,"Next, the harm caused by single-use plastics—such as pollution in oceans, harm to wildlife, and health risks from microplastics—outweighs the convenience of using them.",sequence_and_transition_rights_and_liberties,"I should consider inalienable human rights, civil liberties, privacy protections, and the freedom to make one's own choices. ",Next
19,0.0,,,synthesis_faithful,random,0,20260206_121538,0.9740636348724365,"The government should enforce a total ban on single-use plastics because it has the authority and responsibility to protect public health and the environment on a large scale. Individual actions alone are not enough to combat the massive pollution caused by disposable plastics. A ban ensures that the burden of cleanup and environmental damage doesn’t fall unfairly on low-income communities or future generations. It also promotes fairness by supporting innovation and helping businesses transition to sustainable alternatives. Ultimately, government leadership is essential to create lasting change and protect our planet for everyone.",causal_reasoning,stakeholder_responsibility,"Therefore, the government has a critical role in setting standards that protect public health and the environment, especially when individual actions alone cannot solve large-scale pollution problems.",causal_reasoning_stakeholder_responsibility,"I should analyze who bears responsibility—whether government, individuals, corporations, or other institutions. ",Therefore,conclusion_and_summary,justice_and_fairness,"In conclusion, a total ban on single-use plastics ensures that the burden of environmental cleanup does not fall disproportionately on marginalized communities or future generations.",conclusion_and_summary_justice_and_fairness,"I should analyze whether outcomes, processes, and distributions are fair to all parties involved. ",In conclusion,exemplification,justice_and_fairness,"For example, a government-led ban can level the playing field by encouraging innovation in reusable alternatives, helping small businesses adapt and thrive alongside larger corporations.",exemplification_justice_and_fairness,"I should analyze whether outcomes, processes, and distributions are fair to all parties involved. ",For example
19,0.0,,,synthesis_faithful,random,1,20260206_121538,1.0353503227233887,"The government should enforce a total ban on single-use plastics because it is the only entity with the power to implement widespread, enforceable change. While individuals can reduce their plastic use, systemic solutions require policy-level action to be effective. The environmental and health consequences of plastic pollution—such as ocean contamination and microplastic ingestion—impact everyone, especially vulnerable and future populations. A ban ensures fairness by holding corporations accountable and protecting communities that suffer the most from pollution. Without government intervention, progress will be too slow and inconsistent across regions. Therefore, a total ban is a necessary and just step toward a sustainable future.",causal_reasoning,stakeholder_responsibility,"Therefore, while individuals can contribute, it's the government that has the authority and responsibility to enact large-scale environmental reforms.",causal_reasoning_stakeholder_responsibility,"I should analyze who bears responsibility—whether government, individuals, corporations, or other institutions. ",Therefore,conclusion_and_summary,justice_and_fairness,"In conclusion, a government-enforced ban on single-use plastics is necessary to ensure fairness, protect public health, and safeguard the environment for future generations.",conclusion_and_summary_justice_and_fairness,"I should analyze whether outcomes, processes, and distributions are fair to all parties involved. ",In conclusion,exemplification,justice_and_fairness,"For example, the environmental damage from single-use plastics disproportionately affects low-income communities and future generations, who have no voice in current decisions.",exemplification_justice_and_fairness,"I should analyze whether outcomes, processes, and distributions are fair to all parties involved. ",For example
19,0.0,,,synthesis_faithful,random,2,20260206_121538,1.3581056594848633,"The government should enforce a total ban on single-use plastics because individuals alone cannot solve such a widespread environmental problem. Pollution from single-use plastics harms ecosystems, wildlife, and human health, and without strong government action, progress will remain slow and inconsistent. The government has a responsibility to protect public health and the environment, and a total ban ensures that the burden of pollution is not unfairly placed on marginalized communities who live near landfills and waterways. While some may worry about inconvenience, alternatives like reusable or biodegradable materials are increasingly available and affordable. A national ban creates fairness by ensuring that everyone, regardless of income or location, benefits from cleaner air, water, and land. Enforcing this ban is not just practical—it’s a moral responsibility to protect future generations. Therefore, a total ban on single-use plastics is both necessary and just.",causal_reasoning,stakeholder_responsibility,"Therefore, the government must take the lead in enforcing a ban on single-use plastics, as individuals alone cannot solve such a widespread environmental issue.",causal_reasoning_stakeholder_responsibility,"I should analyze who bears responsibility—whether government, individuals, corporations, or other institutions. ",Therefore,conclusion_and_summary,justice_and_fairness,"In conclusion, the government has a responsibility to protect public health and the environment, and a total ban on single-use plastics is a fair and necessary step to reduce pollution, especially for marginalized communities most affected by plastic waste.",conclusion_and_summary_justice_and_fairness,"I should analyze whether outcomes, processes, and distributions are fair to all parties involved. ",In conclusion,exemplification,justice_and_fairness,"For example, communities near landfills and waterways suffer disproportionately from plastic pollution, and a government ban ensures that the burden is not placed on those least able to cope.",exemplification_justice_and_fairness,"I should analyze whether outcomes, processes, and distributions are fair to all parties involved. ",For example
19,0.0,,,synthesis_faithful,random,3,20260206_121538,1.0674211978912354,"The government should enforce a total ban on single-use plastics because individual efforts alone won’t solve the scale of pollution we face. Without strong policy action, companies will continue prioritizing profit over the environment, leaving the burden on everyday citizens. It’s especially unfair that low-income communities often bear the brunt of plastic waste, even though they have the fewest resources to respond. A ban ensures that everyone shares the responsibility and that the solution isn’t left to chance or personal choice. This kind of rule is needed to protect public health and the planet for future generations. Ultimately, the government has a duty to act when environmental threats are too big for individuals to handle alone.",causal_reasoning,stakeholder_responsibility,"Therefore, government intervention is necessary because individuals and companies alone cannot be relied upon to drive systemic change.",causal_reasoning_stakeholder_responsibility,"I should analyze who bears responsibility—whether government, individuals, corporations, or other institutions. ",Therefore,conclusion_and_summary,justice_and_fairness,"In conclusion, a government-enforced ban is the fairest way to ensure that environmental responsibility is shared equitably across all sectors of society.",conclusion_and_summary_justice_and_fairness,"I should analyze whether outcomes, processes, and distributions are fair to all parties involved. ",In conclusion,exemplification,justice_and_fairness,"For example, it’s unfair for low-income communities to suffer the most from plastic pollution while having fewer resources to manage waste or adopt alternatives.",exemplification_justice_and_fairness,"I should analyze whether outcomes, processes, and distributions are fair to all parties involved. ",For example
19,0.0,,,synthesis_faithful,random,4,20260206_121538,1.2728488445281982,"The government should enforce a total ban on single-use plastics because it has the power and duty to protect public health and the environment on a large scale. While individuals and businesses can make changes, only government action can create consistent, nationwide rules that ensure everyone contributes fairly. A ban would prevent plastic pollution from harming ecosystems, wildlife, and human health, especially in vulnerable communities that often bear the brunt of environmental damage. It also pushes innovation toward sustainable alternatives, creating long-term benefits for society. Without strong government intervention, progress will be slow and uneven. Ultimately, a total ban is the most responsible and just solution to a global crisis. In conclusion, a government-enforced ban on single-use plastics is the most equitable and effective way to protect the environment, public health, and future generations.",causal_reasoning,stakeholder_responsibility,"Therefore, while individuals and companies play roles, the government has the authority and responsibility to enact broad, enforceable policies that can effectively address widespread environmental harm.",causal_reasoning_stakeholder_responsibility,"I should analyze who bears responsibility—whether government, individuals, corporations, or other institutions. ",Therefore,conclusion_and_summary,justice_and_fairness,"In conclusion, a government-enforced ban on single-use plastics is the most equitable and effective way to protect the environment, public health, and future generations.",conclusion_and_summary_justice_and_fairness,"I should analyze whether outcomes, processes, and distributions are fair to all parties involved. ",In conclusion,exemplification,justice_and_fairness,"For example, a total ban prevents the burden of pollution from falling disproportionately on low-income communities and future generations, who cannot afford or control the long-term damage caused by plastic waste.",exemplification_justice_and_fairness,"I should analyze whether outcomes, processes, and distributions are fair to all parties involved. ",For example
20,0.0,,,synthesis_faithful,random,0,20260206_121538,1.1382062435150146,"The government should enforce a total ban on single-use plastics because it is morally right to protect the environment for future generations. Since plastic pollution harms ecosystems and communities, the government—representing the public good—has a clear responsibility to act decisively. A government-enforced ban ensures consistent standards, prevents greenwashing, and holds corporations accountable for their environmental impact. Without strong regulations, individuals are left to make choices in a system that continues to prioritize convenience over sustainability. A ban sends a powerful message that protecting the planet is a shared priority. It also encourages innovation in reusable and biodegradable alternatives. Ultimately, this step is necessary to safeguard both public health and the natural world for years to come.",concession_and_contrast,ethical_principles,"However, I still believe that the government should enforce a total ban on single-use plastics because it is morally right to protect the environment for future generations.",concession_and_contrast_ethical_principles,"I should evaluate actions based on moral rules, character virtues, relationships, and ethical obligations. ",However,causal_reasoning,stakeholder_responsibility,"Therefore, since plastic pollution harms ecosystems and communities, the government, as a representative of the public good, has a clear responsibility to act decisively.",causal_reasoning_stakeholder_responsibility,"I should analyze who bears responsibility—whether government, individuals, corporations, or other institutions. ",Therefore,addition_and_elaboration,governance_and_accountability,"Moreover, a government-enforced ban ensures consistent standards, prevents greenwashing, and holds corporations accountable for their environmental impact.",addition_and_elaboration_governance_and_accountability,"I should consider legal frameworks, accountability mechanisms, democratic principles, and proper authority. ",Moreover
20,0.0,,,synthesis_faithful,random,1,20260206_121538,1.1334505081176758,"Single-use plastics pollute our oceans, harm wildlife, and contribute to long-term environmental degradation, which we have a moral obligation to prevent. As individuals, our efforts are limited and inconsistent, making government action essential to create large-scale change. A total ban empowers communities, ensures fairness by regulating industry and access, and protects future generations. The government has the authority and responsibility to enforce such a ban to uphold public health and environmental ethics. Without this bold step, pollution will continue unchecked, worsening climate and ecological crises. Therefore, a total ban on single-use plastics is not only justified—it is necessary for a sustainable future.",concession_and_contrast,ethical_principles,"However, the use of single-use plastics causes significant harm to the environment and public health, which violates our ethical responsibility to protect nature and future generations. Banning them is a necessary step to reduce pollution and safeguard ecosystems.",concession_and_contrast_ethical_principles,"I should evaluate actions based on moral rules, character virtues, relationships, and ethical obligations. ",However,causal_reasoning,stakeholder_responsibility,"Therefore, it is the government’s duty to act decisively, as individual efforts alone are insufficient to solve a crisis of this scale.",causal_reasoning_stakeholder_responsibility,"I should analyze who bears responsibility—whether government, individuals, corporations, or other institutions. ",Therefore,addition_and_elaboration,governance_and_accountability,"Moreover, a government ban ensures equitable implementation and accountability, preventing the burden from falling unfairly on low-income communities who cannot afford reusable alternatives.",addition_and_elaboration_governance_and_accountability,"I should consider legal frameworks, accountability mechanisms, democratic principles, and proper authority. ",Moreover
20,0.0,,,synthesis_faithful,random,2,20260206_121538,1.0402264595031738,"The government should enforce a total ban on single-use plastics because they cause irreversible harm to the environment, and as a society, we have a moral obligation to protect nature for future generations. While individuals can reduce plastic use, only the government has the authority and reach to implement large-scale change, making it the most responsible entity to enforce a ban. Moreover, a government-enforced ban ensures fairness and consistency, prevents companies from greenwashing, and holds all actors accountable under the same rules.",concession_and_contrast,ethical_principles,"However, I believe that the government should enforce a total ban on single-use plastics because they cause irreversible harm to the environment, and as a society, we have a moral obligation to protect nature for future generations.",concession_and_contrast_ethical_principles,"I should evaluate actions based on moral rules, character virtues, relationships, and ethical obligations. ",However,causal_reasoning,stakeholder_responsibility,"Therefore, while individuals can reduce plastic use, only the government has the authority and reach to implement large-scale change, making it the most responsible entity to enforce a ban.",causal_reasoning_stakeholder_responsibility,"I should analyze who bears responsibility—whether government, individuals, corporations, or other institutions. ",Therefore,addition_and_elaboration,governance_and_accountability,"Moreover, a government-enforced ban ensures fairness and consistency, prevents companies from greenwashing, and holds all actors accountable under the same rules.",addition_and_elaboration_governance_and_accountability,"I should consider legal frameworks, accountability mechanisms, democratic principles, and proper authority. ",Moreover
20,0.0,,,synthesis_faithful,random,3,20260206_121538,1.0650990009307861,"The government should enforce a total ban on single-use plastics because these items are a major source of pollution, harming ecosystems and wildlife. While individuals and businesses play a role, the government has the authority and responsibility to implement systemic change that goes beyond individual actions. A ban would promote accountability, ensure uniform standards, and push industries to innovate sustainable alternatives. Without government intervention, recycling efforts and voluntary actions will remain insufficient to address the scale of the crisis. Ultimately, protecting the environment and public health requires bold, enforceable policies that only the government can provide. Therefore, a total ban is not only justified but necessary.",concession_and_contrast,ethical_principles,"However, the real danger is not the use of plastic itself, but the irresponsible disposal and lack of recycling infrastructure that leads to environmental harm.",concession_and_contrast_ethical_principles,"I should evaluate actions based on moral rules, character virtues, relationships, and ethical obligations. ",However,causal_reasoning,stakeholder_responsibility,"Therefore, the government has a duty to lead in reducing plastic waste by enforcing a ban on single-use plastics, as they are the most effective entity to implement large-scale change.",causal_reasoning_stakeholder_responsibility,"I should analyze who bears responsibility—whether government, individuals, corporations, or other institutions. ",Therefore,addition_and_elaboration,governance_and_accountability,"Moreover, a government-enforced ban ensures consistency, fairness, and accountability, preventing corporations from exploiting loopholes and avoiding responsibility.",addition_and_elaboration_governance_and_accountability,"I should consider legal frameworks, accountability mechanisms, democratic principles, and proper authority. ",Moreover
20,0.0,,,synthesis_faithful,random,4,20260206_121538,1.3465492725372314,"Single-use plastics pollute our oceans, harm wildlife, and take hundreds of years to break down, so it's only fair that the government steps in to stop this damage. As a regular person, I don’t have the power to eliminate plastic waste on my own, but the government can enforce rules that make sustainable choices easier for everyone. If we can’t rely on individuals alone to change habits, then strong policies are the only way to create real, lasting change. A total ban would push companies to innovate with eco-friendly alternatives and reduce the burden on landfills and ecosystems. It’s not about restricting freedom—it’s about protecting our planet for future generations. The government has a duty to act when public health and the environment are at risk, and plastic pollution is a clear and present danger. So yes, a total ban on single-use plastics is not just reasonable—it's necessary.",concession_and_contrast,ethical_principles,"However, this approach is limited by the lack of a clear framework for moral reasoning, especially when dealing with complex, real-world issues like environmental policy.",concession_and_contrast_ethical_principles,"I should evaluate actions based on moral rules, character virtues, relationships, and ethical obligations. ",However,causal_reasoning,stakeholder_responsibility,"Therefore, since the production and use of single-use plastics are largely driven by industrial practices and consumer demand, the government has a responsibility to regulate and reduce this environmental harm.",causal_reasoning_stakeholder_responsibility,"I should analyze who bears responsibility—whether government, individuals, corporations, or other institutions. ",Therefore,addition_and_elaboration,governance_and_accountability,"Moreover, the government has the authority and capacity to implement laws that protect public health and the environment, including banning harmful products like single-use plastics.",addition_and_elaboration_governance_and_accountability,"I should consider legal frameworks, accountability mechanisms, democratic principles, and proper authority. ",Moreover
21,0.0,,,synthesis_faithful,random,0,20260206_121538,1.2221226692199707,"The government should enforce a total ban on single-use plastics because they are a major source of pollution that harms ecosystems and human health. While some argue that such a ban exceeds government authority, the real issue isn’t overreach—it’s avoiding responsibility. Plastic pollution affects everyone, especially vulnerable communities and future generations, and the government has a clear duty to protect public well-being. Rather than relying on voluntary efforts that have failed for decades, a legal ban ensures accountability and creates a level playing field for businesses. The burden shouldn’t fall on individuals who have little control over plastic production—instead, the government must act to stop the source of the problem. With proper enforcement, a ban is not only feasible but necessary for long-term environmental and public health.",concession_and_contrast,governance_and_accountability,"However, banning single-use plastics is not a matter of legal or political authority—it's a practical necessity for protecting the environment and public health.",concession_and_contrast_governance_and_accountability,"I should consider legal frameworks, accountability mechanisms, democratic principles, and proper authority. ",However,exemplification,feasibility_and_implementation,"For example, if the government cannot enforce the ban, then it’s not a real policy, but merely a symbolic gesture. But if an enforcement mechanism exists, then the ban can take effect.",exemplification_feasibility_and_implementation,I should evaluate whether the proposal can actually be implemented and enforced effectively. ,For example,evidence_and_authority,stakeholder_responsibility,"Evidence shows that corporations produce the majority of single-use plastics, yet individuals are often blamed. A government ban shifts responsibility back to those who create the problem.",evidence_and_authority_stakeholder_responsibility,"I should analyze who bears responsibility—whether government, individuals, corporations, or other institutions. ",Evidence shows that
21,0.0,,,synthesis_faithful,random,1,20260206_121538,1.1057641506195068,"The government should enforce a total ban on single-use plastics because it has the legal authority and democratic responsibility to protect public welfare, including environmental health. While some may argue that personal choices should determine pollution levels, the reality is that individuals alone cannot address a crisis driven by industrial-scale production and consumption. Real-world examples, like the EU’s ban on certain single-use plastics, prove that such laws can be successfully implemented and enforced. Without government intervention, corporations will continue prioritizing profit over the planet, and individuals will be left with few viable alternatives. A total ban creates a level playing field, encourages innovation in sustainable materials, and sends a clear message about societal values. Ultimately, the government is best positioned to drive large-scale, lasting change that benefits everyone.",concession_and_contrast,governance_and_accountability,"However, the government has the legal authority and democratic mandate to enforce laws that protect public welfare, including environmental health.",concession_and_contrast_governance_and_accountability,"I should consider legal frameworks, accountability mechanisms, democratic principles, and proper authority. ",However,exemplification,feasibility_and_implementation,"For example, many countries already have successful bans on single-use plastics, showing that enforcement is not only possible but practical.",exemplification_feasibility_and_implementation,I should evaluate whether the proposal can actually be implemented and enforced effectively. ,For example,evidence_and_authority,stakeholder_responsibility,Evidence shows that individuals alone cannot solve this problem; systemic change requires government action to create and enforce standards.,evidence_and_authority_stakeholder_responsibility,"I should analyze who bears responsibility—whether government, individuals, corporations, or other institutions. ",Evidence shows that
21,0.0,,,synthesis_faithful,random,2,20260206_121538,1.119551420211792,"The government should enforce a total ban on single-use plastics because it has the authority and responsibility to protect public health and the environment. While some may argue that such a ban infringes on personal freedom, it is a reasonable measure to prevent widespread pollution and harm to ecosystems. Governments have successfully implemented similar bans in other countries, demonstrating that enforcement is feasible and effective. Moreover, holding corporations accountable for producing harmful products is a core function of public policy. A ban empowers communities to reduce plastic waste and encourages innovation in sustainable alternatives. Ultimately, the government’s role includes making tough decisions for the greater good, and a total ban on single-use plastics is a necessary step toward a cleaner, healthier future.",concession_and_contrast,governance_and_accountability,"However, it is not a legal requirement for a government to enforce a ban on single-use plastics—this is a policy decision that reflects societal values and priorities.",concession_and_contrast_governance_and_accountability,"I should consider legal frameworks, accountability mechanisms, democratic principles, and proper authority. ",However,exemplification,feasibility_and_implementation,"For example, the government can implement such a ban through regulations and legislation, ensuring that it is enforceable and monitored for compliance.",exemplification_feasibility_and_implementation,I should evaluate whether the proposal can actually be implemented and enforced effectively. ,For example,evidence_and_authority,stakeholder_responsibility,"Evidence shows that governments have the authority and responsibility to regulate harmful products, especially when they contribute to environmental degradation and public health risks.",evidence_and_authority_stakeholder_responsibility,"I should analyze who bears responsibility—whether government, individuals, corporations, or other institutions. ",Evidence shows that
21,0.0,,,synthesis_faithful,random,3,20260206_121538,1.068713665008545,"The government should enforce a total ban on single-use plastics because it has the legal authority and democratic mandate to protect public health and the environment. Past successes, such as bans on asbestos and leaded gasoline, prove that comprehensive government action can effectively eliminate harmful materials. While individuals are important, the real source of pollution lies in large-scale industry and corporate production, not personal choices. A ban would shift responsibility to the institutions that generate the waste, ensuring accountability. It would also drive innovation in sustainable alternatives and create a level playing field for businesses. Without strong government intervention, plastic pollution will continue to harm ecosystems and human health. Therefore, a total ban is necessary, fair, and achievable.",concession_and_contrast,governance_and_accountability,"However, the government has the legal authority and democratic mandate to create laws that protect public health, safety, and environmental well-being.",concession_and_contrast_governance_and_accountability,"I should consider legal frameworks, accountability mechanisms, democratic principles, and proper authority. ",However,exemplification,feasibility_and_implementation,"For example, governments have successfully banned other harmful products like asbestos or leaded gasoline, showing that comprehensive bans are both feasible and effective.",exemplification_feasibility_and_implementation,I should evaluate whether the proposal can actually be implemented and enforced effectively. ,For example,evidence_and_authority,stakeholder_responsibility,Evidence shows that individual behavior alone cannot solve systemic pollution; corporations and industries are the primary contributors to plastic waste.,evidence_and_authority_stakeholder_responsibility,"I should analyze who bears responsibility—whether government, individuals, corporations, or other institutions. ",Evidence shows that
21,0.0,,,synthesis_faithful,random,4,20260206_121538,1.1204872131347656,"The government should enforce a total ban on single-use plastics because it has a duty to protect public health and the environment from long-term harm. A comprehensive ban removes ambiguity and ensures that all stakeholders—businesses, consumers, and manufacturers—must adapt, making enforcement more straightforward and effective. Without strong government action, individual efforts and voluntary programs are insufficient to address the scale of pollution caused by single-use plastics. This kind of policy reflects democratic accountability, ensuring that the people’s well-being is prioritized over short-term convenience and corporate profits. A ban also drives innovation in sustainable alternatives, creating new industries and jobs. Ultimately, the government is best positioned to lead this transformation and hold all parties responsible for their environmental impact.",concession_and_contrast,governance_and_accountability,"However, the government has a responsibility to protect public health and the environment, which includes taking decisive action against harmful materials like single-use plastics.",concession_and_contrast_governance_and_accountability,"I should consider legal frameworks, accountability mechanisms, democratic principles, and proper authority. ",However,exemplification,feasibility_and_implementation,"For example, a total ban ensures consistency and eliminates loopholes, making enforcement easier and more effective than partial or voluntary measures.",exemplification_feasibility_and_implementation,I should evaluate whether the proposal can actually be implemented and enforced effectively. ,For example,evidence_and_authority,stakeholder_responsibility,Evidence shows that individuals alone cannot solve this crisis; systemic change driven by government policy is necessary to shift production and consumption patterns at scale.,evidence_and_authority_stakeholder_responsibility,"I should analyze who bears responsibility—whether government, individuals, corporations, or other institutions. ",Evidence shows that
22,0.0,,,synthesis_faithful,random,0,20260206_121538,1.2774484157562256,"The government should enforce a total ban on single-use plastics because protecting the environment and public health is a fundamental duty of any fair and responsible government. Allowing these materials to persist threatens ecosystems, pollutes our oceans and water supplies, and harms both wildlife and human well-being. Future generations have a right to inherit a clean, safe planet, and we are failing that obligation by continuing to rely on disposable plastic products. While the ban may require adjustments in daily habits, the long-term benefits to the environment and public health far outweigh the short-term inconvenience. The government has a moral and practical responsibility to lead the way in creating sustainable change. By taking this decisive action, we set a powerful example and create a ripple effect that encourages innovation and environmentally responsible behavior across society.",exemplification,ethical_principles,"For example, the government has a duty to protect the environment and public health, which are essential for the well-being of all citizens.",exemplification_ethical_principles,"I should evaluate actions based on moral rules, character virtues, relationships, and ethical obligations. ",For example,conditional,precedent_and_long_term_effects,"If we allow single-use plastics to continue unchecked, we are passing on irreversible environmental damage to future generations, which violates our ethical responsibility to preserve the planet for those who come after us.",conditional_precedent_and_long_term_effects,"I should evaluate historical precedents, long-term vs short-term tradeoffs, and obligations to future generations. ",If,sequence_and_transition,incentives_and_power_dynamics,"Next, single-use plastics are deeply embedded in consumer culture, but this convenience comes at a high cost to ecosystems and human health—especially through pollution that infiltrates our water, soil, and food.",sequence_and_transition_incentives_and_power_dynamics,"I should examine what behaviors are encouraged, who holds power, and how interests align or conflict. ",Next
22,0.0,,,synthesis_faithful,random,1,20260206_121538,1.2201330661773682,"If we care about protecting the planet for future generations, then banning single-use plastics is a necessary step to reduce pollution and preserve ecosystems. Past actions, like banning leaded gasoline and asbestos, show that government intervention can successfully address harmful products, so a similar ban on plastics is both logical and responsible. Companies that make single-use plastics often put profits ahead of environmental health, meaning the government must step in to protect public welfare. Without such a ban, we continue to harm the environment and endanger wildlife. This is not about inconvenience—it's about doing what's right for the planet and future people. A total ban is a clear, enforceable way to create real change. We can't wait for voluntary actions to be enough when the crisis is already here.",exemplification,ethical_principles,"For example, if you believe in the moral obligation to protect the environment, then banning single-use plastics aligns with that duty.",exemplification_ethical_principles,"I should evaluate actions based on moral rules, character virtues, relationships, and ethical obligations. ",For example,conditional,precedent_and_long_term_effects,"If past bans on harmful substances like leaded gasoline and asbestos were effective, then banning single-use plastics now is a similarly responsible action for future health and environmental safety.",conditional_precedent_and_long_term_effects,"I should evaluate historical precedents, long-term vs short-term tradeoffs, and obligations to future generations. ",If,sequence_and_transition,incentives_and_power_dynamics,"Next, corporations that profit from single-use plastics often prioritize short-term gains over long-term sustainability, so government intervention is necessary to correct this imbalance and protect public interest.",sequence_and_transition_incentives_and_power_dynamics,"I should examine what behaviors are encouraged, who holds power, and how interests align or conflict. ",Next
22,0.0,,,synthesis_faithful,random,2,20260206_121538,1.0727057456970215,"We have a moral duty to protect the planet for future generations, and continuing to allow single-use plastics contributes to long-term environmental harm. Plastic waste doesn't just disappear—it lingers in oceans and landfills for centuries, harming wildlife and contaminating ecosystems. Vulnerable communities, especially those near dumping sites or coastal areas, are often the most affected by this pollution, making it both an environmental and social justice issue. A total ban is a clear, enforceable step toward reducing this damage and encouraging innovation in sustainable alternatives. While some may find it inconvenient, the long-term benefits far outweigh short-term discomfort. This is not just about individual choice—it’s about collective responsibility to preserve a livable world. We owe it to future generations to act decisively now.",exemplification,ethical_principles,"For example, helping others in need is a moral duty, even if it is inconvenient.",exemplification_ethical_principles,"I should evaluate actions based on moral rules, character virtues, relationships, and ethical obligations. ",For example,conditional,precedent_and_long_term_effects,"If we don't act now to protect the environment, future generations will suffer from pollution and resource scarcity.",conditional_precedent_and_long_term_effects,"I should evaluate historical precedents, long-term vs short-term tradeoffs, and obligations to future generations. ",If,sequence_and_transition,incentives_and_power_dynamics,"Next, plastic pollution disproportionately harms vulnerable communities and ecosystems, so we have a responsibility to reduce it.",sequence_and_transition_incentives_and_power_dynamics,"I should examine what behaviors are encouraged, who holds power, and how interests align or conflict. ",Next
22,0.0,,,synthesis_faithful,random,3,20260206_121538,1.0199344158172607,"We have a moral duty to protect the environment for ourselves and future generations, and single-use plastics are a major source of pollution that harms wildlife and ecosystems. Without action, our oceans will continue to fill with plastic waste, leading to long-term environmental damage and health risks we can’t afford. The government has the power to enforce a total ban, which would stop corporations from exploiting loopholes and prioritize profit over the planet. A ban would encourage innovation in sustainable alternatives and promote responsible consumer habits. This is not just about convenience—it’s about doing what’s right for our shared future. Therefore, a government-enforced ban on single-use plastics is both necessary and just.",exemplification,ethical_principles,"For example, we have a moral responsibility to care for the environment, as it supports our well-being and that of future generations.",exemplification_ethical_principles,"I should evaluate actions based on moral rules, character virtues, relationships, and ethical obligations. ",For example,conditional,precedent_and_long_term_effects,"If we don’t reduce plastic pollution now, future generations will suffer from degraded ecosystems and health issues.",conditional_precedent_and_long_term_effects,"I should evaluate historical precedents, long-term vs short-term tradeoffs, and obligations to future generations. ",If,sequence_and_transition,incentives_and_power_dynamics,"Next, the government can enforce a ban to prevent corporations from prioritizing profit over environmental harm.",sequence_and_transition_incentives_and_power_dynamics,"I should examine what behaviors are encouraged, who holds power, and how interests align or conflict. ",Next
22,0.0,,,synthesis_faithful,random,4,20260206_121538,1.1111431121826172,"We have a moral responsibility to protect the planet for future generations, and continuing to allow single-use plastics undermines that duty. These materials pollute our oceans, harm wildlife, and can enter our food chain, threatening public health. While some may argue it’s inconvenient, the long-term harm far outweighs the short-term convenience. The government has a role in guiding society toward sustainable choices, just as it has banned other harmful products in the past. Enforcing a total ban sends a clear message that profit must not come at the cost of environmental and human well-being. As ordinary citizens, we deserve a government that acts with foresight and integrity to safeguard our shared future. Therefore, a total ban on single-use plastics is not only necessary but morally right.",exemplification,ethical_principles,"For example, being honest and fair is important, and we should act in ways that are consistent with these values.",exemplification_ethical_principles,"I should evaluate actions based on moral rules, character virtues, relationships, and ethical obligations. ",For example,conditional,precedent_and_long_term_effects,"If we don’t act now to reduce plastic pollution, future generations will suffer from environmental degradation and health risks.",conditional_precedent_and_long_term_effects,"I should evaluate historical precedents, long-term vs short-term tradeoffs, and obligations to future generations. ",If,sequence_and_transition,incentives_and_power_dynamics,"Next, allowing single-use plastics perpetuates a system where corporations profit at the environment’s expense, which is unjust.",sequence_and_transition_incentives_and_power_dynamics,"I should examine what behaviors are encouraged, who holds power, and how interests align or conflict. ",Next
23,0.0,,,synthesis_faithful,random,0,20260206_121538,0.9749336242675781,"We should support a total ban on single-use plastics because it reflects our responsibility to care for the planet and future generations. Such a ban would significantly reduce pollution, protect animals from ingesting or getting trapped in plastic, and create a cleaner environment for everyone. It’s unfair to allow industries to profit at the expense of public health and ecosystems, especially when reusable alternatives are available. A ban ensures that the costs of plastic waste aren’t shouldered by the most vulnerable communities or future generations. Ultimately, doing what’s right means protecting nature and taking action before the damage becomes irreversible.",clarification_and_specification,ethical_principles,"In other words, we should act in ways that reflect our values, such as showing care and responsibility toward the environment and future generations.",clarification_and_specification_ethical_principles,"I should evaluate actions based on moral rules, character virtues, relationships, and ethical obligations. ",In other words,addition_and_elaboration,justice_and_fairness,"Moreover, a total ban on single-use plastics would reduce pollution, protect wildlife, and ensure a cleaner, healthier planet for everyone.",addition_and_elaboration_justice_and_fairness,"I should analyze whether outcomes, processes, and distributions are fair to all parties involved. ",Moreover,exemplification,justice_and_fairness,"For example, banning single-use plastics would prevent harm to marine life and reduce the burden on communities that suffer from plastic waste.",exemplification_justice_and_fairness,"I should analyze whether outcomes, processes, and distributions are fair to all parties involved. ",For example
23,0.0,,,synthesis_faithful,random,1,20260206_121538,1.1185247898101807,"Protecting the environment is a moral duty we all share, and banning single-use plastics is a necessary step toward fulfilling that duty. These plastics disproportionately harm vulnerable communities and ecosystems, making their continued use morally unjustifiable. For example, plastic waste often ends up in poor neighborhoods or developing nations, where waste management systems are under-resourced, creating an unfair burden. Since we all benefit from a healthy planet, we must also accept responsibility for its preservation. A total ban is the most effective way to reduce pollution and protect natural resources for future generations. It’s not just about convenience—it’s about justice, sustainability, and our shared future. Therefore, the government should enforce a total ban on single-use plastics.",clarification_and_specification,ethical_principles,"In other words, I believe that protecting the environment is a moral duty we all share, and banning single-use plastics is a necessary step toward fulfilling that duty.",clarification_and_specification_ethical_principles,"I should evaluate actions based on moral rules, character virtues, relationships, and ethical obligations. ",In other words,addition_and_elaboration,justice_and_fairness,"Moreover, single-use plastics disproportionately harm vulnerable communities and ecosystems, making their continued use morally unjustifiable.",addition_and_elaboration_justice_and_fairness,"I should analyze whether outcomes, processes, and distributions are fair to all parties involved. ",Moreover,exemplification,justice_and_fairness,"For example, plastic waste often ends up in poor neighborhoods or developing nations, where waste management systems are under-resourced, creating an unfair burden.",exemplification_justice_and_fairness,"I should analyze whether outcomes, processes, and distributions are fair to all parties involved. ",For example
23,0.0,,,synthesis_faithful,random,2,20260206_121538,1.115062952041626,"We have a moral obligation to protect the planet and future generations from environmental harm, and banning single-use plastics is a necessary step toward that goal. Such a ban ensures fairness by preventing the burden of pollution from falling on vulnerable communities and future generations. It’s unjust that low-income communities and developing nations often bear the brunt of plastic waste, even though they contribute the least to its creation. A total ban would reduce pollution, conserve natural resources, and promote sustainable alternatives. This action reflects our shared responsibility to live ethically and care for the Earth we all depend on. Therefore, the government should enforce a total ban on single-use plastics for the sake of justice, sustainability, and our collective future.",clarification_and_specification,ethical_principles,"In other words, if we care about protecting the environment and future generations, we must act decisively to eliminate harmful practices like single-use plastics.",clarification_and_specification_ethical_principles,"I should evaluate actions based on moral rules, character virtues, relationships, and ethical obligations. ",In other words,addition_and_elaboration,justice_and_fairness,"Moreover, banning single-use plastics ensures fairness by preventing the burden of pollution from falling disproportionately on marginalized communities and future generations.",addition_and_elaboration_justice_and_fairness,"I should analyze whether outcomes, processes, and distributions are fair to all parties involved. ",Moreover,exemplification,justice_and_fairness,"For example, the continued production and use of single-use plastics disproportionately harm low-income communities and developing nations that often receive plastic waste as dumping grounds.",exemplification_justice_and_fairness,"I should analyze whether outcomes, processes, and distributions are fair to all parties involved. ",For example
23,0.0,,,synthesis_faithful,random,3,20260206_121538,0.9247407913208008,"A total ban on single-use plastics is necessary because it reflects our duty to protect the planet and future generations. Even if the transition is challenging, the moral obligation to reduce environmental harm outweighs temporary inconvenience. Such a ban ensures fairer outcomes by reducing pollution that harms vulnerable communities and ecosystems. It promotes long-term sustainability and aligns with our shared responsibility to live ethically. By taking a firm stand now, we set a precedent for responsible behavior. This action is not just practical—it’s a reflection of our values and commitment to a healthier world.",clarification_and_specification,ethical_principles,"In other words, even if some aspects of a rule are not perfect, we should still follow it because it reflects our values and responsibilities.",clarification_and_specification_ethical_principles,"I should evaluate actions based on moral rules, character virtues, relationships, and ethical obligations. ",In other words,addition_and_elaboration,justice_and_fairness,"Moreover, a total ban on single-use plastics protects the environment for future generations, ensuring fairness and sustainability.",addition_and_elaboration_justice_and_fairness,"I should analyze whether outcomes, processes, and distributions are fair to all parties involved. ",Moreover,exemplification,justice_and_fairness,"For example, a ban reduces pollution that disproportionately harms low-income communities and wildlife, promoting justice and equity.",exemplification_justice_and_fairness,"I should analyze whether outcomes, processes, and distributions are fair to all parties involved. ",For example
23,0.0,,,synthesis_faithful,random,4,20260206_121538,0.8739545345306396,"We should act according to what is morally right, even if it's inconvenient, because protecting the planet is a shared ethical responsibility. While single-use plastics may be convenient, they cause lasting harm to the environment and future generations. Banning them ensures fair treatment of ecosystems, animals, and people who depend on clean air, water, and land. The long-term benefits of a cleaner, healthier world far outweigh the short-term discomfort of changing habits. Therefore, a total ban on single-use plastics is not only necessary but also just and responsible.",clarification_and_specification,ethical_principles,"In other words, people should act in ways that are morally right, even if they are inconvenient.",clarification_and_specification_ethical_principles,"I should evaluate actions based on moral rules, character virtues, relationships, and ethical obligations. ",In other words,addition_and_elaboration,justice_and_fairness,"Moreover, we should consider what's fair to future generations and the environment, not just short-term convenience.",addition_and_elaboration_justice_and_fairness,"I should analyze whether outcomes, processes, and distributions are fair to all parties involved. ",Moreover,exemplification,justice_and_fairness,"For example, banning single-use plastics protects ecosystems and reduces pollution that harms wildlife and human health.",exemplification_justice_and_fairness,"I should analyze whether outcomes, processes, and distributions are fair to all parties involved. ",For example
24,0.0,,,synthesis_faithful,random,0,20260206_121538,0.695908784866333,"The government should enforce a total ban on single-use plastics because it protects the environment and public health for everyone. Such a ban would discourage irresponsible consumer habits and empower individuals to make more sustainable choices. This policy is consistent with the right to a healthy environment, which is essential to human dignity and well-being.",causal_reasoning,justice_and_fairness,"Therefore, the government should enforce a total ban on single-use plastics to protect the environment and public health for everyone.",causal_reasoning_justice_and_fairness,"I should analyze whether outcomes, processes, and distributions are fair to all parties involved. ",Therefore,sequence_and_transition,incentives_and_power_dynamics,"Next, such a ban would discourage irresponsible consumer habits and empower individuals to make sustainable choices.",sequence_and_transition_incentives_and_power_dynamics,"I should examine what behaviors are encouraged, who holds power, and how interests align or conflict. ",Next,causal_reasoning,rights_and_liberties,"Therefore, the ban is consistent with the right to a healthy environment, which is essential to human dignity and well-being.",causal_reasoning_rights_and_liberties,"I should consider inalienable human rights, civil liberties, privacy protections, and the freedom to make one's own choices. ",Therefore
24,0.0,,,synthesis_faithful,random,1,20260206_121538,1.0709645748138428,"The government should enforce a total ban on single-use plastics because it protects the environment and public health for everyone, especially communities that suffer the most from pollution. A ban would discourage wasteful consumption, encourage sustainable alternatives, and push corporations to take responsibility for their environmental impact. It doesn’t limit personal freedom, since reusable options are already accessible and practical for daily use. By taking bold action now, we can prevent long-term harm to ecosystems and future generations. The benefits of a cleaner, healthier planet far outweigh any short-term inconvenience. This is a necessary step toward building a more sustainable society for all.",causal_reasoning,justice_and_fairness,"Therefore, the government should enforce a total ban on single-use plastics because it helps protect the environment and public health for everyone, especially vulnerable communities disproportionately affected by pollution.",causal_reasoning_justice_and_fairness,"I should analyze whether outcomes, processes, and distributions are fair to all parties involved. ",Therefore,sequence_and_transition,incentives_and_power_dynamics,"Next, a ban would discourage the overproduction and wasteful consumption of plastics, shifting consumer habits toward sustainable alternatives and holding corporations accountable for their environmental impact.",sequence_and_transition_incentives_and_power_dynamics,"I should examine what behaviors are encouraged, who holds power, and how interests align or conflict. ",Next,causal_reasoning,rights_and_liberties,"Therefore, a ban does not infringe on personal freedom, as alternatives like reusable bags and containers are widely available and more environmentally responsible.",causal_reasoning_rights_and_liberties,"I should consider inalienable human rights, civil liberties, privacy protections, and the freedom to make one's own choices. ",Therefore
24,0.0,,,synthesis_faithful,random,2,20260206_121538,0.9221291542053223,"The government should enforce a total ban on single-use plastics because it protects the environment, reduces pollution, and promotes sustainable alternatives for everyone. Next, banning single-use plastics encourages companies to innovate and create reusable or biodegradable options, shifting the industry toward more responsible practices. Therefore, a ban is not an overreach, as it doesn’t restrict personal freedom—individuals can still choose reusable items and make sustainable choices without government interference.",causal_reasoning,justice_and_fairness,"Therefore, the government should enforce a total ban on single-use plastics because it protects the environment, reduces pollution, and promotes sustainable alternatives for everyone.",causal_reasoning_justice_and_fairness,"I should analyze whether outcomes, processes, and distributions are fair to all parties involved. ",Therefore,sequence_and_transition,incentives_and_power_dynamics,"Next, banning single-use plastics encourages companies to innovate and create reusable or biodegradable options, shifting the industry toward more responsible practices.",sequence_and_transition_incentives_and_power_dynamics,"I should examine what behaviors are encouraged, who holds power, and how interests align or conflict. ",Next,causal_reasoning,rights_and_liberties,"Therefore, a ban is not an overreach, as it doesn’t restrict personal freedom—individuals can still choose reusable items and make sustainable choices without government interference.",causal_reasoning_rights_and_liberties,"I should consider inalienable human rights, civil liberties, privacy protections, and the freedom to make one's own choices. ",Therefore
24,0.0,,,synthesis_faithful,random,3,20260206_121538,1.1219501495361328,"A total ban on single-use plastics is fair because it protects public health and the environment without placing undue burden on ordinary people. It pushes companies to innovate greener alternatives, shifting power from polluters to sustainable businesses. This change supports our fundamental right to clean air, water, and land, which should take priority over convenience. While some may miss the ease of plastic, the long-term benefits for people and the planet far outweigh temporary inconvenience. The ban is not about restricting freedom—it’s about ensuring a livable future for everyone. By acting now, we prevent irreversible environmental damage. It’s time to choose responsibility over waste.",causal_reasoning,justice_and_fairness,"Therefore, it is fair to implement a total ban on single-use plastics, as it protects everyone from environmental harm and places the burden of change on producers and industries, not on individuals.",causal_reasoning_justice_and_fairness,"I should analyze whether outcomes, processes, and distributions are fair to all parties involved. ",Therefore,sequence_and_transition,incentives_and_power_dynamics,"Next, a total ban encourages responsible corporate behavior by forcing companies to innovate sustainable alternatives, thereby shifting power from polluters to environmentally conscious producers.",sequence_and_transition_incentives_and_power_dynamics,"I should examine what behaviors are encouraged, who holds power, and how interests align or conflict. ",Next,causal_reasoning,rights_and_liberties,"Therefore, the right to a clean and healthy environment outweighs the convenience of single-use plastics, making the ban a necessary protection of fundamental human rights.",causal_reasoning_rights_and_liberties,"I should consider inalienable human rights, civil liberties, privacy protections, and the freedom to make one's own choices. ",Therefore
24,0.0,,,synthesis_faithful,random,4,20260206_121538,0.8940362930297852,"A total ban on single-use plastics is fair because it protects the environment for everyone, especially future generations who will inherit the planet. This policy encourages sustainable behaviors by pushing businesses and consumers toward reusable alternatives, which reduces pollution and supports long-term environmental health. Therefore, a ban on single-use plastics does not infringe on personal freedom, since alternatives are widely available and the restriction targets only harmful, non-reusable materials.",causal_reasoning,justice_and_fairness,"Therefore, a total ban on single-use plastics is fair because it protects the environment for everyone, especially future generations who will inherit the planet.",causal_reasoning_justice_and_fairness,"I should analyze whether outcomes, processes, and distributions are fair to all parties involved. ",Therefore,sequence_and_transition,incentives_and_power_dynamics,"Next, this policy encourages sustainable behaviors by pushing businesses and consumers toward reusable alternatives, which reduces pollution and supports long-term environmental health.",sequence_and_transition_incentives_and_power_dynamics,"I should examine what behaviors are encouraged, who holds power, and how interests align or conflict. ",Next,causal_reasoning,rights_and_liberties,"Therefore, a ban on single-use plastics does not infringe on personal freedom, since alternatives are widely available and the restriction targets only harmful, non-reusable materials.",causal_reasoning_rights_and_liberties,"I should consider inalienable human rights, civil liberties, privacy protections, and the freedom to make one's own choices. ",Therefore
25,0.0,,,synthesis_faithful,random,0,20260206_121538,1.2221424579620361,"The government should enforce a total ban on single-use plastics because individuals alone cannot stop large-scale plastic production and pollution. While people can make better choices, real change requires systemic action, and only the government has the power to implement and enforce such policies nationwide. This is especially important when companies continue prioritizing profit over environmental harm. A ban would push innovation toward sustainable alternatives and reduce pollution in oceans, landfills, and wildlife habitats. The government represents the public interest and has a responsibility to protect both current and future generations. Without strong regulations, progress remains slow and inconsistent. Therefore, a government-enforced ban is not just effective—it’s essential for long-term environmental health.",exemplification,stakeholder_responsibility,"For example, while individuals can reduce plastic use, they lack the power to stop large-scale production and distribution. The government has the authority and resources to implement widespread change.",exemplification_stakeholder_responsibility,"I should analyze who bears responsibility—whether government, individuals, corporations, or other institutions. ",For example,causal_reasoning,governance_and_accountability,"Therefore, it's logical for the government—representing the public’s interest—to act as the primary enforcer of environmental protection laws, especially when private actors fail to act responsibly.",causal_reasoning_governance_and_accountability,"I should consider legal frameworks, accountability mechanisms, democratic principles, and proper authority. ",Therefore,conclusion_and_summary,precedent_and_long_term_effects,"In conclusion, a total ban on single-use plastics is a necessary step to protect the planet for future generations, and only the government has the authority to make such a sweeping change enforceable across society.",conclusion_and_summary_precedent_and_long_term_effects,"I should evaluate historical precedents, long-term vs short-term tradeoffs, and obligations to future generations. ",In conclusion
25,0.0,,,synthesis_faithful,random,1,20260206_121538,1.0190610885620117,"The government should enforce a total ban on single-use plastics because individual actions alone aren’t enough to solve a crisis that’s overwhelming our planet. As the entity responsible for public safety and environmental protection, the government is uniquely positioned to create and enforce laws that apply to everyone, not just those who choose to act responsibly. Without legal mandates, companies will continue producing cheap, wasteful plastics, and people won’t have the infrastructure or incentives to switch. A ban is not about restricting freedom—it’s about protecting our air, water, and future. It’s a fair and necessary step toward a cleaner, healthier world for all.",exemplification,stakeholder_responsibility,"For example, while individuals can reduce plastic use, the scale of pollution demands systemic change that only government can enforce.",exemplification_stakeholder_responsibility,"I should analyze who bears responsibility—whether government, individuals, corporations, or other institutions. ",For example,causal_reasoning,governance_and_accountability,"Therefore, the government has both the authority and responsibility to implement a total ban on single-use plastics to protect public health and the environment.",causal_reasoning_governance_and_accountability,"I should consider legal frameworks, accountability mechanisms, democratic principles, and proper authority. ",Therefore,conclusion_and_summary,precedent_and_long_term_effects,"In conclusion, a government-enforced ban is a necessary, fair, and forward-thinking solution to a problem that affects everyone.",conclusion_and_summary_precedent_and_long_term_effects,"I should evaluate historical precedents, long-term vs short-term tradeoffs, and obligations to future generations. ",In conclusion
25,0.0,,,synthesis_faithful,random,2,20260206_121538,1.1215400695800781,"The government should enforce a total ban on single-use plastics because the scale of plastic pollution is too vast for individuals or companies to fix alone. As the entity with the authority to create and enforce laws, the government is best positioned to ensure consistent, nationwide action that holds all parties accountable. Banning single-use plastics is not just about environmental protection—it also safeguards public health and prevents long-term damage to ecosystems and human well-being. Many countries have already implemented similar bans with success, proving that such policies are both practical and effective. A total ban sends a strong message that environmental responsibility is a shared priority, not an optional choice. Ultimately, this action reflects our obligation to protect the planet for future generations.",exemplification,stakeholder_responsibility,"For example, while individuals can reduce plastic use, systemic change requires government intervention because the scale of plastic pollution is too vast for personal actions alone to fix.",exemplification_stakeholder_responsibility,"I should analyze who bears responsibility—whether government, individuals, corporations, or other institutions. ",For example,causal_reasoning,governance_and_accountability,"Therefore, the government has a clear responsibility to act decisively through laws that enforce bans, ensuring consistency and accountability across regions and industries.",causal_reasoning_governance_and_accountability,"I should consider legal frameworks, accountability mechanisms, democratic principles, and proper authority. ",Therefore,conclusion_and_summary,precedent_and_long_term_effects,"In conclusion, a total ban is essential for protecting the environment, safeguarding public health, and ensuring a sustainable future for coming generations.",conclusion_and_summary_precedent_and_long_term_effects,"I should evaluate historical precedents, long-term vs short-term tradeoffs, and obligations to future generations. ",In conclusion
25,0.0,,,synthesis_faithful,random,3,20260206_121538,1.0412673950195312,"The government should enforce a total ban on single-use plastics because individual efforts alone are not enough to address the scale of plastic pollution. While people can choose reusable alternatives, without legal limits, companies continue producing and selling harmful plastics, and many communities lack access to sustainable options. Only the government has the power to create uniform, enforceable rules that apply nationwide, ensuring fairness and effectiveness. Such a ban would drive innovation in eco-friendly materials and reduce the burden on landfills and oceans. Ultimately, protecting the planet and public health requires strong, centralized action that only government can provide. A total ban is not just possible—it’s necessary for lasting environmental change.",exemplification,stakeholder_responsibility,"For example, while individuals can reduce their plastic use, systemic change requires government action to regulate and enforce widespread reductions.",exemplification_stakeholder_responsibility,"I should analyze who bears responsibility—whether government, individuals, corporations, or other institutions. ",For example,causal_reasoning,governance_and_accountability,"Therefore, only the government has the authority and reach to implement a comprehensive ban that ensures consistent enforcement across all regions and sectors.",causal_reasoning_governance_and_accountability,"I should consider legal frameworks, accountability mechanisms, democratic principles, and proper authority. ",Therefore,conclusion_and_summary,precedent_and_long_term_effects,"In conclusion, a government-enforced ban on single-use plastics is the most effective and responsible approach to protect the environment for future generations.",conclusion_and_summary_precedent_and_long_term_effects,"I should evaluate historical precedents, long-term vs short-term tradeoffs, and obligations to future generations. ",In conclusion
25,0.0,,,synthesis_faithful,random,4,20260206_121538,1.4080610275268555,"The government should enforce a total ban on single-use plastics because individuals alone can't solve a problem this big—only systemic change through laws can make a real difference. As the authority responsible for protecting public health and the environment, the government has both the duty and the power to act decisively. Banning these materials is a practical and necessary step to reduce pollution in our oceans, landfills, and ecosystems. We’ve seen success with past bans, like on leaded gasoline and smoking in public spaces, showing that government action drives meaningful change. This is about protecting not just nature, but also our own health and the well-being of future generations. A total ban is not extreme—it’s a responsible and overdue measure. When the government leads, communities can follow, and we all win in the end.",exemplification,stakeholder_responsibility,"For example, while individuals can make changes, they can’t single-handedly stop the massive plastic pollution we see in oceans and landfills. The government has the power and authority to implement systemic changes that individuals alone cannot achieve.",exemplification_stakeholder_responsibility,"I should analyze who bears responsibility—whether government, individuals, corporations, or other institutions. ",For example,causal_reasoning,governance_and_accountability,"Therefore, it’s logical that the government, as the entity responsible for public safety and environmental protection, should enforce a total ban on single-use plastics to ensure compliance and protect the environment for everyone.",causal_reasoning_governance_and_accountability,"I should consider legal frameworks, accountability mechanisms, democratic principles, and proper authority. ",Therefore,conclusion_and_summary,precedent_and_long_term_effects,"In conclusion, a government-enforced ban is not an overreach—it’s a necessary step to prevent irreversible environmental damage, protect public health, and ensure that future generations inherit a cleaner, safer planet.",conclusion_and_summary_precedent_and_long_term_effects,"I should evaluate historical precedents, long-term vs short-term tradeoffs, and obligations to future generations. ",In conclusion
26,0.0,,,synthesis_faithful,random,0,20260206_121538,1.408104419708252,"The government should enforce a total ban on single-use plastics because the environmental and health harms they cause—like ocean pollution, wildlife death, and toxic chemical exposure—threaten our fundamental right to a safe and healthy environment. While convenience is important, individual choices should not come at the cost of long-term ecological damage and public health risks. A ban is a necessary step to protect ecosystems, reduce waste, and ensure cleaner communities for future generations. The plastic industry's influence often blocks change, so government action is essential to protect the public interest over corporate profit. Ultimately, a ban is not an infringement on freedom, but a responsible measure to preserve what we all depend on. This is not about restricting choice, but about securing a sustainable future for everyone.",concession_and_contrast,rights_and_liberties,"However, the government has a responsibility to protect public health and the environment, which are fundamental to human well-being. The harms caused by single-use plastics—such as pollution, harm to wildlife, and long-term environmental degradation—represent a threat to these basic rights.",concession_and_contrast_rights_and_liberties,"I should consider inalienable human rights, civil liberties, privacy protections, and the freedom to make one's own choices. ",However,causal_reasoning,rights_and_liberties,"Therefore, a total ban on single-use plastics is a proportionate and necessary measure to safeguard collective well-being, even if it limits individual convenience. The right to a healthy environment and clean resources supersedes the convenience of disposable products.",causal_reasoning_rights_and_liberties,"I should consider inalienable human rights, civil liberties, privacy protections, and the freedom to make one's own choices. ",Therefore,exemplification,incentives_and_power_dynamics,"For example, the plastic industry benefits from the continued use of single-use plastics, often lobbying against regulations. A government ban would level the playing field and prioritize public health over corporate profits.",exemplification_incentives_and_power_dynamics,"I should examine what behaviors are encouraged, who holds power, and how interests align or conflict. ",For example
26,0.0,,,synthesis_faithful,random,1,20260206_121538,1.430849313735962,"The government should enforce a total ban on single-use plastics because the harm they cause to our environment and public health outweighs the convenience they provide. While people value personal freedom, that freedom doesn't extend to actions that poison our oceans, clog landfills, or harm wildlife and human communities. A ban is a responsible and necessary step to protect shared resources and ensure a livable planet for future generations. It also shifts power away from corporations that profit from pollution and toward sustainable, community-friendly alternatives. This kind of regulation is not about restricting choice—it's about protecting the common good. In the long run, a ban will encourage innovation, reduce waste, and make our society healthier and more resilient.",concession_and_contrast,rights_and_liberties,"However, these rights and freedoms are not absolute and must be balanced against public health, environmental safety, and the collective good. When individual actions cause widespread harm—such as pollution that endangers ecosystems and human health—societal interests can justify reasonable restrictions on personal behavior.",concession_and_contrast_rights_and_liberties,"I should consider inalienable human rights, civil liberties, privacy protections, and the freedom to make one's own choices. ",However,causal_reasoning,rights_and_liberties,"Therefore, the government has a responsibility to protect the public from preventable harm, especially when it comes to environmental degradation that affects everyone. A ban on single-use plastics is a proportionate measure to safeguard the planet for future generations and reduce long-term societal costs.",causal_reasoning_rights_and_liberties,"I should consider inalienable human rights, civil liberties, privacy protections, and the freedom to make one's own choices. ",Therefore,exemplification,incentives_and_power_dynamics,"For example, single-use plastics are often promoted by large corporations for profit, while the environmental cost is borne by consumers and communities. A government ban levels the playing field, shifting incentives toward sustainable alternatives and holding polluters accountable.",exemplification_incentives_and_power_dynamics,"I should examine what behaviors are encouraged, who holds power, and how interests align or conflict. ",For example
26,0.0,,,synthesis_faithful,random,2,20260206_121538,1.213881492614746,"A total ban on single-use plastics is essential to protect the environment and public health. While people value personal freedom, it’s a responsibility to make choices that don’t harm others or the planet. Single-use plastics pollute oceans, harm wildlife, and enter our food chain—threatening everyone, not just a few. The government has a duty to safeguard shared resources like clean water and air, even if it means limiting certain personal choices. The plastic industry’s profits shouldn’t outweigh the long-term damage to ecosystems and human well-being. Therefore, a total ban is a fair and necessary measure for the common good.",concession_and_contrast,rights_and_liberties,"However, personal freedom must be balanced against the collective good. If single-use plastics cause irreversible harm to the environment and public health, the government has a responsibility to act, even if it limits individual choices.",concession_and_contrast_rights_and_liberties,"I should consider inalienable human rights, civil liberties, privacy protections, and the freedom to make one's own choices. ",However,causal_reasoning,rights_and_liberties,"Therefore, a total ban on single-use plastics is not an overreach—it’s a necessary step to protect shared resources like clean air, water, and ecosystems that everyone depends on.",causal_reasoning_rights_and_liberties,"I should consider inalienable human rights, civil liberties, privacy protections, and the freedom to make one's own choices. ",Therefore,exemplification,incentives_and_power_dynamics,"For example, the plastic industry profits from single-use items, but that doesn't justify the long-term damage to our planet and health. When private interests harm the public, government intervention is both justified and needed.",exemplification_incentives_and_power_dynamics,"I should examine what behaviors are encouraged, who holds power, and how interests align or conflict. ",For example
26,0.0,,,synthesis_faithful,random,3,20260206_121538,1.31728196144104,"The government should enforce a total ban on single-use plastics because the freedom to use them is not a fundamental right when it leads to widespread environmental damage and health risks. This restriction isn’t an infringement on personal liberty, but a responsible action to protect public health and the planet. Plastic pollution harms ecosystems, contaminates water supplies, and endangers wildlife, often affecting the most vulnerable communities the hardest. By banning these products, the government ensures that current choices don’t compromise the well-being of future generations. It also shifts power away from corporations that profit from disposability and toward sustainable, community-centered alternatives. A total ban is not extreme—it’s a practical and necessary step to build a cleaner, healthier world for everyone.",concession_and_contrast,rights_and_liberties,"However, the freedom to use single-use plastics is not an absolute right, especially when it causes widespread harm to the environment and public health. The government has a responsibility to protect citizens from preventable harms, even if it means limiting certain personal choices.",concession_and_contrast_rights_and_liberties,"I should consider inalienable human rights, civil liberties, privacy protections, and the freedom to make one's own choices. ",However,causal_reasoning,rights_and_liberties,"Therefore, restricting single-use plastics is not a violation of personal freedom, but a necessary measure to safeguard the collective well-being and long-term sustainability of our planet.",causal_reasoning_rights_and_liberties,"I should consider inalienable human rights, civil liberties, privacy protections, and the freedom to make one's own choices. ",Therefore,exemplification,incentives_and_power_dynamics,"For example, plastic pollution disproportionately affects marginalized communities and future generations, who have no say in current consumption patterns. A ban ensures that power does not remain concentrated in the hands of corporations that profit from disposable products.",exemplification_incentives_and_power_dynamics,"I should examine what behaviors are encouraged, who holds power, and how interests align or conflict. ",For example
26,0.0,,,synthesis_faithful,random,4,20260206_121538,1.3840301036834717,"A total ban on single-use plastics is necessary because the harm they cause to the environment and public health outweighs the convenience they provide. While people value personal freedom, that freedom shouldn’t come at the expense of clean water, safe ecosystems, and the well-being of future generations. Plastic pollution is a global crisis that affects everyone, especially vulnerable communities and wildlife, and government action is essential to stop it. The burden of plastic waste falls disproportionately on those least able to deal with it, making a ban a matter of fairness and justice. By eliminating single-use plastics, we protect both nature and human health, ensuring a safer, cleaner world for all. This isn’t an attack on freedom—it’s a step toward protecting the fundamental rights we all rely on.",concession_and_contrast,rights_and_liberties,"However, when personal choices lead to significant harm to the environment and public health, government intervention becomes necessary to protect the collective good. A total ban on single-use plastics is a reasonable measure to prevent widespread ecological damage and safeguard long-term human well-being.",concession_and_contrast_rights_and_liberties,"I should consider inalienable human rights, civil liberties, privacy protections, and the freedom to make one's own choices. ",However,causal_reasoning,rights_and_liberties,"Therefore, a total ban on single-use plastics is not an overreach but a responsible action that protects citizens’ rights to clean air, safe water, and a healthy planet—rights that are undermined by plastic pollution.",causal_reasoning_rights_and_liberties,"I should consider inalienable human rights, civil liberties, privacy protections, and the freedom to make one's own choices. ",Therefore,exemplification,incentives_and_power_dynamics,"For example, plastic producers benefit from disposable products, but the costs—like polluted oceans and toxic waste—are borne by communities and future generations, making a ban a fair correction of this imbalance.",exemplification_incentives_and_power_dynamics,"I should examine what behaviors are encouraged, who holds power, and how interests align or conflict. ",For example
27,0.0,,,synthesis_faithful,random,0,20260206_121538,1.3457989692687988,"Single-use plastics are a major source of pollution that harm wildlife, clog waterways, and contribute to climate change, and their effects are long-lasting and hard to reverse. While some may worry about convenience, alternatives like reusable bags and compostable packaging are already widely available and improving in accessibility. A total ban would push society toward these sustainable options, encouraging innovation and reducing environmental harm over time. It’s not asking for too much—many people already use reusable products, and this change simply makes that the standard. Protecting the planet for future generations requires bold action now, and a ban on single-use plastics is a necessary and responsible step.",emphasis_and_evaluation,risk_and_unintended_consequences,"Importantly, single-use plastics cause long-term environmental damage, polluting oceans, harming wildlife, and contributing to climate change. Since these effects are irreversible and widespread, acting now with a total ban is necessary to prevent further harm.",emphasis_and_evaluation_risk_and_unintended_consequences,"I should identify risks, unintended outcomes, cascading effects, and potential for escalation. ",Importantly,concession_and_contrast,precedent_and_long_term_effects,"However, there are alternatives—like reusable bags, compostable materials, and innovative packaging—that are already available and becoming more affordable. A ban would push businesses and consumers toward these better options, creating long-term environmental and economic benefits.",concession_and_contrast_precedent_and_long_term_effects,"I should evaluate historical precedents, long-term vs short-term tradeoffs, and obligations to future generations. ",However,addition_and_elaboration,precedent_and_long_term_effects,"Moreover, people are already changing habits—many already bring reusable containers and bottles—so a ban isn’t an unreasonable demand. It’s a logical next step to support that shift and protect future generations from living in a world overwhelmed by plastic waste.",addition_and_elaboration_precedent_and_long_term_effects,"I should evaluate historical precedents, long-term vs short-term tradeoffs, and obligations to future generations. ",Moreover
27,0.0,,,synthesis_faithful,random,1,20260206_121538,1.1594853401184082,"Single-use plastics are a major source of pollution, clogging waterways, harming wildlife, and lasting for centuries in the environment. A total ban would push society to innovate and adopt sustainable alternatives, like biodegradable materials and reusable systems, which are already being developed and used in many communities. The long-term benefits—cleaner oceans, healthier wildlife, and reduced environmental degradation—far outweigh the short-term inconvenience of changing habits and replacing products. It’s a necessary step to protect the planet for future generations and ensure a healthier, more sustainable world.",emphasis_and_evaluation,risk_and_unintended_consequences,"Importantly, single-use plastics are a major source of pollution, clogging waterways, harming wildlife, and lingering in the environment for centuries. Even with recycling efforts, most of these materials end up in landfills or oceans, causing irreversible damage to ecosystems.",emphasis_and_evaluation_risk_and_unintended_consequences,"I should identify risks, unintended outcomes, cascading effects, and potential for escalation. ",Importantly,concession_and_contrast,precedent_and_long_term_effects,"However, a total ban would force society to innovate and adopt sustainable alternatives, like biodegradable materials and reusable systems, which are already being developed and used in many communities.",concession_and_contrast_precedent_and_long_term_effects,"I should evaluate historical precedents, long-term vs short-term tradeoffs, and obligations to future generations. ",However,addition_and_elaboration,precedent_and_long_term_effects,"Moreover, the long-term benefits—cleaner oceans, healthier wildlife, and reduced environmental degradation—far outweigh the short-term inconvenience of changing habits and replacing products.",addition_and_elaboration_precedent_and_long_term_effects,"I should evaluate historical precedents, long-term vs short-term tradeoffs, and obligations to future generations. ",Moreover
27,0.0,,,synthesis_faithful,random,2,20260206_121538,1.0899906158447266,"Single-use plastics are a major source of pollution, particularly in oceans and landfills, and they take hundreds of years to decompose. A total ban on these materials would drastically reduce environmental harm and encourage innovation in sustainable alternatives. Many countries and cities that have implemented similar bans have seen a significant decrease in plastic waste without major disruptions to daily life. This shift is not only necessary for protecting ecosystems and wildlife but also for ensuring a healthier planet for future generations. Given that alternatives already exist and are becoming more accessible, the benefits of a ban far outweigh the temporary inconveniences. It’s time for the government to take bold action and prioritize long-term environmental health over short-term convenience.",emphasis_and_evaluation,risk_and_unintended_consequences,"Importantly, single-use plastics are a major source of pollution, particularly in oceans and landfills, and they take hundreds of years to decompose.",emphasis_and_evaluation_risk_and_unintended_consequences,"I should identify risks, unintended outcomes, cascading effects, and potential for escalation. ",Importantly,concession_and_contrast,precedent_and_long_term_effects,"However, a total ban on single-use plastics would drastically reduce environmental harm and encourage innovation in sustainable alternatives.",concession_and_contrast_precedent_and_long_term_effects,"I should evaluate historical precedents, long-term vs short-term tradeoffs, and obligations to future generations. ",However,addition_and_elaboration,precedent_and_long_term_effects,"Moreover, many countries and cities that have implemented similar bans have seen a significant decrease in plastic waste without major disruptions to daily life.",addition_and_elaboration_precedent_and_long_term_effects,"I should evaluate historical precedents, long-term vs short-term tradeoffs, and obligations to future generations. ",Moreover
27,0.0,,,synthesis_faithful,random,3,20260206_121538,1.1707191467285156,"Single-use plastics are a leading cause of environmental pollution, especially in oceans and rivers, where they break down into dangerous microplastics that harm animals and can eventually reach human food sources. While they offer temporary convenience, the long-term damage to ecosystems and public health is unacceptable. Governments have a responsibility to protect future generations, just as they have banned other harmful substances in the past, like leaded gasoline and asbestos. A total ban is a necessary step toward reducing plastic waste and encouraging innovation in sustainable materials. With proper planning, businesses and consumers can adapt to alternatives like paper, glass, or reusable containers. A ban would send a clear message that environmental protection is a priority, not a secondary concern.",emphasis_and_evaluation,risk_and_unintended_consequences,"Importantly, single-use plastics are a major source of pollution, particularly in oceans and waterways, where they break down into microplastics that harm wildlife and enter the food chain.",emphasis_and_evaluation_risk_and_unintended_consequences,"I should identify risks, unintended outcomes, cascading effects, and potential for escalation. ",Importantly,concession_and_contrast,precedent_and_long_term_effects,"However, the long-term environmental damage caused by these materials far outweighs the short-term convenience they offer to consumers and industries.",concession_and_contrast_precedent_and_long_term_effects,"I should evaluate historical precedents, long-term vs short-term tradeoffs, and obligations to future generations. ",However,addition_and_elaboration,precedent_and_long_term_effects,"Moreover, governments have successfully banned other harmful products—like leaded gasoline and asbestos—demonstrating that regulation can lead to safer, more sustainable alternatives.",addition_and_elaboration_precedent_and_long_term_effects,"I should evaluate historical precedents, long-term vs short-term tradeoffs, and obligations to future generations. ",Moreover
27,0.0,,,synthesis_faithful,random,4,20260206_121538,1.1460025310516357,"Single-use plastics are a major source of environmental pollution, especially in oceans and waterways, where they break down into microplastics that harm wildlife and enter the food chain. A total ban is necessary because it sends a strong signal to industries and consumers to shift toward sustainable alternatives, which are now both viable and affordable. Moreover, many communities and businesses have already adapted to plastic bans, proving that such policies are feasible without major disruption. The long-term health of our planet and future generations depends on decisive action now. Delaying or weakening regulations only prolongs the damage. Therefore, a government-enforced total ban on single-use plastics is not only justified but urgently needed.",emphasis_and_evaluation,risk_and_unintended_consequences,"Importantly, single-use plastics are a major source of environmental pollution, especially in oceans and waterways, where they break down into microplastics that harm wildlife and enter the food chain.",emphasis_and_evaluation_risk_and_unintended_consequences,"I should identify risks, unintended outcomes, cascading effects, and potential for escalation. ",Importantly,concession_and_contrast,precedent_and_long_term_effects,"However, a total ban is necessary because it sends a strong signal to industries and consumers to shift toward sustainable alternatives, which are now both viable and affordable.",concession_and_contrast_precedent_and_long_term_effects,"I should evaluate historical precedents, long-term vs short-term tradeoffs, and obligations to future generations. ",However,addition_and_elaboration,precedent_and_long_term_effects,"Moreover, many communities and businesses have already adapted to plastic bans, proving that such policies are feasible without major disruption.",addition_and_elaboration_precedent_and_long_term_effects,"I should evaluate historical precedents, long-term vs short-term tradeoffs, and obligations to future generations. ",Moreover
28,0.0,,,synthesis_faithful,random,0,20260206_121538,1.323728322982788,"We have a moral obligation to protect the planet for future generations, who will face dire consequences if we continue polluting with single-use plastics. Governments are entrusted with the responsibility to safeguard public health and the environment, and enforcing a total ban is a clear, necessary action to fulfill that duty. While some may claim it limits personal freedom, the right to live in a clean and safe world is more fundamental than the convenience of disposable plastic products. The long-term benefits to ecosystems, wildlife, and human health far outweigh the short-term inconvenience. History shows that society can adapt to necessary regulations, such as smoking bans and seatbelt laws, and public opinion often shifts in favor of environmental protection over time. Therefore, a total ban on single-use plastics is not only justified but essential for a sustainable future.",clarification_and_specification,precedent_and_long_term_effects,"In other words, even if the initial cost is high, we have a moral obligation to protect the planet for future generations, who will suffer the consequences of today's pollution if we don't act now.",clarification_and_specification_precedent_and_long_term_effects,"I should evaluate historical precedents, long-term vs short-term tradeoffs, and obligations to future generations. ",In other words,addition_and_elaboration,governance_and_accountability,"Moreover, governments have the legal and ethical responsibility to protect public health and the environment, and a total ban on single-use plastics is a necessary step to fulfill that duty.",addition_and_elaboration_governance_and_accountability,"I should consider legal frameworks, accountability mechanisms, democratic principles, and proper authority. ",Moreover,conclusion_and_summary,rights_and_liberties,"In conclusion, while some might argue about personal freedom, the right to clean air, water, and a healthy environment is more fundamental than the convenience of disposable plastics.",conclusion_and_summary_rights_and_liberties,"I should consider inalienable human rights, civil liberties, privacy protections, and the freedom to make one's own choices. ",In conclusion
28,0.0,,,synthesis_faithful,random,1,20260206_121538,1.4130127429962158,"A total ban on single-use plastics is essential to protect the environment and safeguard future generations. Right now, plastic waste is choking oceans, poisoning wildlife, and polluting the air and soil — and the damage won’t reverse itself in our lifetime. Governments have a duty to act when public health and ecosystems are at risk, and banning these harmful materials is a clear, responsible step. Fortunately, reusable alternatives like cloth bags, metal straws, and glass containers are already affordable and accessible for most people. This ban isn’t about restricting freedom — it’s about creating a cleaner, safer world for everyone, especially those who can’t afford to pay extra for eco-friendly products. When we act now, we ensure that our children inherit a planet that isn’t buried under plastic.",clarification_and_specification,precedent_and_long_term_effects,"In other words, it's not just about today’s convenience — it’s about protecting the planet for future generations. A total ban on single-use plastics would help reduce pollution that harms wildlife and ecosystems, like oceans and forests, which are already suffering from plastic waste.",clarification_and_specification_precedent_and_long_term_effects,"I should evaluate historical precedents, long-term vs short-term tradeoffs, and obligations to future generations. ",In other words,addition_and_elaboration,governance_and_accountability,"Moreover, governments have the responsibility to protect public health and the environment, and banning single-use plastics is a necessary step to fulfill that duty, especially when alternatives like reusable bags and containers are already widely available.",addition_and_elaboration_governance_and_accountability,"I should consider legal frameworks, accountability mechanisms, democratic principles, and proper authority. ",Moreover,conclusion_and_summary,rights_and_liberties,"In conclusion, a total ban on single-use plastics doesn’t take away personal freedom — it simply encourages better choices that benefit everyone, including those who can’t afford to pay for more expensive eco-friendly alternatives.",conclusion_and_summary_rights_and_liberties,"I should consider inalienable human rights, civil liberties, privacy protections, and the freedom to make one's own choices. ",In conclusion
28,0.0,,,synthesis_faithful,random,2,20260206_121538,1.1664316654205322,"Single-use plastics are a major source of pollution that harms ecosystems and wildlife, and a total ban would be a necessary step to protect our planet. Governments have the responsibility and authority to pass laws that prioritize public and environmental health over short-term convenience. While some may worry about personal inconvenience, the long-term benefits to our health, environment, and future generations far outweigh the temporary discomfort of change. A ban would encourage innovation in sustainable alternatives and reduce the burden on landfills and oceans. It's not just about protecting nature—it's about ensuring a livable world for our children and grandchildren. Ultimately, responsible governance means making tough decisions today for the greater good tomorrow. Therefore, the government should enforce a total ban on single-use plastics.",clarification_and_specification,precedent_and_long_term_effects,"In other words, single-use plastics are a major source of pollution that harms ecosystems and wildlife, and a total ban would be a necessary step to protect our planet.",clarification_and_specification_precedent_and_long_term_effects,"I should evaluate historical precedents, long-term vs short-term tradeoffs, and obligations to future generations. ",In other words,addition_and_elaboration,governance_and_accountability,"Moreover, governments have the responsibility and authority to pass laws that prioritize public and environmental health over short-term convenience.",addition_and_elaboration_governance_and_accountability,"I should consider legal frameworks, accountability mechanisms, democratic principles, and proper authority. ",Moreover,conclusion_and_summary,rights_and_liberties,"In conclusion, while some may worry about personal inconvenience, the long-term benefits to our health, environment, and future generations far outweigh the temporary discomfort of change.",conclusion_and_summary_rights_and_liberties,"I should consider inalienable human rights, civil liberties, privacy protections, and the freedom to make one's own choices. ",In conclusion
28,0.0,,,synthesis_faithful,random,3,20260206_121538,1.3345563411712646,"The government should enforce a total ban on single-use plastics because the long-term benefits of protecting our environment and public health far outweigh the short-term inconvenience of changing habits. Plastic pollution is already causing irreversible damage to ecosystems, marine life, and human health, and a ban is a necessary step to stop this harm before it gets worse. Governments have a clear responsibility to act in the public interest, especially when it comes to safeguarding natural resources and ensuring a livable planet for future generations. While some may argue about personal freedom, the right to a clean and safe environment is more fundamental than the convenience of disposable plastics. A total ban is not about restricting freedom—it’s about protecting the common good. With proper support and education, alternatives to single-use plastics are both available and practical. Ultimately, taking strong action now is the most responsible choice we can make for ourselves and for the planet.",clarification_and_specification,precedent_and_long_term_effects,"In other words, the long-term benefits of a total ban on single-use plastics far outweigh the short-term inconveniences of changing habits or finding alternatives.",clarification_and_specification_precedent_and_long_term_effects,"I should evaluate historical precedents, long-term vs short-term tradeoffs, and obligations to future generations. ",In other words,addition_and_elaboration,governance_and_accountability,"Moreover, governments have a responsibility to protect public health and the environment, and a total ban is a necessary and proportionate measure to address the widespread harm caused by plastic pollution.",addition_and_elaboration_governance_and_accountability,"I should consider legal frameworks, accountability mechanisms, democratic principles, and proper authority. ",Moreover,conclusion_and_summary,rights_and_liberties,"In conclusion, while personal freedom is important, it should not come at the expense of environmental degradation that affects everyone, especially future generations.",conclusion_and_summary_rights_and_liberties,"I should consider inalienable human rights, civil liberties, privacy protections, and the freedom to make one's own choices. ",In conclusion
28,0.0,,,synthesis_faithful,random,4,20260206_121538,0.8727202415466309,"We’ve seen that bans on harmful products like leaded gasoline or asbestos have led to safer environments, proving that government action can drive meaningful change. Governments have the responsibility to protect public health and the environment, and banning single-use plastics is a necessary step to fulfill that duty. In conclusion, while some may worry about personal inconvenience, the long-term benefits to our planet and future generations far outweigh temporary discomfort.",clarification_and_specification,precedent_and_long_term_effects,"In other words, we’ve seen that bans on harmful products like leaded gasoline or asbestos have led to safer environments, proving that government action can drive meaningful change.",clarification_and_specification_precedent_and_long_term_effects,"I should evaluate historical precedents, long-term vs short-term tradeoffs, and obligations to future generations. ",In other words,addition_and_elaboration,governance_and_accountability,"Moreover, governments have the responsibility to protect public health and the environment, and banning single-use plastics is a necessary step to fulfill that duty.",addition_and_elaboration_governance_and_accountability,"I should consider legal frameworks, accountability mechanisms, democratic principles, and proper authority. ",Moreover,conclusion_and_summary,rights_and_liberties,"In conclusion, while some may worry about personal inconvenience, the long-term benefits to our planet and future generations far outweigh temporary discomfort.",conclusion_and_summary_rights_and_liberties,"I should consider inalienable human rights, civil liberties, privacy protections, and the freedom to make one's own choices. ",In conclusion
29,0.0,,,synthesis_faithful,random,0,20260206_121538,1.0142889022827148,"Single-use plastics cause lasting damage to our environment, harming wildlife and polluting oceans, which we have a moral obligation to prevent. The government must act to protect public health and the planet by enforcing a total ban, as it is within its authority to implement laws that ensure long-term sustainability. Though some businesses may adjust, the benefits—like cleaner communities, lower waste management costs, and a healthier ecosystem—make this ban not only necessary but ultimately beneficial for everyone.",emphasis_and_evaluation,ethical_principles,"Importantly, single-use plastics create irreversible environmental harm, such as ocean pollution and wildlife endangerment, which violates our moral responsibility to protect the planet for future generations.",emphasis_and_evaluation_ethical_principles,"I should evaluate actions based on moral rules, character virtues, relationships, and ethical obligations. ",Importantly,emphasis_and_evaluation,governance_and_accountability,"Importantly, the government has a duty to enforce laws that safeguard public health and ecological stability, and a total ban on single-use plastics is a clear, enforceable measure to fulfill that duty.",emphasis_and_evaluation_governance_and_accountability,"I should consider legal frameworks, accountability mechanisms, democratic principles, and proper authority. ",Importantly,addition_and_elaboration,cost_benefit_and_impact_analysis,"Moreover, while some industries may face short-term challenges, the long-term benefits—such as reduced cleanup costs, less pollution, and healthier ecosystems—far outweigh the initial inconvenience.",addition_and_elaboration_cost_benefit_and_impact_analysis,"I should quantify and compare costs, benefits, and real-world impacts across economic, social, and environmental dimensions. ",Moreover
29,0.0,,,synthesis_faithful,random,1,20260206_121538,1.2906184196472168,"We have a moral duty to protect the planet for future generations, and the ongoing use of single-use plastics is causing irreversible harm to ecosystems and wildlife. Governments have both the authority and responsibility to implement laws that safeguard public health and the environment, and a total ban on single-use plastics is a clear and necessary step in fulfilling this duty. Beyond ethics, such a ban leads to tangible benefits—reducing pollution, cutting down on waste management costs, and encouraging innovation in eco-friendly alternatives. While some may worry about inconvenience, the long-term environmental and economic gains far outweigh short-term disruptions. A ban sends a strong signal that sustainability matters, shaping consumer behavior and industry practices for the better. Ultimately, protecting our shared planet requires bold, decisive action, and a total ban on single-use plastics is a responsible and achievable goal.",emphasis_and_evaluation,ethical_principles,"Importantly, we have a moral responsibility to protect the planet for future generations, and the continued use of single-use plastics is harming our environment and wildlife.",emphasis_and_evaluation_ethical_principles,"I should evaluate actions based on moral rules, character virtues, relationships, and ethical obligations. ",Importantly,emphasis_and_evaluation,governance_and_accountability,"Importantly, governments have the authority and responsibility to enforce laws that protect public health and the environment, and a ban on single-use plastics is a necessary regulatory action to meet this duty.",emphasis_and_evaluation_governance_and_accountability,"I should consider legal frameworks, accountability mechanisms, democratic principles, and proper authority. ",Importantly,addition_and_elaboration,cost_benefit_and_impact_analysis,"Moreover, banning single-use plastics reduces pollution, lowers cleanup costs, and promotes innovation in sustainable alternatives, offering long-term savings and environmental benefits.",addition_and_elaboration_cost_benefit_and_impact_analysis,"I should quantify and compare costs, benefits, and real-world impacts across economic, social, and environmental dimensions. ",Moreover
29,0.0,,,synthesis_faithful,random,2,20260206_121538,1.2830305099487305,"The government should enforce a total ban on single-use plastics because it is a moral obligation to protect the environment for future generations, and continuing to allow such harmful products undermines our responsibility to preserve natural resources and ecosystems. The government has the authority and duty to regulate harmful products that endanger public health and the environment, and a total ban on single-use plastics aligns with its responsibility to enforce laws that safeguard citizens and the planet. Moreover, the long-term environmental and economic benefits—such as reduced pollution, lower waste management costs, and conservation of natural resources—far outweigh the short-term inconvenience of phasing out single-use plastics.",emphasis_and_evaluation,ethical_principles,"Importantly, I believe the government should enforce a total ban on single-use plastics because it is a moral obligation to protect the environment for future generations, and continuing to allow such harmful products undermines our responsibility to preserve natural resources and ecosystems.",emphasis_and_evaluation_ethical_principles,"I should evaluate actions based on moral rules, character virtues, relationships, and ethical obligations. ",Importantly,emphasis_and_evaluation,governance_and_accountability,"Importantly, the government has the authority and duty to regulate harmful products that endanger public health and the environment, and a total ban on single-use plastics aligns with its responsibility to enforce laws that safeguard citizens and the planet.",emphasis_and_evaluation_governance_and_accountability,"I should consider legal frameworks, accountability mechanisms, democratic principles, and proper authority. ",Importantly,addition_and_elaboration,cost_benefit_and_impact_analysis,"Moreover, the long-term environmental and economic benefits—such as reduced pollution, lower waste management costs, and conservation of natural resources—far outweigh the short-term inconvenience of phasing out single-use plastics.",addition_and_elaboration_cost_benefit_and_impact_analysis,"I should quantify and compare costs, benefits, and real-world impacts across economic, social, and environmental dimensions. ",Moreover
29,0.0,,,synthesis_faithful,random,3,20260206_121538,0.8870952129364014,"The government should enforce a total ban on single-use plastics because it has a responsibility to protect public health and the environment. These materials often end up in oceans and landfills, harming wildlife and contaminating ecosystems. A ban would not only reduce pollution but also save money in the long run by cutting down on cleanup efforts and environmental damage. With proper alternatives available and government oversight, such a policy is both feasible and necessary for a sustainable future.",emphasis_and_evaluation,ethical_principles,"Importantly, the government has a duty to protect public health and the environment, and single-use plastics pose serious threats to both.",emphasis_and_evaluation_ethical_principles,"I should evaluate actions based on moral rules, character virtues, relationships, and ethical obligations. ",Importantly,emphasis_and_evaluation,governance_and_accountability,"Importantly, the government has the authority to regulate harmful materials to prevent widespread environmental damage and safeguard citizens’ well-being.",emphasis_and_evaluation_governance_and_accountability,"I should consider legal frameworks, accountability mechanisms, democratic principles, and proper authority. ",Importantly,addition_and_elaboration,cost_benefit_and_impact_analysis,"Moreover, a total ban on single-use plastics would reduce pollution, especially in oceans and landfills, leading to long-term cost savings in cleanup and ecosystem restoration.",addition_and_elaboration_cost_benefit_and_impact_analysis,"I should quantify and compare costs, benefits, and real-world impacts across economic, social, and environmental dimensions. ",Moreover
29,0.0,,,synthesis_faithful,random,4,20260206_121538,1.1080694198608398,"The government should enforce a total ban on single-use plastics because it has a moral obligation to protect public health and the environment, both of which are severely damaged by these materials. As the institution responsible for safeguarding the common good, the government must act decisively to prevent long-term harm, and a total ban is a clear and necessary step toward that goal. The environmental costs—such as plastic pollution in oceans, harm to marine life, and contamination of ecosystems—are far greater than the temporary convenience of single-use plastics, making this ban not only ethical but essential for future generations.",emphasis_and_evaluation,ethical_principles,"Importantly, the government has a responsibility to protect public health and the environment, both of which are severely threatened by single-use plastics.",emphasis_and_evaluation_ethical_principles,"I should evaluate actions based on moral rules, character virtues, relationships, and ethical obligations. ",Importantly,emphasis_and_evaluation,governance_and_accountability,"Importantly, the government is the institution best equipped to enforce large-scale policies that protect collective well-being, and a total ban on single-use plastics is a necessary step to uphold this duty.",emphasis_and_evaluation_governance_and_accountability,"I should consider legal frameworks, accountability mechanisms, democratic principles, and proper authority. ",Importantly,addition_and_elaboration,cost_benefit_and_impact_analysis,"Moreover, the environmental harm caused by single-use plastics—such as pollution in oceans and harm to wildlife—far outweighs any short-term convenience, making a ban a responsible and sustainable choice.",addition_and_elaboration_cost_benefit_and_impact_analysis,"I should quantify and compare costs, benefits, and real-world impacts across economic, social, and environmental dimensions. ",Moreover
30,0.0,,,synthesis_faithful,random,0,20260206_121538,1.1022248268127441,"Single-use plastics are a major source of pollution, harming wildlife, clogging waterways, and contributing to climate change. Governments have a responsibility to protect public health and the environment, and a ban on single-use plastics is a necessary step toward fulfilling that duty. Such a ban would promote fairness by shifting the burden of pollution from communities and ecosystems to the manufacturers and industries that produce these harmful materials. While some may argue it inconveniences consumers, reusable alternatives are widely available and more sustainable in the long run. A ban encourages innovation, reduces waste, and protects natural resources for future generations. Ultimately, this policy reflects a commitment to environmental stewardship and long-term public well-being.",exemplification,incentives_and_power_dynamics,"For example, single-use plastics are a major source of pollution, and a ban would reduce waste and protect the environment.",exemplification_incentives_and_power_dynamics,"I should examine what behaviors are encouraged, who holds power, and how interests align or conflict. ",For example,addition_and_elaboration,governance_and_accountability,"Moreover, governments have the responsibility to protect public health and the environment, and a ban on single-use plastics is a necessary step toward fulfilling that duty.",addition_and_elaboration_governance_and_accountability,"I should consider legal frameworks, accountability mechanisms, democratic principles, and proper authority. ",Moreover,causal_reasoning,justice_and_fairness,"Therefore, a ban would promote fairness by shifting the burden of pollution from communities and ecosystems to manufacturers and industries that produce these harmful materials.",causal_reasoning_justice_and_fairness,"I should analyze whether outcomes, processes, and distributions are fair to all parties involved. ",Therefore
30,0.0,,,synthesis_faithful,random,1,20260206_121538,1.093522071838379,"A total ban on single-use plastics is necessary because it would significantly reduce pollution and protect natural ecosystems, benefiting both current and future generations. Governments have a responsibility to safeguard public health and the environment, and enforcing such a ban is a clear and effective way to meet that duty. It’s fair to hold plastic-producing industries accountable, as they are best positioned to develop and adopt sustainable alternatives. This approach ensures that the burden of environmental damage doesn’t fall on ordinary citizens or vulnerable communities. With proper planning, such a ban can support innovation and create green jobs. Ultimately, protecting our planet is a shared responsibility, and government action is essential to make lasting change.",exemplification,incentives_and_power_dynamics,"For example, a ban on single-use plastics would reduce pollution and protect ecosystems, which benefits everyone, especially future generations.",exemplification_incentives_and_power_dynamics,"I should examine what behaviors are encouraged, who holds power, and how interests align or conflict. ",For example,addition_and_elaboration,governance_and_accountability,"Moreover, governments have a responsibility to protect public health and the environment, and a ban on single-use plastics is a reasonable and enforceable way to fulfill that duty.",addition_and_elaboration_governance_and_accountability,"I should consider legal frameworks, accountability mechanisms, democratic principles, and proper authority. ",Moreover,causal_reasoning,justice_and_fairness,"Therefore, a total ban ensures fairness by shifting the burden of environmental harm from the public and nature to industries that can adapt and innovate.",causal_reasoning_justice_and_fairness,"I should analyze whether outcomes, processes, and distributions are fair to all parties involved. ",Therefore
30,0.0,,,synthesis_faithful,random,2,20260206_121538,1.3741631507873535,"The government should enforce a total ban on single-use plastics because the current system is heavily influenced by powerful corporations that profit from disposable packaging, often at the expense of public health and the environment. Governments have a clear responsibility to protect citizens and ecosystems, and a ban would fulfill that duty by preventing widespread harm from plastic waste in oceans, wildlife, and even human bodies. It's unfair that low-income communities and future generations bear the brunt of pollution they didn’t create, making a ban both necessary and just. A ban would drive innovation toward sustainable alternatives and promote long-term environmental and social well-being. Without strong government action, the problem will only grow worse. We cannot wait for voluntary changes—only enforceable rules can bring real, lasting change.",exemplification,incentives_and_power_dynamics,"For example, the dominance of plastic packaging in supermarkets has been enabled by powerful corporations that benefit from cheap, disposable materials. These companies often influence policy through lobbying, which means the current system favors profit over long-term environmental health.",exemplification_incentives_and_power_dynamics,"I should examine what behaviors are encouraged, who holds power, and how interests align or conflict. ",For example,addition_and_elaboration,governance_and_accountability,"Moreover, governments have the legal authority and responsibility to protect public health and the environment. A total ban on single-use plastics aligns with this duty, especially when scientific evidence shows harm from plastic pollution in oceans, wildlife, and even human bodies.",addition_and_elaboration_governance_and_accountability,"I should consider legal frameworks, accountability mechanisms, democratic principles, and proper authority. ",Moreover,causal_reasoning,justice_and_fairness,"Therefore, a ban is not only just but necessary, because the burden of plastic pollution falls disproportionately on low-income communities and future generations who had no say in the current system.",causal_reasoning_justice_and_fairness,"I should analyze whether outcomes, processes, and distributions are fair to all parties involved. ",Therefore
30,0.0,,,synthesis_faithful,random,3,20260206_121538,1.1217966079711914,"The government should enforce a total ban on single-use plastics because it has the power and duty to protect public health and the environment. Without strong regulation, individual efforts to reduce plastic use are too fragmented and ineffective. A complete ban would prevent widespread pollution, reduce harm to wildlife, and encourage innovation in sustainable alternatives. It also ensures fairness by stopping the burden of plastic waste from falling on future generations and vulnerable communities. This policy aligns with democratic accountability, as elected officials can act based on science and public interest. Ultimately, a ban is a necessary step toward a cleaner, healthier planet for everyone.",exemplification,incentives_and_power_dynamics,"For example, the government has the authority and responsibility to protect public health and the environment. By enforcing a total ban on single-use plastics, it can lead by example and create systemic change that individuals alone cannot achieve.",exemplification_incentives_and_power_dynamics,"I should examine what behaviors are encouraged, who holds power, and how interests align or conflict. ",For example,addition_and_elaboration,governance_and_accountability,"Moreover, governments are accountable to the public and can implement policies based on scientific evidence and long-term societal well-being, not just short-term convenience.",addition_and_elaboration_governance_and_accountability,"I should consider legal frameworks, accountability mechanisms, democratic principles, and proper authority. ",Moreover,causal_reasoning,justice_and_fairness,"Therefore, a total ban ensures that the burden of environmental harm isn't disproportionately placed on future generations or marginalized communities who are already most affected by pollution.",causal_reasoning_justice_and_fairness,"I should analyze whether outcomes, processes, and distributions are fair to all parties involved. ",Therefore
30,0.0,,,synthesis_faithful,random,4,20260206_121538,1.3388445377349854,"The government should enforce a total ban on single-use plastics because these materials cause widespread environmental damage and pose serious risks to public health. Even though some industries benefit from their use, the long-term costs to ecosystems and human well-being far outweigh short-term economic gains. A ban would promote fairness by ensuring that no one—especially vulnerable communities—ends up suffering the consequences of plastic pollution. It’s the government’s duty to protect citizens and the planet, and failing to act is a breach of that responsibility. Without strong regulations, we’re left with a system that prioritizes profit over people and future generations. A total ban is a bold but essential step toward sustainable living and environmental justice.",exemplification,incentives_and_power_dynamics,"For example, if a government is primarily influenced by corporations that profit from single-use plastics, we might expect to see policies that favor these industries, even if they harm the environment. This creates a conflict of interest that undermines public welfare.",exemplification_incentives_and_power_dynamics,"I should examine what behaviors are encouraged, who holds power, and how interests align or conflict. ",For example,addition_and_elaboration,governance_and_accountability,"Moreover, if the government fails to act, it abdicates its responsibility to protect public health and the environment—especially when evidence shows that single-use plastics cause long-term harm, such as pollution and microplastic contamination in food and water.",addition_and_elaboration_governance_and_accountability,"I should consider legal frameworks, accountability mechanisms, democratic principles, and proper authority. ",Moreover,causal_reasoning,justice_and_fairness,"Therefore, enforcing a total ban on single-use plastics is a fair and necessary step to protect future generations, prevent environmental degradation, and ensure that no one bears the disproportionate burden of pollution.",causal_reasoning_justice_and_fairness,"I should analyze whether outcomes, processes, and distributions are fair to all parties involved. ",Therefore
31,0.0,,,synthesis_faithful,random,0,20260206_121538,1.1793057918548584,"The government should enforce a total ban on single-use plastics because it’s the only way to ensure meaningful progress in protecting our environment. Without strong legal action, individual efforts are too small to make a real difference, and corporations will keep prioritizing profit over sustainability. We’ve already seen how plastic pollution harms wildlife, clogs waterways, and even enters our food chain—this isn’t a distant problem, it’s happening now. If we wait for businesses or consumers to act on their own, nothing will change fast enough. The government has both the authority and responsibility to protect public health and the planet, and banning single-use plastics is a clear, necessary step in that direction. It’s not about punishing people—it’s about creating a fair system where everyone shares the responsibility and the solution.",evidence_and_authority,governance_and_accountability,Evidence shows that government enforcement of bans on single-use plastics is a necessary step to drive widespread behavioral change and environmental protection.,evidence_and_authority_governance_and_accountability,"I should consider legal frameworks, accountability mechanisms, democratic principles, and proper authority. ",Evidence shows that,conditional,precedent_and_long_term_effects,"If governments don’t take strong action now, we risk irreversible harm to ecosystems and public health from plastic pollution.",conditional_precedent_and_long_term_effects,"I should evaluate historical precedents, long-term vs short-term tradeoffs, and obligations to future generations. ",If,clarification_and_specification,stakeholder_responsibility,"In other words, if the government doesn’t step in to ban single-use plastics, no one else will, and the burden will fall unfairly on ordinary people and future generations.",clarification_and_specification_stakeholder_responsibility,"I should analyze who bears responsibility—whether government, individuals, corporations, or other institutions. ",In other words
31,0.0,,,synthesis_faithful,random,1,20260206_121538,1.240386962890625,"The government should enforce a total ban on single-use plastics because it has the legal authority to protect public health and the environment, as seen in past bans on dangerous substances like asbestos and tobacco. Without strong government action, the environmental damage caused by single-use plastics—such as ocean pollution and harm to wildlife—will continue to grow and become irreversible. While some may argue that individuals should change their habits, the scale of the problem requires systemic solutions that only governments can implement through enforceable regulations. A ban ensures accountability and levels the playing field for businesses and consumers alike, preventing companies from using convenience as a justification for environmental harm. Ultimately, the government’s role is to safeguard the planet for future generations, and a ban on single-use plastics is a necessary and responsible step toward that goal.",evidence_and_authority,governance_and_accountability,"Evidence shows that governments have the legal authority to regulate harmful substances and products, such as asbestos and tobacco, through bans when public health and environmental safety are at stake.",evidence_and_authority_governance_and_accountability,"I should consider legal frameworks, accountability mechanisms, democratic principles, and proper authority. ",Evidence shows that,conditional,precedent_and_long_term_effects,"If we allow single-use plastics to continue unchecked, we risk irreversible environmental damage that will burden future generations with cleanup costs and ecological degradation.",conditional_precedent_and_long_term_effects,"I should evaluate historical precedents, long-term vs short-term tradeoffs, and obligations to future generations. ",If,clarification_and_specification,stakeholder_responsibility,"In other words, the government has a moral and practical responsibility to act as a steward of the public good, especially when individual actions alone cannot solve systemic problems.",clarification_and_specification_stakeholder_responsibility,"I should analyze who bears responsibility—whether government, individuals, corporations, or other institutions. ",In other words
31,0.0,,,synthesis_faithful,random,2,20260206_121538,1.2441999912261963,"The government should enforce a total ban on single-use plastics because these materials cause lasting harm to the environment and wildlife, and only government action can create the large-scale change needed. Without legal enforcement, companies will keep producing these items for profit, and people won’t be able to make a real difference on their own. Past bans on harmful substances like leaded gasoline and asbestos show that government intervention is essential for protecting public health and the planet. A total ban ensures that all sectors—businesses, consumers, and institutions—must adapt, which drives innovation in sustainable alternatives. We have a responsibility to future generations to act now before plastic pollution becomes unmanageable. If we wait for voluntary action, we’ll miss the window to prevent irreversible damage. Therefore, a government-enforced ban is not just reasonable—it’s necessary.",evidence_and_authority,governance_and_accountability,"Evidence shows that government regulation is essential for addressing widespread environmental harm, and a total ban on single-use plastics is a necessary step to protect ecosystems and public health.",evidence_and_authority_governance_and_accountability,"I should consider legal frameworks, accountability mechanisms, democratic principles, and proper authority. ",Evidence shows that,conditional,precedent_and_long_term_effects,"If governments don’t act decisively, industries will continue prioritizing profit over sustainability, leaving future generations to deal with irreversible environmental damage.",conditional_precedent_and_long_term_effects,"I should evaluate historical precedents, long-term vs short-term tradeoffs, and obligations to future generations. ",If,clarification_and_specification,stakeholder_responsibility,"In other words, while individuals can change habits, only governments have the authority and power to make systemic changes that reduce plastic pollution at scale.",clarification_and_specification_stakeholder_responsibility,"I should analyze who bears responsibility—whether government, individuals, corporations, or other institutions. ",In other words
31,0.0,,,synthesis_faithful,random,3,20260206_121538,1.2848291397094727,"The government should enforce a total ban on single-use plastics because it has a responsibility to protect public health and the environment. Without strong action, pollution will continue to harm ecosystems, wildlife, and human communities, especially in low-income areas that bear the brunt of waste disposal. While some may worry about inconvenience, the short-term adjustments are worth it to prevent long-term environmental damage that future generations will have to live with. It’s unfair to expect individuals to fix a problem that was created by large corporations and enabled by weak regulations. The government must step in and make sustainable choices the standard through enforceable laws. A total ban is not only necessary but also a moral obligation to protect both people and the planet.",evidence_and_authority,governance_and_accountability,"Evidence shows that governments have a responsibility to protect public health and the environment, and a total ban on single-use plastics is a necessary step to prevent long-term ecological damage and reduce pollution that harms communities.",evidence_and_authority_governance_and_accountability,"I should consider legal frameworks, accountability mechanisms, democratic principles, and proper authority. ",Evidence shows that,conditional,precedent_and_long_term_effects,"If we don’t act now, future generations will inherit a planet with irreversible environmental harm, and the short-term inconvenience of a ban is far outweighed by the long-term benefits for public health and sustainability.",conditional_precedent_and_long_term_effects,"I should evaluate historical precedents, long-term vs short-term tradeoffs, and obligations to future generations. ",If,clarification_and_specification,stakeholder_responsibility,"In other words, it’s not fair to place the entire burden on individuals; the government must lead by implementing policies that make sustainable choices the default, especially when large corporations profit from plastic production.",clarification_and_specification_stakeholder_responsibility,"I should analyze who bears responsibility—whether government, individuals, corporations, or other institutions. ",In other words
31,0.0,,,synthesis_faithful,random,4,20260206_121538,1.1380467414855957,"The government should enforce a total ban on single-use plastics because without strong legal action, individual efforts alone won’t be enough to create meaningful change. Plastic pollution is a systemic issue that requires systemic solutions, and governments have the authority and responsibility to implement sweeping policies that protect public health and the environment. While some may argue it’s too restrictive, the long-term benefits—cleaner oceans, healthier ecosystems, and reduced landfill waste—far outweigh short-term inconvenience. A total ban ensures consistent enforcement and prevents companies from exploiting loopholes. Ultimately, protecting our planet is a collective duty, and the government must lead by setting clear, enforceable standards. Without this leadership, we risk passing on a degraded world to future generations.",evidence_and_authority,governance_and_accountability,"Evidence shows that government enforcement is the most effective way to ensure widespread compliance with environmental regulations, especially when dealing with widespread behaviors like single-use plastic use.",evidence_and_authority_governance_and_accountability,"I should consider legal frameworks, accountability mechanisms, democratic principles, and proper authority. ",Evidence shows that,conditional,precedent_and_long_term_effects,"If the government doesn't take decisive action now, we risk irreversible environmental damage that future generations will have to bear.",conditional_precedent_and_long_term_effects,"I should evaluate historical precedents, long-term vs short-term tradeoffs, and obligations to future generations. ",If,clarification_and_specification,stakeholder_responsibility,"In other words, while individuals can reduce their use, it’s the government’s role to enforce standards that level the playing field and ensure everyone contributes fairly.",clarification_and_specification_stakeholder_responsibility,"I should analyze who bears responsibility—whether government, individuals, corporations, or other institutions. ",In other words
32,0.0,,,synthesis_faithful,random,0,20260206_121538,1.3963074684143066,"As an average person concerned about the planet and future generations, I believe the government should enforce a total ban on single-use plastics because the environmental damage they cause is too severe to ignore. While I may not be an expert, I trust that scientific consensus and past bans on harmful substances like leaded gasoline show that government action is essential to protect public health and the environment. The risks of pollution, harm to marine life, and microplastics in our food chain are far greater than the short-term challenges of switching to alternatives. A total ban ensures consistency and prevents loopholes that could allow continued harm. Ultimately, we have a moral obligation to act now to preserve the planet for future generations. Therefore, a government-enforced ban is both necessary and justifiable.",concession_and_contrast,ethical_principles,"However, the average person may not have the deep knowledge of environmental science needed to assess the full impact of single-use plastics. Therefore, it's reasonable to trust that a total ban is a necessary step toward protecting the planet, even if not fully understood.",concession_and_contrast_ethical_principles,"I should evaluate actions based on moral rules, character virtues, relationships, and ethical obligations. ",However,concession_and_contrast,precedent_and_long_term_effects,"However, past bans on harmful substances like leaded gasoline and asbestos show that government intervention can prevent widespread damage, and the long-term benefits of eliminating plastic pollution far outweigh any temporary inconvenience.",concession_and_contrast_precedent_and_long_term_effects,"I should evaluate historical precedents, long-term vs short-term tradeoffs, and obligations to future generations. ",However,concession_and_contrast,risk_and_unintended_consequences,"However, the risks of not banning single-use plastics—like ocean pollution, harm to wildlife, and microplastic contamination in food—are far greater and more irreversible than the risks of transitioning to alternatives.",concession_and_contrast_risk_and_unintended_consequences,"I should identify risks, unintended outcomes, cascading effects, and potential for escalation. ",However
32,0.0,,,synthesis_faithful,random,1,20260206_121538,1.205857753753662,"Single-use plastics are a major source of environmental pollution, clogging oceans, harming wildlife, and contributing to climate change. A total ban would significantly reduce this harm and encourage innovation in sustainable alternatives. While some may worry about inconvenience, the long-term benefits to ecosystems and human health far outweigh short-term disruptions. The government has a responsibility to protect citizens and the planet, especially future generations. Many countries that have already implemented such bans have seen successful transitions with minimal societal impact. Ultimately, a ban is a necessary and ethical step toward a cleaner, safer world.",concession_and_contrast,ethical_principles,"However, this argument is not about whether the government should enforce a total ban on single-use plastics. Instead, it is about whether such a ban is justified as a policy to protect the environment and public health.",concession_and_contrast_ethical_principles,"I should evaluate actions based on moral rules, character virtues, relationships, and ethical obligations. ",However,concession_and_contrast,precedent_and_long_term_effects,"However, this argument is not about whether the government should enforce a total ban on single-use plastics. Instead, it is about whether such a ban is justified as a policy to protect the environment and public health.",concession_and_contrast_precedent_and_long_term_effects,"I should evaluate historical precedents, long-term vs short-term tradeoffs, and obligations to future generations. ",However,concession_and_contrast,risk_and_unintended_consequences,"However, this argument is not about whether the government should enforce a total ban on single-use plastics. Instead, it is about whether such a ban is justified as a policy to protect the environment and public health.",concession_and_contrast_risk_and_unintended_consequences,"I should identify risks, unintended outcomes, cascading effects, and potential for escalation. ",However
32,0.0,,,synthesis_faithful,random,2,20260206_121538,1.0586533546447754,"The government should enforce a total ban on single-use plastics because it is our ethical responsibility to protect the environment for future generations. Past failures to act have already led to severe pollution in oceans and harm to wildlife, and we must take decisive action now to prevent irreversible damage. While there may be short-term inconveniences, the long-term benefits of a cleaner, healthier planet far outweigh these costs, and the risks of doing nothing are too great to ignore.",concession_and_contrast,ethical_principles,"However, I believe that the government should enforce a total ban on single-use plastics because it is our ethical responsibility to protect the environment for future generations.",concession_and_contrast_ethical_principles,"I should evaluate actions based on moral rules, character virtues, relationships, and ethical obligations. ",However,concession_and_contrast,precedent_and_long_term_effects,"However, I believe that the government should enforce a total ban on single-use plastics because past failures to act have already caused severe environmental damage, and we must act now to avoid irreversible harm.",concession_and_contrast_precedent_and_long_term_effects,"I should evaluate historical precedents, long-term vs short-term tradeoffs, and obligations to future generations. ",However,concession_and_contrast,risk_and_unintended_consequences,"However, I believe that the government should enforce a total ban on single-use plastics because the risks of inaction — such as pollution in oceans and harm to wildlife — far outweigh the short-term inconveniences of switching to alternatives.",concession_and_contrast_risk_and_unintended_consequences,"I should identify risks, unintended outcomes, cascading effects, and potential for escalation. ",However
32,0.0,,,synthesis_faithful,random,3,20260206_121538,1.1544783115386963,"Single-use plastics are a major environmental hazard, polluting oceans, harming wildlife, and taking centuries to break down. While some may worry about economic disruption, history shows that banning dangerous materials—like leaded gasoline—has led to long-term public benefits without permanent harm. The growing availability of affordable, eco-friendly alternatives makes a total ban realistic and responsible. Governments have a duty to protect both current and future generations from preventable harm. A ban is not just practical—it’s an ethical obligation to preserve our planet. Inaction now will cost us far more in the long run.",concession_and_contrast,ethical_principles,"However, I must begin by understanding the core issue: single-use plastics are a major source of pollution, especially in oceans and landfills, and they persist in the environment for hundreds of years.",concession_and_contrast_ethical_principles,"I should evaluate actions based on moral rules, character virtues, relationships, and ethical obligations. ",However,concession_and_contrast,precedent_and_long_term_effects,"However, history shows that past bans on harmful substances—like leaded gasoline and asbestos—have led to safer, healthier societies, suggesting that decisive government action can be effective.",concession_and_contrast_precedent_and_long_term_effects,"I should evaluate historical precedents, long-term vs short-term tradeoffs, and obligations to future generations. ",However,concession_and_contrast,risk_and_unintended_consequences,"However, while some businesses may face short-term disruption, the long-term environmental and health benefits far outweigh these challenges, especially as alternatives like biodegradable materials are already becoming more affordable and accessible.",concession_and_contrast_risk_and_unintended_consequences,"I should identify risks, unintended outcomes, cascading effects, and potential for escalation. ",However
32,0.0,,,synthesis_faithful,random,4,20260206_121538,1.20127272605896,"The government should enforce a total ban on single-use plastics because they cause severe environmental harm, polluting oceans, harming wildlife, and contributing to climate change. Even though some people might find alternatives inconvenient, the long-term benefits to the planet and public health far outweigh the short-term discomfort. We have a moral responsibility to protect the Earth for future generations, and banning these plastics is a clear and necessary step toward that goal. While it might seem extreme, past bans on harmful products like leaded gasoline and tobacco show that strong government action can lead to positive change. Without a total ban, plastic waste will continue to accumulate, and the damage will become irreversible. Therefore, a comprehensive ban is not only justified but essential for a sustainable future.",concession_and_contrast,ethical_principles,"However, the government should enforce a total ban on single-use plastics because it is a necessary step to protect the environment and public health for future generations.",concession_and_contrast_ethical_principles,"I should evaluate actions based on moral rules, character virtues, relationships, and ethical obligations. ",However,concession_and_contrast,precedent_and_long_term_effects,"However, the government should enforce a total ban on single-use plastics because it is a necessary step to protect the environment and public health for future generations.",concession_and_contrast_precedent_and_long_term_effects,"I should evaluate historical precedents, long-term vs short-term tradeoffs, and obligations to future generations. ",However,concession_and_contrast,risk_and_unintended_consequences,"However, the government should enforce a total ban on single-use plastics because it is a necessary step to protect the environment and public health for future generations.",concession_and_contrast_risk_and_unintended_consequences,"I should identify risks, unintended outcomes, cascading effects, and potential for escalation. ",However
33,0.0,,,synthesis_faithful,random,0,20260206_121538,1.0604865550994873,"Single-use plastics are a major source of pollution, harming wildlife, clogging waterways, and creating long-lasting environmental damage. Banning them would reduce landfill waste, lower public cleanup costs, and drive innovation in eco-friendly alternatives. As a responsible society, we must act now to protect the planet for future generations. A government-enforced ban is a clear, effective way to address this growing crisis. It’s not just about convenience—it’s about sustainability and our collective well-being. Without strong regulations, recycling efforts alone won’t solve the problem. The long-term benefits far outweigh any short-term inconvenience.",evidence_and_authority,incentives_and_power_dynamics,"Evidence shows that single-use plastics are a major source of pollution, clogging waterways, harming wildlife, and contributing to long-term environmental degradation.",evidence_and_authority_incentives_and_power_dynamics,"I should examine what behaviors are encouraged, who holds power, and how interests align or conflict. ",Evidence shows that,addition_and_elaboration,cost_benefit_and_impact_analysis,"Moreover, banning single-use plastics would reduce waste in landfills, lower cleanup costs for communities, and encourage innovation in sustainable alternatives.",addition_and_elaboration_cost_benefit_and_impact_analysis,"I should quantify and compare costs, benefits, and real-world impacts across economic, social, and environmental dimensions. ",Moreover,causal_reasoning,precedent_and_long_term_effects,"Therefore, a government-enforced ban is a necessary and responsible step to protect public health, preserve natural ecosystems, and ensure a cleaner, safer future for everyone.",causal_reasoning_precedent_and_long_term_effects,"I should evaluate historical precedents, long-term vs short-term tradeoffs, and obligations to future generations. ",Therefore
33,0.0,,,synthesis_faithful,random,1,20260206_121538,1.2718613147735596,"Single-use plastics are a major source of pollution that harms wildlife, contaminates our oceans, and damages ecosystems. As an everyday person who wants clean streets and a healthier planet, I believe the government must take bold action to stop this problem at its root. Fortunately, eco-friendly alternatives are already affordable and accessible, so a ban won’t disrupt daily life. Past efforts to reduce plastic use have failed because they relied on voluntary actions instead of enforceable rules. A total ban is not unreasonable—it’s a responsible step to protect our environment and future generations. Without strong government intervention, pollution will only get worse. We need bold policies to create lasting change.",evidence_and_authority,incentives_and_power_dynamics,"Evidence shows that single-use plastics contribute heavily to pollution, clogging waterways and harming wildlife. As someone who cares about clean communities and a healthy environment, I believe it’s important to act decisively to stop this problem at its source.",evidence_and_authority_incentives_and_power_dynamics,"I should examine what behaviors are encouraged, who holds power, and how interests align or conflict. ",Evidence shows that,addition_and_elaboration,cost_benefit_and_impact_analysis,"Moreover, many alternatives like reusable bags, metal straws, and compostable containers are already affordable and widely available, so banning single-use plastics doesn’t place an unfair burden on average people.",addition_and_elaboration_cost_benefit_and_impact_analysis,"I should quantify and compare costs, benefits, and real-world impacts across economic, social, and environmental dimensions. ",Moreover,causal_reasoning,precedent_and_long_term_effects,"Therefore, a total ban is not extreme—it’s a necessary and practical step to protect our planet for future generations, especially since past efforts to reduce plastic use have been ineffective without strong government action.",causal_reasoning_precedent_and_long_term_effects,"I should evaluate historical precedents, long-term vs short-term tradeoffs, and obligations to future generations. ",Therefore
33,0.0,,,synthesis_faithful,random,2,20260206_121538,0.9281673431396484,"Single-use plastics are a major source of pollution, harming wildlife and ecosystems worldwide. A total ban would push industries to develop sustainable alternatives and reduce the massive environmental cleanup costs we face today. While there might be some short-term inconvenience, the long-term benefits to public health, the environment, and future generations are too important to ignore. The government has a responsibility to protect natural resources for all people, not just for current convenience. With proper planning, the transition can be managed fairly and effectively. Ultimately, a ban is a necessary step toward a cleaner, safer, and more sustainable future for everyone.",evidence_and_authority,incentives_and_power_dynamics,"Evidence shows that single-use plastics are a major source of pollution, harming wildlife and ecosystems.",evidence_and_authority_incentives_and_power_dynamics,"I should examine what behaviors are encouraged, who holds power, and how interests align or conflict. ",Evidence shows that,addition_and_elaboration,cost_benefit_and_impact_analysis,"Moreover, a total ban would encourage innovation in sustainable alternatives and reduce long-term environmental cleanup costs.",addition_and_elaboration_cost_benefit_and_impact_analysis,"I should quantify and compare costs, benefits, and real-world impacts across economic, social, and environmental dimensions. ",Moreover,causal_reasoning,precedent_and_long_term_effects,"Therefore, even if some inconvenience arises initially, the long-term benefits to public health and the planet outweigh the temporary drawbacks.",causal_reasoning_precedent_and_long_term_effects,"I should evaluate historical precedents, long-term vs short-term tradeoffs, and obligations to future generations. ",Therefore
33,0.0,,,synthesis_faithful,random,3,20260206_121538,1.1864070892333984,"Single-use plastics are a major source of pollution, harming wildlife and ecosystems across the globe. While they offer convenience, the long-term environmental damage they cause far outweighs their short-term benefits. A total ban would encourage innovation in sustainable alternatives, such as biodegradable materials, which are becoming more affordable and practical. This shift is essential for protecting our oceans, reducing landfill waste, and safeguarding public health. By taking decisive action now, we can ensure a cleaner, healthier planet for future generations. A government-led ban is the most effective way to create widespread change and hold industries accountable. It’s not just about convenience—it’s about responsibility to the Earth we share.",evidence_and_authority,incentives_and_power_dynamics,"Evidence shows that single-use plastics are a major source of pollution, harming wildlife and ecosystems. Even though some people rely on these products for convenience, the long-term environmental damage far outweighs short-term benefits.",evidence_and_authority_incentives_and_power_dynamics,"I should examine what behaviors are encouraged, who holds power, and how interests align or conflict. ",Evidence shows that,addition_and_elaboration,cost_benefit_and_impact_analysis,"Moreover, banning single-use plastics can drive innovation in sustainable alternatives, like biodegradable packaging, which are becoming more affordable and accessible.",addition_and_elaboration_cost_benefit_and_impact_analysis,"I should quantify and compare costs, benefits, and real-world impacts across economic, social, and environmental dimensions. ",Moreover,causal_reasoning,precedent_and_long_term_effects,"Therefore, a total ban is not only necessary to protect our planet but also a responsible step toward ensuring cleaner oceans, healthier communities, and a sustainable future for generations to come.",causal_reasoning_precedent_and_long_term_effects,"I should evaluate historical precedents, long-term vs short-term tradeoffs, and obligations to future generations. ",Therefore
33,0.0,,,synthesis_faithful,random,4,20260206_121538,1.011225700378418,"Single-use plastics are a major source of pollution, harming wildlife and contaminating our oceans and waterways, so a total ban is essential to protect the environment. Many practical and affordable alternatives—like reusable bags, paper packaging, and glass containers—already exist, making the shift feasible for everyday consumers. By banning these harmful materials, the government can drive innovation, reduce waste, and safeguard public health. This action is not just about convenience; it’s about ensuring a cleaner, safer planet for future generations. A total ban is a clear, necessary step toward sustainability and long-term environmental responsibility.",evidence_and_authority,incentives_and_power_dynamics,"Evidence shows that single-use plastics are a major source of pollution, especially in oceans and waterways, and a total ban would significantly reduce this environmental harm.",evidence_and_authority_incentives_and_power_dynamics,"I should examine what behaviors are encouraged, who holds power, and how interests align or conflict. ",Evidence shows that,addition_and_elaboration,cost_benefit_and_impact_analysis,"Moreover, many alternatives like paper, glass, or reusable containers are already available and affordable, making a ban both practical and necessary.",addition_and_elaboration_cost_benefit_and_impact_analysis,"I should quantify and compare costs, benefits, and real-world impacts across economic, social, and environmental dimensions. ",Moreover,causal_reasoning,precedent_and_long_term_effects,"Therefore, enacting a total ban is a responsible step toward protecting ecosystems, public health, and future generations from irreversible damage.",causal_reasoning_precedent_and_long_term_effects,"I should evaluate historical precedents, long-term vs short-term tradeoffs, and obligations to future generations. ",Therefore
34,0.0,,,synthesis_faithful,random,0,20260206_121538,1.32611083984375,"People should have the freedom to make their own choices about what they use in daily life, including single-use plastics. This right to personal autonomy is fundamental and should not be overridden by government mandates, even if those mandates claim to protect the environment. While plastic pollution is a serious issue, blaming individuals for it ignores the much larger role played by corporations and industrial producers. A total ban would unfairly restrict personal freedom without addressing the root causes of plastic waste. Instead of banning products, the government should focus on making sustainable alternatives accessible and affordable. Ultimately, environmental responsibility should be shared, not placed solely on consumers. Therefore, a total ban on single-use plastics is an overreach that violates individual rights without solving the real problem.",clarification_and_specification,rights_and_liberties,"In other words, people should be free to choose whatever they want, including what they eat, drink, and use in their daily lives. This freedom is a fundamental right and should not be taken away by the government.",clarification_and_specification_rights_and_liberties,"I should consider inalienable human rights, civil liberties, privacy protections, and the freedom to make one's own choices. ",In other words,conclusion_and_summary,precedent_and_long_term_effects,"In conclusion, while regulations may be necessary in some cases, banning single-use plastics would go too far and infringe on basic freedoms. People should be able to make their own decisions about what they use, as long as they are not harming others.",conclusion_and_summary_precedent_and_long_term_effects,"I should evaluate historical precedents, long-term vs short-term tradeoffs, and obligations to future generations. ",In conclusion,emphasis_and_evaluation,stakeholder_responsibility,"Importantly, the responsibility for protecting the environment should not fall solely on individual citizens, especially when corporations and industries are the main contributors to plastic waste.",emphasis_and_evaluation_stakeholder_responsibility,"I should analyze who bears responsibility—whether government, individuals, corporations, or other institutions. ",Importantly
34,0.0,,,synthesis_faithful,random,1,20260206_121538,1.066272497177124,"The government should enforce a total ban on single-use plastics because the environmental damage they cause is irreversible and disproportionately harms future generations. While some may argue this limits personal freedom, the right to convenience does not outweigh the right to a clean, healthy planet. Most single-use plastics are produced by large corporations for profit, meaning the burden of change should fall on industry, not individuals. A ban would push innovation toward sustainable alternatives and create a level playing field for eco-friendly businesses. It's not about restricting freedom—it's about protecting our shared environment from preventable harm. The long-term benefits far outweigh any temporary inconvenience. Therefore, a total ban is both necessary and just.",clarification_and_specification,rights_and_liberties,"In other words, I should argue that the government should not interfere with private choices, especially when those choices do not harm others.",clarification_and_specification_rights_and_liberties,"I should consider inalienable human rights, civil liberties, privacy protections, and the freedom to make one's own choices. ",In other words,conclusion_and_summary,precedent_and_long_term_effects,"In conclusion, the government should prioritize long-term environmental sustainability over short-term convenience, even if it means restricting certain personal freedoms temporarily.",conclusion_and_summary_precedent_and_long_term_effects,"I should evaluate historical precedents, long-term vs short-term tradeoffs, and obligations to future generations. ",In conclusion,emphasis_and_evaluation,stakeholder_responsibility,"Importantly, since corporations produce the majority of single-use plastics and profit from their use, they should be held accountable, not ordinary citizens.",emphasis_and_evaluation_stakeholder_responsibility,"I should analyze who bears responsibility—whether government, individuals, corporations, or other institutions. ",Importantly
34,0.0,,,synthesis_faithful,random,2,20260206_121538,1.2421798706054688,"The government should enforce a total ban on single-use plastics because the environmental damage they cause is too severe to ignore. These materials pollute oceans, harm wildlife, and contribute to climate change, and individual actions alone are not enough to reverse the damage. While some may worry about personal inconvenience, the long-term benefits to public health and ecosystems far outweigh short-term discomfort. Governments have a duty to protect both citizens and the planet, and regulations are the most effective way to ensure widespread compliance. Without a ban, industries will continue relying on cheap, disposable plastics, and the environment will continue to suffer. The responsibility lies with policymakers to act decisively, especially when the alternatives—like reusable or biodegradable materials—are already available. A ban isn't an overreach; it's a necessary step toward a sustainable future.",clarification_and_specification,rights_and_liberties,"In other words, the government should not be allowed to restrict my ability to choose what I use, especially when it comes to everyday items like plastic bags or containers.",clarification_and_specification_rights_and_liberties,"I should consider inalienable human rights, civil liberties, privacy protections, and the freedom to make one's own choices. ",In other words,conclusion_and_summary,precedent_and_long_term_effects,"In conclusion, banning single-use plastics is a necessary step to protect the environment for future generations, even if it requires some personal inconvenience today.",conclusion_and_summary_precedent_and_long_term_effects,"I should evaluate historical precedents, long-term vs short-term tradeoffs, and obligations to future generations. ",In conclusion,emphasis_and_evaluation,stakeholder_responsibility,"Importantly, while individuals can make choices, the responsibility to protect the planet ultimately falls on governments to enforce regulations that prevent widespread environmental harm.",emphasis_and_evaluation_stakeholder_responsibility,"I should analyze who bears responsibility—whether government, individuals, corporations, or other institutions. ",Importantly
34,0.0,,,synthesis_faithful,random,3,20260206_121538,1.0438454151153564,"We all want a cleaner, healthier world for ourselves and our children, and banning single-use plastics is a necessary step toward that goal. While personal freedom matters, it shouldn't come at the cost of environmental destruction that affects everyone. The government has a responsibility to protect public health and the planet, especially when industries profit from pollution without accountability. Single-use plastics pollute our oceans, harm wildlife, and take hundreds of years to break down—this isn't sustainable. A total ban empowers individuals to make eco-friendly choices while holding corporations accountable for their waste. It's not about restricting freedom, but about preserving a livable world for future generations. We can’t rely solely on individual choices when the problem is systemic and urgent.",clarification_and_specification,rights_and_liberties,"In other words, individuals should have the right to choose what they use and consume without government overreach.",clarification_and_specification_rights_and_liberties,"I should consider inalienable human rights, civil liberties, privacy protections, and the freedom to make one's own choices. ",In other words,conclusion_and_summary,precedent_and_long_term_effects,"In conclusion, we must balance individual freedoms with collective responsibility to protect the planet for future generations.",conclusion_and_summary_precedent_and_long_term_effects,"I should evaluate historical precedents, long-term vs short-term tradeoffs, and obligations to future generations. ",In conclusion,emphasis_and_evaluation,stakeholder_responsibility,"Importantly, the government has a duty to protect public health and the environment, which justifies regulatory action.",emphasis_and_evaluation_stakeholder_responsibility,"I should analyze who bears responsibility—whether government, individuals, corporations, or other institutions. ",Importantly
34,0.0,,,synthesis_faithful,random,4,20260206_121538,0.9884529113769531,"The government should not enforce a total ban on single-use plastics because such a ban infringes on personal freedom and choice. People should be able to decide what products to use in their daily lives, especially when alternatives exist and are accessible. Instead of imposing top-down restrictions, the government should focus on education, incentives, and supporting innovation in sustainable materials. This approach respects individual autonomy while still encouraging environmental responsibility. Moreover, holding individuals solely accountable for plastic waste ignores the larger role of corporations and industrial systems in producing the problem. A balanced, collaborative strategy that empowers people with information and options is more ethical and effective than a sweeping ban.",clarification_and_specification,rights_and_liberties,"In other words, any law that infringes on these rights without a compelling reason is unjust and should be avoided.",clarification_and_specification_rights_and_liberties,"I should consider inalienable human rights, civil liberties, privacy protections, and the freedom to make one's own choices. ",In other words,conclusion_and_summary,precedent_and_long_term_effects,"In conclusion, we should not pass laws that restrict freedom of choice unless they are necessary to address urgent and widespread harm.",conclusion_and_summary_precedent_and_long_term_effects,"I should evaluate historical precedents, long-term vs short-term tradeoffs, and obligations to future generations. ",In conclusion,emphasis_and_evaluation,stakeholder_responsibility,"Importantly, the government should not overreach by forcing individual behavior when shared responsibility and education are more effective.",emphasis_and_evaluation_stakeholder_responsibility,"I should analyze who bears responsibility—whether government, individuals, corporations, or other institutions. ",Importantly
35,0.0,,,synthesis_faithful,random,0,20260206_121538,1.168165683746338,"The government should enforce a total ban on single-use plastics because individual actions alone can't solve a problem this large. We see plastic pollution everywhere—from oceans to landfills—and it's clear that without strong regulations, nothing will change. The government has the power to make real, lasting change by banning harmful products, supporting eco-friendly alternatives, and holding companies accountable. Many places have already shown that such bans work without causing major disruptions. As someone who just wants a cleaner, healthier planet, I believe it’s time for bold action—and the government is the only one capable of leading it.",concession_and_contrast,stakeholder_responsibility,"However, since the problem of plastic pollution is systemic and widespread, individual efforts alone are not enough to create meaningful change. The government has the authority and reach to implement large-scale solutions that individuals cannot.",concession_and_contrast_stakeholder_responsibility,"I should analyze who bears responsibility—whether government, individuals, corporations, or other institutions. ",However,addition_and_elaboration,feasibility_and_implementation,"Moreover, a total ban on single-use plastics is both realistic and necessary, as many countries and cities have already successfully implemented similar bans with minimal disruption to daily life.",addition_and_elaboration_feasibility_and_implementation,I should evaluate whether the proposal can actually be implemented and enforced effectively. ,Moreover,clarification_and_specification,stakeholder_responsibility,"In other words, the government is the most logical entity to enforce such a ban because it can regulate industries, support sustainable alternatives, and hold polluters accountable—something individuals or companies cannot do on their own.",clarification_and_specification_stakeholder_responsibility,"I should analyze who bears responsibility—whether government, individuals, corporations, or other institutions. ",In other words
35,0.0,,,synthesis_faithful,random,1,20260206_121538,1.1926298141479492,"The government should enforce a total ban on single-use plastics because individuals alone can't solve this massive environmental problem—most people don’t have the means or information to make lasting changes. Without strong government action, corporations will keep producing cheap, harmful plastics to maximize profits. A clear ban gives everyone a simple rule to follow, encouraging innovation and making sustainable options the default. It ensures fairness by holding all industries accountable, not just consumers. This kind of national policy is the only way to create real, lasting change. Ultimately, the government has a responsibility to protect public health and the planet, and a total ban is the most effective tool to do so.",concession_and_contrast,stakeholder_responsibility,"However, individuals alone cannot solve the plastic pollution crisis, as the scale of production and consumption is driven by industry and systemic policies. Government enforcement is necessary to create a level playing field and ensure widespread compliance.",concession_and_contrast_stakeholder_responsibility,"I should analyze who bears responsibility—whether government, individuals, corporations, or other institutions. ",However,addition_and_elaboration,feasibility_and_implementation,"Moreover, a total ban is a clear and enforceable policy that gives businesses and citizens a definitive standard to follow, reducing confusion and encouraging innovation in sustainable alternatives.",addition_and_elaboration_feasibility_and_implementation,I should evaluate whether the proposal can actually be implemented and enforced effectively. ,Moreover,clarification_and_specification,stakeholder_responsibility,"In other words, without government action, companies will continue prioritizing profit over the environment, and most people lack the resources or knowledge to make lasting changes on their own.",clarification_and_specification_stakeholder_responsibility,"I should analyze who bears responsibility—whether government, individuals, corporations, or other institutions. ",In other words
35,0.0,,,synthesis_faithful,random,2,20260206_121538,0.9951372146606445,"The government should enforce a total ban on single-use plastics because lasting environmental protection requires systemic change, not just individual effort. While people can choose to avoid plastic, without consistent rules and enforcement, pollution will persist. Many places around the world have already successfully implemented such bans, proving they are practical and effective. A national ban ensures everyone follows the same standard, prevents greenwashing, and encourages innovation in sustainable alternatives. Without government leadership, progress will be slow and uneven. Ultimately, protecting our planet and future generations demands bold, decisive action from those in power.",concession_and_contrast,stakeholder_responsibility,"However, while individuals can make changes, lasting environmental protection requires systemic change, and governments are best positioned to enforce broad, consistent policies.",concession_and_contrast_stakeholder_responsibility,"I should analyze who bears responsibility—whether government, individuals, corporations, or other institutions. ",However,addition_and_elaboration,feasibility_and_implementation,"Moreover, a total ban on single-use plastics is realistic and enforceable, as many countries and cities have already implemented such bans with measurable success.",addition_and_elaboration_feasibility_and_implementation,I should evaluate whether the proposal can actually be implemented and enforced effectively. ,Moreover,clarification_and_specification,stakeholder_responsibility,"In other words, while people can reduce plastic use, without government action, plastic pollution will continue due to lack of alternatives and inconsistent public behavior.",clarification_and_specification_stakeholder_responsibility,"I should analyze who bears responsibility—whether government, individuals, corporations, or other institutions. ",In other words
35,0.0,,,synthesis_faithful,random,3,20260206_121538,1.2769145965576172,"The government should enforce a total ban on single-use plastics because individual efforts alone aren’t enough to fix such a widespread environmental problem. While people can try to reduce their use, systemic change requires strong policy action—only government can mandate large-scale shifts across industries and households. Countries like Canada, the UK, and several nations in the EU have already implemented plastic bans that work, showing it’s both practical and effective. Without a ban, companies will keep producing plastic, and pollution will continue to harm marine life, ecosystems, and even our own health. A total ban sends a clear message that sustainability is a national priority and pushes innovation toward safer, reusable alternatives. Ultimately, the government has both the power and the responsibility to protect public and environmental health, and a ban is the most decisive step we can take now.",concession_and_contrast,stakeholder_responsibility,"However, while individuals can reduce plastic use, systemic change requires government intervention, and a total ban is the only way to ensure widespread compliance and meaningful environmental impact.",concession_and_contrast_stakeholder_responsibility,"I should analyze who bears responsibility—whether government, individuals, corporations, or other institutions. ",However,addition_and_elaboration,feasibility_and_implementation,"Moreover, many countries have already successfully implemented plastic bans, proving that such policies are practical and enforceable with public support and clear alternatives.",addition_and_elaboration_feasibility_and_implementation,I should evaluate whether the proposal can actually be implemented and enforced effectively. ,Moreover,clarification_and_specification,stakeholder_responsibility,"In other words, if the government doesn’t act, no one else will, and we’ll continue to see plastic pollution harming wildlife, oceans, and even human health.",clarification_and_specification_stakeholder_responsibility,"I should analyze who bears responsibility—whether government, individuals, corporations, or other institutions. ",In other words
35,0.0,,,synthesis_faithful,random,4,20260206_121538,1.2181110382080078,"The government should enforce a total ban on single-use plastics because it has the power and responsibility to create consistent, enforceable rules that individuals and companies can't achieve on their own. A full ban is more effective than partial rules, as it removes confusion and avoids loopholes that allow continued plastic pollution. Without government action, most people will keep using plastic out of convenience, even if they care about the environment. A ban ensures everyone follows the same standard, protecting ecosystems and reducing waste. It’s not about restricting freedom—it’s about protecting the planet we all share. Ultimately, the government must lead this change to create lasting, meaningful environmental progress.",concession_and_contrast,stakeholder_responsibility,"However, the government holds the most authority to implement large-scale change and enforce consistent standards, making it the most effective entity to lead a ban on single-use plastics.",concession_and_contrast_stakeholder_responsibility,"I should analyze who bears responsibility—whether government, individuals, corporations, or other institutions. ",However,addition_and_elaboration,feasibility_and_implementation,"Moreover, a total ban is more effective than partial restrictions because it eliminates the confusion and loopholes that come with exceptions, ensuring that all single-use plastics are removed from circulation.",addition_and_elaboration_feasibility_and_implementation,I should evaluate whether the proposal can actually be implemented and enforced effectively. ,Moreover,clarification_and_specification,stakeholder_responsibility,"In other words, if individuals and businesses are left to decide on their own, most will continue using cheap, convenient plastics due to low personal cost and lack of awareness, so a government mandate is necessary to shift behavior at scale.",clarification_and_specification_stakeholder_responsibility,"I should analyze who bears responsibility—whether government, individuals, corporations, or other institutions. ",In other words
36,0.0,,,synthesis_faithful,random,0,20260206_121538,0.9086005687713623,"Next-generation plastics are not actually biodegradable and often end up in landfills or oceans — they just break down into microplastics, which are even more harmful. Therefore, the government should enforce a total ban on single-use plastics to prevent irreversible environmental damage and protect future generations. Moreover, bans on harmful products like tobacco and leaded gasoline show that governments can successfully eliminate dangerous materials when public health and safety are at stake.",sequence_and_transition,risk_and_unintended_consequences,"Next-generation plastics are not actually biodegradable and often end up in landfills or oceans — they just break down into microplastics, which are even more harmful.",sequence_and_transition_risk_and_unintended_consequences,"I should identify risks, unintended outcomes, cascading effects, and potential for escalation. ",Next,causal_reasoning,precedent_and_long_term_effects,"Therefore, the government should enforce a total ban on single-use plastics to prevent irreversible environmental damage and protect future generations.",causal_reasoning_precedent_and_long_term_effects,"I should evaluate historical precedents, long-term vs short-term tradeoffs, and obligations to future generations. ",Therefore,addition_and_elaboration,precedent_and_long_term_effects,"Moreover, bans on harmful products like tobacco and leaded gasoline show that governments can successfully eliminate dangerous materials when public health and safety are at stake.",addition_and_elaboration_precedent_and_long_term_effects,"I should evaluate historical precedents, long-term vs short-term tradeoffs, and obligations to future generations. ",Moreover
36,0.0,,,synthesis_faithful,random,1,20260206_121538,1.1666386127471924,"Single-use plastics are a major source of pollution that harm wildlife, degrade slowly, and enter our food and water systems. A total ban is essential to prevent further environmental damage and protect public health. History shows that banning dangerous substances, like leaded gasoline or asbestos, led to innovation and safer alternatives without economic collapse. Today’s technology offers realistic replacements such as biodegradable packaging and reusable containers. Waiting for voluntary changes has failed—only strong government action will drive meaningful change. We owe it to future generations to act decisively now. A total ban is not only feasible but necessary for a sustainable future.",sequence_and_transition,risk_and_unintended_consequences,"Next-generation plastics not only are harmful to the environment but also contribute to larger waste problems due to their long degradation times, which means they persist in ecosystems for centuries, harming wildlife and contaminating food chains.",sequence_and_transition_risk_and_unintended_consequences,"I should identify risks, unintended outcomes, cascading effects, and potential for escalation. ",Next,causal_reasoning,precedent_and_long_term_effects,"Therefore, a total ban on single-use plastics is a necessary and urgent step to protect ecosystems and human health, especially since alternatives like bioplastics and reusable materials are increasingly viable and cost-effective.",causal_reasoning_precedent_and_long_term_effects,"I should evaluate historical precedents, long-term vs short-term tradeoffs, and obligations to future generations. ",Therefore,addition_and_elaboration,precedent_and_long_term_effects,"Moreover, past bans on harmful materials like lead in gasoline and asbestos in construction show that regulation can drive innovation and public health improvements without crippling economies.",addition_and_elaboration_precedent_and_long_term_effects,"I should evaluate historical precedents, long-term vs short-term tradeoffs, and obligations to future generations. ",Moreover
36,0.0,,,synthesis_faithful,random,2,20260206_121538,1.0712075233459473,"Single-use plastics pollute our oceans, harm wildlife, and break down into microplastics that enter our food chain and water. If we don’t act now, the damage will become irreversible and affect future generations. History shows we can successfully ban dangerous materials—like leaded gasoline and asbestos—so a ban on single-use plastics is both realistic and responsible. The government has a duty to protect public health and the environment, and a total ban is the most effective way to achieve that. While some may worry about convenience, alternatives like reusable bags and biodegradable packaging are already available and improving. We can’t keep delaying action just because it’s easier in the short term. The long-term benefits to our planet and health far outweigh any temporary inconvenience.",sequence_and_transition,risk_and_unintended_consequences,"Next, I need to assess the consequences of allowing single-use plastics to continue being used widely.",sequence_and_transition_risk_and_unintended_consequences,"I should identify risks, unintended outcomes, cascading effects, and potential for escalation. ",Next,causal_reasoning,precedent_and_long_term_effects,"Therefore, we must act now to prevent irreversible harm to the environment and human health.",causal_reasoning_precedent_and_long_term_effects,"I should evaluate historical precedents, long-term vs short-term tradeoffs, and obligations to future generations. ",Therefore,addition_and_elaboration,precedent_and_long_term_effects,"Moreover, past bans on harmful materials like lead in gasoline and asbestos show that banning dangerous substances is both possible and necessary.",addition_and_elaboration_precedent_and_long_term_effects,"I should evaluate historical precedents, long-term vs short-term tradeoffs, and obligations to future generations. ",Moreover
36,0.0,,,synthesis_faithful,random,3,20260206_121538,1.0114030838012695,"We must act decisively to stop the growing pollution crisis caused by single-use plastics. Even though some alternatives like bioplastics are marketed as eco-friendly, they often require specific conditions to break down and can still contribute to pollution when not properly managed. A total ban forces innovation, pushing companies to develop truly sustainable solutions rather than relying on greenwashing. History shows that banning harmful materials—like leaded gasoline and asbestos—has led to safer alternatives and long-term public benefits. Protecting the planet for future generations demands bold, immediate action, and a total ban is the most effective way to achieve that goal.",sequence_and_transition,risk_and_unintended_consequences,"Next-generation plastics and biodegradable alternatives may not be as sustainable as they seem, and relying on them could delay real solutions.",sequence_and_transition_risk_and_unintended_consequences,"I should identify risks, unintended outcomes, cascading effects, and potential for escalation. ",Next,causal_reasoning,precedent_and_long_term_effects,"Therefore, a total ban on single-use plastics is necessary to prevent long-term environmental harm and protect future generations.",causal_reasoning_precedent_and_long_term_effects,"I should evaluate historical precedents, long-term vs short-term tradeoffs, and obligations to future generations. ",Therefore,addition_and_elaboration,precedent_and_long_term_effects,"Moreover, past bans on harmful substances like leaded gasoline and asbestos show that strong government action can drive innovation and public health improvements.",addition_and_elaboration_precedent_and_long_term_effects,"I should evaluate historical precedents, long-term vs short-term tradeoffs, and obligations to future generations. ",Moreover
36,0.0,,,synthesis_faithful,random,4,20260206_121538,1.104173183441162,"Single-use plastics are a major source of pollution that harms marine life, clogs landfills, and lingers in the environment for hundreds of years. A total ban is the only effective way to stop this damage and protect ecosystems for future generations. While some may worry about inconvenience, we’ve seen before that societies can adapt to major restrictions when the long-term benefits outweigh short-term disruptions. For example, bans on smoking in public and leaded gasoline were initially met with resistance but ultimately improved public health and safety. Ultimately, protecting our planet and future generations requires bold, decisive action—and a total ban on single-use plastics is the most responsible choice.",sequence_and_transition,risk_and_unintended_consequences,"Next, I am considering the overwhelming environmental harm caused by single-use plastics, particularly how they pollute oceans, harm wildlife, and persist in ecosystems for centuries.",sequence_and_transition_risk_and_unintended_consequences,"I should identify risks, unintended outcomes, cascading effects, and potential for escalation. ",Next,causal_reasoning,precedent_and_long_term_effects,"Therefore, a total ban is a necessary step to protect ecosystems and ensure cleaner, safer environments for future generations.",causal_reasoning_precedent_and_long_term_effects,"I should evaluate historical precedents, long-term vs short-term tradeoffs, and obligations to future generations. ",Therefore,addition_and_elaboration,precedent_and_long_term_effects,"Moreover, even though some industries rely on plastic, history shows that societies can adapt to bans—like with leaded gasoline or smoking in public spaces—without collapsing.",addition_and_elaboration_precedent_and_long_term_effects,"I should evaluate historical precedents, long-term vs short-term tradeoffs, and obligations to future generations. ",Moreover
37,0.0,,,synthesis_faithful,random,0,20260206_121538,1.3608067035675049,"The government should not enforce a total ban on single-use plastics because such a ban infringes on personal freedom and the right to make individual choices about everyday products. While plastic pollution is a serious concern, people should have the autonomy to decide what they use based on their needs and circumstances. A total ban would be difficult to enforce consistently across diverse communities and contexts, leading to confusion, non-compliance, and potential resentment toward government overreach. Instead of imposing a blanket ban, the government should focus on education, incentives for sustainable alternatives, and targeted regulations where environmental harm is most severe. This balanced approach respects individual choice while still addressing environmental issues effectively. A one-size-fits-all solution fails to account for the complexity of daily life and practical realities. Therefore, a total ban is not the most just or practical path forward.",conclusion_and_summary,rights_and_liberties,"In conclusion, the government should not enforce a total ban on single-use plastics because such a ban infringes on personal freedom and the right to make individual choices about everyday products.",conclusion_and_summary_rights_and_liberties,"I should consider inalienable human rights, civil liberties, privacy protections, and the freedom to make one's own choices. ",In conclusion,addition_and_elaboration,feasibility_and_implementation,"Moreover, a total ban on single-use plastics would be difficult to enforce consistently across diverse communities and contexts, leading to confusion, non-compliance, and potential resentment toward government overreach.",addition_and_elaboration_feasibility_and_implementation,I should evaluate whether the proposal can actually be implemented and enforced effectively. ,Moreover,addition_and_elaboration,feasibility_and_implementation,"Moreover, a total ban on single-use plastics would be difficult to enforce consistently across diverse communities and contexts, leading to confusion, non-compliance, and potential resentment toward government overreach.",addition_and_elaboration_feasibility_and_implementation,I should evaluate whether the proposal can actually be implemented and enforced effectively. ,Moreover
37,0.0,,,synthesis_faithful,random,1,20260206_121538,1.180607795715332,"A total ban on single-use plastics is an overreach that undermines personal freedom and practicality. While reducing plastic waste is important, individuals should have the right to choose their own products, especially when reusable options are not equally accessible. Enforcing such a ban would be difficult to monitor and could lead to unintended consequences like black markets or increased illegal trade. Low-income families, in particular, depend on affordable and convenient single-use items that are often more practical than reusable ones. A better approach would be to promote education, incentives for sustainable alternatives, and targeted regulations rather than an across-the-board ban. Ultimately, government intervention should respect individual autonomy while encouraging environmental responsibility through cooperation, not coercion.",conclusion_and_summary,rights_and_liberties,"In conclusion, while the government has a role in protecting public welfare, it should not infringe on individual freedoms through sweeping bans that restrict personal choices, especially when alternatives are available.",conclusion_and_summary_rights_and_liberties,"I should consider inalienable human rights, civil liberties, privacy protections, and the freedom to make one's own choices. ",In conclusion,addition_and_elaboration,feasibility_and_implementation,"Moreover, enforcing a total ban on single-use plastics may be impractical and difficult to monitor, leading to widespread non-compliance and potential black markets for banned items.",addition_and_elaboration_feasibility_and_implementation,I should evaluate whether the proposal can actually be implemented and enforced effectively. ,Moreover,addition_and_elaboration,feasibility_and_implementation,"Moreover, a total ban may disproportionately affect low-income communities who rely on affordable, convenient single-use items that are often more accessible than reusable alternatives.",addition_and_elaboration_feasibility_and_implementation,I should evaluate whether the proposal can actually be implemented and enforced effectively. ,Moreover
37,0.0,,,synthesis_faithful,random,2,20260206_121538,1.1831867694854736,"The government should not enforce a total ban on single-use plastics because it infringes on personal freedom and is impractical to implement. People should be able to make their own choices about what they use and consume without excessive government control. Enforcing such a ban would require constant monitoring of private behavior, which violates privacy and civil liberties. Additionally, it's unrealistic to expect the government to track and regulate every instance of plastic use in homes, stores, and public areas. Rather than imposing a top-down ban, individuals and communities should be empowered to make sustainable choices through education and incentives. Ultimately, freedom to choose is a fundamental right, and it should not be sacrificed for a policy that cannot be effectively enforced.",conclusion_and_summary,rights_and_liberties,"In conclusion, people should have the right to make personal choices about their lives, including how they live and what they do with their belongings, without government interference.",conclusion_and_summary_rights_and_liberties,"I should consider inalienable human rights, civil liberties, privacy protections, and the freedom to make one's own choices. ",In conclusion,addition_and_elaboration,feasibility_and_implementation,"Moreover, the government cannot reasonably enforce such a ban, as it would require constant surveillance and policing of private behavior, which violates personal freedom.",addition_and_elaboration_feasibility_and_implementation,I should evaluate whether the proposal can actually be implemented and enforced effectively. ,Moreover,addition_and_elaboration,feasibility_and_implementation,"Moreover, even if the ban were attempted, it would be nearly impossible to track and regulate every single instance of single-use plastic use across homes, businesses, and public spaces.",addition_and_elaboration_feasibility_and_implementation,I should evaluate whether the proposal can actually be implemented and enforced effectively. ,Moreover
37,0.0,,,synthesis_faithful,random,3,20260206_121538,1.1876187324523926,"The government should not enforce a total ban on single-use plastics because such a ban infringes on personal freedoms and the right to make individual choices about daily life. While environmental concerns are valid, a blanket ban overlooks the practical realities of different communities and industries that rely on these materials for safety, affordability, and convenience. Enforcement would be inconsistent across regions, potentially creating black markets and unfair burdens on low-income families who depend on affordable, single-use products. A more effective approach would be to promote alternatives through incentives and education, rather than restricting personal choices. Ultimately, individual responsibility and innovation should drive change, not government mandates that limit freedom. Therefore, a total ban on single-use plastics is neither practical nor justifiable in a free society.",conclusion_and_summary,rights_and_liberties,"In conclusion, the right to privacy and civil liberties should not be subject to government enforcement through bans on personal choices like using single-use plastics.",conclusion_and_summary_rights_and_liberties,"I should consider inalienable human rights, civil liberties, privacy protections, and the freedom to make one's own choices. ",In conclusion,addition_and_elaboration,feasibility_and_implementation,"Moreover, a total ban on single-use plastics may be difficult to enforce uniformly across diverse communities and industries, leading to inconsistent compliance and potential black markets.",addition_and_elaboration_feasibility_and_implementation,I should evaluate whether the proposal can actually be implemented and enforced effectively. ,Moreover,addition_and_elaboration,feasibility_and_implementation,"Moreover, a total ban on single-use plastics may be difficult to enforce uniformly across diverse communities and industries, leading to inconsistent compliance and potential black markets.",addition_and_elaboration_feasibility_and_implementation,I should evaluate whether the proposal can actually be implemented and enforced effectively. ,Moreover
37,0.0,,,synthesis_faithful,random,4,20260206_121538,1.2827627658843994,"The government should not enforce a total ban on single-use plastics because individuals should retain the right to choose their own products and habits, especially when those choices do not harm others. A total ban would be difficult to enforce consistently across all regions and sectors, leading to confusion, noncompliance, and potential black markets for banned items. It also fails to account for situations where single-use plastics are the most practical or necessary option, such as in medical settings or for food safety. Instead of an outright ban, a more balanced approach—like incentives for reusable alternatives and targeted restrictions—would be more effective and respectful of personal freedom. Ultimately, freedom to choose is a fundamental part of individual autonomy, and policy should protect that unless there is clear and direct harm to others.",conclusion_and_summary,rights_and_liberties,"In conclusion, the government should not enforce a total ban on single-use plastics because individuals should retain the right to choose their own products and habits, especially when those choices do not harm others.",conclusion_and_summary_rights_and_liberties,"I should consider inalienable human rights, civil liberties, privacy protections, and the freedom to make one's own choices. ",In conclusion,addition_and_elaboration,feasibility_and_implementation,"Moreover, a total ban would be difficult to enforce consistently across all regions and sectors, leading to confusion, noncompliance, and potential black markets for banned items.",addition_and_elaboration_feasibility_and_implementation,I should evaluate whether the proposal can actually be implemented and enforced effectively. ,Moreover,addition_and_elaboration,feasibility_and_implementation,"Moreover, a total ban would be difficult to enforce consistently across all regions and sectors, leading to confusion, noncompliance, and potential black markets for banned items.",addition_and_elaboration_feasibility_and_implementation,I should evaluate whether the proposal can actually be implemented and enforced effectively. ,Moreover
38,0.0,,,synthesis_faithful,random,0,20260206_121538,1.330500841140747,"A total ban on single-use plastics is essential because these materials cause lasting harm to oceans, wildlife, and human health, and their environmental costs far exceed any short-term convenience. While some might worry about the shift being difficult, the long-term benefits—cleaner communities, healthier ecosystems, and reduced pollution—make the transition worthwhile. The government has a responsibility to protect public welfare and natural resources, and a ban is a clear, enforceable way to fulfill that duty. Many countries have already implemented similar bans with success, proving that alternatives exist and can be adopted. This isn’t about restricting freedom—it’s about ensuring a safer, cleaner world for everyone, especially future generations. Ultimately, we can’t afford to wait; the damage from plastic waste is already irreversible in many places. So, enforcing a total ban is not only reasonable but urgently necessary.",causal_reasoning,cost_benefit_and_impact_analysis,"Therefore, a total ban on single-use plastics is a necessary and effective step to protect the environment and public health, given the overwhelming evidence of plastic pollution’s long-term harm.",causal_reasoning_cost_benefit_and_impact_analysis,"I should quantify and compare costs, benefits, and real-world impacts across economic, social, and environmental dimensions. ",Therefore,clarification_and_specification,precedent_and_long_term_effects,"In other words, even if some inconvenience arises during the transition, the long-term benefits for ecosystems and human well-being far outweigh temporary disruptions.",clarification_and_specification_precedent_and_long_term_effects,"I should evaluate historical precedents, long-term vs short-term tradeoffs, and obligations to future generations. ",In other words,conditional,governance_and_accountability,"If the government is responsible for safeguarding public welfare and natural resources, then enforcing a ban aligns with its duty to protect citizens and future generations from preventable environmental damage.",conditional_governance_and_accountability,"I should consider legal frameworks, accountability mechanisms, democratic principles, and proper authority. ",If
38,0.0,,,synthesis_faithful,random,1,20260206_121538,1.1709613800048828,"A total ban on single-use plastics is essential to stop the growing crisis of pollution in our oceans and ecosystems. These materials take hundreds of years to break down, harming marine life and eventually entering our food chain through microplastics. While some may worry about convenience or economic impact, the long-term costs of inaction—on health, wildlife, and the environment—far outweigh any short-term discomfort. We’ve already seen success in banning harmful substances like leaded fuel and asbestos, and this ban is a similar step toward responsible governance. The government has a duty to protect public health and the environment, and this is a necessary measure to fulfill that responsibility. By taking bold action now, we can create sustainable alternatives and set a precedent for future generations.",causal_reasoning,cost_benefit_and_impact_analysis,"Therefore, a total ban on single-use plastics is necessary to prevent irreversible environmental harm and protect public health.",causal_reasoning_cost_benefit_and_impact_analysis,"I should quantify and compare costs, benefits, and real-world impacts across economic, social, and environmental dimensions. ",Therefore,clarification_and_specification,precedent_and_long_term_effects,"In other words, just as we banned leaded gasoline and asbestos, we must now act decisively to eliminate single-use plastics that pollute oceans and harm wildlife.",clarification_and_specification_precedent_and_long_term_effects,"I should evaluate historical precedents, long-term vs short-term tradeoffs, and obligations to future generations. ",In other words,conditional,governance_and_accountability,"If the government is responsible for safeguarding public welfare, then enforcing a ban is not overreach—it’s fulfilling its duty to protect citizens and the planet.",conditional_governance_and_accountability,"I should consider legal frameworks, accountability mechanisms, democratic principles, and proper authority. ",If
38,0.0,,,synthesis_faithful,random,2,20260206_121538,1.337998628616333,"Single-use plastics cause massive environmental harm, polluting oceans, killing wildlife, and introducing toxic microplastics into the food chain—these damages are irreversible and far exceed the convenience they offer. Banning them is not just practical, but necessary to protect our planet and ensure a healthier future for coming generations. As the government has a duty to safeguard public health and the environment, enforcing such a ban aligns with its core responsibilities. Many countries and cities have already proven that alternatives—like reusable bags, containers, and biodegradable materials—are viable and effective. A total ban would drive innovation, encourage sustainable habits, and create a cleaner, safer society. The short-term inconvenience of change is outweighed by the long-term benefits to nature and human well-being. Therefore, a government-enforced ban on single-use plastics is both wise and essential.",causal_reasoning,cost_benefit_and_impact_analysis,"Therefore, the environmental damage caused by single-use plastics—such as pollution in oceans, harm to wildlife, and long-term microplastic contamination—outweighs any short-term convenience they provide.",causal_reasoning_cost_benefit_and_impact_analysis,"I should quantify and compare costs, benefits, and real-world impacts across economic, social, and environmental dimensions. ",Therefore,clarification_and_specification,precedent_and_long_term_effects,"In other words, banning single-use plastics is a necessary step to protect ecosystems, reduce waste, and ensure a safer planet for future generations.",clarification_and_specification_precedent_and_long_term_effects,"I should evaluate historical precedents, long-term vs short-term tradeoffs, and obligations to future generations. ",In other words,conditional,governance_and_accountability,"If the government is responsible for public health and environmental safety, then enforcing a ban on harmful products like single-use plastics is a legitimate and ethical use of its authority.",conditional_governance_and_accountability,"I should consider legal frameworks, accountability mechanisms, democratic principles, and proper authority. ",If
38,0.0,,,synthesis_faithful,random,3,20260206_121538,1.1171865463256836,"A total ban on single-use plastics is essential because the long-term environmental damage—like marine pollution and harm to wildlife—far outweighs the short-term convenience they offer. Even though some people might find it inconvenient at first, switching to reusable alternatives is a small price to pay for protecting our planet and public health. The government has a responsibility to act in the best interest of all citizens, especially future generations who will inherit the consequences of today’s choices. Past bans on harmful products like leaded gasoline and tobacco show that society can adapt when strong policies are in place. Without decisive action, we risk irreversible damage to ecosystems and natural resources. A ban is not just a regulation—it’s a moral and practical necessity for a sustainable future.",causal_reasoning,cost_benefit_and_impact_analysis,"Therefore, a total ban on single-use plastics is necessary to prevent long-term environmental harm and protect public health.",causal_reasoning_cost_benefit_and_impact_analysis,"I should quantify and compare costs, benefits, and real-world impacts across economic, social, and environmental dimensions. ",Therefore,clarification_and_specification,precedent_and_long_term_effects,"In other words, the environmental damage caused by single-use plastics—such as pollution in oceans and harm to wildlife—far outweighs the convenience they provide.",clarification_and_specification_precedent_and_long_term_effects,"I should evaluate historical precedents, long-term vs short-term tradeoffs, and obligations to future generations. ",In other words,conditional,governance_and_accountability,"If the government doesn't act decisively, we risk passing irreversible ecological damage to future generations.",conditional_governance_and_accountability,"I should consider legal frameworks, accountability mechanisms, democratic principles, and proper authority. ",If
38,0.0,,,synthesis_faithful,random,4,20260206_121538,1.1245896816253662,"A total ban on single-use plastics is necessary because these materials pollute oceans, harm wildlife, and can enter our food chain, putting public health at risk. Countries like Canada, the UK, and several nations in the EU have already implemented such bans and have seen measurable improvements in environmental cleanliness and waste reduction. As taxpayers and citizens, we expect our government to act in the public interest—protecting the environment and future generations is a core responsibility. While some may worry about convenience or economic disruption, alternatives like reusable or biodegradable options are widely available and increasingly affordable. The long-term benefits to the planet and human well-being far outweigh the short-term adjustments. Ultimately, a ban is not just a policy choice—it’s a moral and practical necessity to live sustainably.",causal_reasoning,cost_benefit_and_impact_analysis,"Therefore, a total ban on single-use plastics is a necessary and practical step to protect the environment and public health.",causal_reasoning_cost_benefit_and_impact_analysis,"I should quantify and compare costs, benefits, and real-world impacts across economic, social, and environmental dimensions. ",Therefore,clarification_and_specification,precedent_and_long_term_effects,"In other words, countries that have already banned single-use plastics have seen significant reductions in pollution and improved waste management.",clarification_and_specification_precedent_and_long_term_effects,"I should evaluate historical precedents, long-term vs short-term tradeoffs, and obligations to future generations. ",In other words,conditional,governance_and_accountability,"If the government is responsible for protecting citizens and the planet, then enforcing a ban is a legitimate and essential duty.",conditional_governance_and_accountability,"I should consider legal frameworks, accountability mechanisms, democratic principles, and proper authority. ",If
39,0.0,,,synthesis_faithful,random,0,20260206_121538,0.922814130783081,"The government should enforce a total ban on single-use plastics because individual efforts alone won’t solve the massive pollution problem. Without government intervention, companies will keep producing these items since they're cheaper and more profitable, making it hard for sustainable alternatives to gain traction. Fortunately, bans are not just theoretical—many countries have already rolled out effective restrictions, showing that such a ban is practical and enforceable. A government-led ban ensures fairness, consistency, and long-term environmental protection. It’s time to shift responsibility from individuals to the institutions that can actually drive change.",emphasis_and_evaluation,stakeholder_responsibility,"Importantly, while individuals can make choices, systemic change requires government action to ensure widespread compliance and effectiveness.",emphasis_and_evaluation_stakeholder_responsibility,"I should analyze who bears responsibility—whether government, individuals, corporations, or other institutions. ",Importantly,emphasis_and_evaluation,incentives_and_power_dynamics,"Importantly, without government enforcement, companies will continue producing single-use plastics because it's cheaper and more profitable.",emphasis_and_evaluation_incentives_and_power_dynamics,"I should examine what behaviors are encouraged, who holds power, and how interests align or conflict. ",Importantly,concession_and_contrast,feasibility_and_implementation,"However, a total ban is achievable—many countries have successfully implemented similar bans, proving it’s not just idealistic but practical.",concession_and_contrast_feasibility_and_implementation,I should evaluate whether the proposal can actually be implemented and enforced effectively. ,However
39,0.0,,,synthesis_faithful,random,1,20260206_121538,0.725069522857666,"The government should enforce a total ban on single-use plastics because individual efforts alone won’t solve the problem—systemic change is needed. Without government action, companies won’t prioritize sustainable alternatives, since single-use plastics are cheaper and more convenient. A ban is both practical and necessary, especially when paired with public education and support for biodegradable or reusable options, ensuring a smooth transition for everyone.",emphasis_and_evaluation,stakeholder_responsibility,"Importantly, while individual actions matter, systemic change requires government policy to be effective.",emphasis_and_evaluation_stakeholder_responsibility,"I should analyze who bears responsibility—whether government, individuals, corporations, or other institutions. ",Importantly,emphasis_and_evaluation,incentives_and_power_dynamics,"Importantly, without a government mandate, industries have little incentive to shift away from convenient, cheap single-use plastics.",emphasis_and_evaluation_incentives_and_power_dynamics,"I should examine what behaviors are encouraged, who holds power, and how interests align or conflict. ",Importantly,concession_and_contrast,feasibility_and_implementation,"However, a total ban is realistic and enforceable through clear regulations and support for alternatives.",concession_and_contrast_feasibility_and_implementation,I should evaluate whether the proposal can actually be implemented and enforced effectively. ,However
39,0.0,,,synthesis_faithful,random,2,20260206_121538,0.9780528545379639,"The government should enforce a total ban on single-use plastics because it’s the only way to make a real, lasting impact on environmental pollution. While individuals can make better choices, the scale of plastic waste is too large for personal efforts to fix alone. The government has the authority and responsibility to set rules that protect public health and natural ecosystems. Without strong, enforceable laws, plastic production and use will continue unchecked. A total ban would push industries to innovate and adopt sustainable alternatives, reducing harm to wildlife and oceans. This kind of action is not just possible—it’s essential for the planet’s future.",emphasis_and_evaluation,stakeholder_responsibility,"Importantly, the government is in the best position to enforce large-scale change, especially when it comes to protecting public health and the environment.",emphasis_and_evaluation_stakeholder_responsibility,"I should analyze who bears responsibility—whether government, individuals, corporations, or other institutions. ",Importantly,emphasis_and_evaluation,incentives_and_power_dynamics,"Importantly, individual actions alone are not enough to stop the massive pollution caused by single-use plastics.",emphasis_and_evaluation_incentives_and_power_dynamics,"I should examine what behaviors are encouraged, who holds power, and how interests align or conflict. ",Importantly,concession_and_contrast,feasibility_and_implementation,"However, a total ban is necessary because partial measures like recycling or reusable bags don’t fully solve the problem.",concession_and_contrast_feasibility_and_implementation,I should evaluate whether the proposal can actually be implemented and enforced effectively. ,However
39,0.0,,,synthesis_faithful,random,3,20260206_121538,1.1142516136169434,"The government should enforce a total ban on single-use plastics because individuals alone can't fix this crisis—systemic change requires policy. Without government action, companies have no real incentive to change since they prioritize profit over the environment. In fact, bans already work in many places, cutting down plastic waste and pushing innovation. With careful planning, a ban can be phased in fairly, helping businesses and people adapt. This is not just possible—it’s necessary to protect our planet for future generations.",emphasis_and_evaluation,stakeholder_responsibility,"Importantly, individuals alone cannot solve the plastic pollution crisis because they lack the power to enforce systemic change. When governments act, they can set standards and regulations that apply universally, ensuring everyone contributes to the solution.",emphasis_and_evaluation_stakeholder_responsibility,"I should analyze who bears responsibility—whether government, individuals, corporations, or other institutions. ",Importantly,emphasis_and_evaluation,incentives_and_power_dynamics,"Importantly, businesses often prioritize profit over sustainability, and without government enforcement, they have little incentive to switch to eco-friendly alternatives. A total ban forces industries to innovate and adopt greener practices.",emphasis_and_evaluation_incentives_and_power_dynamics,"I should examine what behaviors are encouraged, who holds power, and how interests align or conflict. ",Importantly,concession_and_contrast,feasibility_and_implementation,"However, a total ban is not only feasible but already in effect in many regions where it has significantly reduced plastic waste. With proper planning, the government can phase in the ban and support affected communities and industries.",concession_and_contrast_feasibility_and_implementation,I should evaluate whether the proposal can actually be implemented and enforced effectively. ,However
39,0.0,,,synthesis_faithful,random,4,20260206_121538,0.9229135513305664,"The government should enforce a total ban on single-use plastics because systemic change requires government action—not just individual effort. Without regulation, companies continue prioritizing profit over sustainability, and most people don’t have access to affordable, eco-friendly alternatives. Fortunately, similar bans have already worked in places like Rwanda, Canada, and parts of the EU, showing that such policies are not only possible but effective in reducing plastic pollution. A government-led ban ensures fairness, consistency, and long-term environmental protection for everyone.",emphasis_and_evaluation,stakeholder_responsibility,"Importantly, while individuals can reduce plastic use, meaningful change requires systemic action, and the government is best positioned to enforce widespread, consistent regulations.",emphasis_and_evaluation_stakeholder_responsibility,"I should analyze who bears responsibility—whether government, individuals, corporations, or other institutions. ",Importantly,emphasis_and_evaluation,incentives_and_power_dynamics,"Importantly, without government enforcement, corporations have little incentive to switch to sustainable alternatives, and consumers often lack access to viable substitutes.",emphasis_and_evaluation_incentives_and_power_dynamics,"I should examine what behaviors are encouraged, who holds power, and how interests align or conflict. ",Importantly,concession_and_contrast,feasibility_and_implementation,"However, bans on single-use plastics have already been successfully implemented in various countries and cities, proving they are practical and enforceable.",concession_and_contrast_feasibility_and_implementation,I should evaluate whether the proposal can actually be implemented and enforced effectively. ,However
40,0.0,,,synthesis_faithful,random,0,20260206_121538,1.2706212997436523,"The government should enforce a total ban on single-use plastics because it has a duty to protect public health and the environment through strong, enforceable laws. The long-term damage caused by plastic pollution—such as ocean contamination, harm to marine life, and risks to human health—outweighs the temporary convenience of disposable plastics. This ban would not infringe on personal freedom but instead encourage responsible choices that benefit society as a whole. By taking decisive action now, the government can prevent irreversible environmental harm and promote a cleaner, healthier future for all. A total ban is the most effective way to ensure widespread compliance and meaningful change. It’s not about limiting choice—it’s about protecting the planet we all share.",sequence_and_transition,governance_and_accountability,"Next, the government has the responsibility to protect public health and the environment through enforceable laws, and a ban on single-use plastics is a necessary step to reduce pollution and safeguard ecosystems.",sequence_and_transition_governance_and_accountability,"I should consider legal frameworks, accountability mechanisms, democratic principles, and proper authority. ",Next,emphasis_and_evaluation,cost_benefit_and_impact_analysis,"Importantly, the long-term environmental and health costs of plastic pollution—like contaminated water, harm to wildlife, and increased healthcare burdens—far exceed the short-term convenience and economic gains from using single-use plastics.",emphasis_and_evaluation_cost_benefit_and_impact_analysis,"I should quantify and compare costs, benefits, and real-world impacts across economic, social, and environmental dimensions. ",Importantly,exemplification,rights_and_liberties,"For example, banning single-use plastics doesn't eliminate personal freedom—it redirects choices toward more sustainable, responsible behavior that protects shared resources like clean air, water, and soil for everyone.",exemplification_rights_and_liberties,"I should consider inalienable human rights, civil liberties, privacy protections, and the freedom to make one's own choices. ",For example
40,0.0,,,synthesis_faithful,random,1,20260206_121538,1.1836915016174316,"The government should enforce a total ban on single-use plastics because these items cause severe and long-lasting environmental damage. They pollute our oceans, endanger marine life, and can take over 500 years to break down, which harms ecosystems and human health. While some may argue about personal freedom, the right to a clean and safe environment is more important than the convenience of disposable plastics. A ban would encourage innovation in sustainable alternatives and reduce waste at the source. Governments have a responsibility to protect public health and the planet, and a total ban is a clear, effective step in that direction. This kind of policy reflects the will of the people who care about future generations and the world we live in.",sequence_and_transition,governance_and_accountability,"Next, I’ll argue that banning single-use plastics is a reasonable and necessary step for public health and environmental protection, especially when such items are widely available and harmful.",sequence_and_transition_governance_and_accountability,"I should consider legal frameworks, accountability mechanisms, democratic principles, and proper authority. ",Next,emphasis_and_evaluation,cost_benefit_and_impact_analysis,"Importantly, single-use plastics pollute our oceans, harm wildlife, and take hundreds of years to decompose—these harms far outweigh the convenience they provide.",emphasis_and_evaluation_cost_benefit_and_impact_analysis,"I should quantify and compare costs, benefits, and real-world impacts across economic, social, and environmental dimensions. ",Importantly,exemplification,rights_and_liberties,"For example, the right to a clean and healthy environment is a fundamental human right, and allowing unlimited plastic waste violates that right for current and future generations.",exemplification_rights_and_liberties,"I should consider inalienable human rights, civil liberties, privacy protections, and the freedom to make one's own choices. ",For example
40,0.0,,,synthesis_faithful,random,2,20260206_121538,1.1800408363342285,"The government should enforce a total ban on single-use plastics because the environmental damage they cause—such as pollution in oceans, harm to wildlife, and long-term microplastic contamination—poses a serious threat to public health and ecosystems. While some may argue that such a ban restricts personal freedom, the right to live in a clean and safe environment is more fundamental than the convenience of disposable products. The economic transition to alternatives, though requiring initial investment, creates opportunities for green jobs and innovation in sustainable materials. Banning single-use plastics is not an overreach of government power but a necessary step to protect future generations, and it aligns with democratic values by prioritizing the well-being of the public over corporate interests. Ultimately, the harm caused by continued plastic use is far greater than the temporary inconvenience of change.",sequence_and_transition,governance_and_accountability,"Next, I must consider how laws are enacted and enforced through democratic processes, and how this relates to public safety and environmental protection.",sequence_and_transition_governance_and_accountability,"I should consider legal frameworks, accountability mechanisms, democratic principles, and proper authority. ",Next,emphasis_and_evaluation,cost_benefit_and_impact_analysis,"Importantly, the long-term environmental and health benefits of eliminating single-use plastics far outweigh the short-term economic disruptions.",emphasis_and_evaluation_cost_benefit_and_impact_analysis,"I should quantify and compare costs, benefits, and real-world impacts across economic, social, and environmental dimensions. ",Importantly,exemplification,rights_and_liberties,"For example, the right to a clean and healthy environment is foundational and should not be compromised by convenience or corporate profit.",exemplification_rights_and_liberties,"I should consider inalienable human rights, civil liberties, privacy protections, and the freedom to make one's own choices. ",For example
40,0.0,,,synthesis_faithful,random,3,20260206_121538,1.0618164539337158,"A total ban on single-use plastics is essential because these materials cause severe environmental damage, choking wildlife and polluting oceans. Even though some might worry about inconvenience, the long-term health of the planet and human communities outweighs temporary discomfort. Plastic waste takes hundreds of years to decompose, and without a ban, pollution will only grow worse. A government-led ban ensures fairness, accountability, and consistency across regions, preventing companies from shifting harm to less regulated areas. It also encourages innovation in sustainable alternatives, creating new jobs and cleaner products. Ultimately, protecting our environment and public health is a responsibility we all share, and a total ban is the most effective way to meet that duty.",sequence_and_transition,governance_and_accountability,"Next, I should explain why a total ban is necessary to protect public health and the environment, emphasizing widespread pollution and harm to wildlife.",sequence_and_transition_governance_and_accountability,"I should consider legal frameworks, accountability mechanisms, democratic principles, and proper authority. ",Next,emphasis_and_evaluation,cost_benefit_and_impact_analysis,"Importantly, single-use plastics pollute oceans and harm animals, and a ban would reduce this damage significantly.",emphasis_and_evaluation_cost_benefit_and_impact_analysis,"I should quantify and compare costs, benefits, and real-world impacts across economic, social, and environmental dimensions. ",Importantly,exemplification,rights_and_liberties,"For example, banning single-use plastics means fewer plastic bags in landfills and cleaner rivers, which benefits everyone's health.",exemplification_rights_and_liberties,"I should consider inalienable human rights, civil liberties, privacy protections, and the freedom to make one's own choices. ",For example
40,0.0,,,synthesis_faithful,random,4,20260206_121538,1.1189815998077393,"The government should enforce a total ban on single-use plastics because it has the legal authority and moral duty to protect public health and the environment. Such a ban would significantly reduce plastic pollution in oceans, rivers, and landfills, helping to preserve wildlife and ecosystems for future generations. While some may argue it limits personal freedom, the right to breathe clean air, drink safe water, and live in a non-toxic environment is a more essential freedom. A ban does not remove choice—it redirects it toward sustainable alternatives that benefit everyone. The long-term environmental and health costs of inaction far outweigh the short-term convenience of plastic use. Therefore, a government-led ban is a necessary and responsible step for the common good.",sequence_and_transition,governance_and_accountability,"Next, I will argue that the government has the lawful authority and responsibility to regulate harmful substances for public welfare.",sequence_and_transition_governance_and_accountability,"I should consider legal frameworks, accountability mechanisms, democratic principles, and proper authority. ",Next,emphasis_and_evaluation,cost_benefit_and_impact_analysis,"Importantly, a government ban on single-use plastics helps prevent environmental harm, reduces pollution, and protects ecosystems and human health.",emphasis_and_evaluation_cost_benefit_and_impact_analysis,"I should quantify and compare costs, benefits, and real-world impacts across economic, social, and environmental dimensions. ",Importantly,exemplification,rights_and_liberties,"For example, the freedom to avoid pollution and live in a cleaner, safer environment is a fundamental right that a plastic ban supports, not infringes upon.",exemplification_rights_and_liberties,"I should consider inalienable human rights, civil liberties, privacy protections, and the freedom to make one's own choices. ",For example
41,0.0,,,synthesis_faithful,random,0,20260206_121538,1.1477246284484863,"The government should enforce a total ban on single-use plastics because it would push society toward more sustainable habits and reduce pollution. Since the government has a duty to protect both people and the planet, continuing to allow harmful plastic waste is irresponsible. The damage we see from plastic—like clogged waterways, dead marine animals, and contaminated food chains—is far worse than the minor inconvenience of using reusable bags or containers. While some may worry about immediate changes, the shift is manageable and supported by countries that have already banned or limited plastic use. In the end, a ban is a necessary step to preserve our environment and ensure healthier communities for future generations.",conditional,feasibility_and_implementation,"If the government enforces a total ban on single-use plastics, it would create a strong incentive for businesses and consumers to switch to reusable and sustainable alternatives.",conditional_feasibility_and_implementation,I should evaluate whether the proposal can actually be implemented and enforced effectively. ,If,sequence_and_transition,stakeholder_responsibility,"Next, the government has a responsibility to protect public health and the environment, and allowing single-use plastics to continue contributes to pollution and harm to ecosystems.",sequence_and_transition_stakeholder_responsibility,"I should analyze who bears responsibility—whether government, individuals, corporations, or other institutions. ",Next,clarification_and_specification,cost_benefit_and_impact_analysis,"In other words, the long-term environmental and economic costs of plastic pollution—like cleaning up oceans, harming wildlife, and damaging fisheries—far exceed the short-term convenience of single-use plastics.",clarification_and_specification_cost_benefit_and_impact_analysis,"I should quantify and compare costs, benefits, and real-world impacts across economic, social, and environmental dimensions. ",In other words
41,0.0,,,synthesis_faithful,random,1,20260206_121538,0.9883773326873779,"The government should enforce a total ban on single-use plastics because it would drastically reduce plastic pollution in our environment. As the entity responsible for public health and environmental protection, the government is best positioned to implement and enforce such a ban. Although some businesses may need time to adapt, the long-term benefits—such as cleaner oceans, safer wildlife, and lower waste management costs—far outweigh the short-term challenges. In the end, protecting our planet and future generations is more important than convenience for a few industries.",conditional,feasibility_and_implementation,"If the government enforces a total ban on single-use plastics, it would significantly reduce plastic pollution in our environment.",conditional_feasibility_and_implementation,I should evaluate whether the proposal can actually be implemented and enforced effectively. ,If,sequence_and_transition,stakeholder_responsibility,"Next, the government has the authority and responsibility to protect public health and the environment, making it the most suitable entity to lead such a ban.",sequence_and_transition_stakeholder_responsibility,"I should analyze who bears responsibility—whether government, individuals, corporations, or other institutions. ",Next,clarification_and_specification,cost_benefit_and_impact_analysis,"In other words, while some industries may face short-term adjustments, the long-term benefits—like cleaner oceans, less wildlife harm, and reduced waste management costs—far outweigh the temporary inconveniences.",clarification_and_specification_cost_benefit_and_impact_analysis,"I should quantify and compare costs, benefits, and real-world impacts across economic, social, and environmental dimensions. ",In other words
41,0.0,,,synthesis_faithful,random,2,20260206_121538,1.2061281204223633,"The government should enforce a total ban on single-use plastics because it would drastically reduce pollution in our oceans and landfills, protecting wildlife and ecosystems. Governments have a responsibility to safeguard public health and the environment, and a ban is a necessary step to address a major source of long-term environmental damage. Although some may find the change inconvenient, reusable options are increasingly available and cost-effective, making the shift practical for most people. The long-term benefits to the planet and future generations far outweigh any short-term adjustments. A ban sends a clear message that sustainability matters and encourages innovation in eco-friendly alternatives. This policy is not just about restriction—it's about building a cleaner, healthier world for everyone.",conditional,feasibility_and_implementation,"If the government enforces a total ban on single-use plastics, it would significantly reduce the amount of plastic waste that ends up in landfills and oceans, helping to protect the environment and wildlife.",conditional_feasibility_and_implementation,I should evaluate whether the proposal can actually be implemented and enforced effectively. ,If,sequence_and_transition,stakeholder_responsibility,"Next, governments have the authority and responsibility to protect public health and the environment, and a ban on single-use plastics aligns with that duty by addressing a major source of pollution.",sequence_and_transition_stakeholder_responsibility,"I should analyze who bears responsibility—whether government, individuals, corporations, or other institutions. ",Next,clarification_and_specification,cost_benefit_and_impact_analysis,"In other words, while some people might find it inconvenient at first, reusable alternatives are becoming more accessible and affordable, making the transition manageable for everyday life.",clarification_and_specification_cost_benefit_and_impact_analysis,"I should quantify and compare costs, benefits, and real-world impacts across economic, social, and environmental dimensions. ",In other words
41,0.0,,,synthesis_faithful,random,3,20260206_121538,1.1564831733703613,"A total ban on single-use plastics by the government is necessary because it would drastically reduce pollution in oceans, rivers, and landfills, protecting both wildlife and human health. The government has a duty to act on issues that affect everyone, especially when individual efforts fall short in tackling systemic problems. While the change might cause some short-term inconvenience, the long-term benefits to the environment, public safety, and natural resources are far greater. Over time, alternatives like reusable or biodegradable materials become more accessible and affordable. With proper planning and support, a ban is not only feasible but essential for a sustainable future. The health of our planet depends on bold action now, and the government must lead the way.",conditional,feasibility_and_implementation,"If the government enforces a total ban on single-use plastics, it would significantly reduce environmental pollution and protect ecosystems.",conditional_feasibility_and_implementation,I should evaluate whether the proposal can actually be implemented and enforced effectively. ,If,sequence_and_transition,stakeholder_responsibility,"Next, the government has a responsibility to act for the public good, especially when individual actions alone are not enough to solve large-scale environmental problems.",sequence_and_transition_stakeholder_responsibility,"I should analyze who bears responsibility—whether government, individuals, corporations, or other institutions. ",Next,clarification_and_specification,cost_benefit_and_impact_analysis,"In other words, even though transitioning away from single-use plastics may cause short-term inconvenience, the long-term benefits to public health, wildlife, and the planet far outweigh these temporary challenges.",clarification_and_specification_cost_benefit_and_impact_analysis,"I should quantify and compare costs, benefits, and real-world impacts across economic, social, and environmental dimensions. ",In other words
41,0.0,,,synthesis_faithful,random,4,20260206_121538,1.169503927230835,"A total ban on single-use plastics is necessary because these materials pollute oceans, harm wildlife, and take hundreds of years to decompose. The government must act because corporations profit from producing these harmful items, and without regulation, there’s no incentive for change. While some people worry about the inconvenience, affordable and accessible alternatives like reusable bags and containers already exist. The environmental damage caused by plastic waste far exceeds any short-term hassle of switching habits. Acting now prevents worse outcomes in the future, such as toxic food chains and rising cleanup costs. The government has a duty to protect public health and natural resources. Therefore, a total ban is not only responsible but essential for a sustainable future.",conditional,feasibility_and_implementation,"If the government enforces a total ban on single-use plastics, it would significantly reduce pollution and protect ecosystems from long-term environmental harm.",conditional_feasibility_and_implementation,I should evaluate whether the proposal can actually be implemented and enforced effectively. ,If,sequence_and_transition,stakeholder_responsibility,"Next, since most single-use plastics come from large corporations producing cheap, disposable products, the government has a responsibility to step in and regulate these harmful materials before they cause irreversible damage.",sequence_and_transition_stakeholder_responsibility,"I should analyze who bears responsibility—whether government, individuals, corporations, or other institutions. ",Next,clarification_and_specification,cost_benefit_and_impact_analysis,"In other words, although some people worry about inconvenience, reusable alternatives are increasingly affordable and available, and the long-term health of the planet outweighs temporary discomfort.",clarification_and_specification_cost_benefit_and_impact_analysis,"I should quantify and compare costs, benefits, and real-world impacts across economic, social, and environmental dimensions. ",In other words
42,0.0,,,synthesis_faithful,random,0,20260206_121538,1.1327145099639893,"The government should enforce a total ban on single-use plastics because it has a moral obligation to protect both public health and the environment. These plastics are a major source of pollution, harming marine life, contaminating ecosystems, and contributing to climate change. While some may worry about economic disruptions or inconvenience, the long-term benefits of cleaner oceans, reduced waste, and healthier communities make the ban a necessary and responsible choice. Alternatives like reusable or biodegradable materials are already available and becoming more affordable. The switch is not just practical—it’s essential for the well-being of future generations. A total ban sends a clear message that sustainability is a priority. Ultimately, protecting our planet and people is more important than convenience.",emphasis_and_evaluation,ethical_principles,"Importantly, the government has a responsibility to protect public health and the environment, and banning single-use plastics aligns with this duty.",emphasis_and_evaluation_ethical_principles,"I should evaluate actions based on moral rules, character virtues, relationships, and ethical obligations. ",Importantly,evidence_and_authority,cost_benefit_and_impact_analysis,"Evidence shows that single-use plastics pollute oceans, harm wildlife, and contribute to climate change, making a ban necessary for long-term environmental stability.",evidence_and_authority_cost_benefit_and_impact_analysis,"I should quantify and compare costs, benefits, and real-world impacts across economic, social, and environmental dimensions. ",Evidence shows that,conclusion_and_summary,cost_benefit_and_impact_analysis,"In conclusion, even though alternatives may have short-term costs, the long-term benefits to public health, ecosystems, and sustainability far outweigh them.",conclusion_and_summary_cost_benefit_and_impact_analysis,"I should quantify and compare costs, benefits, and real-world impacts across economic, social, and environmental dimensions. ",In conclusion
42,0.0,,,synthesis_faithful,random,1,20260206_121538,1.0981550216674805,"We have a moral duty to protect the planet for future generations, and banning single-use plastics is a responsible action to fulfill that duty. These materials pollute our oceans, kill marine life, and take centuries to break down, causing lasting harm to ecosystems. While some might worry about the inconvenience or cost, the long-term benefits to the environment and public health are far greater. Many countries have already implemented similar bans with success, showing it's both feasible and effective. By making this change, we can reduce waste, protect wildlife, and encourage innovation in sustainable alternatives. Ultimately, a total ban is a necessary step toward a cleaner, healthier world.",emphasis_and_evaluation,ethical_principles,"Importantly, we have a moral duty to protect the environment for future generations, and banning single-use plastics is a responsible step toward fulfilling that duty.",emphasis_and_evaluation_ethical_principles,"I should evaluate actions based on moral rules, character virtues, relationships, and ethical obligations. ",Importantly,evidence_and_authority,cost_benefit_and_impact_analysis,"Evidence shows that single-use plastics pollute oceans, harm wildlife, and take hundreds of years to decompose, making a ban both practical and necessary.",evidence_and_authority_cost_benefit_and_impact_analysis,"I should quantify and compare costs, benefits, and real-world impacts across economic, social, and environmental dimensions. ",Evidence shows that,conclusion_and_summary,cost_benefit_and_impact_analysis,"In conclusion, the long-term environmental and health benefits of banning single-use plastics far outweigh the short-term inconveniences or costs to consumers and businesses.",conclusion_and_summary_cost_benefit_and_impact_analysis,"I should quantify and compare costs, benefits, and real-world impacts across economic, social, and environmental dimensions. ",In conclusion
42,0.0,,,synthesis_faithful,random,2,20260206_121538,1.0462591648101807,"The government has a moral duty to protect its citizens, and single-use plastics are harmful to both people and the planet. These plastics pollute our oceans, endanger wildlife, and can even enter our food chain, posing serious health risks. While some may argue about convenience, the long-term environmental and health costs far outweigh the short-term benefits. A total ban would encourage innovation in sustainable alternatives and help build a cleaner, healthier society. Ultimately, protecting the environment and public well-being should come before the convenience of disposable products. The time to act is now—banning single-use plastics is not just wise, it’s essential.",emphasis_and_evaluation,ethical_principles,"Importantly, the government has a moral obligation to protect citizens from harmful products, and single-use plastics pose significant environmental and health risks.",emphasis_and_evaluation_ethical_principles,"I should evaluate actions based on moral rules, character virtues, relationships, and ethical obligations. ",Importantly,evidence_and_authority,cost_benefit_and_impact_analysis,"Evidence shows that single-use plastics contribute to pollution, harm wildlife, and degrade ecosystems, with long-term costs far exceeding short-term convenience.",evidence_and_authority_cost_benefit_and_impact_analysis,"I should quantify and compare costs, benefits, and real-world impacts across economic, social, and environmental dimensions. ",Evidence shows that,conclusion_and_summary,cost_benefit_and_impact_analysis,"In conclusion, banning single-use plastics is a necessary step to safeguard public health, reduce environmental damage, and promote sustainable living for future generations.",conclusion_and_summary_cost_benefit_and_impact_analysis,"I should quantify and compare costs, benefits, and real-world impacts across economic, social, and environmental dimensions. ",In conclusion
42,0.0,,,synthesis_faithful,random,3,20260206_121538,1.143979549407959,"The government has a moral duty to protect the environment and public health, and banning single-use plastics is a vital step toward fulfilling that responsibility. These materials cause widespread pollution, damage marine life, and contribute to climate change, all of which threaten the planet’s stability. Although some businesses may need time to adjust, the long-term benefits to ecosystems and human well-being make this ban not just reasonable, but necessary. The environmental cost of inaction is far greater than the short-term economic adjustments. A ban encourages innovation in sustainable alternatives and promotes responsible consumption. Ultimately, protecting the planet for future generations requires bold action today. Therefore, a total ban on single-use plastics is the right and responsible choice.",emphasis_and_evaluation,ethical_principles,"Importantly, the government has a duty to protect the environment and public health, and banning single-use plastics is a necessary step to fulfill this responsibility.",emphasis_and_evaluation_ethical_principles,"I should evaluate actions based on moral rules, character virtues, relationships, and ethical obligations. ",Importantly,evidence_and_authority,cost_benefit_and_impact_analysis,"Evidence shows that single-use plastics pollute oceans, harm wildlife, and contribute to climate change, making a ban essential for long-term environmental sustainability.",evidence_and_authority_cost_benefit_and_impact_analysis,"I should quantify and compare costs, benefits, and real-world impacts across economic, social, and environmental dimensions. ",Evidence shows that,conclusion_and_summary,cost_benefit_and_impact_analysis,"In conclusion, while some industries may face short-term challenges, the long-term benefits to ecosystems, human health, and future generations far outweigh any temporary inconvenience.",conclusion_and_summary_cost_benefit_and_impact_analysis,"I should quantify and compare costs, benefits, and real-world impacts across economic, social, and environmental dimensions. ",In conclusion
42,0.0,,,synthesis_faithful,random,4,20260206_121538,1.1576957702636719,"We have a moral obligation to protect the environment for future generations, and allowing single-use plastics to continue in circulation fails that duty. These plastics pollute our oceans, endanger animals, and remain in ecosystems for hundreds of years, causing irreversible damage. While they offer short-term convenience, the long-term environmental and health costs are too high to ignore. A total ban is a clear, decisive action that aligns with our responsibility to safeguard the planet. It encourages innovation in sustainable alternatives and sends a strong message about our values. Ultimately, protecting the Earth requires bold, decisive measures—like a complete ban on single-use plastics. This is not just practical; it’s the right thing to do.",emphasis_and_evaluation,ethical_principles,"Importantly, we have a moral duty to protect the environment for future generations, and continuing to allow single-use plastics undermines this responsibility.",emphasis_and_evaluation_ethical_principles,"I should evaluate actions based on moral rules, character virtues, relationships, and ethical obligations. ",Importantly,evidence_and_authority,cost_benefit_and_impact_analysis,"Evidence shows that single-use plastics pollute oceans, harm wildlife, and persist in ecosystems for centuries, making their continued use unsustainable and environmentally irresponsible.",evidence_and_authority_cost_benefit_and_impact_analysis,"I should quantify and compare costs, benefits, and real-world impacts across economic, social, and environmental dimensions. ",Evidence shows that,conclusion_and_summary,cost_benefit_and_impact_analysis,"In conclusion, the harms caused by single-use plastics far outweigh any short-term convenience they provide, justifying a total ban as a necessary and ethical step for long-term planetary health.",conclusion_and_summary_cost_benefit_and_impact_analysis,"I should quantify and compare costs, benefits, and real-world impacts across economic, social, and environmental dimensions. ",In conclusion
43,0.0,,,synthesis_faithful,random,0,20260206_121538,1.1615521907806396,"The government should enforce a total ban on single-use plastics because it has the legal authority and responsibility to protect public health and the environment. While individuals have the right to make personal choices, these rights are not absolute when they lead to significant harm to others or the planet. Single-use plastics pollute ecosystems, harm wildlife, and contribute to climate change—problems that affect everyone, not just the users. In such cases, government intervention is justified to prevent widespread harm and ensure long-term sustainability. Laws that restrict harmful products are common and accepted, such as bans on leaded gasoline or tobacco advertising. Therefore, a ban on single-use plastics is a necessary and reasonable action to safeguard both people and the planet.",evidence_and_authority,governance_and_accountability,"Evidence shows that the government has the legal authority and responsibility to regulate harmful products, including single-use plastics, to protect public health and the environment.",evidence_and_authority_governance_and_accountability,"I should consider legal frameworks, accountability mechanisms, democratic principles, and proper authority. ",Evidence shows that,exemplification,rights_and_liberties,"For example, individuals have the right to make choices about their own consumption, and government bans may infringe on personal freedom and autonomy.",exemplification_rights_and_liberties,"I should consider inalienable human rights, civil liberties, privacy protections, and the freedom to make one's own choices. ",For example,conditional,governance_and_accountability,"If a product is proven to cause widespread environmental damage and harm to public health, the government has a duty to act in the public interest, even if it limits individual choices.",conditional_governance_and_accountability,"I should consider legal frameworks, accountability mechanisms, democratic principles, and proper authority. ",If
43,0.0,,,synthesis_faithful,random,1,20260206_121538,1.2944025993347168,"The government should enforce a total ban on single-use plastics because these materials cause severe environmental harm, polluting oceans, harming wildlife, and contributing to long-term ecological damage. While some may argue that such a ban infringes on personal freedom, the greater good—protecting public health and the planet—justifies limiting individual convenience. Government regulation in this area is not only lawful but necessary, as demonstrated by successful bans in other countries that have significantly reduced plastic waste. A total ban ensures consistency and effectiveness, avoiding loopholes that voluntary measures often create. Moreover, the government has a responsibility to act when private choices lead to collective harm. With proper public consultation and phased implementation, such a ban can be fair and enforceable. Therefore, a government-enforced ban on single-use plastics is a necessary and justified step toward a sustainable future.",evidence_and_authority,governance_and_accountability,"Evidence shows that the government has the authority to regulate harmful products for public safety, and a ban on single-use plastics aligns with this responsibility.",evidence_and_authority_governance_and_accountability,"I should consider legal frameworks, accountability mechanisms, democratic principles, and proper authority. ",Evidence shows that,exemplification,rights_and_liberties,"For example, people have the right to make personal choices about their consumption habits, and a government ban could infringe on that freedom without sufficient justification.",exemplification_rights_and_liberties,"I should consider inalienable human rights, civil liberties, privacy protections, and the freedom to make one's own choices. ",For example,conditional,governance_and_accountability,"If the government were to enforce an outright ban on single-use plastics, it would need to ensure that such a regulation is proportionate, transparent, and subject to public input.",conditional_governance_and_accountability,"I should consider legal frameworks, accountability mechanisms, democratic principles, and proper authority. ",If
43,0.0,,,synthesis_faithful,random,2,20260206_121538,1.5512988567352295,"The government should enforce a total ban on single-use plastics because evidence from countries like Rwanda and Kenya shows that such bans significantly reduce plastic pollution and encourage the use of sustainable alternatives. While personal freedom is important, the environmental harm caused by single-use plastics—such as ocean pollution and harm to wildlife—poses a serious threat to public health and ecosystems, justifying necessary restrictions. A ban must be implemented with scientific backing, clear enforcement, and public input to ensure fairness and accountability. By taking decisive action, the government upholds its responsibility to protect natural resources for future generations. Such a ban is not an overreach, but a proportionate response to a pressing environmental crisis. Ultimately, collective action through policy is essential when individual choices alone fail to address large-scale problems. Therefore, a total ban on single-use plastics is both necessary and justified.",evidence_and_authority,governance_and_accountability,"Evidence shows that bans on single-use plastics are effective in reducing environmental pollution and promoting sustainable alternatives. For example, countries like Rwanda and Kenya have successfully reduced plastic waste after implementing strict bans, which proves such policies can work in real-world settings.",evidence_and_authority_governance_and_accountability,"I should consider legal frameworks, accountability mechanisms, democratic principles, and proper authority. ",Evidence shows that,exemplification,rights_and_liberties,"For example, individuals have the right to choose their own lifestyle, including the use of products they prefer, such as plastic bags or containers, as long as it does not harm others or the environment. The government should not overreach by restricting personal freedoms unless there is a compelling public interest.",exemplification_rights_and_liberties,"I should consider inalienable human rights, civil liberties, privacy protections, and the freedom to make one's own choices. ",For example,conditional,governance_and_accountability,"If the government enforces a total ban on single-use plastics, it must ensure that the ban is based on scientific evidence, has clear enforcement mechanisms, and is implemented with public consultation to maintain accountability and democratic legitimacy.",conditional_governance_and_accountability,"I should consider legal frameworks, accountability mechanisms, democratic principles, and proper authority. ",If
43,0.0,,,synthesis_faithful,random,3,20260206_121538,1.1901965141296387,"The government has a legal and moral responsibility to protect public welfare, especially when individual choices lead to large-scale environmental damage. While people have the right to make personal decisions, including using single-use plastics, these choices should not come at the cost of harming ecosystems and future generations. When widespread use of a product causes irreversible harm—such as pollution in oceans and harm to wildlife—the government must act to prevent that harm, just as it does with other dangerous substances or practices. A total ban on single-use plastics is a necessary and proportionate response to a growing crisis that threatens both nature and human health. Without government intervention, individual freedoms would result in collective suffering, undermining the very foundation of a just society. Therefore, enforcing a total ban is not a restriction on freedom, but a responsible safeguard for everyone’s long-term well-being.",evidence_and_authority,governance_and_accountability,Evidence shows that governments have both the legal authority and moral responsibility to regulate harmful practices for public welfare.,evidence_and_authority_governance_and_accountability,"I should consider legal frameworks, accountability mechanisms, democratic principles, and proper authority. ",Evidence shows that,exemplification,rights_and_liberties,"For example, the right to personal autonomy includes the freedom to choose what one uses, even if it's a single-use plastic item.",exemplification_rights_and_liberties,"I should consider inalienable human rights, civil liberties, privacy protections, and the freedom to make one's own choices. ",For example,conditional,governance_and_accountability,"If an individual’s choice leads to widespread environmental harm, the government has a duty to step in and protect collective well-being.",conditional_governance_and_accountability,"I should consider legal frameworks, accountability mechanisms, democratic principles, and proper authority. ",If
43,0.0,,,synthesis_faithful,random,4,20260206_121538,1.442230224609375,"The government should enforce a total ban on single-use plastics because it is a necessary step to protect public health and the environment. Without such action, individuals often lack the information or alternatives to make sustainable choices, leading to widespread pollution. A ban ensures accountability and fairness across communities and businesses, preventing the most harmful practices from continuing. This measure is not an overreach of government power but a responsible use of authority to preserve shared natural resources for current and future generations. Ultimately, protecting the planet aligns with our collective duty to live sustainably and responsibly.",evidence_and_authority,governance_and_accountability,"Evidence shows that government enforcement of bans on single-use plastics is a necessary and effective way to protect public health and the environment. When individuals are left to make their own choices, many lack access to sustainable alternatives or are unaware of the environmental harm caused by plastic waste. A government-imposed ban ensures accountability and creates a level playing field for businesses and consumers alike.",evidence_and_authority_governance_and_accountability,"I should consider legal frameworks, accountability mechanisms, democratic principles, and proper authority. ",Evidence shows that,exemplification,rights_and_liberties,"For example, in the United States, the First Amendment protects the right to speak freely, which includes advocating for change through protest, petition, and public discourse. This right allows citizens to influence policy, including supporting a ban on single-use plastics, without needing government permission to express their views.",exemplification_rights_and_liberties,"I should consider inalienable human rights, civil liberties, privacy protections, and the freedom to make one's own choices. ",For example,conditional,governance_and_accountability,"If the government does not take a firm stance, environmental degradation will continue unchecked, affecting air, water, and soil quality. A total ban on single-use plastics is not an overreach—it is a responsible use of authority to safeguard shared resources that belong to everyone.",conditional_governance_and_accountability,"I should consider legal frameworks, accountability mechanisms, democratic principles, and proper authority. ",If
44,0.0,,,synthesis_faithful,random,0,20260206_121538,1.1058204174041748,"Single-use plastics are a major source of pollution, especially in oceans and waterways, harming wildlife and ecosystems. A total ban would incentivize innovation in sustainable alternatives, pushing businesses to develop eco-friendly packaging solutions. Evidence shows that plastic waste disproportionately affects low-income communities and developing nations, so a ban reflects a moral responsibility to protect vulnerable populations. While some may worry about convenience, the long-term environmental and health benefits far outweigh short-term discomfort. The government has a duty to protect public health and the planet for future generations. Simply put, we can’t afford to wait—banning single-use plastics is a necessary and responsible step. This is not just about reducing litter; it’s about making sustainable choices the default for everyone.",addition_and_elaboration,risk_and_unintended_consequences,"Moreover, single-use plastics are a major source of pollution, especially in oceans and waterways, harming wildlife and ecosystems.",addition_and_elaboration_risk_and_unintended_consequences,"I should identify risks, unintended outcomes, cascading effects, and potential for escalation. ",Moreover,sequence_and_transition,incentives_and_power_dynamics,"Next, a total ban would incentivize innovation in sustainable alternatives, pushing businesses to develop eco-friendly packaging solutions.",sequence_and_transition_incentives_and_power_dynamics,"I should examine what behaviors are encouraged, who holds power, and how interests align or conflict. ",Next,evidence_and_authority,ethical_principles,"Evidence shows that plastic waste disproportionately affects low-income communities and developing nations, so a ban reflects a moral responsibility to protect vulnerable populations.",evidence_and_authority_ethical_principles,"I should evaluate actions based on moral rules, character virtues, relationships, and ethical obligations. ",Evidence shows that
44,0.0,,,synthesis_faithful,random,1,20260206_121538,1.064971685409546,"A total ban on single-use plastics is necessary because it would drastically reduce pollution in our oceans and landfills, protecting wildlife and ecosystems. It would also force companies to innovate and create eco-friendly alternatives, leading to long-term environmental and economic benefits. Given that these plastics take hundreds of years to break down and contribute to climate change, continuing their use is ethically irresponsible. As an average person concerned about the world we leave for future generations, I believe we must act now to protect our planet. The short-term inconvenience of change is outweighed by the long-term health of our environment. A ban is a clear, decisive step toward sustainability and responsibility.",addition_and_elaboration,risk_and_unintended_consequences,"Moreover, a total ban would drastically reduce the amount of plastic waste polluting our oceans and landfills, which is already harming wildlife and ecosystems.",addition_and_elaboration_risk_and_unintended_consequences,"I should identify risks, unintended outcomes, cascading effects, and potential for escalation. ",Moreover,sequence_and_transition,incentives_and_power_dynamics,"Next, it would push manufacturers to innovate and develop sustainable alternatives, leading to long-term environmental and economic benefits.",sequence_and_transition_incentives_and_power_dynamics,"I should examine what behaviors are encouraged, who holds power, and how interests align or conflict. ",Next,evidence_and_authority,ethical_principles,"Evidence shows that single-use plastics take hundreds of years to decompose, and their production contributes to climate change—continuing this practice is ethically irresponsible.",evidence_and_authority_ethical_principles,"I should evaluate actions based on moral rules, character virtues, relationships, and ethical obligations. ",Evidence shows that
44,0.0,,,synthesis_faithful,random,2,20260206_121538,1.1981520652770996,"Single-use plastics are a major source of pollution that harms wildlife, contaminates water supplies, and even enters the human food chain through microplastics. A total government ban would force a shift toward reusable and biodegradable alternatives, driving innovation and reducing environmental damage in the long term. We have a moral obligation to protect the planet for future generations, and allowing unrestricted use of plastic undermines that responsibility. As regular citizens, we deserve a cleaner, safer environment, and a ban is the most effective way to ensure that happens. Without strong government action, individual efforts will not be enough to reverse the damage. Therefore, a total ban is both necessary and justifiable for the well-being of people and the planet.",addition_and_elaboration,risk_and_unintended_consequences,"Moreover, the harm caused by single-use plastics is not limited to environmental damage—it impacts human health through microplastics entering the food chain, which is a serious concern for everyone, not just experts.",addition_and_elaboration_risk_and_unintended_consequences,"I should identify risks, unintended outcomes, cascading effects, and potential for escalation. ",Moreover,sequence_and_transition,incentives_and_power_dynamics,"Next, a total ban would push businesses and consumers toward sustainable alternatives, encouraging innovation and reducing reliance on disposable products that harm ecosystems.",sequence_and_transition_incentives_and_power_dynamics,"I should examine what behaviors are encouraged, who holds power, and how interests align or conflict. ",Next,evidence_and_authority,ethical_principles,"Evidence shows that the planet's health is a shared responsibility, and we have a moral duty to protect future generations from the lasting pollution caused by plastic waste.",evidence_and_authority_ethical_principles,"I should evaluate actions based on moral rules, character virtues, relationships, and ethical obligations. ",Evidence shows that
44,0.0,,,synthesis_faithful,random,3,20260206_121538,1.1501049995422363,"Single-use plastics are a major source of pollution, clogging oceans and landfills, and endangering wildlife and ecosystems. A total ban would push companies to create safer, reusable, and biodegradable alternatives, encouraging innovation and long-term environmental responsibility. Beyond practical benefits, we have a moral obligation to protect the planet for future generations, who shouldn’t inherit a world poisoned by our convenience. The environmental harm caused by plastic is not temporary—it lasts for hundreds of years, and we must act decisively now. While some may worry about short-term inconvenience, the long-term benefits to health, nature, and sustainability far outweigh these concerns. A ban reflects a responsible choice that aligns with common sense and shared values. It’s time to prioritize the planet over disposable habits.",addition_and_elaboration,risk_and_unintended_consequences,"Moreover, single-use plastics contribute significantly to pollution, especially in oceans and landfills, harming wildlife and ecosystems.",addition_and_elaboration_risk_and_unintended_consequences,"I should identify risks, unintended outcomes, cascading effects, and potential for escalation. ",Moreover,sequence_and_transition,incentives_and_power_dynamics,"Next, a total ban would incentivize businesses to innovate and develop sustainable alternatives, reducing dependency on harmful materials.",sequence_and_transition_incentives_and_power_dynamics,"I should examine what behaviors are encouraged, who holds power, and how interests align or conflict. ",Next,evidence_and_authority,ethical_principles,"Evidence shows that plastic waste endures for centuries, causing long-term harm to the environment and future generations, which we have a moral duty to prevent.",evidence_and_authority_ethical_principles,"I should evaluate actions based on moral rules, character virtues, relationships, and ethical obligations. ",Evidence shows that
44,0.0,,,synthesis_faithful,random,4,20260206_121538,0.8805124759674072,"A total ban on single-use plastics is necessary because these materials severely pollute oceans and waterways, endangering marine animals and disrupting ecosystems. It also pushes businesses to create eco-friendly alternatives, promoting innovation and reducing long-term environmental harm. Since plastic waste can persist for centuries, we have a moral duty to protect the planet and ensure a healthier future for the next generation. As someone who cares about clean neighborhoods and a safe environment, I believe this ban is both practical and essential.",addition_and_elaboration,risk_and_unintended_consequences,"Moreover, banning single-use plastics helps reduce pollution in oceans and waterways, which harms marine life and ecosystems.",addition_and_elaboration_risk_and_unintended_consequences,"I should identify risks, unintended outcomes, cascading effects, and potential for escalation. ",Moreover,sequence_and_transition,incentives_and_power_dynamics,"Next, it encourages companies to innovate and develop sustainable alternatives, leading to long-term environmental and economic benefits.",sequence_and_transition_incentives_and_power_dynamics,"I should examine what behaviors are encouraged, who holds power, and how interests align or conflict. ",Next,evidence_and_authority,ethical_principles,"Evidence shows that single-use plastics take hundreds of years to decompose, so limiting their use is a responsible choice for protecting the planet for future generations.",evidence_and_authority_ethical_principles,"I should evaluate actions based on moral rules, character virtues, relationships, and ethical obligations. ",Evidence shows that
45,0.0,,,synthesis_faithful,random,0,20260206_121538,1.2660937309265137,"The government should enforce a total ban on single-use plastics because it has the power and responsibility to implement large-scale changes that individuals and businesses alone cannot achieve. A ban reflects our moral obligation to protect the planet, prevent harm to animals, and preserve natural resources for future generations. Governments are accountable to citizens and can create fair, enforceable rules that apply equally to everyone, ensuring no one is left to deal with the consequences of plastic pollution. Without strong government action, progress will be slow and inconsistent, leaving the environment vulnerable. A total ban is a necessary step toward sustainable living and long-term ecological health. Given that the average person cannot stop plastic use on their own without systemic support, government leadership is essential. Therefore, a total ban is both fair and urgently needed.",concession_and_contrast,stakeholder_responsibility,"However, while individuals and businesses play a role, the government has the authority and responsibility to implement broad, enforceable policies that can lead to real change.",concession_and_contrast_stakeholder_responsibility,"I should analyze who bears responsibility—whether government, individuals, corporations, or other institutions. ",However,addition_and_elaboration,ethical_principles,"Moreover, a total ban on single-use plastics aligns with our moral duty to protect the environment for future generations and to prevent harm to wildlife and ecosystems.",addition_and_elaboration_ethical_principles,"I should evaluate actions based on moral rules, character virtues, relationships, and ethical obligations. ",Moreover,addition_and_elaboration,governance_and_accountability,"Moreover, governments are accountable to the public and can use laws to create fair and consistent standards that apply to all, ensuring no one is left to bear the burden of pollution alone.",addition_and_elaboration_governance_and_accountability,"I should consider legal frameworks, accountability mechanisms, democratic principles, and proper authority. ",Moreover
45,0.0,,,synthesis_faithful,random,1,20260206_121538,1.2634987831115723,"The government should enforce a total ban on single-use plastics because it has the authority and responsibility to implement large-scale environmental policies that individuals alone cannot achieve. Protecting the environment is a shared moral duty, and banning single-use plastics reflects our commitment to preserving ecosystems and ensuring a healthier planet for future generations. Governments are accountable to citizens and must act when public health and environmental safety are threatened, and single-use plastics are a major source of pollution that harms wildlife, clogs waterways, and lingers in the environment for centuries. A ban would push industries to innovate with sustainable alternatives and reduce our reliance on environmentally destructive materials. While some may argue it’s inconvenient, the long-term benefits far outweigh temporary discomforts. Ultimately, a government-led ban is a necessary and ethical step toward a cleaner, safer, and more sustainable future.",concession_and_contrast,stakeholder_responsibility,"However, the government has the authority and responsibility to implement large-scale environmental policies, especially when individual actions alone cannot solve widespread pollution problems.",concession_and_contrast_stakeholder_responsibility,"I should analyze who bears responsibility—whether government, individuals, corporations, or other institutions. ",However,addition_and_elaboration,ethical_principles,"Moreover, protecting the environment is a shared moral duty, and banning single-use plastics reflects a commitment to preserving ecosystems for future generations.",addition_and_elaboration_ethical_principles,"I should evaluate actions based on moral rules, character virtues, relationships, and ethical obligations. ",Moreover,addition_and_elaboration,governance_and_accountability,"Moreover, governments are accountable to citizens and should act decisively when public health and environmental safety are at risk, as single-use plastics contribute to pollution and harm wildlife.",addition_and_elaboration_governance_and_accountability,"I should consider legal frameworks, accountability mechanisms, democratic principles, and proper authority. ",Moreover
45,0.0,,,synthesis_faithful,random,2,20260206_121538,1.328847885131836,"As an average person, I believe the government should enforce a total ban on single-use plastics because it’s their responsibility to protect public health and the environment. These plastics cause lasting harm to nature, pollute our oceans, and can even enter our food chain, which raises serious ethical concerns. The government has the power and duty to take strong action where individuals and businesses can’t or won’t. A nationwide ban would push innovation in sustainable materials and create a cleaner, safer world for everyone. It’s not about limiting freedom—it’s about protecting our shared future. So, I support a government-enforced ban as a necessary and fair step toward environmental responsibility.",concession_and_contrast,stakeholder_responsibility,"However, as an average person, I believe it's the government's job to protect public health and the environment, and since single-use plastics are a major source of pollution, it's reasonable for the government to step in and enforce a ban.",concession_and_contrast_stakeholder_responsibility,"I should analyze who bears responsibility—whether government, individuals, corporations, or other institutions. ",However,addition_and_elaboration,ethical_principles,"Moreover, as a citizen who cares about clean communities and a safer planet, I feel it’s morally right for the government to act decisively to stop the harm caused by plastic waste that ends up in oceans, landfills, and even our food.",addition_and_elaboration_ethical_principles,"I should evaluate actions based on moral rules, character virtues, relationships, and ethical obligations. ",Moreover,addition_and_elaboration,governance_and_accountability,"Moreover, the government has the authority and infrastructure to implement large-scale change and enforce rules that individuals and companies often can’t do alone—like replacing plastic with eco-friendly alternatives.",addition_and_elaboration_governance_and_accountability,"I should consider legal frameworks, accountability mechanisms, democratic principles, and proper authority. ",Moreover
45,0.0,,,synthesis_faithful,random,3,20260206_121538,1.1280317306518555,"The government should enforce a total ban on single-use plastics because it is the only entity with the authority and reach to make systemic changes needed to protect the environment. As a shared moral responsibility, preserving clean oceans, wildlife, and air for future generations requires decisive action, and the government is best positioned to lead that effort. A ban is not an overreach but a necessary step to hold polluters accountable and stop the flow of plastic waste into ecosystems. Without government enforcement, individual efforts and voluntary actions will never be enough to solve a crisis of this scale. A total ban sends a clear message that environmental protection is a public priority. It is time for leaders to act boldly and ensure our planet remains livable for all.",concession_and_contrast,stakeholder_responsibility,"However, since the government holds the power to implement broad, enforceable policies, it must take the lead in solving large-scale environmental problems like plastic pollution.",concession_and_contrast_stakeholder_responsibility,"I should analyze who bears responsibility—whether government, individuals, corporations, or other institutions. ",However,addition_and_elaboration,ethical_principles,"Moreover, protecting the environment is a shared moral duty, and the government has a responsibility to safeguard natural resources for future generations.",addition_and_elaboration_ethical_principles,"I should evaluate actions based on moral rules, character virtues, relationships, and ethical obligations. ",Moreover,addition_and_elaboration,governance_and_accountability,"Moreover, a government ban is a legitimate and necessary use of authority to prevent irreversible harm to ecosystems and public health.",addition_and_elaboration_governance_and_accountability,"I should consider legal frameworks, accountability mechanisms, democratic principles, and proper authority. ",Moreover
45,0.0,,,synthesis_faithful,random,4,20260206_121538,1.0448825359344482,"The government should enforce a total ban on single-use plastics because it has the authority and responsibility to implement large-scale solutions that individuals and companies alone cannot achieve. This ban reflects a moral obligation to protect the environment, prevent pollution, and safeguard natural ecosystems for future generations. As the entity with the power to create and enforce laws, the government is best positioned to ensure consistent compliance and hold industries accountable. Without strong government action, plastic waste will continue to harm wildlife, clog waterways, and contribute to climate change. A total ban is a necessary step toward sustainable living and long-term environmental health.",concession_and_contrast,stakeholder_responsibility,"However, while individuals and industries play roles, the government has the authority and responsibility to implement broad, enforceable policies that can create systemic change.",concession_and_contrast_stakeholder_responsibility,"I should analyze who bears responsibility—whether government, individuals, corporations, or other institutions. ",However,addition_and_elaboration,ethical_principles,"Moreover, banning single-use plastics protects the environment for future generations, which reflects a moral duty to preserve nature and avoid harm to ecosystems and communities.",addition_and_elaboration_ethical_principles,"I should evaluate actions based on moral rules, character virtues, relationships, and ethical obligations. ",Moreover,addition_and_elaboration,governance_and_accountability,"Moreover, the government is the most appropriate body to regulate widespread environmental threats because it can enforce rules consistently and ensure accountability across industries and populations.",addition_and_elaboration_governance_and_accountability,"I should consider legal frameworks, accountability mechanisms, democratic principles, and proper authority. ",Moreover
46,0.0,,,synthesis_faithful,random,0,20260206_121538,1.1451811790466309,"A total ban on single-use plastics is a necessary and responsible step to protect our environment and future generations. These materials harm wildlife, pollute oceans, and contribute to climate change, making their continued use unethical. Many countries, including those in the EU, have successfully implemented similar bans, proving they are enforceable and effective in reducing waste. While some inconvenience may arise initially, the long-term benefits to public health and ecosystems far outweigh the short-term challenges. With proper education and alternatives, people can adapt to a plastic-free lifestyle. Therefore, the government has a duty to act decisively for the planet’s well-being. A total ban is not just possible—it’s essential.",conditional,feasibility_and_implementation,"If the government enforces a total ban on single-use plastics, it would significantly reduce pollution and protect the environment, even if it requires some initial adjustments.",conditional_feasibility_and_implementation,I should evaluate whether the proposal can actually be implemented and enforced effectively. ,If,evidence_and_authority,governance_and_accountability,"Evidence shows that many countries with strong environmental laws, like those in the EU, have successfully implemented such bans, proving they can be enforced and respected by the public.",evidence_and_authority_governance_and_accountability,"I should consider legal frameworks, accountability mechanisms, democratic principles, and proper authority. ",Evidence shows that,evidence_and_authority,ethical_principles,"Evidence shows that single-use plastics harm wildlife, pollute oceans, and contribute to climate change, so banning them is a responsible choice for protecting future generations.",evidence_and_authority_ethical_principles,"I should evaluate actions based on moral rules, character virtues, relationships, and ethical obligations. ",Evidence shows that
46,0.0,,,synthesis_faithful,random,1,20260206_121538,1.192061424255371,"The government should enforce a total ban on single-use plastics because it would drastically reduce pollution in our oceans and landfills. Countries that have already implemented such bans have seen clear improvements in environmental health, showing that this policy is both practical and effective. Since single-use plastics take centuries to break down and often kill animals that mistake them for food, stopping their use is a moral obligation to protect wildlife and future generations. As an average person concerned about clean communities and a healthy planet, I believe stronger government action is necessary to address this growing crisis. A ban encourages innovation in eco-friendly alternatives and shifts public habits toward sustainability. It’s time we take bold steps to preserve the Earth we all share. This is a necessary and fair measure for long-term environmental safety.",conditional,feasibility_and_implementation,"If the government enforces a total ban on single-use plastics, it would significantly reduce the amount of plastic waste that pollutes our environment, especially oceans and landfills.",conditional_feasibility_and_implementation,I should evaluate whether the proposal can actually be implemented and enforced effectively. ,If,evidence_and_authority,governance_and_accountability,"Evidence shows that countries with similar bans have seen measurable drops in plastic pollution, proving such policies can work when properly enforced.",evidence_and_authority_governance_and_accountability,"I should consider legal frameworks, accountability mechanisms, democratic principles, and proper authority. ",Evidence shows that,evidence_and_authority,ethical_principles,"Evidence shows that single-use plastics take hundreds of years to decompose and harm wildlife, so banning them is a responsible choice for protecting nature and future generations.",evidence_and_authority_ethical_principles,"I should evaluate actions based on moral rules, character virtues, relationships, and ethical obligations. ",Evidence shows that
46,0.0,,,synthesis_faithful,random,2,20260206_121538,1.1279594898223877,"The government should enforce a total ban on single-use plastics because it would drastically reduce pollution in our oceans and landfills, where these materials last for centuries and endanger wildlife. Countries like Rwanda and Canada have already proven that strict bans are effective, leading to cleaner environments and encouraging businesses to develop reusable alternatives. Beyond environmental benefits, single-use plastics pose serious risks to human health through microplastic contamination, making a ban a responsible choice for public well-being. As ordinary citizens, we have a moral obligation to protect the planet for future generations, and a ban is a clear, enforceable step toward that goal. By acting now, we can create lasting change without waiting for voluntary efforts to be sufficient.",conditional,feasibility_and_implementation,"If the government enforces a total ban on single-use plastics, it would significantly reduce plastic pollution in oceans and landfills, where these materials persist for hundreds of years and harm wildlife.",conditional_feasibility_and_implementation,I should evaluate whether the proposal can actually be implemented and enforced effectively. ,If,evidence_and_authority,governance_and_accountability,"Evidence shows that countries with strict bans, like Rwanda and Canada, have successfully reduced plastic waste and encouraged innovation in reusable alternatives.",evidence_and_authority_governance_and_accountability,"I should consider legal frameworks, accountability mechanisms, democratic principles, and proper authority. ",Evidence shows that,evidence_and_authority,ethical_principles,"Evidence shows that single-use plastics are harmful to the environment and human health, and a ban would protect ecosystems and future generations.",evidence_and_authority_ethical_principles,"I should evaluate actions based on moral rules, character virtues, relationships, and ethical obligations. ",Evidence shows that
46,0.0,,,synthesis_faithful,random,3,20260206_121538,1.0210201740264893,"The government should enforce a total ban on single-use plastics because it would drastically reduce pollution in our oceans, rivers, and landfills. Countries that have already implemented such bans have seen clear improvements in environmental quality and public health. As someone who cares about protecting nature and ensuring clean water and air for future generations, I believe we have a moral responsibility to stop using products that harm the planet and living beings. A ban is not just feasible—it's necessary to safeguard our shared environment and uphold the values of sustainability and responsibility.",conditional,feasibility_and_implementation,"If the government enforces a total ban on single-use plastics, it would significantly reduce the amount of plastic waste that pollutes our environment, especially in oceans and waterways.",conditional_feasibility_and_implementation,I should evaluate whether the proposal can actually be implemented and enforced effectively. ,If,evidence_and_authority,governance_and_accountability,"Evidence shows that countries with strict plastic bans have seen measurable improvements in environmental health and public hygiene, proving that such bans are not only possible but effective.",evidence_and_authority_governance_and_accountability,"I should consider legal frameworks, accountability mechanisms, democratic principles, and proper authority. ",Evidence shows that,evidence_and_authority,ethical_principles,"Evidence shows that the continued use of single-use plastics harms wildlife, contaminates our food and water, and contributes to climate change—values that most people care deeply about.",evidence_and_authority_ethical_principles,"I should evaluate actions based on moral rules, character virtues, relationships, and ethical obligations. ",Evidence shows that
46,0.0,,,synthesis_faithful,random,4,20260206_121538,1.1171727180480957,"A total ban on single-use plastics by the government is necessary because it would drastically reduce plastic waste in our environment. Plastic pollution is a growing threat to wildlife, oceans, and even human health, and a ban would hold manufacturers and consumers accountable for their environmental impact. As someone who cares about clean streets, safe water, and a healthier planet, I believe we have a moral duty to act now. With proper alternatives available and public support, such a ban is not only feasible but essential. It would set a strong example for the rest of the world and protect natural resources for future generations. The government has the authority and responsibility to make decisions that benefit the public good, and this is one such decision.",conditional,feasibility_and_implementation,"If the government enforces a total ban on single-use plastics, it would greatly reduce the amount of plastic waste that ends up in landfills and oceans.",conditional_feasibility_and_implementation,I should evaluate whether the proposal can actually be implemented and enforced effectively. ,If,evidence_and_authority,governance_and_accountability,"Evidence shows that plastic pollution harms wildlife and ecosystems, and a ban would align with our responsibility to protect the environment for future generations.",evidence_and_authority_governance_and_accountability,"I should consider legal frameworks, accountability mechanisms, democratic principles, and proper authority. ",Evidence shows that,evidence_and_authority,ethical_principles,"Evidence shows that plastic pollution harms wildlife and ecosystems, and a ban would align with our responsibility to protect the environment for future generations.",evidence_and_authority_ethical_principles,"I should evaluate actions based on moral rules, character virtues, relationships, and ethical obligations. ",Evidence shows that
47,0.0,,,synthesis_faithful,random,0,20260206_121538,1.252380609512329,"The government should enforce a total ban on single-use plastics because they are a major source of pollution, harming wildlife and ecosystems, and the long-term environmental damage outweighs short-term convenience. Importantly, governments have a responsibility to protect public health and the environment, and a ban is a clear, enforceable way to fulfill that duty and hold polluters accountable. Moreover, choosing to reduce plastic waste reflects a moral commitment to future generations and the planet, showing responsibility and respect for nature. While some may worry about inconvenience, reusable alternatives are increasingly accessible and affordable. A ban encourages innovation and shifts consumer habits toward sustainable choices. This is not just about rules—it’s about protecting the world we live in and leaving it better for those who come after us.",concession_and_contrast,justice_and_fairness,"However, the government should enforce a total ban on single-use plastics because they are a major source of pollution, harming wildlife and ecosystems, and the long-term environmental damage outweighs short-term convenience.",concession_and_contrast_justice_and_fairness,"I should analyze whether outcomes, processes, and distributions are fair to all parties involved. ",However,emphasis_and_evaluation,governance_and_accountability,"Importantly, governments have a responsibility to protect public health and the environment, and a ban is a clear, enforceable way to fulfill that duty and hold polluters accountable.",emphasis_and_evaluation_governance_and_accountability,"I should consider legal frameworks, accountability mechanisms, democratic principles, and proper authority. ",Importantly,addition_and_elaboration,ethical_principles,"Moreover, choosing to reduce plastic waste reflects a moral commitment to future generations and the planet, showing responsibility and respect for nature.",addition_and_elaboration_ethical_principles,"I should evaluate actions based on moral rules, character virtues, relationships, and ethical obligations. ",Moreover
47,0.0,,,synthesis_faithful,random,1,20260206_121538,1.1219654083251953,"Single-use plastics cause lasting environmental damage and disproportionately affect vulnerable communities, making a total ban essential for fairness. Governments have both the power and responsibility to protect public health and the planet, and a ban is a necessary step toward fulfilling that duty. Beyond legality, it’s our moral obligation to preserve the Earth for future generations and protect ecosystems that sustain life. A ban encourages innovation in sustainable alternatives and reduces pollution in rivers, oceans, and landfills. While some may worry about inconvenience, the long-term benefits far outweigh temporary adjustments. We can’t afford to wait—our planet is already suffering. A total ban is not just practical, it’s the right thing to do.",concession_and_contrast,justice_and_fairness,"However, the current system of single-use plastics disproportionately harms the environment and public health, especially in low-income communities that bear the brunt of pollution and waste.",concession_and_contrast_justice_and_fairness,"I should analyze whether outcomes, processes, and distributions are fair to all parties involved. ",However,emphasis_and_evaluation,governance_and_accountability,"Importantly, governments have the authority and responsibility to protect citizens and ecosystems, and a total ban aligns with this duty by preventing long-term harm.",emphasis_and_evaluation_governance_and_accountability,"I should consider legal frameworks, accountability mechanisms, democratic principles, and proper authority. ",Importantly,addition_and_elaboration,ethical_principles,"Moreover, reducing plastic waste is a moral obligation we owe to future generations and the natural world, who cannot speak for themselves.",addition_and_elaboration_ethical_principles,"I should evaluate actions based on moral rules, character virtues, relationships, and ethical obligations. ",Moreover
47,0.0,,,synthesis_faithful,random,2,20260206_121538,1.3192007541656494,"The government should enforce a total ban on single-use plastics because the environmental damage they cause—especially in oceans and landfills—is severe and long-lasting. While some may argue that such a ban is inconvenient, the burden on individuals is outweighed by the massive benefits to ecosystems and public health. As a society, we have a moral duty to protect the planet for future generations, and reducing plastic waste is a fundamental part of that. The government has both the authority and the responsibility to implement policies that safeguard the common good, and a total ban is a bold but necessary action. Though vulnerable communities might face short-term challenges, these can be addressed through support programs and access to affordable alternatives. Rather than allowing the problem to grow, a decisive policy move is essential. Ultimately, protecting our environment and public health justifies a total ban on single-use plastics.",concession_and_contrast,justice_and_fairness,"However, the current system disproportionately affects vulnerable populations who rely on single-use plastics for hygiene and convenience, especially in low-income areas.",concession_and_contrast_justice_and_fairness,"I should analyze whether outcomes, processes, and distributions are fair to all parties involved. ",However,emphasis_and_evaluation,governance_and_accountability,"Importantly, the government has a responsibility to protect public health and the environment through enforceable regulations, and a total ban on single-use plastics is both necessary and justified under this duty.",emphasis_and_evaluation_governance_and_accountability,"I should consider legal frameworks, accountability mechanisms, democratic principles, and proper authority. ",Importantly,addition_and_elaboration,ethical_principles,"Moreover, we all have a moral obligation to reduce harm to the planet and future generations, and banning single-use plastics is a clear step toward fulfilling that responsibility.",addition_and_elaboration_ethical_principles,"I should evaluate actions based on moral rules, character virtues, relationships, and ethical obligations. ",Moreover
47,0.0,,,synthesis_faithful,random,3,20260206_121538,1.1380202770233154,"The government should enforce a total ban on single-use plastics because it is essential for protecting our environment and ensuring a healthier future for all. While some may argue this creates inconvenience, the long-term benefits to ecosystems, wildlife, and public health far outweigh the temporary discomfort. The government has a responsibility to act in the public interest, especially when it comes to safeguarding natural resources for future generations. This ban is not just a policy decision—it's a moral duty to preserve the planet we share. By making sustainable choices mandatory, we encourage innovation and reduce pollution at the source. Ultimately, fairness means ensuring that everyone, especially the most vulnerable, isn't harmed by environmental degradation. A total ban is a necessary and just step toward a cleaner, safer world.",concession_and_contrast,justice_and_fairness,"However, the fair distribution of resources and responsibility is not guaranteed, especially when certain groups bear a disproportionate burden.",concession_and_contrast_justice_and_fairness,"I should analyze whether outcomes, processes, and distributions are fair to all parties involved. ",However,emphasis_and_evaluation,governance_and_accountability,"Importantly, the government has a duty to act in the public interest, and enforcing a ban aligns with democratic principles of protecting collective well-being.",emphasis_and_evaluation_governance_and_accountability,"I should consider legal frameworks, accountability mechanisms, democratic principles, and proper authority. ",Importantly,addition_and_elaboration,ethical_principles,"Moreover, protecting the environment and future generations is a moral obligation that prioritizes long-term sustainability over short-term convenience.",addition_and_elaboration_ethical_principles,"I should evaluate actions based on moral rules, character virtues, relationships, and ethical obligations. ",Moreover
47,0.0,,,synthesis_faithful,random,4,20260206_121538,1.051941156387329,"The current system for distributing resources is not fair to everyone, as it often benefits powerful interests while leaving vulnerable populations behind. Importantly, the legal system does not currently hold powerful entities accountable for systemic harms, and democratic processes are often influenced by those with more resources. Moreover, failing to address these inequalities reflects a moral failure to uphold the principles of justice and fairness that society claims to value. A just society must ensure equitable access to resources and opportunities, and this requires challenging existing power structures. Without meaningful reform, inequality will persist and deepen. Therefore, we must prioritize fairness and justice in how resources are allocated and decisions are made.",concession_and_contrast,justice_and_fairness,"However, the current system for distributing resources is not fair to everyone, as it often benefits powerful interests while leaving vulnerable populations behind.",concession_and_contrast_justice_and_fairness,"I should analyze whether outcomes, processes, and distributions are fair to all parties involved. ",However,emphasis_and_evaluation,governance_and_accountability,"Importantly, the legal system does not currently hold powerful entities accountable for systemic harms, and democratic processes are often influenced by those with more resources.",emphasis_and_evaluation_governance_and_accountability,"I should consider legal frameworks, accountability mechanisms, democratic principles, and proper authority. ",Importantly,addition_and_elaboration,ethical_principles,"Moreover, failing to address these inequalities reflects a moral failure to uphold the principles of justice and fairness that society claims to value.",addition_and_elaboration_ethical_principles,"I should evaluate actions based on moral rules, character virtues, relationships, and ethical obligations. ",Moreover
48,0.0,,,synthesis_faithful,random,0,20260206_121538,1.3413562774658203,"Single-use plastics are a major source of pollution that harms wildlife, clogs landfills, and contaminates waterways, and the government has a responsibility to protect public health and the environment. A total ban is both necessary and feasible, as seen in nations like Canada and the EU, where plastic bans have led to measurable reductions in plastic waste without causing major economic disruptions. With proper support for businesses and consumers, the transition to reusable or compostable alternatives is not only possible but already underway. Rather than waiting for the problem to worsen, acting now prevents long-term ecological damage and encourages innovation. The cost of inaction—on our planet and future generations—is far greater than the short-term adjustments required by a ban. For the sake of cleaner communities, healthier ecosystems, and sustainable living, a government-enforced ban on single-use plastics is the right and responsible choice.",sequence_and_transition,cost_benefit_and_impact_analysis,"Next, I must emphasize the environmental harm caused by single-use plastics—especially their persistence in ecosystems and harm to wildlife—and link that directly to the need for government intervention.",sequence_and_transition_cost_benefit_and_impact_analysis,"I should quantify and compare costs, benefits, and real-world impacts across economic, social, and environmental dimensions. ",Next,concession_and_contrast,feasibility_and_implementation,"However, banning single-use plastics is both necessary and achievable because governments can use regulations and incentives to shift consumer habits and drive innovation in sustainable alternatives.",concession_and_contrast_feasibility_and_implementation,I should evaluate whether the proposal can actually be implemented and enforced effectively. ,However,evidence_and_authority,cost_benefit_and_impact_analysis,"Evidence shows that countries with bans have seen reduced plastic pollution in oceans and landfills, and industries are already adapting with affordable, reusable, or biodegradable options.",evidence_and_authority_cost_benefit_and_impact_analysis,"I should quantify and compare costs, benefits, and real-world impacts across economic, social, and environmental dimensions. ",Evidence shows that
48,0.0,,,synthesis_faithful,random,1,20260206_121538,1.3437533378601074,"Single-use plastics are a major source of pollution that harms wildlife, contaminates waterways, and contributes to climate change—this damage is not just temporary but often irreversible. While some might argue that banning them is too difficult or costly, history shows that tough environmental regulations, like those on smoking or leaded gasoline, can be enforced and lead to big improvements without crippling economies. In fact, many communities and countries have already adopted bans and seen success using affordable and reusable alternatives like cloth bags, metal containers, and compostable packaging. The long-term benefits—cleaner oceans, healthier ecosystems, and reduced waste—far outweigh the short-term inconvenience of change. It’s time we take this step for the planet and future generations, not because it’s easy, but because it’s right.",sequence_and_transition,cost_benefit_and_impact_analysis,"Next, I’ll show that the environmental harm caused by single-use plastics is severe and irreversible, affecting ecosystems, wildlife, and human health—making a total ban a necessary and urgent step.",sequence_and_transition_cost_benefit_and_impact_analysis,"I should quantify and compare costs, benefits, and real-world impacts across economic, social, and environmental dimensions. ",Next,concession_and_contrast,feasibility_and_implementation,"However, just because something is hard doesn’t mean we shouldn’t do it—many important changes, like banning smoking in public places, were once seen as difficult but are now widely accepted and beneficial.",concession_and_contrast_feasibility_and_implementation,I should evaluate whether the proposal can actually be implemented and enforced effectively. ,However,evidence_and_authority,cost_benefit_and_impact_analysis,"Evidence shows that alternatives like paper, glass, and reusable materials are already available and cost-effective at scale, and many countries have successfully phased out single-use plastics without major economic disruption.",evidence_and_authority_cost_benefit_and_impact_analysis,"I should quantify and compare costs, benefits, and real-world impacts across economic, social, and environmental dimensions. ",Evidence shows that
48,0.0,,,synthesis_faithful,random,2,20260206_121538,1.0136783123016357,"The government should enforce a total ban on single-use plastics because these materials are a major source of pollution that harms marine life and ecosystems. Even though some people worry about inconvenience or cost, reusable options are now widely available and often cheaper in the long run. Voluntary actions and partial regulations haven’t been enough—without a strong, mandatory policy, plastic waste will keep piling up. A ban would push businesses and individuals to innovate and switch to sustainable alternatives. This kind of national action is essential to protect our environment and public health for future generations. The benefits far outweigh the short-term adjustments needed to make the change.",sequence_and_transition,cost_benefit_and_impact_analysis,"Next, I'll explain how this ban would directly reduce plastic pollution in oceans and ecosystems, which is a growing problem affecting wildlife and human health.",sequence_and_transition_cost_benefit_and_impact_analysis,"I should quantify and compare costs, benefits, and real-world impacts across economic, social, and environmental dimensions. ",Next,concession_and_contrast,feasibility_and_implementation,"However, even with challenges, a government-enforced ban is necessary because voluntary efforts have failed to make meaningful progress.",concession_and_contrast_feasibility_and_implementation,I should evaluate whether the proposal can actually be implemented and enforced effectively. ,However,evidence_and_authority,cost_benefit_and_impact_analysis,"Evidence shows that reusable alternatives are becoming more affordable and accessible, making the transition not only possible but already underway in many communities.",evidence_and_authority_cost_benefit_and_impact_analysis,"I should quantify and compare costs, benefits, and real-world impacts across economic, social, and environmental dimensions. ",Evidence shows that
48,0.0,,,synthesis_faithful,random,3,20260206_121538,1.1253042221069336,"Single-use plastics are a major source of environmental pollution, clogging waterways, killing marine life, and lasting for centuries in landfills and oceans. While some may worry about convenience or cost, the long-term damage to ecosystems and public health far outweighs any short-term discomfort from switching to reusable alternatives. A total ban is not only possible but already working in many countries, where governments have successfully implemented policies supported by public awareness and accessible substitutes. With proper planning and community support, a ban can be enforced without disrupting daily life, while protecting future generations. The environmental and economic benefits of eliminating single-use plastics make a total ban a responsible and urgent step. We must act now to preserve the planet we share.",sequence_and_transition,cost_benefit_and_impact_analysis,"Next, I will highlight how single-use plastics contribute to long-term environmental harm and why a total ban is a necessary, effective response.",sequence_and_transition_cost_benefit_and_impact_analysis,"I should quantify and compare costs, benefits, and real-world impacts across economic, social, and environmental dimensions. ",Next,concession_and_contrast,feasibility_and_implementation,"However, the ability to enforce a total ban is feasible through clear legislation, public education, and support for alternatives.",concession_and_contrast_feasibility_and_implementation,I should evaluate whether the proposal can actually be implemented and enforced effectively. ,However,evidence_and_authority,cost_benefit_and_impact_analysis,"Evidence shows that single-use plastics pollute oceans, harm wildlife, and take hundreds of years to degrade—costing ecosystems and economies far more than a ban would.",evidence_and_authority_cost_benefit_and_impact_analysis,"I should quantify and compare costs, benefits, and real-world impacts across economic, social, and environmental dimensions. ",Evidence shows that
48,0.0,,,synthesis_faithful,random,4,20260206_121538,1.2267522811889648,"Single-use plastics are a major source of pollution that harms wildlife, contaminates waterways, and lasts for hundreds of years in the environment. While some may argue it's inconvenient, alternatives like reusable bags and compostable packaging are already accessible and used in many places around the world. A government-enforced ban is not only possible but essential to protect our planet and future generations. The long-term environmental and health benefits far outweigh any short-term adjustments people might need to make. Inaction leads to irreversible damage, while decisive action now ensures cleaner communities and a healthier Earth. We don’t need to wait for perfect solutions—we can start with what we know works. The time to act is now.",sequence_and_transition,cost_benefit_and_impact_analysis,"Next, the environmental damage caused by single-use plastics is severe and widespread, harming marine life, polluting ecosystems, and contributing to long-term pollution that cannot be easily reversed.",sequence_and_transition_cost_benefit_and_impact_analysis,"I should quantify and compare costs, benefits, and real-world impacts across economic, social, and environmental dimensions. ",Next,concession_and_contrast,feasibility_and_implementation,"However, governments already have the authority and tools to ban harmful materials, and a total ban on single-use plastics is both feasible and necessary to protect public health and the environment.",concession_and_contrast_feasibility_and_implementation,I should evaluate whether the proposal can actually be implemented and enforced effectively. ,However,evidence_and_authority,cost_benefit_and_impact_analysis,"Evidence shows that alternatives like reusable bags, containers, and biodegradable materials are already available and widely adopted in many countries, proving a ban is practical and does not disrupt daily life.",evidence_and_authority_cost_benefit_and_impact_analysis,"I should quantify and compare costs, benefits, and real-world impacts across economic, social, and environmental dimensions. ",Evidence shows that
49,0.0,,,synthesis_faithful,random,0,20260206_121538,0.9309298992156982,"Single-use plastics are a major source of environmental pollution, clogging waterways and harming marine life, which makes urgent action necessary. While individuals can reduce their usage, systemic change requires consistent and enforceable policies that only a government can implement. A total ban would compel industries to innovate and adopt eco-friendly alternatives, reducing waste at the source. This shift would not only protect ecosystems but also promote long-term sustainability for future generations. With widespread support and clear regulations, such a ban is both feasible and essential for environmental preservation.",addition_and_elaboration,risk_and_unintended_consequences,"Moreover, single-use plastics contribute significantly to pollution, especially in oceans and waterways, where they harm wildlife and degrade ecosystems.",addition_and_elaboration_risk_and_unintended_consequences,"I should identify risks, unintended outcomes, cascading effects, and potential for escalation. ",Moreover,evidence_and_authority,stakeholder_responsibility,Evidence shows that individual actions alone are insufficient to solve the problem; large-scale change requires government intervention to set standards and enforce accountability.,evidence_and_authority_stakeholder_responsibility,"I should analyze who bears responsibility—whether government, individuals, corporations, or other institutions. ",Evidence shows that,causal_reasoning,stakeholder_responsibility,"Therefore, a government-enforced ban would pressure manufacturers to innovate and adopt sustainable alternatives, shifting the burden from consumers to producers.",causal_reasoning_stakeholder_responsibility,"I should analyze who bears responsibility—whether government, individuals, corporations, or other institutions. ",Therefore
49,0.0,,,synthesis_faithful,random,1,20260206_121538,1.1420540809631348,"The environmental damage caused by single-use plastics—like pollution in oceans and harm to wildlife—is both widespread and irreversible. As someone who cares about protecting nature for future generations, I believe we cannot afford to delay action. Evidence shows that plastic waste comes mostly from large corporations producing these items, yet individuals are often blamed. A government ban shifts accountability where it belongs—on the producers and policymakers who allow this pollution to continue. Therefore, a total ban is not just practical, but necessary to create a level playing field for businesses and to encourage innovation in sustainable alternatives.",addition_and_elaboration,risk_and_unintended_consequences,"Moreover, the environmental damage caused by single-use plastics—like pollution in oceans and harm to wildlife—is both widespread and irreversible. As someone who cares about protecting nature for future generations, I believe we cannot afford to delay action.",addition_and_elaboration_risk_and_unintended_consequences,"I should identify risks, unintended outcomes, cascading effects, and potential for escalation. ",Moreover,evidence_and_authority,stakeholder_responsibility,"Evidence shows that plastic waste comes mostly from large corporations producing these items, yet individuals are often blamed. A government ban shifts accountability where it belongs—on the producers and policymakers who allow this pollution to continue.",evidence_and_authority_stakeholder_responsibility,"I should analyze who bears responsibility—whether government, individuals, corporations, or other institutions. ",Evidence shows that,causal_reasoning,stakeholder_responsibility,"Therefore, a total ban is not just practical, but necessary to create a level playing field for businesses and to encourage innovation in sustainable alternatives.",causal_reasoning_stakeholder_responsibility,"I should analyze who bears responsibility—whether government, individuals, corporations, or other institutions. ",Therefore
49,0.0,,,synthesis_faithful,random,2,20260206_121538,1.0066215991973877,"Single-use plastics are a major source of pollution, choking oceans and filling landfills with non-biodegradable waste that harms animals and ecosystems. The damage they cause isn’t just environmental—it affects public health and the economy through cleanup costs and lost tourism. Since corporations profit from producing these items, they should not be allowed to pass the environmental and financial burden onto ordinary people. The government, as a protector of public welfare, must take strong action to prevent further harm, and a total ban is the most effective way to drive change and encourage sustainable alternatives.",addition_and_elaboration,risk_and_unintended_consequences,"Moreover, single-use plastics contribute significantly to environmental pollution, particularly in oceans and landfills, where they persist for hundreds of years, harming wildlife and ecosystems.",addition_and_elaboration_risk_and_unintended_consequences,"I should identify risks, unintended outcomes, cascading effects, and potential for escalation. ",Moreover,evidence_and_authority,stakeholder_responsibility,"Evidence shows that the burden of cleanup and environmental damage often falls on communities and governments, not the corporations that produce these products.",evidence_and_authority_stakeholder_responsibility,"I should analyze who bears responsibility—whether government, individuals, corporations, or other institutions. ",Evidence shows that,causal_reasoning,stakeholder_responsibility,"Therefore, the government has a responsibility to act decisively to protect public health and the environment by eliminating the source of the problem through a total ban.",causal_reasoning_stakeholder_responsibility,"I should analyze who bears responsibility—whether government, individuals, corporations, or other institutions. ",Therefore
49,0.0,,,synthesis_faithful,random,3,20260206_121538,1.136829137802124,"A total ban on single-use plastics is necessary because it directly reduces pollution in our oceans and landfills, protecting wildlife and natural ecosystems. As an average person, I see how plastic waste accumulates in rivers and on beaches, and I believe the government has a responsibility to act in the public interest. With corporations continuing to produce vast amounts of plastic, individual efforts alone are not enough—systemic change requires government intervention. A ban sends a strong signal that sustainability matters and encourages innovation in eco-friendly alternatives. Without such a policy, pollution will keep growing, and future generations will suffer the consequences. It’s not about restricting freedom—it’s about protecting our planet and health. So, I support a total government ban on single-use plastics.",addition_and_elaboration,risk_and_unintended_consequences,"Moreover, banning single-use plastics reduces pollution in oceans and landfills, which harms wildlife and ecosystems.",addition_and_elaboration_risk_and_unintended_consequences,"I should identify risks, unintended outcomes, cascading effects, and potential for escalation. ",Moreover,evidence_and_authority,stakeholder_responsibility,"Evidence shows that governments have a duty to protect public health and the environment, and a ban is a clear, enforceable step toward that goal.",evidence_and_authority_stakeholder_responsibility,"I should analyze who bears responsibility—whether government, individuals, corporations, or other institutions. ",Evidence shows that,causal_reasoning,stakeholder_responsibility,"Therefore, since plastic pollution is a systemic issue driven by mass production and consumption, the government must lead with policy action to prevent further environmental damage.",causal_reasoning_stakeholder_responsibility,"I should analyze who bears responsibility—whether government, individuals, corporations, or other institutions. ",Therefore
49,0.0,,,synthesis_faithful,random,4,20260206_121538,1.2653701305389404,"A total ban on single-use plastics is necessary because the environmental damage they cause—especially in oceans and landfills—is growing rapidly and threatens ecosystems and wildlife. Even though some people may find it inconvenient, the long-term benefits to public health and the planet outweigh short-term discomforts. Moreover, a total ban would encourage innovation in sustainable alternatives, pushing companies to develop eco-friendly packaging solutions that are both effective and affordable. Evidence shows that while individuals have a role, large corporations are the primary producers and polluters of single-use plastics, so it's only fair that the government takes the lead in regulating these harmful materials. Therefore, government intervention is necessary because individual actions alone cannot solve a problem driven by mass industrial production and consumption. A ban would create a level playing field, ensure accountability, and protect future generations from irreversible environmental harm.",addition_and_elaboration,risk_and_unintended_consequences,"Moreover, a total ban would encourage innovation in sustainable alternatives, pushing companies to develop eco-friendly packaging solutions that are both effective and affordable.",addition_and_elaboration_risk_and_unintended_consequences,"I should identify risks, unintended outcomes, cascading effects, and potential for escalation. ",Moreover,evidence_and_authority,stakeholder_responsibility,"Evidence shows that while individuals have a role, large corporations are the primary producers and polluters of single-use plastics, so it's only fair that the government takes the lead in regulating these harmful materials.",evidence_and_authority_stakeholder_responsibility,"I should analyze who bears responsibility—whether government, individuals, corporations, or other institutions. ",Evidence shows that,causal_reasoning,stakeholder_responsibility,"Therefore, government intervention is necessary because individual actions alone cannot solve a problem driven by mass industrial production and consumption.",causal_reasoning_stakeholder_responsibility,"I should analyze who bears responsibility—whether government, individuals, corporations, or other institutions. ",Therefore
