trajectory_rank,predicted_score,actual_score_mean,n_observed,experiment_mode,selection_mode,sample_idx,timestamp,runtime_seconds,final_argument,structure_1,content_1,step_1_reasoning,step_1_action_actual,step_1_internal_reasoning,step_1_prefix,structure_2,content_2,step_2_reasoning,step_2_action_actual,step_2_internal_reasoning,step_2_prefix,structure_3,content_3,step_3_reasoning,step_3_action_actual,step_3_internal_reasoning,step_3_prefix,source,arg_length,arg_id,bt_score
465650,2.8355429776601215,,,synthesis_restructured,targeted,1,20260206_122715,1.380539894104004,"The government should enforce a total ban on single-use plastics because it's a proven, practical solution to a growing environmental crisis. Countries like Canada and the European Union have successfully implemented such bans, resulting in measurable reductions in plastic waste and pollution. In British Columbia, for instance, the ban led to cleaner beaches and waterways, showing that enforcement works when supported by public awareness and infrastructure. While some worry about inconvenience, reusable alternatives are widely available and increasingly affordable. The environmental cost of continuing to allow single-use plastics—harming wildlife, polluting oceans, and contributing to climate change—far outweighs the temporary adjustment period. A total ban is not just necessary, but achievable, and it empowers communities to take meaningful action. It’s time we choose long-term sustainability over short-term convenience.",evidence_and_authority,feasibility_and_implementation,"Evidence shows that bans on single-use plastics have been successfully implemented in several countries and cities, such as Canada and the European Union, demonstrating that such policies are feasible and enforceable in real-world settings.",evidence_and_authority_feasibility_and_implementation,I should evaluate whether the proposal can actually be implemented and enforced effectively. ,Evidence shows that,exemplification,feasibility_and_implementation,"For example, in British Columbia, a province-wide ban on single-use plastics led to a significant drop in plastic pollution on beaches and in waterways, proving that enforcement is practical and effective when properly supported.",exemplification_feasibility_and_implementation,I should evaluate whether the proposal can actually be implemented and enforced effectively. ,For example,exemplification,cost_benefit_and_impact_analysis,"For example, in British Columbia, a province-wide ban on single-use plastics led to a significant drop in plastic pollution on beaches and in waterways, proving that enforcement is practical and effective when properly supported.",exemplification_cost_benefit_and_impact_analysis,"I should quantify and compare costs, benefits, and real-world impacts across economic, social, and environmental dimensions. ",For example,targeted,935,207,118.2671158121433
467046,2.774402202173532,,,synthesis_restructured,targeted,2,20260206_122715,1.089308738708496,"Single-use plastics are a major source of pollution, clogging waterways, harming wildlife, and lasting for hundreds of years in the environment. A government-enforced ban would drastically reduce this pollution, protecting ecosystems and public health. Countries like Canada, the UK, and several in the EU have already implemented such bans with measurable success, proving they are both practical and effective. While some may worry about inconvenience, reusable alternatives are widely available and often more durable in the long run. A ban doesn't just protect nature—it also saves taxpayer money by reducing the burden on waste management systems. Ultimately, the long-term benefits far outweigh any short-term disruptions. It's time we take bold, responsible action to protect our planet for future generations.",evidence_and_authority,feasibility_and_implementation,"Evidence shows that many countries have successfully implemented bans on single-use plastics, proving that they are enforceable and practical.",evidence_and_authority_feasibility_and_implementation,I should evaluate whether the proposal can actually be implemented and enforced effectively. ,Evidence shows that,emphasis_and_evaluation,cost_benefit_and_impact_analysis,"Importantly, banning single-use plastics reduces pollution in oceans and landfills, protects wildlife, and saves governments money in waste management.",emphasis_and_evaluation_cost_benefit_and_impact_analysis,"I should quantify and compare costs, benefits, and real-world impacts across economic, social, and environmental dimensions. ",Importantly,evidence_and_authority,feasibility_and_implementation,"Evidence shows that many countries have successfully implemented bans on single-use plastics, proving that they are enforceable and practical.",evidence_and_authority_feasibility_and_implementation,I should evaluate whether the proposal can actually be implemented and enforced effectively. ,Evidence shows that,targeted,817,132,74.97261858524328
468046,2.813079279683179,,,synthesis_restructured,targeted,4,20260206_122715,1.2845244407653809,"Single-use plastics are a major contributor to environmental pollution, harming marine life, clogging landfills, and even entering our food chain. A government-enforced total ban would prevent this damage at the source and protect ecosystems for future generations. While some may worry about convenience, alternatives like reusable bags, glass containers, and compostable materials are widely available and more sustainable in the long run. Countries like Rwanda and Canada have already shown that such bans are practical and effective when supported by public education and clear policies. A ban also shifts responsibility to manufacturers to design eco-friendly packaging, encouraging innovation. For the average person, this change is not about sacrifice—it’s about protecting our planet and communities. The benefits far outweigh the inconvenience, making a total ban a necessary and achievable step toward a cleaner, healthier future.",evidence_and_authority,feasibility_and_implementation,"Evidence shows that plastic pollution is a growing global crisis that harms wildlife, oceans, and human health. A total ban on single-use plastics would significantly reduce this pollution at its source.",evidence_and_authority_feasibility_and_implementation,I should evaluate whether the proposal can actually be implemented and enforced effectively. ,Evidence shows that,sequence_and_transition,cost_benefit_and_impact_analysis,"Next to environmental destruction, single-use plastics create long-term economic costs—cleanup efforts, waste management, and damage to tourism and fisheries. A ban would shift responsibility to producers and reduce public spending.",sequence_and_transition_cost_benefit_and_impact_analysis,"I should quantify and compare costs, benefits, and real-world impacts across economic, social, and environmental dimensions. ",Next,evidence_and_authority,feasibility_and_implementation,"Evidence shows that countries like Rwanda and Canada have already implemented successful plastic bans, proving that enforcement is feasible with public awareness and alternative options.",evidence_and_authority_feasibility_and_implementation,I should evaluate whether the proposal can actually be implemented and enforced effectively. ,Evidence shows that,targeted,940,210,38.534012522886016
65650,2.5425468776075455,,,synthesis_restructured,targeted,4,20260206_122715,1.317838430404663,"The government should enforce a total ban on single-use plastics because they cause widespread environmental damage that harms ecosystems, wildlife, and human health. Countries like Canada and the European Union have already successfully implemented similar bans, proving that such policies are practical and enforceable on a large scale. Every year, plastic pollution costs the global economy over $13 billion due to damage to oceans, fisheries, and tourism, making a ban not just ethical but economically smart. While some worry about inconvenience, the average person can easily switch to reusable alternatives like cloth bags, metal straws, and glass containers. The long-term benefits—cleaner oceans, healthier wildlife, and reduced waste—are far more valuable than the short-term discomfort of change. A ban sends a clear message that protecting our planet is a shared responsibility. This action is not just about rules—it’s about ensuring a safer, cleaner future for everyone.",causal_reasoning,feasibility_and_implementation,"Therefore, the government should enforce a total ban on single-use plastics because it is a practical and necessary step to prevent environmental harm.",causal_reasoning_feasibility_and_implementation,I should evaluate whether the proposal can actually be implemented and enforced effectively. ,Therefore,exemplification,feasibility_and_implementation,"For example, countries like Canada and the EU have already implemented similar bans with success, showing that such policies are feasible and can be enforced.",exemplification_feasibility_and_implementation,I should evaluate whether the proposal can actually be implemented and enforced effectively. ,For example,exemplification,cost_benefit_and_impact_analysis,"For example, plastic pollution costs the global economy over $13 billion annually in damages to marine ecosystems, tourism, and fisheries, making a ban a cost-effective solution.",exemplification_cost_benefit_and_impact_analysis,"I should quantify and compare costs, benefits, and real-world impacts across economic, social, and environmental dimensions. ",For example,targeted,984,216,33.67760929307848
467044,2.5302958344802633,,,synthesis_restructured,targeted,4,20260206_122715,1.2878823280334473,"A total ban on single-use plastics is a necessary and achievable step to protect our environment and public health. Countries like Canada, Rwanda, and parts of the EU have already successfully implemented such bans, proving that enforcement is feasible with clear policies and public support. These bans drastically reduce plastic pollution in oceans and landfills, saving wildlife from harm and cutting down expensive cleanup efforts. While some may worry about economic disruptions, the long-term benefits—cleaner communities, healthier ecosystems, and reduced waste management costs—far outweigh temporary inconveniences. Governments have a responsibility to act when products endanger the planet, just as they did with leaded gasoline and tobacco. A plastic ban isn’t about restricting freedom—it’s about protecting shared resources for future generations. It’s time we take bold, responsible action to end the plastic crisis.",evidence_and_authority,feasibility_and_implementation,"Evidence shows that bans on single-use plastics are feasible and have worked in multiple countries, proving that enforcement is possible with proper planning and public cooperation.",evidence_and_authority_feasibility_and_implementation,I should evaluate whether the proposal can actually be implemented and enforced effectively. ,Evidence shows that,emphasis_and_evaluation,cost_benefit_and_impact_analysis,"Importantly, banning single-use plastics reduces pollution in oceans, protects wildlife, and lowers long-term cleanup costs—benefits that far outweigh any short-term economic inconveniences.",emphasis_and_evaluation_cost_benefit_and_impact_analysis,"I should quantify and compare costs, benefits, and real-world impacts across economic, social, and environmental dimensions. ",Importantly,evidence_and_authority,governance_and_accountability,Evidence shows that governments already have the legal authority to regulate harmful products—like tobacco or leaded fuel—and a plastic ban is just another necessary step to protect public health and the environment.,evidence_and_authority_governance_and_accountability,"I should consider legal frameworks, accountability mechanisms, democratic principles, and proper authority. ",Evidence shows that,targeted,930,205,30.297341636734835
464046,2.7821442558393144,,,synthesis_restructured,targeted,4,20260206_122715,1.2254791259765625,"The government should enforce a total ban on single-use plastics because it's an essential step in protecting our environment and public health. Countries that have already implemented such bans have seen dramatic reductions in plastic waste polluting oceans and landfills, proving that these policies work in practice. While some worry about costs, the long-term savings from reduced cleanup efforts, ecosystem damage, and healthcare issues linked to plastic pollution far outweigh any initial inconvenience. Thankfully, affordable and effective alternatives—like paper, glass, and reusable containers—are already on the market and widely used by consumers. A ban would encourage innovation, reduce dependency on fossil fuels, and promote sustainable habits across society. This isn’t just a policy—it’s a necessary shift toward a cleaner, healthier future for everyone.",evidence_and_authority,feasibility_and_implementation,"Evidence shows that countries with bans on single-use plastics have significantly reduced pollution and waste in oceans and landfills, proving that such bans are practical and impactful.",evidence_and_authority_feasibility_and_implementation,I should evaluate whether the proposal can actually be implemented and enforced effectively. ,Evidence shows that,evidence_and_authority,cost_benefit_and_impact_analysis,"Evidence shows that long-term environmental and health costs of plastic pollution far exceed the short-term economic costs of phasing out single-use plastics, making a ban a sound investment in public health and sustainability.",evidence_and_authority_cost_benefit_and_impact_analysis,"I should quantify and compare costs, benefits, and real-world impacts across economic, social, and environmental dimensions. ",Evidence shows that,evidence_and_authority,feasibility_and_implementation,"Evidence shows that alternative materials like paper, glass, and reusable containers are already widely available and affordable, making a ban feasible without disrupting daily life.",evidence_and_authority_feasibility_and_implementation,I should evaluate whether the proposal can actually be implemented and enforced effectively. ,Evidence shows that,targeted,871,175,29.278728454319282
463056,2.705170085802145,,,synthesis_restructured,targeted,3,20260206_122715,1.1417858600616455,"Single-use plastics are a major source of pollution that harms wildlife, clogs landfills, and contaminates our oceans—actions we can no longer afford to ignore. While some worry about convenience or cost, alternatives like reusable bags, glass containers, and paper packaging are widely available, affordable, and already used by millions of people every day. Countries like Canada and several European nations have proven that a total ban is not only possible but also effective when paired with public education and clear regulations. A ban would encourage innovation in sustainable packaging and reduce long-term environmental and health costs. The shift may seem challenging at first, but the benefits to our planet and future generations far outweigh the temporary inconvenience. We don’t need to wait for perfect solutions—action now is essential to protect our environment for everyone.",evidence_and_authority,feasibility_and_implementation,"Evidence shows that plastic pollution is already harming ecosystems and marine life, and a total ban would significantly reduce this damage.",evidence_and_authority_feasibility_and_implementation,I should evaluate whether the proposal can actually be implemented and enforced effectively. ,Evidence shows that,addition_and_elaboration,cost_benefit_and_impact_analysis,"Moreover, many alternatives like paper, glass, or reusable containers are already available and affordable for most consumers.",addition_and_elaboration_cost_benefit_and_impact_analysis,"I should quantify and compare costs, benefits, and real-world impacts across economic, social, and environmental dimensions. ",Moreover,exemplification,feasibility_and_implementation,"For example, countries like Canada and the EU have successfully implemented similar bans with strong public support and minimal disruption to daily life.",exemplification_feasibility_and_implementation,I should evaluate whether the proposal can actually be implemented and enforced effectively. ,For example,targeted,893,190,13.400330346205081
32,0.0,,,synthesis_restructured,random,2,20260206_123303,1.255005121231079,"While plastic pollution is a serious environmental issue, a total ban on single-use plastics is not the most ethical or practical solution. Many people, especially those with limited income, depend on these items because they are affordable and widely available—banning them could disproportionately harm vulnerable communities. The real responsibility lies with manufacturers and corporations that produce excessive packaging rather than with everyday consumers who use these products. A total ban could also lead to unintended consequences, such as a shift to alternatives that are just as harmful or even worse for the environment, or shortages of essential items during crises. A more balanced approach—like taxing plastic production, investing in reusable systems, and supporting innovation—would achieve environmental goals without sacrificing fairness or public safety. Therefore, a total ban fails both morally and practically.",concession_and_contrast,ethical_principles,"However, a total ban on single-use plastics is not morally permissible because it could cause disproportionate harm to vulnerable populations who rely on these products for affordability and accessibility.",concession_and_contrast_ethical_principles,"I should evaluate actions based on moral rules, character virtues, relationships, and ethical obligations. ",However,concession_and_contrast,stakeholder_responsibility,"However, the responsibility to address plastic pollution lies more with producers and industries that create excessive packaging than with individual consumers using single-use items.",concession_and_contrast_stakeholder_responsibility,"I should analyze who bears responsibility—whether government, individuals, corporations, or other institutions. ",However,conclusion_and_summary,risk_and_unintended_consequences,"In conclusion, a total ban could lead to unintended consequences such as increased use of alternatives that are equally or more harmful, or shortages of essential items in emergencies, undermining public well-being.",conclusion_and_summary_risk_and_unintended_consequences,"I should identify risks, unintended outcomes, cascading effects, and potential for escalation. ",In conclusion,baseline,935,425,11.45154504657048
464446,2.564996620174637,,,synthesis_restructured,targeted,2,20260206_122715,1.0842463970184326,"The government should enforce a total ban on single-use plastics because it’s a proven, practical solution to a growing environmental crisis. Countries like Canada, the UK, and several in the EU have already implemented similar bans and seen measurable reductions in plastic waste and ocean pollution. These policies are not only feasible but also supported by strong public demand for cleaner communities and healthier ecosystems. With existing legal tools and enforcement mechanisms, governments can effectively manage such regulations without overreaching their authority. A ban would also encourage innovation in sustainable alternatives and reduce long-term environmental and economic costs. Ultimately, protecting our planet and future generations justifies taking strong, decisive action now.",evidence_and_authority,feasibility_and_implementation,"Evidence shows that many countries have successfully reduced plastic pollution through bans on single-use plastics, proving such policies are practical and enforceable in real-world settings.",evidence_and_authority_feasibility_and_implementation,I should evaluate whether the proposal can actually be implemented and enforced effectively. ,Evidence shows that,evidence_and_authority,governance_and_accountability,"Evidence shows that governments already have the legal authority and regulatory infrastructure to implement and enforce such bans, especially when supported by public consensus and clear legislation.",evidence_and_authority_governance_and_accountability,"I should consider legal frameworks, accountability mechanisms, democratic principles, and proper authority. ",Evidence shows that,evidence_and_authority,feasibility_and_implementation,"Evidence shows that many countries have successfully reduced plastic pollution through bans on single-use plastics, proving such policies are practical and enforceable in real-world settings.",evidence_and_authority_feasibility_and_implementation,I should evaluate whether the proposal can actually be implemented and enforced effectively. ,Evidence shows that,targeted,799,117,9.972076158427612
465056,2.6206620131422604,,,synthesis_restructured,targeted,3,20260206_122715,1.2622921466827393,"Single-use plastics are a major source of pollution that harms wildlife, clogs landfills, and contaminates our oceans. A total government ban is not only necessary but achievable, as proven by countries like Rwanda and cities like Seattle, which have successfully reduced plastic waste through strict enforcement. These places show that banning single-use plastics doesn’t disrupt daily life—instead, it encourages businesses to innovate with sustainable alternatives like compostable or reusable materials. The long-term benefits—cleaner environments, less pollution, and healthier ecosystems—far outweigh short-term inconveniences or minor economic adjustments. With proper public education and support for green alternatives, a nationwide ban is a responsible and realistic step toward protecting our planet. It’s time we stop treating plastic waste as an unavoidable byproduct and start taking decisive action.",evidence_and_authority,feasibility_and_implementation,"Evidence shows that banning single-use plastics is both feasible and already successfully implemented in several countries, proving that enforcement is realistic and can lead to measurable environmental improvements.",evidence_and_authority_feasibility_and_implementation,I should evaluate whether the proposal can actually be implemented and enforced effectively. ,Evidence shows that,exemplification,cost_benefit_and_impact_analysis,"For example, cities like Seattle and countries such as Rwanda have drastically reduced plastic waste and pollution after implementing bans, demonstrating that the shift to alternatives is not only possible but beneficial in the long term.",exemplification_cost_benefit_and_impact_analysis,"I should quantify and compare costs, benefits, and real-world impacts across economic, social, and environmental dimensions. ",For example,exemplification,feasibility_and_implementation,"For example, many businesses have already adapted by switching to compostable or reusable packaging, showing that economic transitions are manageable with proper planning and incentives.",exemplification_feasibility_and_implementation,I should evaluate whether the proposal can actually be implemented and enforced effectively. ,For example,targeted,914,200,8.772121770512593
465646,2.6399312933312427,,,synthesis_restructured,targeted,3,20260206_122715,1.2081804275512695,"Single-use plastics are a major source of pollution, clogging landfills and harming wildlife, especially in oceans. A total government ban is necessary to stop this damage at the source, and evidence from places like Rwanda and California shows such bans are not only possible but effective, reducing plastic waste by over 80%. These regions succeeded through clear laws and public education, proving that enforcement is manageable and doesn’t require drastic lifestyle changes. While some may worry about convenience, reusable alternatives are widely available and affordable today. The long-term benefits—cleaner communities, healthier ecosystems, and reduced cleanup costs—far outweigh any short-term inconvenience. It’s time for our government to act decisively and protect the planet for future generations.",evidence_and_authority,feasibility_and_implementation,"Evidence shows that bans on single-use plastics are already working in several countries and cities, proving they are practical and enforceable through clear regulations and public awareness campaigns.",evidence_and_authority_feasibility_and_implementation,I should evaluate whether the proposal can actually be implemented and enforced effectively. ,Evidence shows that,exemplification,feasibility_and_implementation,"For example, places like California and Rwanda have successfully reduced plastic waste by over 80% after enacting bans, showing that such policies can be enforced without major disruption to daily life.",exemplification_feasibility_and_implementation,I should evaluate whether the proposal can actually be implemented and enforced effectively. ,For example,evidence_and_authority,feasibility_and_implementation,"Evidence shows that bans on single-use plastics are already working in several countries and cities, proving they are practical and enforceable through clear regulations and public awareness campaigns.",evidence_and_authority_feasibility_and_implementation,I should evaluate whether the proposal can actually be implemented and enforced effectively. ,Evidence shows that,targeted,812,128,8.32834434964518
24,0.0,,,synthesis_restructured,random,1,20260206_123303,1.3379902839660645,"The government should enforce a total ban on single-use plastics because they cause lasting harm to the environment, particularly oceans and wildlife, and the damage disproportionately affects communities and future generations who didn’t contribute to the problem. Many countries have already implemented similar bans with success, proving that such policies are practical and can drive innovation in eco-friendly alternatives without harming economic stability. While some businesses may need time to adapt, the long-term benefits—like lower waste management costs, cleaner ecosystems, and improved public health—far outweigh the short-term adjustments. This is not just an environmental issue but a matter of fairness and responsibility to future generations. A ban is a necessary and achievable step toward protecting our planet and ensuring a healthier, more sustainable future for everyone.",causal_reasoning,justice_and_fairness,"Therefore, the government should enforce a total ban on single-use plastics because these materials cause widespread environmental harm, especially to marine life and ecosystems, and the burden of this damage falls disproportionately on communities and future generations who had no part in creating the problem.",causal_reasoning_justice_and_fairness,"I should analyze whether outcomes, processes, and distributions are fair to all parties involved. ",Therefore,emphasis_and_evaluation,precedent_and_long_term_effects,"Importantly, many countries have already successfully phased out single-use plastics through bans and incentives, showing that such policies are feasible and lead to innovation in sustainable alternatives without crippling economies.",emphasis_and_evaluation_precedent_and_long_term_effects,"I should evaluate historical precedents, long-term vs short-term tradeoffs, and obligations to future generations. ",Importantly,emphasis_and_evaluation,cost_benefit_and_impact_analysis,"Importantly, while some industries may face short-term adjustments, the long-term savings in cleanup costs, reduced pollution-related health issues, and preservation of natural resources far outweigh these initial challenges.",emphasis_and_evaluation_cost_benefit_and_impact_analysis,"I should quantify and compare costs, benefits, and real-world impacts across economic, social, and environmental dimensions. ",Importantly,baseline,896,409,7.354127078486287
463056,2.705170085802145,,,synthesis_restructured,targeted,0,20260206_122715,1.2797565460205078,"The government should enforce a total ban on single-use plastics because it's a necessary step to protect our environment and public health. These plastics pollute our oceans, harm wildlife, and take hundreds of years to break down, but alternatives like reusable bags and biodegradable materials are now widely available and affordable. Countries like Kenya and Canada have already proven that such bans are enforceable and effective, with significant reductions in plastic waste and strong public support. While there might be a short-term adjustment period for businesses and consumers, the long-term benefits—cleaner streets, healthier ecosystems, and lower waste management costs—are too important to ignore. A ban isn’t just a restriction; it’s a responsible choice for future generations. We don’t need to wait for perfect solutions—what we need is decisive action now.",evidence_and_authority,feasibility_and_implementation,"Evidence shows that governments have successfully implemented similar bans in other countries, demonstrating that such policies are not only feasible but also practical when supported by public awareness and alternative options.",evidence_and_authority_feasibility_and_implementation,I should evaluate whether the proposal can actually be implemented and enforced effectively. ,Evidence shows that,addition_and_elaboration,cost_benefit_and_impact_analysis,"Moreover, while there may be short-term costs for businesses and consumers, the long-term benefits—like cleaner oceans, reduced landfill waste, and lower environmental cleanup expenses—far outweigh the initial inconvenience.",addition_and_elaboration_cost_benefit_and_impact_analysis,"I should quantify and compare costs, benefits, and real-world impacts across economic, social, and environmental dimensions. ",Moreover,exemplification,feasibility_and_implementation,"For example, countries like Kenya and Canada have already enforced nationwide bans on single-use plastics with measurable improvements in environmental health and public compliance.",exemplification_feasibility_and_implementation,I should evaluate whether the proposal can actually be implemented and enforced effectively. ,For example,targeted,876,180,6.473791802857548
468046,2.813079279683179,,,synthesis_restructured,targeted,0,20260206_122715,1.2606914043426514,"Single-use plastics are a major contributor to environmental degradation, harming wildlife, polluting oceans, and increasing greenhouse gas emissions. A total government ban is a necessary and achievable step to protect ecosystems and public health on a large scale. Countries like Canada and members of the European Union have already demonstrated that such bans can be implemented successfully, even in diverse economies. While some may worry about convenience or cost, the long-term benefits far outweigh the short-term challenges. Transitioning to reusable or biodegradable alternatives is not just possible—it’s already happening in communities across the world. A ban would also push innovation, create green jobs, and reduce our dependence on fossil fuels. Given the scale of the crisis, doing nothing is far riskier than taking bold, decisive action now.",evidence_and_authority,feasibility_and_implementation,"Evidence shows that plastic pollution is a growing crisis, and a total ban on single-use plastics is a necessary step to protect ecosystems, reduce landfill waste, and promote sustainable alternatives.",evidence_and_authority_feasibility_and_implementation,I should evaluate whether the proposal can actually be implemented and enforced effectively. ,Evidence shows that,sequence_and_transition,cost_benefit_and_impact_analysis,"Next to environmental damage, single-use plastics harm wildlife, pollute oceans, and contribute to climate change—making a ban not just practical but urgent for long-term public health and planetary well-being.",sequence_and_transition_cost_benefit_and_impact_analysis,"I should quantify and compare costs, benefits, and real-world impacts across economic, social, and environmental dimensions. ",Next,evidence_and_authority,feasibility_and_implementation,"Evidence shows that countries like Canada and the EU have successfully implemented similar bans, proving that such policies are feasible even in large, complex societies.",evidence_and_authority_feasibility_and_implementation,I should evaluate whether the proposal can actually be implemented and enforced effectively. ,Evidence shows that,targeted,862,169,4.405364816800412
19,0.0,,,synthesis_restructured,random,3,20260206_123303,1.1709790229797363,"The government should enforce a total ban on single-use plastics because it has the power and responsibility to protect public health and the environment on a large scale. While individuals can make better choices, systemic change requires government action, and a ban would hold industries accountable for pollution. Countries like Canada and the European Union have already implemented similar bans with minimal disruption, showing it’s practical and effective. This isn’t about restricting freedom—it’s about removing disposable items that harm wildlife, pollute oceans, and take hundreds of years to break down. Everyone can adapt to alternatives like reusable bags and containers, which are often cheaper and more durable. Ultimately, a total ban is a necessary step to preserve our planet for future generations.",causal_reasoning,stakeholder_responsibility,"Therefore, since the government has the authority to enact broad policies and regulate industries, it is uniquely positioned to lead the effort in eliminating single-use plastics.",causal_reasoning_stakeholder_responsibility,"I should analyze who bears responsibility—whether government, individuals, corporations, or other institutions. ",Therefore,sequence_and_transition,feasibility_and_implementation,"Next, a total ban is not only feasible but has already been successfully implemented in several countries, proving that such a policy can work without collapsing economies or infrastructure.",sequence_and_transition_feasibility_and_implementation,I should evaluate whether the proposal can actually be implemented and enforced effectively. ,Next,causal_reasoning,rights_and_liberties,"Therefore, banning single-use plastics doesn’t infringe on personal freedoms—it simply removes a harmful, unnecessary product that we don’t need to use daily.",causal_reasoning_rights_and_liberties,"I should consider inalienable human rights, civil liberties, privacy protections, and the freedom to make one's own choices. ",Therefore,baseline,818,352,3.546196837054852
0,0.0,,,synthesis_restructured,random,3,20260206_123303,1.5130398273468018,"Single-use plastics are a major contributor to pollution, harming wildlife, clogging waterways, and degrading ecosystems. While it might seem inconvenient, a government-enforced ban is essential because individual actions alone won’t solve a problem driven by corporate production and systemic waste. History shows that when governments step in—like with smoking bans or leaded fuel—society adapts and thrives. Countries like Canada, the EU, and several U.S. cities have already proven that plastic bans can work without collapsing daily life. With better access to reusable alternatives and public support, a total ban is not only achievable but crucial for protecting the planet for future generations. We shouldn’t wait for disasters to become unavoidable—this is the right time to act.",clarification_and_specification,incentives_and_power_dynamics,"In other words, the use of single-use plastics is not just a personal choice but a systemic issue shaped by corporate incentives, consumer habits, and government policy. If the government doesn’t step in, the status quo will continue, and individuals will remain trapped in a cycle of convenience over sustainability.",clarification_and_specification_incentives_and_power_dynamics,"I should examine what behaviors are encouraged, who holds power, and how interests align or conflict. ",In other words,concession_and_contrast,precedent_and_long_term_effects,"However, history shows that government bans on harmful products—like smoking in public spaces or lead in gasoline—have worked to protect public health and the environment. A ban on single-use plastics is a similar necessary leap, prioritizing long-term environmental health over short-term convenience.",concession_and_contrast_precedent_and_long_term_effects,"I should evaluate historical precedents, long-term vs short-term tradeoffs, and obligations to future generations. ",However,addition_and_elaboration,feasibility_and_implementation,"Moreover, many countries and cities have already successfully implemented plastic bans, proving that alternatives exist and that enforcement is feasible. With proper public education and support for sustainable alternatives, a total ban isn’t unrealistic—it’s a realistic and necessary step.",addition_and_elaboration_feasibility_and_implementation,I should evaluate whether the proposal can actually be implemented and enforced effectively. ,Moreover,baseline,789,322,3.230625311350259
461044,2.513550360680123,,,synthesis_restructured,targeted,0,20260206_122715,1.3164448738098145,"The government should enforce a total ban on single-use plastics because it’s a necessary step to protect our environment and public health. Countries like Canada and members of the EU have already implemented similar bans successfully, showing that enforcement is not only possible but effective. The harm caused by plastic waste—polluting oceans, killing wildlife, and entering our food chain—far exceeds the inconvenience of changing habits. Just as governments have banned dangerous products like leaded gasoline and tobacco, banning single-use plastics is a responsible, preventative measure to safeguard communities. These bans don’t require perfection—just a clear direction and accountability. With proper public education and alternatives, the switch is manageable and sustainable. Ultimately, protecting the planet and future generations is worth the small effort it takes to eliminate these harmful materials.",evidence_and_authority,feasibility_and_implementation,"Evidence shows that bans on single-use plastics have already succeeded in multiple countries, like Canada and the EU, proving that such bans are feasible and enforceable with proper planning.",evidence_and_authority_feasibility_and_implementation,I should evaluate whether the proposal can actually be implemented and enforced effectively. ,Evidence shows that,conditional,cost_benefit_and_impact_analysis,If we consider the environmental cost of plastic pollution—such as harming marine life and contributing to long-term ecosystem damage—the cost of banning single-use plastics is significantly outweighed by the long-term benefits to public health and the environment.,conditional_cost_benefit_and_impact_analysis,"I should quantify and compare costs, benefits, and real-world impacts across economic, social, and environmental dimensions. ",If,evidence_and_authority,governance_and_accountability,"Evidence shows that governments already regulate harmful substances and products (like tobacco and leaded gasoline) for public safety, and banning single-use plastics follows the same responsible, preventative logic.",evidence_and_authority_governance_and_accountability,"I should consider legal frameworks, accountability mechanisms, democratic principles, and proper authority. ",Evidence shows that,targeted,920,202,3.1109141163874297
461044,2.513550360680123,,,synthesis_restructured,targeted,1,20260206_122715,1.1553947925567627,"Single-use plastics are a major source of pollution that harms wildlife, contaminates water systems, and contributes to climate change. A total government ban is a necessary step to protect the environment and future generations, especially since alternatives like reusable bags and biodegradable materials are already available and affordable. While some may worry about the impact on businesses or daily life, real-world examples from countries like Canada, Rwanda, and the EU show that such bans can be implemented smoothly with public support and clear guidelines. The long-term environmental and health benefits far outweigh any temporary challenges. It's not just about convenience—it's about responsibility to our planet and future communities. A ban is not only feasible, it's essential for sustainable living.",evidence_and_authority,feasibility_and_implementation,"Evidence shows that banning single-use plastics can significantly reduce pollution and protect ecosystems, making it a necessary step for long-term environmental health.",evidence_and_authority_feasibility_and_implementation,I should evaluate whether the proposal can actually be implemented and enforced effectively. ,Evidence shows that,conditional,cost_benefit_and_impact_analysis,"If we consider what's at stake—oceans choked with plastic, wildlife harmed, and waste overwhelming landfills—the long-term benefits of a ban far outweigh short-term inconvenience or economic adjustments.",conditional_cost_benefit_and_impact_analysis,"I should quantify and compare costs, benefits, and real-world impacts across economic, social, and environmental dimensions. ",If,evidence_and_authority,governance_and_accountability,"Evidence shows that governments have successfully implemented similar bans in other countries, proving that enforcement is possible with public education, incentives, and strong regulations.",evidence_and_authority_governance_and_accountability,"I should consider legal frameworks, accountability mechanisms, democratic principles, and proper authority. ",Evidence shows that,targeted,818,134,3.06509217633974
465046,2.6842490077689276,,,synthesis_restructured,targeted,0,20260206_122715,1.1857194900512695,"Single-use plastics are a major source of environmental pollution, clogging waterways and harming wildlife, and a total government ban is the most effective way to address this crisis. Countries and cities that have already implemented such bans, like Canada and San Francisco, have seen measurable reductions in plastic waste and greater adoption of reusable alternatives. While some worry about inconvenience, the shift toward sustainable options is already underway, with many businesses and consumers adapting quickly. The long-term benefits—cleaner ecosystems, reduced carbon emissions from plastic production, and less burden on waste management—far outweigh short-term disruptions. Ultimately, government action is necessary to drive systemic change, as individual efforts alone are not enough to solve a problem of this scale. We owe it to future generations to take bold, decisive steps now.",evidence_and_authority,feasibility_and_implementation,"Evidence shows that banning single-use plastics can significantly reduce plastic pollution, especially in oceans and landfills, where these materials accumulate for centuries.",evidence_and_authority_feasibility_and_implementation,I should evaluate whether the proposal can actually be implemented and enforced effectively. ,Evidence shows that,exemplification,cost_benefit_and_impact_analysis,"For example, cities like San Francisco and countries like Canada have successfully implemented bans, leading to a noticeable drop in plastic waste and encouraging innovation in sustainable alternatives.",exemplification_cost_benefit_and_impact_analysis,"I should quantify and compare costs, benefits, and real-world impacts across economic, social, and environmental dimensions. ",For example,evidence_and_authority,feasibility_and_implementation,"Evidence shows that banning single-use plastics can significantly reduce plastic pollution, especially in oceans and landfills, where these materials accumulate for centuries.",evidence_and_authority_feasibility_and_implementation,I should evaluate whether the proposal can actually be implemented and enforced effectively. ,Evidence shows that,targeted,900,194,2.953372348286628
2,0.0,,,synthesis_restructured,random,1,20260206_123303,1.3730707168579102,"The government should enforce a total ban on single-use plastics because it protects the environment and public health—issues that affect everyone, especially future generations and communities already bearing the brunt of pollution. These plastics often end up in oceans and landfills, disproportionately harming low-income and marginalized populations who lack the resources to manage waste effectively. Drawing from past successes like the bans on leaded gasoline and CFCs, we know that proactive government action is essential to prevent long-term environmental harm. A total ban encourages innovation in sustainable alternatives and reduces the strain on recycling systems, which are often overwhelmed. This is not just an environmental issue—it’s a matter of fairness, responsibility, and long-term survival. A ban ensures that we don’t pass on a polluted planet to those who can’t afford to fix it.",causal_reasoning,justice_and_fairness,"Therefore, the government should enforce a total ban on single-use plastics because it protects the environment and public health, which are matters of fairness to everyone, especially future generations and vulnerable communities disproportionately affected by pollution.",causal_reasoning_justice_and_fairness,"I should analyze whether outcomes, processes, and distributions are fair to all parties involved. ",Therefore,clarification_and_specification,justice_and_fairness,"In other words, banning single-use plastics ensures that the burden of environmental degradation isn’t unfairly placed on low-income communities or developing nations that often end up as dumping grounds for plastic waste.",clarification_and_specification_justice_and_fairness,"I should analyze whether outcomes, processes, and distributions are fair to all parties involved. ",In other words,clarification_and_specification,precedent_and_long_term_effects,"In other words, just as we’ve phased out leaded gasoline and CFCs for the greater good, banning single-use plastics is a necessary step to prevent irreversible environmental damage and protect ecosystems for future generations.",clarification_and_specification_precedent_and_long_term_effects,"I should evaluate historical precedents, long-term vs short-term tradeoffs, and obligations to future generations. ",In other words,baseline,905,415,2.83772920530827
44,0.0,,,synthesis_restructured,random,4,20260206_123303,1.215172290802002,"A total ban on single-use plastics is essential to protect our planet's ecosystems and public health. Plastic waste is already drowning our oceans, killing marine animals, and entering the food chain, posing long-term risks to human well-being. While some may worry about inconvenience, alternatives like reusable bags, containers, and biodegradable materials are widely available and increasingly affordable. Governments have already proven they can enforce such bans successfully, with countries like Rwanda and Canada seeing dramatic reductions in plastic pollution after implementation. Waiting for gradual change is no longer an option—our environment cannot afford another decade of inaction. A total ban is the most effective, necessary step to stop the crisis before it worsens.",addition_and_elaboration,risk_and_unintended_consequences,"Moreover, a ban on single-use plastics would significantly reduce pollution in oceans and waterways, protecting marine life and ecosystems that are currently under severe threat from plastic waste.",addition_and_elaboration_risk_and_unintended_consequences,"I should identify risks, unintended outcomes, cascading effects, and potential for escalation. ",Moreover,sequence_and_transition,feasibility_and_implementation,"Next, governments have the authority and infrastructure to implement such bans effectively, as demonstrated by successful policies in countries like Rwanda and Canada, where plastic bans led to measurable improvements in environmental cleanliness.",sequence_and_transition_feasibility_and_implementation,I should evaluate whether the proposal can actually be implemented and enforced effectively. ,Next,concession_and_contrast,feasibility_and_implementation,"However, a total ban is necessary because partial measures or recycling programs alone have failed to curb the growing tide of plastic pollution, which continues to accumulate in landfills and natural environments.",concession_and_contrast_feasibility_and_implementation,I should evaluate whether the proposal can actually be implemented and enforced effectively. ,However,baseline,786,320,2.6688657121348474
462056,2.6206620131422604,,,synthesis_restructured,targeted,2,20260206_122715,1.119494915008545,"The government should enforce a total ban on single-use plastics because it’s a necessary step to protect our environment and public health. Plastic waste pollutes oceans, kills wildlife, and eventually enters our food chain, posing serious risks to humans and ecosystems. While some may worry about inconvenience or cost, real-world examples like Rwanda and Kenya show that strict bans are enforceable and supported by communities when the long-term benefits are clear. Alternatives like reusable bags, containers, and biodegradable materials are already available and affordable for most people. A total ban would drive innovation, reduce cleanup costs, and help us meet climate and sustainability goals. It’s not just about convenience—it’s about responsibility to future generations.",evidence_and_authority,feasibility_and_implementation,"Evidence shows that banning single-use plastics reduces waste and pollution, and many countries have successfully implemented such bans.",evidence_and_authority_feasibility_and_implementation,I should evaluate whether the proposal can actually be implemented and enforced effectively. ,Evidence shows that,concession_and_contrast,cost_benefit_and_impact_analysis,"However, the long-term environmental and health benefits far outweigh any short-term inconvenience or economic cost, since plastic pollution harms wildlife, contaminates water, and contributes to climate change.",concession_and_contrast_cost_benefit_and_impact_analysis,"I should quantify and compare costs, benefits, and real-world impacts across economic, social, and environmental dimensions. ",However,exemplification,feasibility_and_implementation,"For example, countries like Rwanda and Kenya have enforced strict bans with strong public support and effective monitoring, proving it’s possible even in developing nations.",exemplification_feasibility_and_implementation,I should evaluate whether the proposal can actually be implemented and enforced effectively. ,For example,targeted,787,104,2.487443365781582
463046,2.731360233138982,,,synthesis_restructured,targeted,2,20260206_122715,1.0656640529632568,"The government should enforce a total ban on single-use plastics because it’s a practical, proven solution to a growing environmental crisis. Countries like Canada, the UK, and several nations in the EU have already implemented such bans and seen measurable improvements in reducing plastic waste. These plastics don’t just pollute oceans and harm animals—they also end up in our food and water, posing real risks to human health. A ban would push businesses to innovate with sustainable alternatives, creating greener jobs and reducing long-term environmental costs. While some may worry about inconvenience, reusable options are now widely available and affordable. The benefits to the planet and public health far outweigh the short-term adjustments. It’s time to act boldly and protect future generations.",evidence_and_authority,feasibility_and_implementation,"Evidence shows that many countries have successfully banned single-use plastics, proving it’s feasible to enforce such a policy at scale.",evidence_and_authority_feasibility_and_implementation,I should evaluate whether the proposal can actually be implemented and enforced effectively. ,Evidence shows that,addition_and_elaboration,cost_benefit_and_impact_analysis,"Moreover, banning single-use plastics reduces pollution in oceans and landfills, which directly protects wildlife and human health.",addition_and_elaboration_cost_benefit_and_impact_analysis,"I should quantify and compare costs, benefits, and real-world impacts across economic, social, and environmental dimensions. ",Moreover,evidence_and_authority,feasibility_and_implementation,"Evidence shows that many countries have successfully banned single-use plastics, proving it’s feasible to enforce such a policy at scale.",evidence_and_authority_feasibility_and_implementation,I should evaluate whether the proposal can actually be implemented and enforced effectively. ,Evidence shows that,targeted,809,125,2.3253931584313206
464644,2.609618157420209,,,synthesis_restructured,targeted,4,20260206_122715,1.3890695571899414,"Single-use plastics are a major source of environmental pollution, clogging waterways, harming wildlife, and contributing to long-term ecosystem damage. A government-enforced ban is necessary to make a meaningful impact, as voluntary efforts have consistently failed to reduce plastic waste at the required scale. Countries like Canada and members of the EU have already implemented such bans with measurable success, showing that it’s both practical and effective. While some may worry about inconvenience, alternatives like reusable bags, containers, and biodegradable materials are widely available and increasingly affordable. The long-term benefits—cleaner oceans, healthier wildlife, and reduced landfill use—far outweigh the short-term adjustments. Ultimately, protecting the environment is a shared responsibility, and government action is essential to drive the systemic change we need. A total ban on single-use plastics is not just a good idea—it’s a necessary step toward a sustainable future.",evidence_and_authority,feasibility_and_implementation,"Evidence shows that bans on single-use plastics are feasible and have been successfully implemented in multiple countries, such as Canada and the EU, which have already seen measurable reductions in plastic pollution.",evidence_and_authority_feasibility_and_implementation,I should evaluate whether the proposal can actually be implemented and enforced effectively. ,Evidence shows that,evidence_and_authority,feasibility_and_implementation,"Evidence shows that bans on single-use plastics are feasible and have been successfully implemented in multiple countries, such as Canada and the EU, which have already seen measurable reductions in plastic pollution.",evidence_and_authority_feasibility_and_implementation,I should evaluate whether the proposal can actually be implemented and enforced effectively. ,Evidence shows that,evidence_and_authority,governance_and_accountability,"Evidence shows that bans on single-use plastics are feasible and have been successfully implemented in multiple countries, such as Canada and the EU, which have already seen measurable reductions in plastic pollution.",evidence_and_authority_governance_and_accountability,"I should consider legal frameworks, accountability mechanisms, democratic principles, and proper authority. ",Evidence shows that,targeted,1005,217,1.7732148842484423
464652,2.530903086605129,,,synthesis_restructured,targeted,3,20260206_122715,1.2648353576660156,"The government should enforce a total ban on single-use plastics because it's a practical and effective way to tackle the growing crisis of plastic pollution. Countries like Rwanda and Kenya have successfully implemented nationwide bans, resulting in cleaner streets, healthier ecosystems, and a noticeable drop in plastic waste. These examples show that bans aren't just theoretical—they work in real-world conditions when combined with public awareness and access to reusable alternatives. While some may worry about inconvenience, the long-term benefits to public health, wildlife, and the environment far outweigh the short-term adjustments. Everyone has a stake in protecting our planet, and a national ban ensures we all contribute equally to a sustainable future. It’s not about restricting freedom—it’s about protecting our shared environment for generations to come.",evidence_and_authority,feasibility_and_implementation,"Evidence shows that countries with strict bans on single-use plastics have seen significant reductions in plastic pollution, indicating that such policies are not only feasible but also practical when properly enforced.",evidence_and_authority_feasibility_and_implementation,I should evaluate whether the proposal can actually be implemented and enforced effectively. ,Evidence shows that,evidence_and_authority,feasibility_and_implementation,"Evidence shows that countries with strict bans on single-use plastics have seen significant reductions in plastic pollution, indicating that such policies are not only feasible but also practical when properly enforced.",evidence_and_authority_feasibility_and_implementation,I should evaluate whether the proposal can actually be implemented and enforced effectively. ,Evidence shows that,exemplification,justice_and_fairness,"For example, in places like Rwanda and Kenya, nationwide bans have led to cleaner cities and reduced environmental harm, proving that bans can work without disproportionately affecting vulnerable communities when supported by public education and alternatives.",exemplification_justice_and_fairness,"I should analyze whether outcomes, processes, and distributions are fair to all parties involved. ",For example,targeted,875,178,1.242208876315549
467056,2.710815207546865,,,synthesis_restructured,targeted,1,20260206_122715,1.1169133186340332,"A total ban on single-use plastics is necessary to protect our environment and public health. Countries like Rwanda and cities like San Francisco have proven that such bans are not only enforceable but also lead to cleaner streets, healthier oceans, and reduced pollution. These bans drive innovation in eco-friendly packaging and help lower long-term waste management costs. While some may worry about inconvenience, affordable and reusable alternatives are already available and becoming more accessible every day. The environmental and economic benefits far outweigh the short-term adjustments. We all have a responsibility to reduce our plastic footprint, and government action is the most effective way to ensure widespread change. It’s time we choose the future over convenience.",evidence_and_authority,feasibility_and_implementation,"Evidence shows that many countries with strict bans on single-use plastics have successfully reduced plastic pollution, proving that enforcement is feasible.",evidence_and_authority_feasibility_and_implementation,I should evaluate whether the proposal can actually be implemented and enforced effectively. ,Evidence shows that,emphasis_and_evaluation,cost_benefit_and_impact_analysis,"Importantly, a total ban leads to long-term savings by reducing waste management costs, cleaning up polluted environments, and protecting ecosystems that support tourism and fishing industries.",emphasis_and_evaluation_cost_benefit_and_impact_analysis,"I should quantify and compare costs, benefits, and real-world impacts across economic, social, and environmental dimensions. ",Importantly,exemplification,feasibility_and_implementation,"For example, cities like San Francisco and countries like Rwanda have shown that plastic bans can be enforced without major disruptions to daily life, especially when supported by public education and affordable alternatives.",exemplification_feasibility_and_implementation,I should evaluate whether the proposal can actually be implemented and enforced effectively. ,For example,targeted,785,102,1.0192983262458515
464056,2.718557261212647,,,synthesis_restructured,targeted,2,20260206_122715,1.0694525241851809,"Single-use plastics are a major source of pollution, clogging waterways and harming wildlife—banning them is a necessary step to protect the environment. Many countries, including Canada and members of the European Union, have already implemented effective bans with strong enforcement and public support, proving such policies are feasible and impactful. These bans have led to significant reductions in plastic waste and lower long-term costs for cleanup and environmental damage. While some may worry about inconvenience, reusable alternatives are increasingly accessible and affordable for everyday use. The environmental and health benefits far outweigh the short-term adjustments. A total ban is not just a moral obligation but a practical solution to a growing crisis. We must act now to safeguard our planet for future generations.",evidence_and_authority,feasibility_and_implementation,"Evidence shows that many countries have successfully reduced plastic pollution through bans, proving such policies can work in practice.",evidence_and_authority_feasibility_and_implementation,I should evaluate whether the proposal can actually be implemented and enforced effectively. ,Evidence shows that,evidence_and_authority,cost_benefit_and_impact_analysis,"Evidence shows that banning single-use plastics reduces ocean pollution, protects wildlife, and lowers long-term environmental cleanup costs.",evidence_and_authority_cost_benefit_and_impact_analysis,"I should quantify and compare costs, benefits, and real-world impacts across economic, social, and environmental dimensions. ",Evidence shows that,exemplification,feasibility_and_implementation,"For example, countries like Canada and the EU have introduced comprehensive bans with strong enforcement and public education, leading to measurable improvements in environmental health.",exemplification_feasibility_and_implementation,I should evaluate whether the proposal can actually be implemented and enforced effectively. ,For example,targeted,839,153,0.8582004836043298
466056,2.6206620131422604,,,synthesis_restructured,targeted,3,20260206_122715,1.16925048828125,"The government should enforce a total ban on single-use plastics because these materials are a major contributor to pollution, harming ecosystems and wildlife, especially in oceans. While some may worry about inconvenience or cost, the long-term benefits to public health and the environment make this a necessary step. Real-world examples, like Rwanda and Kenya, show that strict bans can work and lead to cleaner cities and less plastic waste. The shift to reusable or biodegradable alternatives is already happening and can be supported through education and incentives. A ban sends a clear message that protecting the planet is a priority, and it encourages innovation in sustainable packaging. In the end, the cost of inaction—rising pollution, damaged ecosystems, and health risks—is far greater than the cost of change.",evidence_and_authority,feasibility_and_implementation,"Evidence shows that single-use plastics are a major source of pollution, especially in oceans and landfills, and banning them would significantly reduce environmental damage.",evidence_and_authority_feasibility_and_implementation,I should evaluate whether the proposal can actually be implemented and enforced effectively. ,Evidence shows that,clarification_and_specification,cost_benefit_and_impact_analysis,"In other words, while there may be short-term costs to businesses or consumers, the long-term environmental and public health benefits far outweigh these challenges.",clarification_and_specification_cost_benefit_and_impact_analysis,"I should quantify and compare costs, benefits, and real-world impacts across economic, social, and environmental dimensions. ",In other words,exemplification,feasibility_and_implementation,"For example, countries like Rwanda and Kenya have successfully implemented strict bans and seen dramatic improvements in cleanliness and waste management, proving such policies are feasible.",exemplification_feasibility_and_implementation,I should evaluate whether the proposal can actually be implemented and enforced effectively. ,For example,targeted,826,140,0.6930467532630542
463056,2.705170085802145,,,synthesis_restructured,targeted,1,20260206_122715,1.146353006362915,"A total ban on single-use plastics is a necessary and achievable step toward protecting our environment and public health. While some may worry about inconvenience, real-world examples from countries like Rwanda and Canada prove such bans can be effectively implemented and lead to cleaner cities and ecosystems. The long-term benefits—reduced pollution, less harm to wildlife, and lower healthcare costs from toxic chemical exposure—are far greater than the temporary challenges of changing habits. Plus, reusable alternatives are becoming more affordable and accessible every day. This is not just an environmental issue—it’s about ensuring a safer, healthier future for everyone. A government ban is the most reliable way to drive widespread change and hold corporations accountable.",evidence_and_authority,feasibility_and_implementation,"Evidence shows that a total ban on single-use plastics is both feasible and already being successfully implemented in various countries, proving it's not an unrealistic goal.",evidence_and_authority_feasibility_and_implementation,I should evaluate whether the proposal can actually be implemented and enforced effectively. ,Evidence shows that,addition_and_elaboration,cost_benefit_and_impact_analysis,"Moreover, the long-term environmental and health benefits—like cleaner oceans and reduced plastic pollution—far outweigh the short-term inconvenience and costs of switching to alternatives.",addition_and_elaboration_cost_benefit_and_impact_analysis,"I should quantify and compare costs, benefits, and real-world impacts across economic, social, and environmental dimensions. ",Moreover,exemplification,feasibility_and_implementation,"For example, countries like Rwanda and Canada have successfully banned single-use plastics and seen measurable improvements in waste management and public awareness, showing the policy is workable on a large scale.",exemplification_feasibility_and_implementation,I should evaluate whether the proposal can actually be implemented and enforced effectively. ,For example,targeted,786,103,0.6454853361734846
465656,2.5763442987045755,,,synthesis_restructured,targeted,3,20260206_122715,1.2582850456237793,"The government should enforce a total ban on single-use plastics because they are a major source of environmental pollution, harming wildlife and contaminating ecosystems. While some may worry about inconvenience, real-world examples from countries like Canada and members of the European Union show that such bans are feasible and can be implemented without major economic disruption. Businesses have successfully transitioned to reusable or compostable alternatives, proving that change is possible when supported by policy. A ban would also encourage innovation in sustainable materials and reduce the long-term costs of cleaning up plastic waste. Given the irreversible damage single-use plastics cause to the planet, taking decisive action now is both responsible and necessary. This isn’t just about rules—it’s about protecting our environment for future generations.",evidence_and_authority,feasibility_and_implementation,"Evidence shows that bans on single-use plastics have been successfully implemented in various countries, such as Canada and the European Union, demonstrating that such policies are not only feasible but also effective in reducing plastic pollution.",evidence_and_authority_feasibility_and_implementation,I should evaluate whether the proposal can actually be implemented and enforced effectively. ,Evidence shows that,exemplification,feasibility_and_implementation,"For example, in places where bans have been enacted, businesses have adapted by switching to reusable or biodegradable alternatives, showing that the transition is manageable without causing major disruptions.",exemplification_feasibility_and_implementation,I should evaluate whether the proposal can actually be implemented and enforced effectively. ,For example,exemplification,feasibility_and_implementation,"For example, in places where bans have been enacted, businesses have adapted by switching to reusable or biodegradable alternatives, showing that the transition is manageable without causing major disruptions.",exemplification_feasibility_and_implementation,I should evaluate whether the proposal can actually be implemented and enforced effectively. ,For example,targeted,873,177,0.6053131753234303
469046,2.5649552484806932,,,synthesis_restructured,targeted,1,20260206_122715,1.156632900238037,"Single-use plastics are a major contributor to pollution, harming wildlife, contaminating water sources, and contributing to climate change. While some may worry about the cost or inconvenience, real-world examples from countries like Canada, the UK, and several nations in the EU show that banning these products is not only possible but leads to innovation in sustainable alternatives. These bans have reduced litter, lowered cleanup costs, and encouraged businesses to adopt eco-friendly packaging. Even though there may be a learning curve, the long-term benefits to public health and the environment are too significant to ignore. A total ban is a clear, enforceable step toward protecting our planet for future generations. The cost of inaction—more pollution, more waste, more harm—is simply not worth it.",evidence_and_authority,feasibility_and_implementation,"Evidence shows that bans on single-use plastics have already been successfully implemented in multiple countries, proving that such policies are feasible and enforceable.",evidence_and_authority_feasibility_and_implementation,I should evaluate whether the proposal can actually be implemented and enforced effectively. ,Evidence shows that,conclusion_and_summary,cost_benefit_and_impact_analysis,"In conclusion, the environmental and health benefits far outweigh the short-term challenges, making a total ban a necessary and practical step toward long-term sustainability.",conclusion_and_summary_cost_benefit_and_impact_analysis,"I should quantify and compare costs, benefits, and real-world impacts across economic, social, and environmental dimensions. ",In conclusion,evidence_and_authority,feasibility_and_implementation,"Evidence shows that bans on single-use plastics have already been successfully implemented in multiple countries, proving that such policies are feasible and enforceable.",evidence_and_authority_feasibility_and_implementation,I should evaluate whether the proposal can actually be implemented and enforced effectively. ,Evidence shows that,targeted,812,129,0.560101208282572
463056,2.705170085802145,,,synthesis_restructured,targeted,2,20260206_122715,1.138002872467041,"Single-use plastics are a major source of pollution, harming wildlife, contaminating water systems, and lasting for centuries in landfills. A total government ban would push society toward sustainable alternatives like reusable bags, glass containers, and biodegradable materials that are already accessible and often cost-effective. Countries like Rwanda and Canada have already proven that such bans are enforceable and lead to cleaner communities and reduced waste. Even if some inconvenience arises initially, the long-term benefits to public health, nature, and climate outweigh the short-term challenges. With proper education and support, people can adapt quickly and responsibly. Ultimately, protecting the planet from irreversible harm is a responsibility we all share—and a total ban is a necessary and achievable step forward.",evidence_and_authority,feasibility_and_implementation,"Evidence shows that single-use plastics cause severe environmental damage, especially in oceans and landfills, and a total ban would significantly reduce pollution.",evidence_and_authority_feasibility_and_implementation,I should evaluate whether the proposal can actually be implemented and enforced effectively. ,Evidence shows that,addition_and_elaboration,cost_benefit_and_impact_analysis,"Moreover, many everyday alternatives—like paper, glass, or reusable containers—are already available and affordable, making a transition feasible for most people.",addition_and_elaboration_cost_benefit_and_impact_analysis,"I should quantify and compare costs, benefits, and real-world impacts across economic, social, and environmental dimensions. ",Moreover,exemplification,feasibility_and_implementation,"For example, countries like Rwanda and Canada have successfully banned single-use plastics, proving that such policies can work in practice with strong public support.",exemplification_feasibility_and_implementation,I should evaluate whether the proposal can actually be implemented and enforced effectively. ,For example,targeted,837,148,0.4837070673161304
124650,2.5555926010414876,,,synthesis_restructured,targeted,0,20260206_122715,1.1857154369354248,"Single-use plastics are a major source of pollution that harms wildlife, contaminates our oceans, and can even enter our food chain, posing risks to human health. While some argue that bans are inconvenient, the real cost of inaction—such as cleaning up polluted beaches, treating plastic-related illnesses, and losing biodiversity—is far greater. Countries like Canada and the EU have already implemented bans and seen dramatic reductions in plastic waste, proving these policies are both practical and effective. Instead of relying on expensive cleanups and damage control, we should act now to prevent the problem before it gets worse. A ban encourages innovation in eco-friendly materials and gives consumers the chance to choose sustainable options. This shift isn’t just about rules—it’s about protecting our planet and future generations. The time to act is now, before the damage becomes irreversible.",conditional,justice_and_fairness,"If we don’t act now, we risk irreversible harm to ecosystems, animals, and human health due to the accumulation of plastic waste.",conditional_justice_and_fairness,"I should analyze whether outcomes, processes, and distributions are fair to all parties involved. ",If,evidence_and_authority,feasibility_and_implementation,Evidence shows that countries with plastic bans have successfully reduced plastic pollution and encouraged sustainable alternatives.,evidence_and_authority_feasibility_and_implementation,I should evaluate whether the proposal can actually be implemented and enforced effectively. ,Evidence shows that,exemplification,cost_benefit_and_impact_analysis,"For example, plastic bags and packaging often cost less upfront but cause massive long-term environmental and health costs that are not reflected in their price.",exemplification_cost_benefit_and_impact_analysis,"I should quantify and compare costs, benefits, and real-world impacts across economic, social, and environmental dimensions. ",For example,targeted,909,198,0.4484541463361175
462046,2.6842490077689276,,,synthesis_restructured,targeted,2,20260206_122715,1.169783592224121,"The government should enforce a total ban on single-use plastics because the environmental damage they cause is both severe and irreversible. Every year, millions of tons of plastic pollute our oceans and landfills, harming wildlife, contaminating ecosystems, and even entering the food chain. While some may worry about the immediate impact on businesses and consumers, real-world examples from countries like Canada, Kenya, and members of the EU show that bans can be implemented smoothly with minimal disruption. In fact, the long-term benefits—cleaner cities, healthier oceans, and reduced waste management costs—far outweigh the short-term adjustments. Plus, the rise of reusable and biodegradable alternatives means we no longer have to rely on plastic for convenience. A total ban is not just a necessary step—it's a responsible one for the planet and future generations.",evidence_and_authority,feasibility_and_implementation,"Evidence shows that governments worldwide have successfully implemented single-use plastic bans, proving that enforcement is feasible and scalable.",evidence_and_authority_feasibility_and_implementation,I should evaluate whether the proposal can actually be implemented and enforced effectively. ,Evidence shows that,concession_and_contrast,cost_benefit_and_impact_analysis,"However, the long-term savings from reduced pollution, cleaner waterways, and lower waste management costs far outweigh the short-term inconvenience and economic disruption.",concession_and_contrast_cost_benefit_and_impact_analysis,"I should quantify and compare costs, benefits, and real-world impacts across economic, social, and environmental dimensions. ",However,evidence_and_authority,feasibility_and_implementation,"Evidence shows that governments worldwide have successfully implemented single-use plastic bans, proving that enforcement is feasible and scalable.",evidence_and_authority_feasibility_and_implementation,I should evaluate whether the proposal can actually be implemented and enforced effectively. ,Evidence shows that,targeted,878,184,0.4050259192516331
465646,2.6399312933312427,,,synthesis_restructured,targeted,2,20260206_122715,1.1905086040496826,"Single-use plastics are a major contributor to environmental pollution, clogging oceans, harming wildlife, and lasting for hundreds of years in landfills. A total government ban would force a shift toward sustainable alternatives, like reusable bags and compostable packaging, which are already widely available and cost-effective. Countries like Rwanda and Kenya have proven that strict plastic bans can be successfully implemented and enforced, leading to cleaner cities and healthier ecosystems. While some may worry about inconvenience, the long-term benefits to public health and the environment far outweigh temporary adjustments. With proper education and support, consumers can easily adapt to using reusable options. The government has a responsibility to protect the planet for future generations, and banning single-use plastics is a necessary and achievable step in that direction.",evidence_and_authority,feasibility_and_implementation,"Evidence shows that single-use plastics are a major source of environmental pollution, especially in oceans and landfills, and a total ban would significantly reduce this harm.",evidence_and_authority_feasibility_and_implementation,I should evaluate whether the proposal can actually be implemented and enforced effectively. ,Evidence shows that,exemplification,feasibility_and_implementation,"For example, countries like Rwanda and Kenya have successfully implemented strict bans on plastic bags and seen rapid improvements in cleanliness and environmental health, proving that enforcement is possible.",exemplification_feasibility_and_implementation,I should evaluate whether the proposal can actually be implemented and enforced effectively. ,For example,evidence_and_authority,feasibility_and_implementation,"Evidence shows that alternatives like reusable bags, paper packaging, and biodegradable materials are already available and affordable for most consumers, making the transition practical.",evidence_and_authority_feasibility_and_implementation,I should evaluate whether the proposal can actually be implemented and enforced effectively. ,Evidence shows that,targeted,893,189,0.33926781070980955
460056,2.6206620131422604,,,synthesis_restructured,targeted,3,20260206_122715,1.153904914855957,"Single-use plastics are a major contributor to pollution, harming wildlife, contaminating water sources, and taking hundreds of years to break down. A total government ban would drastically reduce this waste, protect ecosystems, and promote cleaner communities. While some people might find it inconvenient at first, alternatives like reusable bags, containers, and biodegradable materials are already available and becoming more affordable. Countries like Rwanda and Canada have proven that such bans are not only possible but also effective when supported by public awareness and strong policy. The long-term benefits to the environment and public health far outweigh any initial disruption to daily life. Therefore, a total ban on single-use plastics is a necessary and achievable step toward a more sustainable future.",evidence_and_authority,feasibility_and_implementation,"Evidence shows that single-use plastics are a major source of pollution, especially in oceans and waterways, and a total ban would significantly reduce this environmental harm.",evidence_and_authority_feasibility_and_implementation,I should evaluate whether the proposal can actually be implemented and enforced effectively. ,Evidence shows that,causal_reasoning,cost_benefit_and_impact_analysis,"Therefore, even though some inconvenience may arise for consumers and businesses initially, the long-term environmental and public health benefits far outweigh these short-term drawbacks.",causal_reasoning_cost_benefit_and_impact_analysis,"I should quantify and compare costs, benefits, and real-world impacts across economic, social, and environmental dimensions. ",Therefore,exemplification,feasibility_and_implementation,"For example, countries like Rwanda and Canada have shown that bans on single-use plastics are feasible and can be successfully implemented with public support and alternative solutions.",exemplification_feasibility_and_implementation,I should evaluate whether the proposal can actually be implemented and enforced effectively. ,For example,targeted,822,139,0.3278877420312703
464456,2.50140962554797,,,synthesis_restructured,targeted,1,20260206_122715,1.2344703674316406,"The government should enforce a total ban on single-use plastics because it’s a practical and effective way to protect our environment. Countries like Canada, the European Union, and Kenya have already implemented such bans successfully, showing that they can be enforced and lead to real improvements in cleanliness and public health. These policies don’t just reduce pollution—they also encourage innovation in reusable and biodegradable materials, leading to new green jobs and sustainable businesses. As someone who cares about clean streets, safe oceans, and a healthier planet for future generations, I believe a ban is a necessary and responsible step. It’s not just about convenience—it’s about protecting our shared environment for everyone. With strong public support and proven models around the world, this kind of action is both fair and achievable.",evidence_and_authority,feasibility_and_implementation,"Evidence shows that bans on single-use plastics have already succeeded in countries like Canada and the European Union, proving that such a policy is both feasible and effective at reducing plastic pollution.",evidence_and_authority_feasibility_and_implementation,I should evaluate whether the proposal can actually be implemented and enforced effectively. ,Evidence shows that,evidence_and_authority,governance_and_accountability,"Evidence shows that governments have the authority and legal tools to enforce such bans, and public support for environmental protection makes these policies both legitimate and widely accepted.",evidence_and_authority_governance_and_accountability,"I should consider legal frameworks, accountability mechanisms, democratic principles, and proper authority. ",Evidence shows that,exemplification,feasibility_and_implementation,"For example, in places like California and Kenya, bans on single-use plastics have led to measurable reductions in litter, cleaner public spaces, and increased innovation in sustainable alternatives.",exemplification_feasibility_and_implementation,I should evaluate whether the proposal can actually be implemented and enforced effectively. ,For example,targeted,862,168,0.30865252758188705
462046,2.6842490077689276,,,synthesis_restructured,targeted,1,20260206_122715,1.2767534255981443,"The government should enforce a total ban on single-use plastics because it’s a necessary step to protect our environment and public health. Countries and cities that have already implemented such bans—like San Francisco and several in the European Union—have seen dramatic reductions in plastic pollution, proving the policy works in real-world conditions. While some might worry about inconvenience or cost, the long-term benefits of cleaner oceans, safer wildlife, and lower waste management expenses far outweigh these short-term challenges. Plus, alternatives like reusable bags and containers are now widely available and more affordable than ever. A ban encourages innovation and shifts consumer habits toward more sustainable choices. Ultimately, this is not just about plastic—it’s about protecting our planet for future generations. It’s time we take bold, responsible action to stop the tide of pollution.",evidence_and_authority,feasibility_and_implementation,"Evidence shows that bans on single-use plastics have successfully reduced plastic waste in cities like San Francisco and cities in the EU, proving that such policies are feasible and effective when properly enforced.",evidence_and_authority_feasibility_and_implementation,I should evaluate whether the proposal can actually be implemented and enforced effectively. ,Evidence shows that,concession_and_contrast,cost_benefit_and_impact_analysis,"However, the long-term savings in environmental cleanup and healthcare costs due to reduced pollution far outweigh the short-term inconvenience and cost of switching to alternatives.",concession_and_contrast_cost_benefit_and_impact_analysis,"I should quantify and compare costs, benefits, and real-world impacts across economic, social, and environmental dimensions. ",However,evidence_and_authority,feasibility_and_implementation,"Evidence shows that bans on single-use plastics have successfully reduced plastic waste in cities like San Francisco and cities in the EU, proving that such policies are feasible and effective when properly enforced.",evidence_and_authority_feasibility_and_implementation,I should evaluate whether the proposal can actually be implemented and enforced effectively. ,Evidence shows that,targeted,916,201,0.27517968373712853
125650,2.6349812774237993,,,synthesis_restructured,targeted,2,20260206_122715,1.188469409942627,"A total ban on single-use plastics is a necessary and fair step toward protecting our environment and communities. These materials pollute our oceans, harm wildlife, and disproportionately affect low-income neighborhoods that often bear the brunt of waste disposal. Many countries have already implemented similar bans with success, showing that such policies are not only feasible but also effective when supported by public awareness and accessible alternatives. The long-term benefits—cleaner cities, healthier ecosystems, and reduced cleanup costs—far outweigh the temporary inconvenience of changing our habits. It’s time we prioritize the planet over convenience, especially since reusable options are now more affordable and widely available than ever. A government-led ban ensures everyone contributes equally to a sustainable future.",conditional,justice_and_fairness,"If the government enforces a total ban on single-use plastics, it will lead to fairer environmental outcomes by reducing pollution that disproportionately harms low-income communities and vulnerable ecosystems.",conditional_justice_and_fairness,"I should analyze whether outcomes, processes, and distributions are fair to all parties involved. ",If,exemplification,feasibility_and_implementation,"For example, many countries have successfully phased out single-use plastics through clear regulations and public education, showing that such bans are practical and enforceable.",exemplification_feasibility_and_implementation,I should evaluate whether the proposal can actually be implemented and enforced effectively. ,For example,exemplification,cost_benefit_and_impact_analysis,"For example, the long-term cost savings from reduced cleanup efforts, healthcare expenses related to pollution, and damage to marine life far outweigh the short-term inconvenience of switching to alternatives.",exemplification_cost_benefit_and_impact_analysis,"I should quantify and compare costs, benefits, and real-world impacts across economic, social, and environmental dimensions. ",For example,targeted,842,157,0.2688380483661899
464044,2.5380378881460457,,,synthesis_restructured,targeted,0,20260206_122715,1.2087740898132324,"Single-use plastics are a major source of pollution, clogging waterways, harming marine life, and contributing to long-term environmental damage. A total government ban is not only feasible—countries like Canada and the EU have already implemented similar bans—but also necessary to protect ecosystems and public health. While some may worry about economic impacts, the long-term benefits of cleaner communities, reduced waste management costs, and fewer environmental disasters far outweigh the short-term inconvenience. Governments have a responsibility to act on scientific evidence and safeguard the planet for future generations. A ban is a practical, enforceable step that aligns with democratic accountability and environmental stewardship. Rather than delaying action, we should embrace this change now to ensure a healthier, more sustainable future for everyone.",evidence_and_authority,feasibility_and_implementation,"Evidence shows that governments around the world have successfully banned single-use plastics in various forms, from bags to cutlery, proving that enforcement is feasible and scalable.",evidence_and_authority_feasibility_and_implementation,I should evaluate whether the proposal can actually be implemented and enforced effectively. ,Evidence shows that,evidence_and_authority,cost_benefit_and_impact_analysis,"Evidence shows that banning single-use plastics reduces pollution in oceans and landfills, protects wildlife, and lowers long-term environmental cleanup costs—outweighing any short-term economic disruptions.",evidence_and_authority_cost_benefit_and_impact_analysis,"I should quantify and compare costs, benefits, and real-world impacts across economic, social, and environmental dimensions. ",Evidence shows that,evidence_and_authority,governance_and_accountability,"Evidence shows that governments have the legal authority and responsibility to protect public health and the environment, and a ban on harmful plastics aligns with this duty.",evidence_and_authority_governance_and_accountability,"I should consider legal frameworks, accountability mechanisms, democratic principles, and proper authority. ",Evidence shows that,targeted,871,176,0.2642453485215031
465644,2.586784711544062,,,synthesis_restructured,targeted,0,20260206_122715,1.277250051498413,"The government should enforce a total ban on single-use plastics because it’s a realistic and effective step toward protecting our environment. Countries like Canada and the UK have already implemented similar bans on items like plastic bags, straws, and cutlery, and they’ve seen measurable decreases in plastic pollution without causing major problems for consumers or businesses. These bans are not only possible but necessary, since single-use plastics take hundreds of years to break down and harm wildlife, oceans, and even human health. A government-wide ban would encourage innovation in sustainable alternatives and shift public habits toward more responsible consumption. As a regular person, I see how easy it is to switch to reusable bags or containers, and I believe stronger rules can help everyone make better choices. When governments act, they lead by example and create lasting change that benefits all of us and future generations.",evidence_and_authority,feasibility_and_implementation,"Evidence shows that banning single-use plastics is feasible and already works in multiple countries, proving that governments can successfully implement such policies without disrupting daily life.",evidence_and_authority_feasibility_and_implementation,I should evaluate whether the proposal can actually be implemented and enforced effectively. ,Evidence shows that,exemplification,feasibility_and_implementation,"For example, countries like Canada and the UK have introduced bans on certain single-use plastics and have seen a significant reduction in plastic waste without major economic or social disruptions.",exemplification_feasibility_and_implementation,I should evaluate whether the proposal can actually be implemented and enforced effectively. ,For example,evidence_and_authority,governance_and_accountability,"Evidence shows that banning single-use plastics is feasible and already works in multiple countries, proving that governments can successfully implement such policies without disrupting daily life.",evidence_and_authority_governance_and_accountability,"I should consider legal frameworks, accountability mechanisms, democratic principles, and proper authority. ",Evidence shows that,targeted,950,212,0.25779418137871785
464456,2.50140962554797,,,synthesis_restructured,targeted,0,20260206_122715,1.1841983795166016,"The government should enforce a total ban on single-use plastics because it’s a proven way to protect our environment and public health. Countries like Rwanda and Canada have successfully implemented such bans, showing that it’s possible to reduce pollution and hold companies accountable. These bans are also legally justified, as governments have the authority to regulate harmful products—just like they did with tobacco and leaded gasoline—to safeguard citizens. In Rwanda, banning plastic bags even saved lives by preventing deadly flooding during monsoon seasons. With proper enforcement and public support, a nationwide ban is not only realistic but necessary to prevent long-term environmental damage. This is a responsible step toward cleaner cities, healthier ecosystems, and a sustainable future for everyone.",evidence_and_authority,feasibility_and_implementation,"Evidence shows that governments can successfully implement bans on single-use plastics, as seen in countries like Rwanda and Canada, where enforcement has led to significant reductions in plastic waste.",evidence_and_authority_feasibility_and_implementation,I should evaluate whether the proposal can actually be implemented and enforced effectively. ,Evidence shows that,evidence_and_authority,governance_and_accountability,"Evidence shows that governments are legally and democratically empowered to regulate harmful products for public and environmental safety, just as they do with tobacco or leaded gasoline.",evidence_and_authority_governance_and_accountability,"I should consider legal frameworks, accountability mechanisms, democratic principles, and proper authority. ",Evidence shows that,exemplification,feasibility_and_implementation,"For example, Rwanda’s strict ban on plastic bags has saved lives by preventing flooding during monsoon seasons, proving that bans can be effective and enforceable even in developing nations.",exemplification_feasibility_and_implementation,I should evaluate whether the proposal can actually be implemented and enforced effectively. ,For example,targeted,820,137,0.25622951324434834
461046,2.7576567283733917,,,synthesis_restructured,targeted,4,20260206_122715,1.404574632644653,"A total ban on single-use plastics is a necessary and achievable step toward protecting our environment and public health. Many countries, including Canada and members of the European Union, have already implemented similar bans and seen positive results, proving that enforcement is realistic and effective. The harm caused by plastic pollution—such as clogged waterways, dying marine animals, and toxic chemicals entering the food chain—is far greater than the short-term inconvenience of changing habits. While some may worry about alternatives, reusable and biodegradable options are increasingly accessible and affordable for everyday use. The long-term savings in cleanup costs, ecosystem recovery, and health care would far outweigh any initial adjustments. It’s time we prioritize the planet over convenience, and a total ban is the most direct way to make that happen.",evidence_and_authority,feasibility_and_implementation,"Evidence shows that banning single-use plastics is not only feasible but already being successfully implemented in various countries, such as Canada and the European Union, proving that such a ban can be enforced in real-world conditions.",evidence_and_authority_feasibility_and_implementation,I should evaluate whether the proposal can actually be implemented and enforced effectively. ,Evidence shows that,conditional,cost_benefit_and_impact_analysis,"If we consider the long-term environmental cost of plastic pollution—such as marine life dying, ecosystems being damaged, and cleanup efforts becoming more expensive—then a total ban on single-use plastics is not only logical but economically sound in the long run.",conditional_cost_benefit_and_impact_analysis,"I should quantify and compare costs, benefits, and real-world impacts across economic, social, and environmental dimensions. ",If,evidence_and_authority,feasibility_and_implementation,"Evidence shows that banning single-use plastics is not only feasible but already being successfully implemented in various countries, such as Canada and the European Union, proving that such a ban can be enforced in real-world conditions.",evidence_and_authority_feasibility_and_implementation,I should evaluate whether the proposal can actually be implemented and enforced effectively. ,Evidence shows that,targeted,877,182,0.244341074551141
47,0.0,,,synthesis_restructured,random,0,20260206_123303,1.18268084526062,"A total ban on single-use plastics is necessary because the environmental damage we’re causing today will hurt future generations and disproportionately affect low-income communities who often live near pollution hotspots. While some may worry about practicality, many regions around the world have already successfully implemented such bans, showing it’s possible with proper planning and support for alternatives. Without government action, the responsibility falls entirely on individuals while large corporations continue to profit from harmful products. The government has a duty to protect public health and the planet, and a ban is the most effective way to drive change. We can’t wait for voluntary efforts—systemic change requires bold policy. Ultimately, this ban isn’t about inconvenience; it’s about fairness and long-term survival.",concession_and_contrast,justice_and_fairness,"However, enforcing a total ban on single-use plastics is fair because it protects the environment for future generations and reduces the disproportionate burden on low-income communities who often live near waste sites.",concession_and_contrast_justice_and_fairness,"I should analyze whether outcomes, processes, and distributions are fair to all parties involved. ",However,emphasis_and_evaluation,feasibility_and_implementation,"Importantly, many countries and cities have already implemented similar bans and shown that it's feasible with proper planning and support for alternatives.",emphasis_and_evaluation_feasibility_and_implementation,I should evaluate whether the proposal can actually be implemented and enforced effectively. ,Importantly,conditional,stakeholder_responsibility,"If the government doesn’t act, the burden of environmental damage will fall on ordinary citizens, while corporations continue to profit from plastic production.",conditional_stakeholder_responsibility,"I should analyze who bears responsibility—whether government, individuals, corporations, or other institutions. ",If,baseline,844,374,0.23885310840719182
465046,2.6842490077689276,,,synthesis_restructured,targeted,1,20260206_122715,1.100594997406006,"Single-use plastics are a major source of pollution, clogging waterways and harming wildlife, and a government-enforced ban would significantly reduce this environmental damage. Many countries, like Kenya and Rwanda, have already implemented total bans with positive results—cleaner streets, less litter, and improved public health. While some worry about inconvenience, reusable alternatives are becoming more affordable and accessible, making the switch manageable for everyday people. The long-term benefits to ecosystems, public health, and climate resilience far outweigh any short-term adjustments. By taking a firm stand, the government can lead by example and protect natural resources for future generations. A total ban is not just practical—it’s necessary for a sustainable future.",evidence_and_authority,feasibility_and_implementation,"Evidence shows that single-use plastics contribute significantly to pollution, especially in oceans and landfills, and a total ban would drastically reduce this waste.",evidence_and_authority_feasibility_and_implementation,I should evaluate whether the proposal can actually be implemented and enforced effectively. ,Evidence shows that,exemplification,cost_benefit_and_impact_analysis,"For example, places like Kenya and Rwanda have successfully implemented total bans, resulting in cleaner cities and reduced environmental harm without major economic disruption.",exemplification_cost_benefit_and_impact_analysis,"I should quantify and compare costs, benefits, and real-world impacts across economic, social, and environmental dimensions. ",For example,evidence_and_authority,feasibility_and_implementation,"Evidence shows that single-use plastics contribute significantly to pollution, especially in oceans and landfills, and a total ban would drastically reduce this waste.",evidence_and_authority_feasibility_and_implementation,I should evaluate whether the proposal can actually be implemented and enforced effectively. ,Evidence shows that,targeted,792,111,0.20843287415139472
64650,2.5639172849206524,,,synthesis_restructured,targeted,1,20260206_122715,1.2218401432037354,"A total ban on single-use plastics is a necessary and achievable step to protect our environment and public health. Plastic waste pollutes oceans, harms wildlife, and can even enter our food chain, posing serious risks to ecosystems and human well-being. Countries like Canada, the EU, and several U.S. cities have already implemented successful bans, showing that such policies can be enforced without major disruption. While there may be short-term adjustments for businesses and consumers, the long-term benefits—cleaner communities, healthier oceans, and reduced carbon emissions—are far more valuable. By acting now, we can drive innovation in sustainable packaging and reduce our dependence on fossil fuels. It’s time to prioritize the planet over convenience, and a total ban is the most effective way to do it.",causal_reasoning,feasibility_and_implementation,"Therefore, a total ban on single-use plastics is a practical and necessary step to combat the environmental damage caused by plastic waste.",causal_reasoning_feasibility_and_implementation,I should evaluate whether the proposal can actually be implemented and enforced effectively. ,Therefore,evidence_and_authority,feasibility_and_implementation,"Evidence shows that many countries and cities have successfully implemented similar bans, proving that they are feasible and can be enforced with public support and clear regulations.",evidence_and_authority_feasibility_and_implementation,I should evaluate whether the proposal can actually be implemented and enforced effectively. ,Evidence shows that,exemplification,cost_benefit_and_impact_analysis,"For example, plastic pollution harms marine life, contaminates our food and water, and contributes to long-term environmental degradation, all of which far outweigh the short-term costs of switching to alternatives.",exemplification_cost_benefit_and_impact_analysis,"I should quantify and compare costs, benefits, and real-world impacts across economic, social, and environmental dimensions. ",For example,targeted,818,135,0.2010738116688094
24,0.0,,,synthesis_restructured,random,2,20260206_123303,1.3758273124694824,"A total ban on single-use plastics is fair because it protects everyone—especially low-income communities and future generations—from the widespread harm caused by plastic pollution. We’ve successfully banned other dangerous products before, like leaded gasoline and tobacco, proving that societal change is possible when public health and the environment are at stake. Although some businesses may need time to adapt, the long-term benefits—cleaner oceans, less landfill waste, and lower healthcare costs—far surpass any short-term economic challenges. Plastic pollution harms wildlife, contaminates food and water, and contributes to climate change, making it a threat we can no longer ignore. A ban is not just a regulation; it’s a necessary step toward a healthier, more sustainable future. With alternatives like reusable and biodegradable materials already available, the transition is both realistic and urgent. We owe it to ourselves and future generations to take bold action now.",causal_reasoning,justice_and_fairness,"Therefore, a total ban on single-use plastics is fair because it protects everyone from environmental harm, especially those most vulnerable to pollution and climate change.",causal_reasoning_justice_and_fairness,"I should analyze whether outcomes, processes, and distributions are fair to all parties involved. ",Therefore,emphasis_and_evaluation,precedent_and_long_term_effects,"Importantly, we’ve seen success in past bans on harmful products like leaded gasoline and tobacco—this proves bans can work and are necessary when the long-term benefits outweigh short-term inconvenience.",emphasis_and_evaluation_precedent_and_long_term_effects,"I should evaluate historical precedents, long-term vs short-term tradeoffs, and obligations to future generations. ",Importantly,emphasis_and_evaluation,cost_benefit_and_impact_analysis,"Importantly, while some industries may face short-term adjustments, the long-term savings in cleanup costs, reduced pollution, and health benefits far outweigh any temporary economic disruption.",emphasis_and_evaluation_cost_benefit_and_impact_analysis,"I should quantify and compare costs, benefits, and real-world impacts across economic, social, and environmental dimensions. ",Importantly,baseline,989,435,0.19586296539345846
465652,2.508069640728982,,,synthesis_restructured,targeted,4,20260206_122715,1.200047254562378,"The government should enforce a total ban on single-use plastics because it is both practical and necessary for protecting the environment. Countries like Canada and the EU have already implemented similar bans successfully, showing that governments can enforce such policies without major disruptions. Businesses have responded by creating innovative, reusable, or biodegradable alternatives, proving that change is achievable. Beyond environmental benefits, banning single-use plastics helps reduce pollution in oceans and landfills—areas where low-income communities and ecosystems suffer the most. A total ban ensures consistent standards and prevents companies from simply shifting to less sustainable alternatives. This is not just about convenience—it’s about responsibility to future generations and the planet we all share.",evidence_and_authority,feasibility_and_implementation,"Evidence shows that bans on single-use plastics are feasible and have been successfully implemented in various countries, such as Canada and the EU, proving that governments can enforce such measures.",evidence_and_authority_feasibility_and_implementation,I should evaluate whether the proposal can actually be implemented and enforced effectively. ,Evidence shows that,exemplification,feasibility_and_implementation,"For example, after the EU's single-use plastic ban was introduced, businesses adapted by switching to biodegradable or reusable alternatives, showing that enforcement is not only possible but can also drive innovation.",exemplification_feasibility_and_implementation,I should evaluate whether the proposal can actually be implemented and enforced effectively. ,For example,exemplification,justice_and_fairness,"For example, banning single-use plastics reduces pollution in oceans and landfills, which disproportionately affects low-income communities and vulnerable ecosystems that don’t have the resources to clean up such waste.",exemplification_justice_and_fairness,"I should analyze whether outcomes, processes, and distributions are fair to all parties involved. ",For example,targeted,832,143,0.19158817687724528
467056,2.710815207546865,,,synthesis_restructured,targeted,2,20260206_122715,1.1592397689819336,"Single-use plastics are a major contributor to pollution, harming wildlife, clogging waterways, and taking centuries to decompose. A total government ban would push society toward more sustainable alternatives like paper, glass, and reusable containers, which are now accessible and reasonably priced. Countries like Rwanda and cities like Vancouver have already shown that such bans are practical, effective, and widely supported by communities. With proper planning and public education, a government-led ban can drastically reduce plastic waste without causing major disruption. Ultimately, protecting our environment and public health is more important than convenience, and the benefits far outweigh the short-term adjustments. We can’t afford to wait—acting now is a responsible choice for future generations.",evidence_and_authority,feasibility_and_implementation,"Evidence shows that single-use plastics are a major source of environmental pollution, especially in oceans and landfills, and a total ban would significantly reduce this damage.",evidence_and_authority_feasibility_and_implementation,I should evaluate whether the proposal can actually be implemented and enforced effectively. ,Evidence shows that,emphasis_and_evaluation,cost_benefit_and_impact_analysis,"Importantly, many single-use plastic items have viable, eco-friendly alternatives—like paper, glass, or reusable materials—that are now widely available and affordable.",emphasis_and_evaluation_cost_benefit_and_impact_analysis,"I should quantify and compare costs, benefits, and real-world impacts across economic, social, and environmental dimensions. ",Importantly,exemplification,feasibility_and_implementation,"For example, cities like Vancouver and countries like Rwanda have successfully implemented plastic bans with strong public support and clear enforcement, proving it's feasible on a large scale.",exemplification_feasibility_and_implementation,I should evaluate whether the proposal can actually be implemented and enforced effectively. ,For example,targeted,815,130,0.18163118335388626
464046,2.7821442558393144,,,synthesis_restructured,targeted,2,20260206_122715,1.2732501029968262,"Single-use plastics are a major source of pollution that harms wildlife, contaminates ecosystems, and takes hundreds of years to break down. A government-enforced ban would significantly reduce this waste, protecting both the environment and public health. Many countries, including Rwanda and Canada, have successfully implemented such bans with measurable improvements in cleanliness and reduced plastic pollution. While there may be short-term challenges, the long-term benefits—cleaner oceans, less landfill waste, and healthier communities—far outweigh the costs. The government has a responsibility to act decisively for the planet and future generations. Most people already adapt to changes like this when they understand the bigger picture. A total ban is not only achievable but necessary to address a growing environmental crisis.",evidence_and_authority,feasibility_and_implementation,"Evidence shows that banning single-use plastics can lead to meaningful reductions in pollution, especially in oceans and landfills. Countries like Rwanda and Canada have already seen significant environmental improvements after implementing similar bans.",evidence_and_authority_feasibility_and_implementation,I should evaluate whether the proposal can actually be implemented and enforced effectively. ,Evidence shows that,evidence_and_authority,cost_benefit_and_impact_analysis,"Evidence shows that banning single-use plastics can lead to meaningful reductions in pollution, especially in oceans and landfills. Countries like Rwanda and Canada have already seen significant environmental improvements after implementing similar bans.",evidence_and_authority_cost_benefit_and_impact_analysis,"I should quantify and compare costs, benefits, and real-world impacts across economic, social, and environmental dimensions. ",Evidence shows that,evidence_and_authority,feasibility_and_implementation,"Evidence shows that banning single-use plastics can lead to meaningful reductions in pollution, especially in oceans and landfills. Countries like Rwanda and Canada have already seen significant environmental improvements after implementing similar bans.",evidence_and_authority_feasibility_and_implementation,I should evaluate whether the proposal can actually be implemented and enforced effectively. ,Evidence shows that,targeted,841,156,0.15695889790801107
463046,2.731360233138982,,,synthesis_restructured,targeted,3,20260206_122715,1.141321897506714,"Single-use plastics are a major contributor to environmental pollution, clogging oceans, harming wildlife, and taking hundreds of years to decompose. A total government ban would drastically reduce this damage and protect ecosystems for future generations. Fortunately, affordable and practical alternatives—such as reusable bags, paper containers, and compostable materials—are already widely available and in use. Countries like Kenya and Rwanda have already proven that strict bans can be enforced successfully with proper planning and public support. While some may worry about inconvenience, the long-term benefits to public health, the environment, and sustainability far outweigh short-term discomforts. A ban isn’t just necessary—it’s a responsible step toward a cleaner, healthier planet.",evidence_and_authority,feasibility_and_implementation,"Evidence shows that single-use plastics are a major source of pollution, especially in oceans and landfills, and a total ban would significantly reduce this environmental harm.",evidence_and_authority_feasibility_and_implementation,I should evaluate whether the proposal can actually be implemented and enforced effectively. ,Evidence shows that,addition_and_elaboration,cost_benefit_and_impact_analysis,"Moreover, many alternatives—like reusable bags, paper packaging, and biodegradable materials—are already available and affordable, making a transition feasible without major disruption.",addition_and_elaboration_cost_benefit_and_impact_analysis,"I should quantify and compare costs, benefits, and real-world impacts across economic, social, and environmental dimensions. ",Moreover,evidence_and_authority,feasibility_and_implementation,"Evidence shows that countries like Kenya and Rwanda have successfully implemented strict bans on single-use plastics, proving that enforcement is possible with political will and public cooperation.",evidence_and_authority_feasibility_and_implementation,I should evaluate whether the proposal can actually be implemented and enforced effectively. ,Evidence shows that,targeted,797,115,0.13824020982880947
125650,2.6349812774237993,,,synthesis_restructured,targeted,4,20260206_122715,1.2749829292297363,"A total ban on single-use plastics by the government is necessary to protect our environment and public health. These materials take hundreds of years to decompose, pollute oceans, harm animals, and even enter our food chain—impacting everyone, especially vulnerable communities and future generations. While some might worry about inconvenience, countries like Canada and the UK have already shown that such bans are practical, leading to innovation in reusable and biodegradable alternatives. The long-term benefits—cleaner cities, healthier wildlife, lower waste management costs, and reduced carbon emissions—far exceed any short-term disruptions. It’s not just about convenience; it’s about responsibility to the planet and future generations. A ban is a clear, necessary step toward building a sustainable society for all.",conditional,justice_and_fairness,"If the government enforces a total ban on single-use plastics, it would significantly reduce environmental pollution, protect wildlife, and promote sustainable alternatives—benefits that extend to everyone, especially future generations.",conditional_justice_and_fairness,"I should analyze whether outcomes, processes, and distributions are fair to all parties involved. ",If,exemplification,feasibility_and_implementation,"For example, many countries have already implemented successful bans on single-use plastics, proving that such policies are feasible and can lead to innovation in eco-friendly packaging and consumer habits.",exemplification_feasibility_and_implementation,I should evaluate whether the proposal can actually be implemented and enforced effectively. ,For example,exemplification,cost_benefit_and_impact_analysis,"For example, while some short-term inconvenience may arise, the long-term savings in cleanup costs, healthcare, and ecosystem restoration far outweigh the initial transition challenges.",exemplification_cost_benefit_and_impact_analysis,"I should quantify and compare costs, benefits, and real-world impacts across economic, social, and environmental dimensions. ",For example,targeted,828,142,0.13623998232971296
64650,2.5639172849206524,,,synthesis_restructured,targeted,0,20260206_122715,1.032351016998291,"Single-use plastics are a major source of pollution, clogging waterways and harming wildlife, and a total government ban is the most effective way to stop this damage. Voluntary efforts and industry promises haven’t worked—plastic waste continues to grow, showing that stronger action is needed. Countries like Rwanda and Kenya have already proven that strict bans can succeed, leading to cleaner cities and healthier ecosystems. While some worry about inconvenience, reusable alternatives are widely available and becoming more affordable. A ban is not just about rules—it’s about protecting our environment for future generations. The government has a responsibility to act decisively, and a total ban is the most practical and necessary step forward.",causal_reasoning,feasibility_and_implementation,"Therefore, governmental enforcement is necessary to ensure widespread compliance and eliminate the use of single-use plastics at scale.",causal_reasoning_feasibility_and_implementation,I should evaluate whether the proposal can actually be implemented and enforced effectively. ,Therefore,evidence_and_authority,feasibility_and_implementation,"Evidence shows that voluntary efforts and industry self-regulation have failed to significantly reduce plastic waste, making a total ban the most effective solution.",evidence_and_authority_feasibility_and_implementation,I should evaluate whether the proposal can actually be implemented and enforced effectively. ,Evidence shows that,exemplification,cost_benefit_and_impact_analysis,"For example, countries like Rwanda and Kenya have successfully implemented strict bans, resulting in cleaner cities and reduced environmental harm.",exemplification_cost_benefit_and_impact_analysis,"I should quantify and compare costs, benefits, and real-world impacts across economic, social, and environmental dimensions. ",For example,targeted,753,68,0.11258231957576458
464652,2.530903086605129,,,synthesis_restructured,targeted,0,20260206_122715,1.197066307067871,"Single-use plastics are a major source of pollution, clogging waterways and harming wildlife, and a government ban is a necessary step to protect our environment. Countries like Canada, the EU, and Rwanda have already implemented such bans successfully, proving they are practical and enforceable. In Rwanda, the ban resulted in cleaner cities, less litter, and even economic benefits through increased tourism. While some may worry about the inconvenience, reusable alternatives are widely available and more sustainable in the long run. The environmental and public health benefits far outweigh temporary challenges. A total ban is not only possible but essential for a cleaner, healthier future. Governments have a responsibility to act decisively to protect the planet for future generations.",evidence_and_authority,feasibility_and_implementation,"Evidence shows that bans on single-use plastics have been successfully implemented in multiple countries, such as Canada and the EU, proving that such policies are feasible and enforceable.",evidence_and_authority_feasibility_and_implementation,I should evaluate whether the proposal can actually be implemented and enforced effectively. ,Evidence shows that,evidence_and_authority,feasibility_and_implementation,"Evidence shows that bans on single-use plastics have been successfully implemented in multiple countries, such as Canada and the EU, proving that such policies are feasible and enforceable.",evidence_and_authority_feasibility_and_implementation,I should evaluate whether the proposal can actually be implemented and enforced effectively. ,Evidence shows that,exemplification,justice_and_fairness,"For example, in Rwanda, a nationwide ban on plastic bags has led to cleaner streets, reduced litter, and even boosted tourism, showing that the benefits far outweigh the initial inconvenience.",exemplification_justice_and_fairness,"I should analyze whether outcomes, processes, and distributions are fair to all parties involved. ",For example,targeted,796,114,0.11245765404697958
465656,2.5763442987045755,,,synthesis_restructured,targeted,4,20260206_122715,0.9695672988891602,"Single-use plastics are a major source of pollution, clogging waterways, harming wildlife, and taking hundreds of years to decompose. A government-enforced ban would significantly reduce this damage and encourage the use of sustainable alternatives like reusable bags and containers. Countries like Rwanda and Kenya have already proven that such bans are not only possible but effective, leading to cleaner streets and healthier ecosystems. While some may worry about inconvenience, the long-term benefits to public health and the environment far outweigh short-term adjustments. With proper planning and public education, a ban can be implemented smoothly and fairly. It’s time for governments to take bold action and protect our planet for future generations.",evidence_and_authority,feasibility_and_implementation,Evidence shows that banning single-use plastics reduces environmental harm and is feasible through policy action.,evidence_and_authority_feasibility_and_implementation,I should evaluate whether the proposal can actually be implemented and enforced effectively. ,Evidence shows that,exemplification,feasibility_and_implementation,"For example, countries like Rwanda and Kenya have successfully banned plastic bags and seen cleaner cities and reduced pollution.",exemplification_feasibility_and_implementation,I should evaluate whether the proposal can actually be implemented and enforced effectively. ,For example,exemplification,feasibility_and_implementation,"For example, countries like Rwanda and Kenya have successfully banned plastic bags and seen cleaner cities and reduced pollution.",exemplification_feasibility_and_implementation,I should evaluate whether the proposal can actually be implemented and enforced effectively. ,For example,targeted,761,79,0.10973929091350773
465652,2.508069640728982,,,synthesis_restructured,targeted,0,20260206_122715,1.256467580795288,"The government should enforce a total ban on single-use plastics because it’s a necessary step to protect our environment and public health. These plastics are a major source of pollution, clogging waterways, harming wildlife, and breaking down into microplastics that can enter our food and water. Countries like Canada and the European Union have already implemented similar bans with measurable success, showing that such policies are not only possible but effective. Beyond environmental benefits, bans drive innovation, leading to the development of reusable and biodegradable alternatives that create new green jobs. As an average person, I care about clean communities and a healthier planet, and a ban is a clear, practical way to make progress. Without strong government action, we’ll continue to face worsening pollution and long-term ecological damage. A ban on single-use plastics is a responsible, achievable step toward a sustainable future.",evidence_and_authority,feasibility_and_implementation,"Evidence shows that banning single-use plastics can lead to a significant reduction in pollution, especially in oceans and landfills, which directly benefits the environment and public health.",evidence_and_authority_feasibility_and_implementation,I should evaluate whether the proposal can actually be implemented and enforced effectively. ,Evidence shows that,exemplification,feasibility_and_implementation,"For example, countries like Canada and the European Union have successfully implemented bans, proving that such policies are feasible with proper planning and public support.",exemplification_feasibility_and_implementation,I should evaluate whether the proposal can actually be implemented and enforced effectively. ,For example,exemplification,justice_and_fairness,"For example, banning single-use plastics encourages innovation in sustainable alternatives, which creates new jobs and drives eco-friendly industries.",exemplification_justice_and_fairness,"I should analyze whether outcomes, processes, and distributions are fair to all parties involved. ",For example,targeted,955,214,0.10923872928186544
462046,2.6842490077689276,,,synthesis_restructured,targeted,0,20260206_122715,1.252321720123291,"Single-use plastics are a major contributor to pollution, harming wildlife, clogging waterways, and taking hundreds of years to break down. While some may worry about inconvenience, the long-term benefits—like cleaner oceans, healthier ecosystems, and reduced plastic waste—are far more valuable. Countries like Canada and the EU have already implemented similar bans with success, showing that alternatives like reusable bags and compostable packaging are practical and widely adoptable. A government-enforced ban is necessary to drive this change at scale, especially since individual efforts alone aren't enough. With proper planning and public education, the transition can be smooth and fair for everyone. Ultimately, protecting the planet and public health is a responsibility we all share—and a total ban on single-use plastics is a crucial step forward.",evidence_and_authority,feasibility_and_implementation,"Evidence shows that single-use plastics are a major source of environmental pollution, especially in oceans and landfills, and a total ban would significantly reduce this harm.",evidence_and_authority_feasibility_and_implementation,I should evaluate whether the proposal can actually be implemented and enforced effectively. ,Evidence shows that,concession_and_contrast,cost_benefit_and_impact_analysis,"However, the long-term environmental and health benefits—like cleaner waterways, reduced wildlife harm, and lower carbon emissions—outweigh the short-term inconveniences and costs of switching to alternatives.",concession_and_contrast_cost_benefit_and_impact_analysis,"I should quantify and compare costs, benefits, and real-world impacts across economic, social, and environmental dimensions. ",However,evidence_and_authority,feasibility_and_implementation,"Evidence shows that other countries with strict bans have successfully transitioned to reusable or biodegradable alternatives, proving it's not only possible but already working in practice.",evidence_and_authority_feasibility_and_implementation,I should evaluate whether the proposal can actually be implemented and enforced effectively. ,Evidence shows that,targeted,861,167,0.10620649614970841
467056,2.710815207546865,,,synthesis_restructured,targeted,3,20260206_122715,1.1103181838989258,"Single-use plastics are a major source of pollution that harms wildlife, clogs landfills, and contaminates our oceans. A government-enforced ban would dramatically reduce this environmental damage and encourage the adoption of sustainable alternatives. While some businesses may need time to adapt, reusable and biodegradable options are already widely available and becoming more affordable. Real-world examples from the EU and Canada show that such bans can be implemented successfully with public support and clear policies. Protecting our planet shouldn’t require waiting for perfect solutions—taking decisive action now is essential. The long-term benefits to public health, ecosystems, and future generations far outweigh any short-term inconvenience.",evidence_and_authority,feasibility_and_implementation,"Evidence shows that banning single-use plastics can significantly reduce pollution, especially in oceans and waterways, where plastic waste harms marine life and ecosystems.",evidence_and_authority_feasibility_and_implementation,I should evaluate whether the proposal can actually be implemented and enforced effectively. ,Evidence shows that,emphasis_and_evaluation,cost_benefit_and_impact_analysis,"Importantly, while some industries may face short-term challenges, alternatives like reusable bags, biodegradable packaging, and innovative materials are already becoming more affordable and accessible.",emphasis_and_evaluation_cost_benefit_and_impact_analysis,"I should quantify and compare costs, benefits, and real-world impacts across economic, social, and environmental dimensions. ",Importantly,exemplification,feasibility_and_implementation,"For example, countries like Canada and the European Union have successfully phased out certain single-use plastics through clear regulations and public education, proving that such bans are feasible and effective.",exemplification_feasibility_and_implementation,I should evaluate whether the proposal can actually be implemented and enforced effectively. ,For example,targeted,757,74,0.10355222431990851
467046,2.774402202173532,,,synthesis_restructured,targeted,3,20260206_122715,0.9938695430755616,"The government should enforce a total ban on single-use plastics because it’s a proven way to reduce environmental pollution, especially in oceans and rivers where plastic waste harms wildlife and ecosystems. While some may worry about the impact on businesses, the long-term benefits—like lower waste management costs and reduced cleanup efforts—far exceed any short-term disruptions. Countries like Canada and the European Union have already implemented similar bans and seen positive results without major economic collapse. The shift also encourages innovation in sustainable packaging and helps consumers adopt greener habits. A ban is not just necessary—it's a responsible step toward protecting our planet for future generations.",evidence_and_authority,feasibility_and_implementation,"Evidence shows that banning single-use plastics reduces pollution, especially in oceans and waterways, and encourages the use of reusable alternatives.",evidence_and_authority_feasibility_and_implementation,I should evaluate whether the proposal can actually be implemented and enforced effectively. ,Evidence shows that,emphasis_and_evaluation,cost_benefit_and_impact_analysis,"Importantly, while some businesses may face initial costs, the long-term savings from reduced waste management and environmental cleanup far outweigh these challenges.",emphasis_and_evaluation_cost_benefit_and_impact_analysis,"I should quantify and compare costs, benefits, and real-world impacts across economic, social, and environmental dimensions. ",Importantly,evidence_and_authority,feasibility_and_implementation,"Evidence shows that countries like Canada and the EU have successfully implemented similar bans, proving that such policies are practical and scalable.",evidence_and_authority_feasibility_and_implementation,I should evaluate whether the proposal can actually be implemented and enforced effectively. ,Evidence shows that,targeted,736,54,0.1028598905816154
468046,2.813079279683179,,,synthesis_restructured,targeted,3,20260206_122715,1.0722341537475586,"Single-use plastics are a major source of pollution that harms wildlife, clogs waterways, and lingers in the environment for centuries. A government-enforced ban would drastically reduce this damage and protect natural ecosystems for future generations. While some may worry about inconvenience, alternatives like reusable bags and biodegradable materials are already widely available and affordable. Countries like Canada and members of the EU have successfully implemented such bans with minimal disruption to daily life. The long-term benefits to public health, the environment, and sustainable resource use far outweigh the short-term adjustments required. Therefore, a total ban on single-use plastics is not only necessary but achievable through responsible policy and public cooperation.",evidence_and_authority,feasibility_and_implementation,"Evidence shows that bans on single-use plastics can be successfully enforced through clear legislation and public education, as seen in countries like Canada and the EU.",evidence_and_authority_feasibility_and_implementation,I should evaluate whether the proposal can actually be implemented and enforced effectively. ,Evidence shows that,sequence_and_transition,cost_benefit_and_impact_analysis,"Next, single-use plastics contribute to widespread pollution, harming wildlife and ecosystems, and a ban would significantly reduce this damage.",sequence_and_transition_cost_benefit_and_impact_analysis,"I should quantify and compare costs, benefits, and real-world impacts across economic, social, and environmental dimensions. ",Next,evidence_and_authority,feasibility_and_implementation,"Evidence shows that bans on single-use plastics can be successfully enforced through clear legislation and public education, as seen in countries like Canada and the EU.",evidence_and_authority_feasibility_and_implementation,I should evaluate whether the proposal can actually be implemented and enforced effectively. ,Evidence shows that,targeted,794,112,0.09944030483811697
460056,2.6206620131422604,,,synthesis_restructured,targeted,1,20260206_122715,1.1252527236938477,"Single-use plastics are a major source of pollution, clogging waterways and harming wildlife, and a government ban would be a powerful step toward protecting the environment. While it might require people to change habits, the shift to reusable alternatives is manageable and ultimately benefits everyone by reducing long-term environmental damage. Real-world examples, like Rwanda and Kenya, show that strict bans can be enforced effectively with public cooperation. The health risks from plastic pollution—such as microplastics entering our food chain—are serious and justify strong government action. A ban doesn’t just help nature; it also pushes innovation in sustainable materials and supports green jobs. Overall, the environmental and public health advantages make a total ban on single-use plastics a necessary and achievable goal.",evidence_and_authority,feasibility_and_implementation,"Evidence shows that banning single-use plastics can significantly reduce pollution in oceans and landfills, which harms wildlife and ecosystems.",evidence_and_authority_feasibility_and_implementation,I should evaluate whether the proposal can actually be implemented and enforced effectively. ,Evidence shows that,causal_reasoning,cost_benefit_and_impact_analysis,"Therefore, despite some short-term inconveniences, the long-term environmental and health benefits far outweigh the costs of transitioning to reusable alternatives.",causal_reasoning_cost_benefit_and_impact_analysis,"I should quantify and compare costs, benefits, and real-world impacts across economic, social, and environmental dimensions. ",Therefore,exemplification,feasibility_and_implementation,"For example, countries like Rwanda and Kenya have successfully implemented strict bans with strong public support, proving that enforcement is feasible even in developing nations.",exemplification_feasibility_and_implementation,I should evaluate whether the proposal can actually be implemented and enforced effectively. ,For example,targeted,840,155,0.09284929868424316
38,0.0,,,synthesis_restructured,random,4,20260206_123303,1.3025901317596436,"A total ban on single-use plastics is essential to protect our environment and public health, as these materials cause widespread pollution, harm wildlife, and contribute to climate change. While some worry about inconvenience or small business impacts, the long-term benefits—cleaner oceans, reduced landfill use, and lower carbon emissions—far outweigh these short-term challenges. Governments have a responsibility to act in the best interest of citizens and future generations, especially when dealing with proven environmental hazards. Banning single-use plastics aligns with democratic principles by prioritizing collective well-being over short-term convenience. Many countries and cities have already implemented similar bans with positive results, proving it’s both feasible and effective. With proper planning and support, a transition to sustainable alternatives is not only possible but necessary. Therefore, a government-enforced total ban is a responsible and necessary step toward a healthier, more sustainable future.",causal_reasoning,cost_benefit_and_impact_analysis,"Therefore, a total ban on single-use plastics is a necessary step to protect our environment and public health.",causal_reasoning_cost_benefit_and_impact_analysis,"I should quantify and compare costs, benefits, and real-world impacts across economic, social, and environmental dimensions. ",Therefore,clarification_and_specification,precedent_and_long_term_effects,"In other words, while some may worry about inconvenience or economic disruption, the long-term benefits to ecosystems and human well-being far outweigh these temporary drawbacks.",clarification_and_specification_precedent_and_long_term_effects,"I should evaluate historical precedents, long-term vs short-term tradeoffs, and obligations to future generations. ",In other words,conditional,governance_and_accountability,"If the government is responsible for safeguarding public welfare and the planet, then enacting a ban on harmful materials like single-use plastics is a reasonable and justifiable use of its authority.",conditional_governance_and_accountability,"I should consider legal frameworks, accountability mechanisms, democratic principles, and proper authority. ",If,baseline,1033,437,0.09149347660860307
464056,2.718557261212647,,,synthesis_restructured,targeted,0,20260206_122715,1.127183198928833,"Single-use plastics are a leading cause of environmental pollution, particularly in oceans and rivers, where they harm wildlife and degrade ecosystems. A total government ban would drastically reduce plastic waste, protect natural habitats, and promote long-term environmental sustainability. Countries like Rwanda and Bangladesh have already demonstrated that nationwide bans are feasible and effective, even without advanced infrastructure. While some may worry about inconvenience or economic impact, reusable alternatives are increasingly accessible and affordable for everyday use. The environmental and health benefits far outweigh the short-term adjustments required. Ultimately, a ban reflects a responsible commitment to protecting the planet for future generations. The government has a duty to act decisively on issues that threaten public health and the environment.",evidence_and_authority,feasibility_and_implementation,"Evidence shows that single-use plastics are a major source of pollution, especially in oceans and waterways, and a total ban would significantly reduce this environmental harm.",evidence_and_authority_feasibility_and_implementation,I should evaluate whether the proposal can actually be implemented and enforced effectively. ,Evidence shows that,evidence_and_authority,cost_benefit_and_impact_analysis,"Evidence shows that single-use plastics are a major source of pollution, especially in oceans and waterways, and a total ban would significantly reduce this environmental harm.",evidence_and_authority_cost_benefit_and_impact_analysis,"I should quantify and compare costs, benefits, and real-world impacts across economic, social, and environmental dimensions. ",Evidence shows that,exemplification,feasibility_and_implementation,"For example, countries like Rwanda and Rwanda have successfully implemented nationwide bans on single-use plastics, proving that such policies are practical and achievable even in developing nations.",exemplification_feasibility_and_implementation,I should evaluate whether the proposal can actually be implemented and enforced effectively. ,For example,targeted,878,185,0.08844835418694383
26,0.0,,,synthesis_restructured,random,0,20260206_123303,1.479769945144653,"The government should enforce a total ban on single-use plastics because the harm they cause to our environment and health far exceeds any temporary convenience they offer. Every year, millions of marine animals die from ingesting or becoming entangled in plastic waste, and microplastics are now found in our drinking water and food—threatening human health. As individuals, we all have a moral obligation to protect the planet for future generations and reduce suffering in ecosystems. While some may argue this restricts personal freedom, the right to live in a clean, safe environment is more essential than the freedom to pollute. A ban is not an overreach—it’s a necessary step toward sustainability and long-term public well-being. Many countries and cities have already implemented such bans with success, proving it’s both feasible and effective. We must act now to prevent irreversible damage to the natural world we depend on.",concession_and_contrast,rights_and_liberties,"However, the right to clean air, safe water, and a habitable planet is a fundamental human right that supersedes the convenience of single-use plastics. The environmental damage caused by these materials undermines our collective well-being and future survival.",concession_and_contrast_rights_and_liberties,"I should consider inalienable human rights, civil liberties, privacy protections, and the freedom to make one's own choices. ",However,causal_reasoning,ethical_principles,"Therefore, as responsible stewards of the Earth, we have a moral duty to protect ecosystems and prevent harm to wildlife, future generations, and vulnerable communities disproportionately affected by plastic pollution.",causal_reasoning_ethical_principles,"I should evaluate actions based on moral rules, character virtues, relationships, and ethical obligations. ",Therefore,evidence_and_authority,cost_benefit_and_impact_analysis,"Evidence shows that single-use plastics contribute heavily to ocean pollution, microplastic contamination in food chains, and greenhouse gas emissions during production and disposal—costs that far outweigh the short-term convenience they provide.",evidence_and_authority_cost_benefit_and_impact_analysis,"I should quantify and compare costs, benefits, and real-world impacts across economic, social, and environmental dimensions. ",Evidence shows that,baseline,937,426,0.08183684577566135
460046,2.6842490077689276,,,synthesis_restructured,targeted,4,20260206_122715,1.0956685543060305,"Single-use plastics are a major source of pollution, clogging landfills and harming wildlife, especially in oceans. A total ban by the government is a necessary and achievable step to protect our environment and public health. Many places around the world, including parts of the EU and Canada, have already implemented such bans with positive results, showing that enforcement is both practical and effective. While some worry about inconvenience or cost, reusable alternatives are increasingly affordable and accessible, and the long-term savings from reduced waste cleanup and environmental damage far outweigh any short-term adjustments. Protecting our planet shouldn't be a luxury—it’s a responsibility we all share. That’s why a government-enforced ban on single-use plastics is not just smart, but essential for a sustainable future.",evidence_and_authority,feasibility_and_implementation,"Evidence shows that many countries and cities have successfully banned single-use plastics, proving that enforcement is feasible and effective.",evidence_and_authority_feasibility_and_implementation,I should evaluate whether the proposal can actually be implemented and enforced effectively. ,Evidence shows that,causal_reasoning,cost_benefit_and_impact_analysis,"Therefore, while some may worry about economic impacts, the long-term savings from reduced waste management and environmental cleanup outweigh initial costs.",causal_reasoning_cost_benefit_and_impact_analysis,"I should quantify and compare costs, benefits, and real-world impacts across economic, social, and environmental dimensions. ",Therefore,evidence_and_authority,feasibility_and_implementation,"Evidence shows that many countries and cities have successfully banned single-use plastics, proving that enforcement is feasible and effective.",evidence_and_authority_feasibility_and_implementation,I should evaluate whether the proposal can actually be implemented and enforced effectively. ,Evidence shows that,targeted,840,154,0.08056563097431978
464644,2.609618157420209,,,synthesis_restructured,targeted,2,20260206_122715,1.3730244636535645,"The government should enforce a total ban on single-use plastics because they are a major source of pollution that harms wildlife, clogs waterways, and contributes to long-term environmental damage. Even though some people worry about inconvenience, there are already affordable and reusable alternatives available, like cloth bags, metal straws, and glass containers. Many countries that have already banned single-use plastics—such as Canada, Kenya, and the European Union—have successfully reduced waste and encouraged innovation in sustainable materials. A ban sends a clear message that protecting the planet is a shared responsibility, and it pushes businesses to create greener products. It’s not about restricting freedom—it’s about protecting our health and future. With proper education and support, a ban is not only possible but necessary for a cleaner, safer world.",evidence_and_authority,feasibility_and_implementation,Evidence shows that many countries and cities that have implemented bans on single-use plastics have seen measurable reductions in plastic pollution. These bans are not only feasible but also practical when supported by public awareness and alternative solutions.,evidence_and_authority_feasibility_and_implementation,I should evaluate whether the proposal can actually be implemented and enforced effectively. ,Evidence shows that,evidence_and_authority,feasibility_and_implementation,Evidence shows that many countries and cities that have implemented bans on single-use plastics have seen measurable reductions in plastic pollution. These bans are not only feasible but also practical when supported by public awareness and alternative solutions.,evidence_and_authority_feasibility_and_implementation,I should evaluate whether the proposal can actually be implemented and enforced effectively. ,Evidence shows that,evidence_and_authority,governance_and_accountability,Evidence shows that many countries and cities that have implemented bans on single-use plastics have seen measurable reductions in plastic pollution. These bans are not only feasible but also practical when supported by public awareness and alternative solutions.,evidence_and_authority_governance_and_accountability,"I should consider legal frameworks, accountability mechanisms, democratic principles, and proper authority. ",Evidence shows that,targeted,878,183,0.0793174429130102
467044,2.5302958344802633,,,synthesis_restructured,targeted,1,20260206_122715,1.178624391555786,"Single-use plastics are a major contributor to pollution, clogging waterways, harming wildlife, and taking centuries to decompose. A government-enforced total ban would stop this damage at the source and encourage innovation in sustainable alternatives. Fortunately, affordable and practical options like reusable bags, metal straws, and compostable packaging are already widely available. Countries like Canada, the EU, and Rwanda have successfully implemented such bans, proving they can work without major disruption. With public education and proper enforcement, a ban is not only possible but necessary to protect our environment for future generations. As a regular citizen, I believe we have a shared responsibility to act—this ban is a clear, achievable step toward a cleaner, healthier planet.",evidence_and_authority,feasibility_and_implementation,"Evidence shows that plastic pollution is already overwhelming ecosystems and harming wildlife, and a total ban would address the root cause by eliminating the primary source of this pollution.",evidence_and_authority_feasibility_and_implementation,I should evaluate whether the proposal can actually be implemented and enforced effectively. ,Evidence shows that,emphasis_and_evaluation,cost_benefit_and_impact_analysis,"Importantly, many alternatives like reusable bags, glass containers, and biodegradable materials are already available and affordable, reducing the burden on consumers and businesses alike.",emphasis_and_evaluation_cost_benefit_and_impact_analysis,"I should quantify and compare costs, benefits, and real-world impacts across economic, social, and environmental dimensions. ",Importantly,evidence_and_authority,governance_and_accountability,"Evidence shows that governments have successfully implemented similar bans in other countries, proving that enforcement is both feasible and effective when supported by public awareness and clear regulations.",evidence_and_authority_governance_and_accountability,"I should consider legal frameworks, accountability mechanisms, democratic principles, and proper authority. ",Evidence shows that,targeted,802,119,0.07031319389960736
461056,2.6940697337467245,,,synthesis_restructured,targeted,1,20260206_122715,1.2731423377990725,"The government should enforce a total ban on single-use plastics because it’s a necessary step to protect our environment and public health. Plastic pollution is a growing crisis—millions of animals die each year from ingesting plastic, and microplastics are now found in our food and water. While some may worry about the inconvenience, real-world examples from countries like Canada and Rwanda show that bans can work when paired with public awareness and affordable alternatives. The long-term savings in environmental cleanup, healthcare costs, and ecosystem preservation far outweigh any short-term challenges. Ultimately, this ban isn’t just about stopping waste—it’s about creating a cleaner, healthier future for everyone.",evidence_and_authority,feasibility_and_implementation,"Evidence shows that governments around the world have successfully implemented bans on single-use plastics, such as plastic bags and straws, and these bans have led to measurable reductions in plastic waste and pollution.",evidence_and_authority_feasibility_and_implementation,I should evaluate whether the proposal can actually be implemented and enforced effectively. ,Evidence shows that,conditional,cost_benefit_and_impact_analysis,"If we consider the long-term environmental and health costs of plastic pollution—such as marine life deaths, microplastic contamination in food and water, and increased waste management expenses—the short-term inconvenience of a ban is far outweighed by its long-term benefits.",conditional_cost_benefit_and_impact_analysis,"I should quantify and compare costs, benefits, and real-world impacts across economic, social, and environmental dimensions. ",If,exemplification,feasibility_and_implementation,"For example, in countries like Canada and Rwanda, government-led bans have been effective because they were accompanied by public education campaigns and support for alternatives, showing that such policies are both practical and achievable.",exemplification_feasibility_and_implementation,I should evaluate whether the proposal can actually be implemented and enforced effectively. ,For example,targeted,730,50,0.06271573447446596
64650,2.5639172849206524,,,synthesis_restructured,targeted,4,20260206_122715,1.0736088752746582,"The government should enforce a total ban on single-use plastics because these items cause lasting harm to our environment, polluting oceans and harming wildlife. While some may worry about inconvenience, real-world examples show that bans lead to less litter, lower waste management costs, and faster adoption of reusable alternatives. Countries like Canada and Rwanda have successfully implemented such bans, proving they are both feasible and effective. The long-term benefits to public health, ecosystems, and climate stability far outweigh any short-term challenges. A total ban sends a clear message that sustainability matters and pushes businesses to innovate. As everyday citizens, we deserve a cleaner, safer future, and this step is a necessary part of getting there.",causal_reasoning,feasibility_and_implementation,"Therefore, the government must take strong action like a total ban on single-use plastics to prevent long-term environmental damage and encourage sustainable alternatives.",causal_reasoning_feasibility_and_implementation,I should evaluate whether the proposal can actually be implemented and enforced effectively. ,Therefore,evidence_and_authority,feasibility_and_implementation,Evidence shows that bans on single-use plastics in other countries have already reduced pollution and encouraged innovation in reusable products.,evidence_and_authority_feasibility_and_implementation,I should evaluate whether the proposal can actually be implemented and enforced effectively. ,Evidence shows that,exemplification,cost_benefit_and_impact_analysis,"For example, cities that banned plastic bags saw a dramatic drop in litter and lower clean-up costs, proving that bans are practical and beneficial.",exemplification_cost_benefit_and_impact_analysis,"I should quantify and compare costs, benefits, and real-world impacts across economic, social, and environmental dimensions. ",For example,targeted,778,96,0.058374585646673006
464646,2.6627647392073897,,,synthesis_restructured,targeted,2,20260206_122715,1.0349819660186768,"Single-use plastics are a major source of pollution, clogging waterways and harming wildlife, and a total government ban is necessary to address this crisis effectively. While some may worry about convenience, alternatives like reusable bags, containers, and biodegradable materials are already widely available and affordable. Countries like Canada, the UK, and several nations in the EU have successfully implemented plastic bans with minimal disruption to daily life, proving such policies are both practical and effective. By enforcing a total ban, governments can send a clear message about environmental responsibility and drive innovation in sustainable packaging. This is not just about reducing litter—it’s about protecting ecosystems and public health for future generations. The benefits far outweigh the temporary inconvenience, and the time to act is now.",evidence_and_authority,feasibility_and_implementation,"Evidence shows that governments have successfully implemented plastic bans in other countries, demonstrating that such policies are feasible.",evidence_and_authority_feasibility_and_implementation,I should evaluate whether the proposal can actually be implemented and enforced effectively. ,Evidence shows that,evidence_and_authority,feasibility_and_implementation,"Evidence shows that governments have successfully implemented plastic bans in other countries, demonstrating that such policies are feasible.",evidence_and_authority_feasibility_and_implementation,I should evaluate whether the proposal can actually be implemented and enforced effectively. ,Evidence shows that,evidence_and_authority,feasibility_and_implementation,"Evidence shows that governments have successfully implemented plastic bans in other countries, demonstrating that such policies are feasible.",evidence_and_authority_feasibility_and_implementation,I should evaluate whether the proposal can actually be implemented and enforced effectively. ,Evidence shows that,targeted,868,174,0.0559932281479258
465652,2.508069640728982,,,synthesis_restructured,targeted,3,20260206_122715,1.067401885986328,"A total ban on single-use plastics is necessary to protect our environment and public health. Countries like Rwanda and Kenya have already proven that such bans are not only feasible but effective, leading to significantly cleaner cities and natural landscapes. These successes show that with proper planning and public cooperation, governments can enforce such policies without major disruptions. Additionally, supporting small businesses with incentives and alternatives ensures the transition is fair and sustainable. The long-term benefits—reduced pollution, healthier ecosystems, and less waste in landfills—far outweigh short-term challenges. As a regular person, I believe we have a shared responsibility to protect our planet, and a ban is a clear, impactful step in that direction.",evidence_and_authority,feasibility_and_implementation,"Evidence shows that many countries have successfully implemented bans on single-use plastics, proving that enforcement is feasible with proper infrastructure and public support.",evidence_and_authority_feasibility_and_implementation,I should evaluate whether the proposal can actually be implemented and enforced effectively. ,Evidence shows that,exemplification,feasibility_and_implementation,"For example, countries like Rwanda and Kenya have enforced strict bans with strong penalties, resulting in cleaner environments and reduced plastic pollution.",exemplification_feasibility_and_implementation,I should evaluate whether the proposal can actually be implemented and enforced effectively. ,For example,exemplification,justice_and_fairness,"For example, the ban can be paired with support for small businesses to transition to sustainable alternatives, ensuring fairness and reducing economic disruption.",exemplification_justice_and_fairness,"I should analyze whether outcomes, processes, and distributions are fair to all parties involved. ",For example,targeted,790,109,0.052198830343627954
467046,2.774402202173532,,,synthesis_restructured,targeted,0,20260206_122715,1.2135064601898191,"Single-use plastics are a major contributor to environmental pollution, harming wildlife, contaminating water sources, and accumulating in landfills for hundreds of years. A government-imposed ban would force industries and consumers to adopt sustainable alternatives like reusable containers and biodegradable materials, which are already widely available and affordable. Countries and cities that have implemented similar bans have seen dramatic reductions in plastic waste and increased public awareness about environmental responsibility. While some may worry about inconvenience, the long-term benefits to public health, ecosystems, and future generations far outweigh short-term adjustments. The government has a duty to protect the environment and public well-being, and a total ban is the most effective way to achieve that goal. With proper support and education, people can easily adapt to new habits and embrace greener solutions.",evidence_and_authority,feasibility_and_implementation,"Evidence shows that single-use plastics are a major source of environmental pollution, especially in oceans and landfills, and a total ban would significantly reduce this damage.",evidence_and_authority_feasibility_and_implementation,I should evaluate whether the proposal can actually be implemented and enforced effectively. ,Evidence shows that,emphasis_and_evaluation,cost_benefit_and_impact_analysis,"Importantly, many communities have already successfully transitioned to reusable or biodegradable alternatives, proving that a ban is both practical and workable.",emphasis_and_evaluation_cost_benefit_and_impact_analysis,"I should quantify and compare costs, benefits, and real-world impacts across economic, social, and environmental dimensions. ",Importantly,evidence_and_authority,feasibility_and_implementation,"Evidence shows that single-use plastics are a major source of environmental pollution, especially in oceans and landfills, and a total ban would significantly reduce this damage.",evidence_and_authority_feasibility_and_implementation,I should evaluate whether the proposal can actually be implemented and enforced effectively. ,Evidence shows that,targeted,941,211,0.051836011242873084
463046,2.731360233138982,,,synthesis_restructured,targeted,4,20260206_122715,1.077725172042847,"The government should enforce a total ban on single-use plastics because they cause severe and long-lasting environmental damage, especially in oceans and wildlife habitats. While some may worry about inconvenience, alternatives like reusable bags and containers are already widely available and more sustainable in the long run. Countries like Canada, the UK, and several in the EU have successfully implemented similar bans with minimal disruption to daily life. The cost of cleaning up plastic pollution far exceeds the cost of transitioning to eco-friendly options. Protecting ecosystems and human health should come before the temporary convenience of disposable plastics. A total ban is a necessary step toward a cleaner, safer future for everyone.",evidence_and_authority,feasibility_and_implementation,"Evidence shows that many governments already have successful programs regulating or banning single-use plastics, proving such laws are viable and enforceable in real-world settings.",evidence_and_authority_feasibility_and_implementation,I should evaluate whether the proposal can actually be implemented and enforced effectively. ,Evidence shows that,addition_and_elaboration,cost_benefit_and_impact_analysis,"Moreover, the environmental damage caused by single-use plastics — such as ocean pollution and harm to wildlife — far outweighs the short-term economic convenience they offer.",addition_and_elaboration_cost_benefit_and_impact_analysis,"I should quantify and compare costs, benefits, and real-world impacts across economic, social, and environmental dimensions. ",Moreover,evidence_and_authority,feasibility_and_implementation,"Evidence shows that many governments already have successful programs regulating or banning single-use plastics, proving such laws are viable and enforceable in real-world settings.",evidence_and_authority_feasibility_and_implementation,I should evaluate whether the proposal can actually be implemented and enforced effectively. ,Evidence shows that,targeted,754,71,0.04785446543852449
25,0.0,,,synthesis_restructured,random,3,20260206_123303,1.205747365951538,"A total government ban on single-use plastics is necessary because individual efforts alone aren’t enough—most people use plastic not out of choice, but because it’s the default option. Without government action, companies have no incentive to switch to sustainable alternatives, and eco-friendly options remain expensive and hard to find. A ban forces systemic change, pushing innovation and making reusable or biodegradable products more accessible to everyone. While it may seem inconvenient at first, the long-term benefits—cleaner oceans, less pollution, and reduced health risks—far outweigh temporary adjustments. It’s not about punishing people, but about creating a fairer, healthier world for all. The government has a responsibility to protect citizens and the planet, and this is one of the most effective ways to do it.",exemplification,stakeholder_responsibility,"For example, while individuals can reduce plastic use, their behavior is often shaped by availability and convenience. Government enforcement ensures systemic change that individuals alone cannot achieve.",exemplification_stakeholder_responsibility,"I should analyze who bears responsibility—whether government, individuals, corporations, or other institutions. ",For example,causal_reasoning,incentives_and_power_dynamics,"Therefore, a government ban is necessary to shift corporate practices and make sustainable alternatives widely available and affordable for everyone.",causal_reasoning_incentives_and_power_dynamics,"I should examine what behaviors are encouraged, who holds power, and how interests align or conflict. ",Therefore,causal_reasoning,cost_benefit_and_impact_analysis,"Therefore, while some may worry about cost or inconvenience, a ban reduces long-term environmental damage and public health risks, saving money and lives in the process.",causal_reasoning_cost_benefit_and_impact_analysis,"I should quantify and compare costs, benefits, and real-world impacts across economic, social, and environmental dimensions. ",Therefore,baseline,832,361,0.0378136796798653
5,0.0,,,synthesis_restructured,random,0,20260206_123303,1.2877345085144043,"While the goal of reducing plastic pollution is important, a total ban on single-use plastics is impractical and potentially harmful. It could lead to unintended consequences, such as a shift to alternative materials that are just as damaging or even worse for the environment. Enforcing such a ban would be difficult, especially in areas with limited access to sustainable alternatives, which could unfairly burden low-income communities. Additionally, it risks overreaching government authority by limiting personal freedoms and small business choices without proper planning or public input. A more balanced approach, like targeted regulations and incentives for innovation, would be more effective and fair. Rather than a blanket ban, we should focus on gradual, inclusive solutions that actually work in real-world conditions.",concession_and_contrast,risk_and_unintended_consequences,"However, it's worth noting that a total ban on single-use plastics may lead to unintended consequences, such as increased use of alternative materials that are equally or more harmful to the environment, or disruptions in supply chains.",concession_and_contrast_risk_and_unintended_consequences,"I should identify risks, unintended outcomes, cascading effects, and potential for escalation. ",However,sequence_and_transition,feasibility_and_implementation,"Next, enforcement of such a ban could be extremely challenging, especially in rural or underserved areas where access to alternatives is limited, potentially creating inequality and unfair burdens on certain communities.",sequence_and_transition_feasibility_and_implementation,I should evaluate whether the proposal can actually be implemented and enforced effectively. ,Next,addition_and_elaboration,governance_and_accountability,"Moreover, such a sweeping mandate may overstep the role of government, infringing on individual choices and small business autonomy without sufficient public consultation or a clear pathway for transition.",addition_and_elaboration_governance_and_accountability,"I should consider legal frameworks, accountability mechanisms, democratic principles, and proper authority. ",Moreover,baseline,831,360,0.03771483670790231
155650,2.553052425205486,,,synthesis_restructured,targeted,1,20260206_122715,1.2465574741363523,"Single-use plastics are a major threat to our environment, wildlife, and even human health, and banning them is a necessary step to protect our planet. Countries like Rwanda and Kenya have successfully implemented plastic bans, resulting in cleaner cities, reduced pollution in waterways, and lower waste management costs over time. While some worry about convenience or economic impact, reusable alternatives are now more affordable and widely available, making the transition manageable for everyday people. A total ban is not just a symbolic gesture — it’s a practical solution that encourages innovation and responsibility. It’s time we stop treating plastic pollution as an inevitable side effect of modern life and start taking real action. The long-term benefits to our environment and public health far outweigh any short-term inconvenience.",conditional,risk_and_unintended_consequences,"If we don’t ban single-use plastics, we’re leaving our oceans, wildlife, and even our own health vulnerable to long-term damage that’s hard to reverse.",conditional_risk_and_unintended_consequences,"I should identify risks, unintended outcomes, cascading effects, and potential for escalation. ",If,exemplification,feasibility_and_implementation,"For example, cities and countries that have already banned single-use plastics are seeing cleaner streets, less litter, and a noticeable drop in plastic pollution in rivers and oceans.",exemplification_feasibility_and_implementation,I should evaluate whether the proposal can actually be implemented and enforced effectively. ,For example,exemplification,cost_benefit_and_impact_analysis,"For example, in places like Rwanda and Kenya, plastic bans have led to cleaner public spaces, reduced waste management costs, and a shift toward reusable alternatives that are now more affordable and accessible.",exemplification_cost_benefit_and_impact_analysis,"I should quantify and compare costs, benefits, and real-world impacts across economic, social, and environmental dimensions. ",For example,targeted,849,163,0.037518261842748285
464744,2.5765896353659272,,,synthesis_restructured,targeted,4,20260206_122715,1.0878427028656006,"Single-use plastics are a major source of pollution that harms wildlife, contaminates ecosystems, and lingers in the environment for hundreds of years. Even with public education, most people continue using these products because alternatives aren’t convenient or affordable—meaning government action is necessary to drive change. Just as governments have successfully banned other dangerous products like leaded fuel and tobacco, a total ban on single-use plastics is a responsible, enforceable step to protect public health and the planet. With proper planning, such a ban can be phased in gradually and supported by incentives for businesses and consumers. It’s time we take bold, decisive action to protect the environment for future generations.",evidence_and_authority,feasibility_and_implementation,"Evidence shows that single-use plastics contribute heavily to pollution, especially in oceans and landfills, and a total ban would significantly reduce this environmental damage.",evidence_and_authority_feasibility_and_implementation,I should evaluate whether the proposal can actually be implemented and enforced effectively. ,Evidence shows that,evidence_and_authority,incentives_and_power_dynamics,"Evidence shows that even with public awareness, individual habits are hard to change without strong regulation—meaning government action is essential to shift behavior at scale.",evidence_and_authority_incentives_and_power_dynamics,"I should examine what behaviors are encouraged, who holds power, and how interests align or conflict. ",Evidence shows that,evidence_and_authority,governance_and_accountability,Evidence shows that governments already regulate harmful products—like tobacco and leaded gasoline—so a ban on single-use plastics fits within established policy precedent.,evidence_and_authority_governance_and_accountability,"I should consider legal frameworks, accountability mechanisms, democratic principles, and proper authority. ",Evidence shows that,targeted,750,66,0.03676421939600737
465644,2.586784711544062,,,synthesis_restructured,targeted,4,20260206_122715,1.2504019737243652,"Single-use plastics are a major source of pollution, clogging oceans, harming wildlife, and taking hundreds of years to decompose. A total ban by the government would be a decisive step toward protecting the environment and public health, especially since places like Rwanda and Canada have already shown that such bans are practical and effective. With proper enforcement and public awareness, a ban wouldn’t just be possible—it would be necessary to safeguard our planet for future generations. Most people agree that reducing plastic waste is important, and a government-led ban ensures fairness and consistency across communities. This isn’t about restricting freedom—it’s about protecting our shared environment. The cost of inaction far outweighs the short-term inconvenience of change. Therefore, a total ban on single-use plastics is a responsible, achievable, and urgent step we should take now.",evidence_and_authority,feasibility_and_implementation,"Evidence shows that single-use plastics are a major contributor to environmental pollution, especially in oceans and landfills, and a total ban would significantly reduce this harm.",evidence_and_authority_feasibility_and_implementation,I should evaluate whether the proposal can actually be implemented and enforced effectively. ,Evidence shows that,exemplification,feasibility_and_implementation,"For example, countries like Rwanda and Canada have successfully implemented bans on single-use plastics, proving that such policies are feasible and effective in the real world.",exemplification_feasibility_and_implementation,I should evaluate whether the proposal can actually be implemented and enforced effectively. ,For example,evidence_and_authority,governance_and_accountability,"Evidence shows that these bans are not only enforceable but also supported by public opinion, as many citizens agree that reducing plastic waste is a shared responsibility.",evidence_and_authority_governance_and_accountability,"I should consider legal frameworks, accountability mechanisms, democratic principles, and proper authority. ",Evidence shows that,targeted,904,196,0.036086604332311645
465644,2.586784711544062,,,synthesis_restructured,targeted,1,20260206_122715,1.003443717956543,"Single-use plastics are a major source of pollution, clogging waterways and harming wildlife—many animals die after ingesting plastic they mistake for food. Governments have a responsibility to protect public health and the environment, and past bans on dangerous substances like leaded gasoline and asbestos prove that effective regulation is possible. While some may worry about inconvenience, alternatives like reusable bags and biodegradable packaging are already widely available and more sustainable. A government-enforced ban would create a level playing field for businesses, encourage innovation in greener materials, and help preserve ecosystems for future generations. The long-term benefits for our planet and communities far outweigh short-term discomfort. It’s time to take decisive action before the damage becomes irreversible.",evidence_and_authority,feasibility_and_implementation,Evidence shows that single-use plastics are a major contributor to environmental pollution and harm wildlife.,evidence_and_authority_feasibility_and_implementation,I should evaluate whether the proposal can actually be implemented and enforced effectively. ,Evidence shows that,exemplification,feasibility_and_implementation,"For example, oceans are filled with plastic waste, and animals often mistake it for food, leading to injury or death.",exemplification_feasibility_and_implementation,I should evaluate whether the proposal can actually be implemented and enforced effectively. ,For example,evidence_and_authority,governance_and_accountability,"Evidence shows that governments have successfully banned similar harmful materials before, like leaded gasoline and asbestos.",evidence_and_authority_governance_and_accountability,"I should consider legal frameworks, accountability mechanisms, democratic principles, and proper authority. ",Evidence shows that,targeted,843,158,0.0358995532583088
468056,2.749492285056512,,,synthesis_restructured,targeted,3,20260206_122715,1.255598068237305,"The government should enforce a total ban on single-use plastics because it’s a necessary step to protect our environment and public health. Plastic pollution is already causing serious harm to oceans, wildlife, and even human communities, and a ban is one of the most effective ways to stop this damage at the source. While some may worry about inconvenience, most single-use items like bags and straws can be easily replaced with reusable or compostable options that are now widely available and often cheaper in the long run. Countries around the world have already proven that such bans can work—without causing major disruptions—by reducing litter and lowering waste management costs. Given how much harm single-use plastics cause and how simple the alternatives are, a nationwide ban is not only practical but also a responsible choice for future generations.",evidence_and_authority,feasibility_and_implementation,"Evidence shows that many countries have successfully implemented bans on single-use plastics, demonstrating that such policies are feasible and enforceable in real-world settings.",evidence_and_authority_feasibility_and_implementation,I should evaluate whether the proposal can actually be implemented and enforced effectively. ,Evidence shows that,sequence_and_transition,cost_benefit_and_impact_analysis,"Next, I consider that while there might be short-term costs, the long-term environmental and economic benefits—like reduced pollution, lower waste management costs, and protection of marine life—far outweigh these initial challenges.",sequence_and_transition_cost_benefit_and_impact_analysis,"I should quantify and compare costs, benefits, and real-world impacts across economic, social, and environmental dimensions. ",Next,exemplification,feasibility_and_implementation,"For example, plastic bags and straws are easily replaced with reusable or biodegradable alternatives that are already available and affordable for most people.",exemplification_feasibility_and_implementation,I should evaluate whether the proposal can actually be implemented and enforced effectively. ,For example,targeted,865,172,0.0341472926115854
425650,2.562847051919229,,,synthesis_restructured,targeted,2,20260206_122715,1.2228715419769287,"Single-use plastics are a major source of pollution that harm marine life, clog landfills, and persist in the environment for centuries. A total ban by the government is a necessary step to protect ecosystems and public health, especially since many of these plastics are not recyclable and end up in nature. Countries like Rwanda and Canada have already shown that such bans are practical and effective, leading to cleaner communities and reduced waste. While some may worry about inconvenience, the long-term environmental and economic benefits—like lower cleanup costs and innovation in eco-friendly materials—far outweigh the short-term challenges. As someone who cares about leaving a cleaner planet for future generations, I believe a ban is both responsible and achievable. The government has a duty to act for the greater good, and banning single-use plastics is a clear and impactful way to do so.",evidence_and_authority,justice_and_fairness,"Evidence shows that single-use plastics are a major contributor to environmental pollution, particularly in oceans and landfills, harming wildlife and ecosystems.",evidence_and_authority_justice_and_fairness,"I should analyze whether outcomes, processes, and distributions are fair to all parties involved. ",Evidence shows that,exemplification,feasibility_and_implementation,"For example, countries like Rwanda and Canada have successfully implemented plastic bans, proving that such policies are feasible and can significantly reduce plastic waste.",exemplification_feasibility_and_implementation,I should evaluate whether the proposal can actually be implemented and enforced effectively. ,For example,exemplification,cost_benefit_and_impact_analysis,"For example, banning single-use plastics reduces cleanup costs for communities, prevents long-term environmental damage, and encourages innovation in sustainable alternatives.",exemplification_cost_benefit_and_impact_analysis,"I should quantify and compare costs, benefits, and real-world impacts across economic, social, and environmental dimensions. ",For example,targeted,906,197,0.033423434962329954
465650,2.8355429776601215,,,synthesis_restructured,targeted,3,20260206_122715,1.1149446964263916,"Single-use plastics are a leading cause of environmental pollution, clogging waterways and harming wildlife, and a total ban would drastically reduce this damage. Countries like Rwanda have already proven that nationwide plastic bans are enforceable and effective, even without extensive resources. While some may worry about convenience, the long-term environmental and economic benefits far outweigh the short-term inconvenience. The cost of cleaning up plastic waste is often higher than the cost of switching to sustainable alternatives like paper or reusable materials. A ban would also encourage innovation in eco-friendly packaging and support a shift toward a circular economy. Ultimately, protecting our planet and future generations demands bold action—this ban is not just possible, it's necessary.",evidence_and_authority,feasibility_and_implementation,"Evidence shows that single-use plastics are a major source of pollution, especially in oceans and landfills, and a total ban would significantly reduce this environmental harm.",evidence_and_authority_feasibility_and_implementation,I should evaluate whether the proposal can actually be implemented and enforced effectively. ,Evidence shows that,exemplification,feasibility_and_implementation,"For example, countries like Rwanda have successfully implemented and enforced nationwide bans on plastic bags, proving that such measures are feasible even in developing nations.",exemplification_feasibility_and_implementation,I should evaluate whether the proposal can actually be implemented and enforced effectively. ,For example,exemplification,cost_benefit_and_impact_analysis,"For example, the cost of cleaning up plastic waste often exceeds the cost of switching to alternatives like paper, glass, or reusable containers.",exemplification_cost_benefit_and_impact_analysis,"I should quantify and compare costs, benefits, and real-world impacts across economic, social, and environmental dimensions. ",For example,targeted,809,126,0.03314364904787712
464056,2.718557261212647,,,synthesis_restructured,targeted,1,20260206_122715,1.183342218399048,"Single-use plastics are a major source of pollution that harms wildlife, clogs waterways, and lingers in the environment for centuries. While some worry about inconvenience, real-world examples from places like San Francisco and Rwanda show that bans are feasible and lead to widespread adoption of reusable alternatives. The long-term environmental and health benefits—cleaner oceans, reduced landfill waste, and lower carbon emissions—far outweigh the temporary adjustments people might face. Governments have the tools to enforce such bans through education, incentives, and regulations. A total ban isn’t just possible—it’s necessary to protect our planet for future generations. The small sacrifice in daily convenience is nothing compared to the lasting damage we’d avoid.",evidence_and_authority,feasibility_and_implementation,"Evidence shows that many countries have successfully implemented bans on single-use plastics, proving that such policies are feasible and can be enforced through clear regulations and public awareness campaigns.",evidence_and_authority_feasibility_and_implementation,I should evaluate whether the proposal can actually be implemented and enforced effectively. ,Evidence shows that,evidence_and_authority,cost_benefit_and_impact_analysis,"Evidence shows that single-use plastics contribute to pollution, harm wildlife, and take hundreds of years to decompose—costs that far outweigh any short-term convenience or economic benefits.",evidence_and_authority_cost_benefit_and_impact_analysis,"I should quantify and compare costs, benefits, and real-world impacts across economic, social, and environmental dimensions. ",Evidence shows that,exemplification,feasibility_and_implementation,"For example, cities like San Francisco and countries like Rwanda have reduced plastic waste dramatically after banning single-use plastics, proving that alternatives like reusable bags and containers are practical and widely adopted.",exemplification_feasibility_and_implementation,I should evaluate whether the proposal can actually be implemented and enforced effectively. ,For example,targeted,778,95,0.033097911510524124
465646,2.6399312933312427,,,synthesis_restructured,targeted,0,20260206_122715,1.3435661792755127,"Single-use plastics are a major source of pollution, clogging waterways and harming wildlife, and a government-enforced ban is a necessary step to protect our environment. Countries like Rwanda and Kenya have already shown that strict bans can work, drastically cutting down plastic waste and promoting reusable alternatives. Even in larger nations like Canada and members of the EU, bans have led to significant reductions in plastic litter and pushed businesses to innovate with eco-friendly packaging. While some may worry about inconvenience, the shift to reusable options is manageable and already underway in many communities. The long-term benefits—cleaner oceans, healthier ecosystems, and reduced waste—far outweigh short-term discomfort. As a regular person who cares about the planet, I believe the government has a responsibility to act decisively. A total ban is not just possible; it’s essential for a sustainable future.",evidence_and_authority,feasibility_and_implementation,"Evidence shows that banning single-use plastics can be successfully implemented in various regions, such as the EU and Canada, where similar bans have reduced plastic pollution and encouraged sustainable alternatives.",evidence_and_authority_feasibility_and_implementation,I should evaluate whether the proposal can actually be implemented and enforced effectively. ,Evidence shows that,exemplification,feasibility_and_implementation,"For example, countries like Rwanda and Kenya have implemented strict bans and seen drastic reductions in plastic waste, proving that enforcement is not only possible but effective when supported by public awareness and policy.",exemplification_feasibility_and_implementation,I should evaluate whether the proposal can actually be implemented and enforced effectively. ,For example,evidence_and_authority,feasibility_and_implementation,"Evidence shows that banning single-use plastics can be successfully implemented in various regions, such as the EU and Canada, where similar bans have reduced plastic pollution and encouraged sustainable alternatives.",evidence_and_authority_feasibility_and_implementation,I should evaluate whether the proposal can actually be implemented and enforced effectively. ,Evidence shows that,targeted,935,208,0.03299374989118765
21,0.0,,,synthesis_restructured,random,1,20260206_123303,1.105637550354004,"The government should enforce a total ban on single-use plastics because it has the legal authority and democratic responsibility to protect public health and the environment. Historical examples, like bans on smoking in public areas and removing lead from gasoline, prove that government action can lead to lasting improvements, even when they face initial resistance. Holding individuals solely responsible for plastic waste ignores the fact that massive corporations are the primary producers and profiteers from this pollution. A government-led ban ensures accountability, promotes sustainable alternatives, and protects future generations from irreversible environmental damage. Without strong, enforceable policies, progress will remain slow and inconsistent. Therefore, a total ban is not only necessary but also a just and practical step toward a cleaner, healthier planet.",concession_and_contrast,governance_and_accountability,"However, the government has the constitutional authority and democratic mandate to enforce laws that protect public welfare, including environmental health.",concession_and_contrast_governance_and_accountability,"I should consider legal frameworks, accountability mechanisms, democratic principles, and proper authority. ",However,exemplification,precedent_and_long_term_effects,"For example, past bans on smoking in public spaces and lead in gasoline show that government intervention can successfully reduce harm, even when initially unpopular.",exemplification_precedent_and_long_term_effects,"I should evaluate historical precedents, long-term vs short-term tradeoffs, and obligations to future generations. ",For example,causal_reasoning,stakeholder_responsibility,"Therefore, placing the burden solely on individuals is unfair and ineffective, especially when large corporations profit from plastic production and distribution.",causal_reasoning_stakeholder_responsibility,"I should analyze who bears responsibility—whether government, individuals, corporations, or other institutions. ",Therefore,baseline,881,404,0.03139912496839374
464658,2.4978497284689776,,,synthesis_restructured,targeted,2,20260206_122715,1.1233344078063965,"Single-use plastics are a major source of pollution, clogging waterways and harming wildlife, and a government ban is a necessary step to protect our environment. While some may worry about convenience or cost, alternatives like reusable bags, glass containers, and biodegradable materials are already widely available and increasingly affordable. Countries like Kenya and Canada have proven that such bans can be enforced successfully, with strong public backing and gradual transition plans. The long-term benefits—cleaner oceans, less waste in landfills, and reduced carbon emissions—far outweigh the short-term inconvenience. As a regular person, I believe we all have a responsibility to protect the planet for future generations, and a ban on single-use plastics is a realistic and essential action. It’s not about giving up convenience—it’s about making better choices for our shared future.",evidence_and_authority,feasibility_and_implementation,Evidence shows that banning single-use plastics reduces pollution and is feasible through alternative materials and policy enforcement.,evidence_and_authority_feasibility_and_implementation,I should evaluate whether the proposal can actually be implemented and enforced effectively. ,Evidence shows that,evidence_and_authority,feasibility_and_implementation,Evidence shows that banning single-use plastics reduces pollution and is feasible through alternative materials and policy enforcement.,evidence_and_authority_feasibility_and_implementation,I should evaluate whether the proposal can actually be implemented and enforced effectively. ,Evidence shows that,exemplification,precedent_and_long_term_effects,"For example, countries like Kenya and Canada have successfully implemented such bans, showing that enforcement is possible with political will and public support.",exemplification_precedent_and_long_term_effects,"I should evaluate historical precedents, long-term vs short-term tradeoffs, and obligations to future generations. ",For example,targeted,898,193,0.02949065143526164
47,0.0,,,synthesis_restructured,random,4,20260206_123303,1.1947262287139893,"A total ban on single-use plastics is necessary to protect both people and the planet. It ensures fairness by preventing vulnerable communities from suffering the worst effects of pollution, which often accumulate in low-income areas. Many countries have already successfully implemented such bans, proving they are practical and enforceable with proper planning and public support. Without government action, individuals are left to make sustainable choices without the infrastructure or alternatives they need. Corporations that profit from plastic production must not be allowed to shift the burden of cleanup onto communities. A government-led ban is the most effective way to drive real change and create a healthier, more sustainable future for everyone.",concession_and_contrast,justice_and_fairness,"However, fairness is not just about equal treatment—it’s about equitable outcomes. A total ban on single-use plastics ensures that vulnerable communities, who often bear the brunt of environmental degradation, are not disproportionately harmed by pollution and waste.",concession_and_contrast_justice_and_fairness,"I should analyze whether outcomes, processes, and distributions are fair to all parties involved. ",However,emphasis_and_evaluation,feasibility_and_implementation,"Importantly, many countries have already demonstrated that a total ban on single-use plastics is feasible and enforceable—through clear policies, public education, and the promotion of sustainable alternatives.",emphasis_and_evaluation_feasibility_and_implementation,I should evaluate whether the proposal can actually be implemented and enforced effectively. ,Importantly,conditional,stakeholder_responsibility,"If governments fail to take the lead in regulating harmful products like single-use plastics, the burden falls unfairly on individuals to change habits without systemic support.",conditional_stakeholder_responsibility,"I should analyze who bears responsibility—whether government, individuals, corporations, or other institutions. ",If,baseline,760,295,0.02893807393158173
464444,2.7162221831131577,,,synthesis_restructured,targeted,2,20260206_122715,1.1436827182769775,"The government should enforce a total ban on single-use plastics because they are a major source of pollution that harms wildlife, contaminates waterways, and contributes to climate change. Many countries, including Canada and members of the European Union, have already implemented similar bans with strong results, proving they are both feasible and effective. Governments have the legal authority to protect public health and the environment, and banning single-use plastics is a responsible step toward safeguarding our planet for future generations. With proper enforcement and public education, such a ban can be implemented without overwhelming citizens or businesses. The long-term environmental and economic benefits far outweigh the short-term inconvenience of change. We shouldn't wait for disasters to happen—taking action now is the smart and responsible choice.",evidence_and_authority,feasibility_and_implementation,"Evidence shows that bans on single-use plastics can be successfully enforced in many regions, with countries like Canada and the EU already implementing broad bans with measurable reductions in plastic waste.",evidence_and_authority_feasibility_and_implementation,I should evaluate whether the proposal can actually be implemented and enforced effectively. ,Evidence shows that,evidence_and_authority,governance_and_accountability,"Evidence shows that governments have the legal authority to regulate harmful products, and public health and environmental protection are legitimate reasons for such regulation.",evidence_and_authority_governance_and_accountability,"I should consider legal frameworks, accountability mechanisms, democratic principles, and proper authority. ",Evidence shows that,evidence_and_authority,governance_and_accountability,"Evidence shows that governments have the legal authority to regulate harmful products, and public health and environmental protection are legitimate reasons for such regulation.",evidence_and_authority_governance_and_accountability,"I should consider legal frameworks, accountability mechanisms, democratic principles, and proper authority. ",Evidence shows that,targeted,875,179,0.028900506462205874
20,0.0,,,synthesis_restructured,random,3,20260206_123303,1.3159043788909912,"Single-use plastics cause severe and lasting harm to the environment and human health, polluting oceans, harming wildlife, and entering our food chain through microplastics. While some may argue for personal freedom in using these products, the government has a responsibility to protect citizens from preventable harm, especially when it affects future generations. The widespread and irreversible damage caused by plastic waste far exceeds the temporary inconvenience of switching to alternatives. A total ban is a necessary and proportional step to safeguard ecosystems and public health. Moreover, many communities have successfully transitioned to reusable or biodegradable options, proving that such a ban is practical and achievable. Given the scale of the environmental crisis, inaction is morally indefensible. Therefore, enforcing a total ban on single-use plastics is not only justified but essential for a sustainable future.",concession_and_contrast,ethical_principles,"However, the moral framework that emphasizes consequences and harm reduction is more effective in justifying a ban on single-use plastics.",concession_and_contrast_ethical_principles,"I should evaluate actions based on moral rules, character virtues, relationships, and ethical obligations. ",However,conditional,rights_and_liberties,"If the government's role is to protect citizens from harm, then reducing widespread environmental damage caused by plastics aligns with the protection of human well-being and future generations' rights.",conditional_rights_and_liberties,"I should consider inalienable human rights, civil liberties, privacy protections, and the freedom to make one's own choices. ",If,causal_reasoning,risk_and_unintended_consequences,"Therefore, even if some people are inconvenienced by a ban, the long-term environmental and health risks of unchecked plastic pollution—such as ocean degradation and microplastic contamination—outweigh personal inconvenience.",causal_reasoning_risk_and_unintended_consequences,"I should identify risks, unintended outcomes, cascading effects, and potential for escalation. ",Therefore,baseline,937,427,0.028558145747015155
39,0.0,,,synthesis_restructured,random,0,20260206_123303,1.1587612628936768,"The government should enforce a total ban on single-use plastics because, while individuals and companies contribute, only government has the power to implement widespread, enforceable change. A ban ensures fairness by preventing the environmental burden from disproportionately affecting low-income communities and future generations. History shows that government-led bans on dangerous products—like leaded gasoline and indoor smoking—have succeeded, proving that strong policy can drive meaningful progress. Without a total ban, plastic pollution will continue to harm ecosystems, wildlife, and human health. A clear, nationwide law also provides consistency and clarity for businesses and consumers alike. Ultimately, protecting the planet requires bold, decisive action—and the government must lead the way.",emphasis_and_evaluation,stakeholder_responsibility,"Importantly, while individuals and companies play a role, the government holds the authority and responsibility to enact large-scale change that individuals alone cannot achieve.",emphasis_and_evaluation_stakeholder_responsibility,"I should analyze who bears responsibility—whether government, individuals, corporations, or other institutions. ",Importantly,sequence_and_transition,justice_and_fairness,"Next, a total ban ensures that no one is left behind in the effort to protect our environment—because the burden of pollution shouldn’t fall on future generations or vulnerable communities.",sequence_and_transition_justice_and_fairness,"I should analyze whether outcomes, processes, and distributions are fair to all parties involved. ",Next,evidence_and_authority,governance_and_accountability,Evidence shows that governments have successfully banned harmful products before—like leaded gasoline and smoking in public spaces—proving that bans can work when backed by strong policy.,evidence_and_authority_governance_and_accountability,"I should consider legal frameworks, accountability mechanisms, democratic principles, and proper authority. ",Evidence shows that,baseline,812,343,0.027712745516645692
7,0.0,,,synthesis_restructured,random,3,20260206_123303,1.3905184268951416,"The government should enforce a total ban on single-use plastics because it has a responsibility to protect public health and the environment. While some may worry about restrictions on personal choice, such bans are similar to other widely accepted regulations like seatbelts or smoking bans—designed to protect people from harm. Countries like Canada, Rwanda, and several European nations have already implemented total bans with significant reductions in plastic waste and increased adoption of eco-friendly alternatives. Rather than limiting freedom, these laws empower citizens by creating a cleaner, safer world for everyone. A ban is not an overreach; it's a necessary step toward long-term sustainability. Without strong government action, plastic pollution will continue to devastate ecosystems and endanger wildlife and human health. It’s time to prioritize the planet and future generations over convenience.",conditional,governance_and_accountability,"If the government is the institution responsible for protecting public health and the environment, it has both the authority and duty to implement a total ban on single-use plastics to prevent long-term ecological damage and safeguard human well-being.",conditional_governance_and_accountability,"I should consider legal frameworks, accountability mechanisms, democratic principles, and proper authority. ",If,clarification_and_specification,feasibility_and_implementation,"In other words, a total ban is not only a moral imperative but also a practical solution—many countries have already implemented such bans with measurable success in reducing plastic pollution and encouraging sustainable alternatives.",clarification_and_specification_feasibility_and_implementation,I should evaluate whether the proposal can actually be implemented and enforced effectively. ,In other words,emphasis_and_evaluation,rights_and_liberties,"Importantly, a ban on single-use plastics does not infringe on personal freedoms; it simply redirects consumer behavior toward safer, more sustainable choices, much like seatbelt laws or smoking bans that protect individuals and communities.",emphasis_and_evaluation_rights_and_liberties,"I should consider inalienable human rights, civil liberties, privacy protections, and the freedom to make one's own choices. ",Importantly,baseline,919,420,0.02760128059224699
28,0.0,,,synthesis_restructured,random,1,20260206_123303,1.4263014793395996,"We have a responsibility to protect the planet for future generations, and continuing to allow single-use plastics—especially since they harm wildlife, pollute oceans, and take hundreds of years to break down—goes against that duty. History shows that when governments ban dangerous products like leaded gasoline or asbestos, society becomes safer and healthier in the long run, even if there’s initial resistance. A total ban is fair because it holds manufacturers accountable for the pollution they create, rather than forcing individuals and communities to clean up the mess. It’s not about restricting freedom—it’s about protecting our shared environment. With alternatives like reusable bags, glass containers, and biodegradable materials already available, the switch is both possible and necessary. We can’t keep pretending that throwing things away solves the problem—this is a crisis we’ve ignored for too long. It’s time for bold action, and the government has a clear role in leading that change.",clarification_and_specification,precedent_and_long_term_effects,"In other words, banning single-use plastics is not just a policy choice but a moral responsibility—our current convenience shouldn’t come at the cost of future environmental collapse.",clarification_and_specification_precedent_and_long_term_effects,"I should evaluate historical precedents, long-term vs short-term tradeoffs, and obligations to future generations. ",In other words,addition_and_elaboration,precedent_and_long_term_effects,"Moreover, we've seen how banning harmful products in the past—like leaded gasoline or asbestos—led to safer societies, proving that strong government action can drive positive change even when industries resist.",addition_and_elaboration_precedent_and_long_term_effects,"I should evaluate historical precedents, long-term vs short-term tradeoffs, and obligations to future generations. ",Moreover,causal_reasoning,justice_and_fairness,"Therefore, a total ban is fair because it shifts the burden of pollution from communities and ecosystems to the corporations that produce these plastics in the first place.",causal_reasoning_justice_and_fairness,"I should analyze whether outcomes, processes, and distributions are fair to all parties involved. ",Therefore,baseline,1007,436,0.026541534528766335
468044,2.5689729119899107,,,synthesis_restructured,targeted,1,20260206_122715,1.1134798526763916,"A total ban on single-use plastics is a necessary and achievable step toward protecting our environment and public health. Countries like Canada, Rwanda, and the European Union have already implemented such bans and seen significant reductions in plastic waste without major disruptions to daily life. Single-use plastics don’t just litter our streets—they break down into microplastics that pollute our oceans, harm wildlife, and can even end up in our food and water. Given that governments already have the legal tools and experience to enforce environmental regulations, a ban is not only feasible but a responsible action to take for future generations. It’s time we stop treating plastic pollution as an inevitable side effect of modern life and start holding ourselves accountable.",evidence_and_authority,feasibility_and_implementation,"Evidence shows that bans on single-use plastics are already working in various countries, proving they can be successfully enforced and adapted to everyday life.",evidence_and_authority_feasibility_and_implementation,I should evaluate whether the proposal can actually be implemented and enforced effectively. ,Evidence shows that,sequence_and_transition,cost_benefit_and_impact_analysis,"Next, single-use plastics contribute to pollution that harms wildlife and ecosystems, which affects everyone—from fish in the ocean to clean drinking water sources.",sequence_and_transition_cost_benefit_and_impact_analysis,"I should quantify and compare costs, benefits, and real-world impacts across economic, social, and environmental dimensions. ",Next,evidence_and_authority,governance_and_accountability,"Evidence shows that governments already have the legal authority and infrastructure to regulate harmful products, and a ban on single-use plastics is a responsible use of that power.",evidence_and_authority_governance_and_accountability,"I should consider legal frameworks, accountability mechanisms, democratic principles, and proper authority. ",Evidence shows that,targeted,788,106,0.025761416465726373
464652,2.530903086605129,,,synthesis_restructured,targeted,4,20260206_122715,1.2387957572937012,"Single-use plastics are a major contributor to environmental pollution, clogging waterways and harming wildlife, and a total government ban would be a powerful step toward protecting ecosystems and public health. While some may worry about inconvenience, the long-term benefits of cleaner oceans, reduced landfill waste, and lower carbon emissions far outweigh temporary adjustments. Importantly, a ban shouldn’t leave people behind—governments can support this shift by investing in affordable, eco-friendly alternatives and ensuring they are available to everyone, especially low-income communities. This balanced approach makes the ban both effective and fair. Ultimately, protecting our planet and future generations should come before the convenience of disposable plastics. A total ban is not just possible—it’s necessary.",evidence_and_authority,feasibility_and_implementation,"Evidence shows that single-use plastics contribute significantly to pollution, especially in oceans and landfills, and a total ban would be a decisive step toward reducing environmental harm.",evidence_and_authority_feasibility_and_implementation,I should evaluate whether the proposal can actually be implemented and enforced effectively. ,Evidence shows that,evidence_and_authority,feasibility_and_implementation,"Evidence shows that single-use plastics contribute significantly to pollution, especially in oceans and landfills, and a total ban would be a decisive step toward reducing environmental harm.",evidence_and_authority_feasibility_and_implementation,I should evaluate whether the proposal can actually be implemented and enforced effectively. ,Evidence shows that,exemplification,justice_and_fairness,"For example, many of these plastics are used in convenience items like grocery bags and food containers, which are often relied upon by people with limited access to alternatives, so a ban must be paired with accessible, affordable substitutes to ensure fairness.",exemplification_justice_and_fairness,"I should analyze whether outcomes, processes, and distributions are fair to all parties involved. ",For example,targeted,828,141,0.025668955094066304
465046,2.6842490077689276,,,synthesis_restructured,targeted,3,20260206_122715,1.2256739139556885,"The government should enforce a total ban on single-use plastics because it’s a necessary step to protect our environment and public health. Plastic pollution is already harming wildlife, clogging waterways, and even entering our food chain, and a ban would drastically reduce this damage. Countries like Canada and the EU have already implemented similar bans with success, showing that such policies are practical and can be enforced without major disruption. Plus, affordable and effective alternatives—like reusable bags, paper packaging, and compostable materials—are now widely available. It’s not about inconvenience; it’s about making a responsible choice for future generations. The cost of inaction far outweighs the small adjustments we’d need to make in our daily lives. It’s time to stop treating plastic as disposable and start protecting our planet.",evidence_and_authority,feasibility_and_implementation,"Evidence shows that bans on single-use plastics have already succeeded in places like Canada and the European Union, proving that such policies are both realistic and impactful.",evidence_and_authority_feasibility_and_implementation,I should evaluate whether the proposal can actually be implemented and enforced effectively. ,Evidence shows that,exemplification,cost_benefit_and_impact_analysis,"For example, in countries with bans, plastic waste in oceans has dropped significantly, and alternatives like reusable bags and biodegradable packaging are now widely available and affordable.",exemplification_cost_benefit_and_impact_analysis,"I should quantify and compare costs, benefits, and real-world impacts across economic, social, and environmental dimensions. ",For example,evidence_and_authority,feasibility_and_implementation,"Evidence shows that bans on single-use plastics have already succeeded in places like Canada and the European Union, proving that such policies are both realistic and impactful.",evidence_and_authority_feasibility_and_implementation,I should evaluate whether the proposal can actually be implemented and enforced effectively. ,Evidence shows that,targeted,864,171,0.025186084981320887
468044,2.5689729119899107,,,synthesis_restructured,targeted,2,20260206_122715,1.203352451324463,"Single-use plastics are a major contributor to pollution, harming wildlife and clogging landfills and oceans. A government ban is a necessary and effective step to protect the environment and public health. Many nations, including Canada and members of the EU, have already implemented such bans successfully, proving they are feasible and enforceable. While some worry about economic impact, the long-term benefits—cleaner ecosystems, reduced cleanup costs, and healthier communities—far outweigh any short-term challenges. Governments have both the authority and moral responsibility to act in the public interest, especially when science clearly shows harm. Therefore, a total ban on single-use plastics is not only practical but essential for a sustainable future.",evidence_and_authority,feasibility_and_implementation,"Evidence shows that governments already have the tools and infrastructure to enforce bans on single-use plastics effectively, as seen in countries like Canada and the EU, where such bans have been successfully implemented.",evidence_and_authority_feasibility_and_implementation,I should evaluate whether the proposal can actually be implemented and enforced effectively. ,Evidence shows that,sequence_and_transition,cost_benefit_and_impact_analysis,"Next, banning single-use plastics reduces pollution in oceans and landfills, which saves money on cleanup and protects wildlife—long-term savings outweigh short-term costs for businesses and consumers.",sequence_and_transition_cost_benefit_and_impact_analysis,"I should quantify and compare costs, benefits, and real-world impacts across economic, social, and environmental dimensions. ",Next,evidence_and_authority,governance_and_accountability,"Evidence shows that democratic governments have the authority and responsibility to pass laws that protect public health and the environment, especially when the harm from single-use plastics is well-documented.",evidence_and_authority_governance_and_accountability,"I should consider legal frameworks, accountability mechanisms, democratic principles, and proper authority. ",Evidence shows that,targeted,768,84,0.024348716695447952
9,0.0,,,synthesis_restructured,random,2,20260206_123303,1.4812374114990234,"Single-use plastics cause serious environmental damage—polluting oceans, killing wildlife, and contributing to climate change—while offering little real benefit. A total government ban would drastically reduce this harm, especially since reusable alternatives are already accessible and often more cost-effective over time. Many places around the world have successfully implemented similar bans without economic disruption, proving that change is possible and practical. The real cost isn’t in banning plastics—it’s in continuing to allow them to destroy our environment and endanger future generations. Governments have a responsibility to act decisively for the public good, and a total ban is the most effective way to protect our planet and health. It’s time to prioritize sustainability over convenience.",conditional,cost_benefit_and_impact_analysis,"If we look at the bigger picture, single-use plastics cause massive environmental harm—polluting oceans, harming wildlife, and contributing to climate change—while offering minimal long-term benefits. A total ban would drastically reduce this damage, especially since reusable alternatives are widely available and often cheaper over time.",conditional_cost_benefit_and_impact_analysis,"I should quantify and compare costs, benefits, and real-world impacts across economic, social, and environmental dimensions. ",If,emphasis_and_evaluation,precedent_and_long_term_effects,"Importantly, many countries and cities have already banned single-use plastics with no major economic collapse—instead, they’ve seen innovation and new markets for sustainable products. The short-term inconvenience is far outweighed by the long-term protection of our planet and public health.",emphasis_and_evaluation_precedent_and_long_term_effects,"I should evaluate historical precedents, long-term vs short-term tradeoffs, and obligations to future generations. ",Importantly,concession_and_contrast,precedent_and_long_term_effects,"However, the real cost isn’t in banning plastics—it’s in doing nothing. Every year, billions of plastic items end up in landfills and oceans, harming ecosystems and even entering our food chain. A government ban is a necessary step to protect our environment and future generations.",concession_and_contrast_precedent_and_long_term_effects,"I should evaluate historical precedents, long-term vs short-term tradeoffs, and obligations to future generations. ",However,baseline,810,341,0.024257942108177537
467044,2.5302958344802633,,,synthesis_restructured,targeted,3,20260206_122715,1.165395736694336,"Single-use plastics are a major contributor to environmental pollution, clogging oceans, harming wildlife, and persisting in ecosystems for centuries. A total government ban would push industries and consumers toward sustainable alternatives like reusable bags, containers, and biodegradable materials, reducing waste at the source. Many regions around the world have already successfully implemented similar bans, showing that such policies are feasible and don’t lead to widespread inconvenience. With proper public education and support for green alternatives, a ban is not only achievable but necessary to protect our planet for future generations. Governments have both the legal authority and public mandate to act in the interest of environmental health. Therefore, enforcing a total ban on single-use plastics is a responsible and impactful step toward a cleaner, greener future.",evidence_and_authority,feasibility_and_implementation,"Evidence shows that single-use plastics are a major source of pollution, particularly in oceans and landfills, and a total ban would significantly reduce this environmental burden.",evidence_and_authority_feasibility_and_implementation,I should evaluate whether the proposal can actually be implemented and enforced effectively. ,Evidence shows that,emphasis_and_evaluation,cost_benefit_and_impact_analysis,"Importantly, many countries and cities that have already implemented bans have seen a shift toward reusable alternatives without major disruption to daily life.",emphasis_and_evaluation_cost_benefit_and_impact_analysis,"I should quantify and compare costs, benefits, and real-world impacts across economic, social, and environmental dimensions. ",Importantly,evidence_and_authority,governance_and_accountability,"Evidence shows that governments have the authority and tools to enforce such bans, and public support for environmental protection is strong enough to sustain policy change.",evidence_and_authority_governance_and_accountability,"I should consider legal frameworks, accountability mechanisms, democratic principles, and proper authority. ",Evidence shows that,targeted,887,187,0.024239899992589527
24,0.0,,,synthesis_restructured,random,0,20260206_123303,1.222114324569702,"A total ban on single-use plastics is essential because it promotes fairness by preventing low-income communities and future generations from bearing the brunt of environmental degradation. Just as society has banned harmful substances like leaded gasoline and asbestos for the public good, eliminating single-use plastics is a responsible, forward-thinking decision to protect both human health and the planet. Although some businesses may need time to adapt, the long-term benefits—such as cleaner oceans, lower waste management costs, and reduced pollution-related illnesses—far exceed the short-term challenges. This ban encourages innovation in sustainable alternatives and shifts consumer behavior toward more responsible choices. Ultimately, protecting the environment isn’t a luxury—it’s a necessity for a healthy, equitable society.",causal_reasoning,justice_and_fairness,"Therefore, a total ban on single-use plastics creates a fairer system by ensuring that environmental costs are not disproportionately borne by vulnerable communities and future generations.",causal_reasoning_justice_and_fairness,"I should analyze whether outcomes, processes, and distributions are fair to all parties involved. ",Therefore,emphasis_and_evaluation,precedent_and_long_term_effects,"Importantly, just as society once banned leaded gasoline and asbestos for public health, banning single-use plastics is a necessary step to protect both ecosystems and human health for future generations.",emphasis_and_evaluation_precedent_and_long_term_effects,"I should evaluate historical precedents, long-term vs short-term tradeoffs, and obligations to future generations. ",Importantly,emphasis_and_evaluation,cost_benefit_and_impact_analysis,"Importantly, while some industries may face short-term adjustments, the long-term savings in cleanup costs, reduced pollution-related healthcare expenses, and the preservation of marine life far outweigh the initial inconvenience.",emphasis_and_evaluation_cost_benefit_and_impact_analysis,"I should quantify and compare costs, benefits, and real-world impacts across economic, social, and environmental dimensions. ",Importantly,baseline,841,372,0.02297621345668329
462056,2.6206620131422604,,,synthesis_restructured,targeted,3,20260206_122715,1.108483076095581,"Single-use plastics are a major source of pollution that harms wildlife, clogs waterways, and takes centuries to break down. While some worry about inconvenience or cost, eco-friendly alternatives like reusable bags, metal straws, and compostable packaging are already widely available and affordable. Countries like Kenya and Canada have proven that banning single-use plastics is not only possible but effective when supported by clear laws and public awareness. A total government ban would push industries to innovate and reduce waste, ultimately saving money and protecting the environment in the long term. This kind of bold action is necessary to prevent further damage to our planet and ensure cleaner, healthier communities for future generations.",evidence_and_authority,feasibility_and_implementation,"Evidence shows that single-use plastics are responsible for a massive portion of pollution, especially in oceans and landfills, and a total ban would significantly reduce this environmental damage.",evidence_and_authority_feasibility_and_implementation,I should evaluate whether the proposal can actually be implemented and enforced effectively. ,Evidence shows that,concession_and_contrast,cost_benefit_and_impact_analysis,"However, while some industries rely on these materials, alternatives like paper, glass, or reusable containers are already available and affordable for most consumers.",concession_and_contrast_cost_benefit_and_impact_analysis,"I should quantify and compare costs, benefits, and real-world impacts across economic, social, and environmental dimensions. ",However,exemplification,feasibility_and_implementation,"For example, countries like Kenya and Canada have successfully implemented bans with strong regulations and public support, proving that enforcement is possible with political will.",exemplification_feasibility_and_implementation,I should evaluate whether the proposal can actually be implemented and enforced effectively. ,For example,targeted,756,72,0.022425407331280376
464650,2.858376423536269,,,synthesis_restructured,targeted,2,20260206_122715,1.1286842823028564,"Single-use plastics are a major source of environmental pollution, clogging waterways and harming wildlife, and a total ban by the government is a necessary and achievable step to protect our planet. While some worry about inconvenience, real-world examples from the EU and Canada show that such bans can be enforced successfully, leading to reduced plastic waste without major economic disruption. In fact, these policies have spurred innovation, with businesses developing affordable and eco-friendly alternatives. The long-term environmental and health benefits far outweigh the short-term adjustments. As ordinary citizens, we have a responsibility to support policies that protect our shared environment for future generations. A total ban is not just possible—it’s essential for a sustainable future.",evidence_and_authority,feasibility_and_implementation,"Evidence shows that bans on single-use plastics are feasible and have already been successfully implemented in several countries, proving such policies can be enforced without major disruption.",evidence_and_authority_feasibility_and_implementation,I should evaluate whether the proposal can actually be implemented and enforced effectively. ,Evidence shows that,evidence_and_authority,feasibility_and_implementation,"Evidence shows that bans on single-use plastics are feasible and have already been successfully implemented in several countries, proving such policies can be enforced without major disruption.",evidence_and_authority_feasibility_and_implementation,I should evaluate whether the proposal can actually be implemented and enforced effectively. ,Evidence shows that,exemplification,cost_benefit_and_impact_analysis,"For example, countries like Canada and the EU have seen significant reductions in plastic pollution and increased innovation in sustainable packaging, all while maintaining economic stability.",exemplification_cost_benefit_and_impact_analysis,"I should quantify and compare costs, benefits, and real-world impacts across economic, social, and environmental dimensions. ",For example,targeted,806,123,0.02105651967450641
465656,2.5763442987045755,,,synthesis_restructured,targeted,0,20260206_122715,1.2010650634765625,"The government should enforce a total ban on single-use plastics because it’s a necessary step to protect our environment and public health. Single-use plastics take hundreds of years to decompose and frequently end up polluting oceans, harming wildlife, and entering our food chain. Many countries, including Canada and members of the European Union, have already successfully implemented such bans with minimal disruption, proving it’s both practical and achievable. These bans have encouraged innovation in eco-friendly alternatives, like biodegradable packaging and reusable containers, which are now more accessible and affordable than ever. By taking bold action now, we can prevent further environmental damage and set a strong example for future generations. A total ban isn’t just ideal—it’s essential for long-term sustainability and responsible governance.",evidence_and_authority,feasibility_and_implementation,"Evidence shows that banning single-use plastics is not only feasible but already successfully implemented in many countries, proving that such a ban can be enforced without widespread chaos or economic collapse.",evidence_and_authority_feasibility_and_implementation,I should evaluate whether the proposal can actually be implemented and enforced effectively. ,Evidence shows that,exemplification,feasibility_and_implementation,"For example, countries like Canada and the European Union have instituted comprehensive bans with clear timelines and support systems, demonstrating that governments can manage such transitions responsibly.",exemplification_feasibility_and_implementation,I should evaluate whether the proposal can actually be implemented and enforced effectively. ,For example,exemplification,feasibility_and_implementation,"For example, countries like Canada and the European Union have instituted comprehensive bans with clear timelines and support systems, demonstrating that governments can manage such transitions responsibly.",exemplification_feasibility_and_implementation,I should evaluate whether the proposal can actually be implemented and enforced effectively. ,For example,targeted,867,173,0.02105288011161893
48,0.0,,,synthesis_restructured,random,1,20260206_123303,1.1737959384918213,"Single-use plastics are a major source of pollution, harming wildlife, contaminating ecosystems, and contributing to long-term environmental degradation. A government-enforced ban is necessary to protect the planet for future generations, as individual actions alone are insufficient to reverse the damage. Past successes, like the bans on CFCs and leaded gasoline, prove that such policies are not only achievable but lead to cleaner air, water, and safer communities. While some may worry about inconvenience, the long-term benefits—reduced waste, less pollution, and healthier ecosystems—far outweigh the short-term adjustments. This ban isn’t about restricting freedom; it’s about creating a cleaner, safer world for everyone. Ultimately, it's a responsible step to safeguard both public health and the environment. We owe it to ourselves and future generations to act decisively.",sequence_and_transition,cost_benefit_and_impact_analysis,"Next, I will highlight the environmental toll of single-use plastics, focusing on pollution and harm to wildlife.",sequence_and_transition_cost_benefit_and_impact_analysis,"I should quantify and compare costs, benefits, and real-world impacts across economic, social, and environmental dimensions. ",Next,addition_and_elaboration,rights_and_liberties,"Moreover, a total ban would empower individuals to protect the environment without relying on personal sacrifice or guilt.",addition_and_elaboration_rights_and_liberties,"I should consider inalienable human rights, civil liberties, privacy protections, and the freedom to make one's own choices. ",Moreover,exemplification,precedent_and_long_term_effects,"For example, the ban on CFCs and leaded gasoline shows that large-scale environmental bans are not only possible but beneficial over time.",exemplification_precedent_and_long_term_effects,"I should evaluate historical precedents, long-term vs short-term tradeoffs, and obligations to future generations. ",For example,baseline,884,405,0.019819372999235193
464056,2.718557261212647,,,synthesis_restructured,targeted,4,20260206_122715,0.905832290649414,"Single-use plastics are a major source of pollution, clogging waterways and harming wildlife, especially in oceans. A government-enforced ban would drastically reduce this waste, protecting ecosystems and public health. Countries like Rwanda and Kenya have already proven that such bans are feasible and effective, leading to cleaner cities and reduced environmental damage. While some may worry about inconvenience, reusable alternatives are increasingly accessible and affordable. The long-term benefits—cleaner environments, healthier communities, and reduced cleanup costs—far outweigh short-term adjustments. Therefore, a total ban on single-use plastics is not only necessary but achievable.",evidence_and_authority,feasibility_and_implementation,"Evidence shows that banning single-use plastics can significantly reduce pollution and protect ecosystems, especially marine life.",evidence_and_authority_feasibility_and_implementation,I should evaluate whether the proposal can actually be implemented and enforced effectively. ,Evidence shows that,evidence_and_authority,cost_benefit_and_impact_analysis,"Evidence shows that banning single-use plastics can significantly reduce pollution and protect ecosystems, especially marine life.",evidence_and_authority_cost_benefit_and_impact_analysis,"I should quantify and compare costs, benefits, and real-world impacts across economic, social, and environmental dimensions. ",Evidence shows that,exemplification,feasibility_and_implementation,"For example, countries like Rwanda and Kenya have successfully banned single-use plastics and seen dramatic improvements in cleanliness and environmental health.",exemplification_feasibility_and_implementation,I should evaluate whether the proposal can actually be implemented and enforced effectively. ,For example,targeted,697,31,0.019747222910669566
40,0.0,,,synthesis_restructured,random,2,20260206_123303,1.0827841758728027,"The government should enforce a total ban on single-use plastics because the environmental damage caused by plastic pollution is too severe to leave to voluntary action. These materials take hundreds of years to break down, harming wildlife, contaminating water sources, and contributing to climate change. While individuals can reduce their plastic use, only comprehensive government regulation can ensure consistent, nationwide change across all sectors, from manufacturers to consumers. A ban would also push innovation toward safer, reusable alternatives and hold corporations accountable for their environmental impact. Without government intervention, progress will remain slow and uneven, leaving ecosystems and public health at risk. Therefore, a total ban is a necessary, enforceable step to protect both people and the planet.",sequence_and_transition,governance_and_accountability,"Next, I will discuss the importance of government authority in regulating harmful practices for public and environmental health.",sequence_and_transition_governance_and_accountability,"I should consider legal frameworks, accountability mechanisms, democratic principles, and proper authority. ",Next,emphasis_and_evaluation,risk_and_unintended_consequences,"Importantly, a total ban on single-use plastics would enforce accountability and reduce long-term environmental harm, especially in ecosystems like oceans and forests.",emphasis_and_evaluation_risk_and_unintended_consequences,"I should identify risks, unintended outcomes, cascading effects, and potential for escalation. ",Importantly,addition_and_elaboration,stakeholder_responsibility,"Moreover, while individuals can contribute, only the government has the power and responsibility to implement sweeping, enforceable change across industries and communities.",addition_and_elaboration_stakeholder_responsibility,"I should analyze who bears responsibility—whether government, individuals, corporations, or other institutions. ",Moreover,baseline,836,369,0.019394496977158473
464658,2.4978497284689776,,,synthesis_restructured,targeted,1,20260206_122715,1.1962177753448486,"Single-use plastics are a major source of pollution, clogging oceans and harming wildlife, and a government-enforced ban is the most effective way to address this crisis. Many countries, including Canada and members of the European Union, have already implemented similar bans with strong results, showing that such policies are both practical and effective. These bans have led to a significant reduction in plastic waste and encouraged innovation in sustainable alternatives. While some may worry about convenience or cost, the long-term environmental and health benefits far outweigh any short-term inconvenience. We have a responsibility to protect the planet for future generations, and banning single-use plastics is a crucial step in that direction. With proper planning and public support, a total ban is not only possible but necessary.",evidence_and_authority,feasibility_and_implementation,"Evidence shows that a total ban on single-use plastics is not only feasible but necessary to protect the environment, as many countries have already implemented similar bans with measurable success.",evidence_and_authority_feasibility_and_implementation,I should evaluate whether the proposal can actually be implemented and enforced effectively. ,Evidence shows that,evidence_and_authority,feasibility_and_implementation,"Evidence shows that a total ban on single-use plastics is not only feasible but necessary to protect the environment, as many countries have already implemented similar bans with measurable success.",evidence_and_authority_feasibility_and_implementation,I should evaluate whether the proposal can actually be implemented and enforced effectively. ,Evidence shows that,exemplification,precedent_and_long_term_effects,"For example, countries like Canada and the EU have successfully phased out single-use plastics through legislation, proving that such bans can work without causing major economic disruption.",exemplification_precedent_and_long_term_effects,"I should evaluate historical precedents, long-term vs short-term tradeoffs, and obligations to future generations. ",For example,targeted,845,159,0.01939395382713339
65650,2.5425468776075455,,,synthesis_restructured,targeted,2,20260206_122715,1.134148359298706,"Single-use plastics are a major source of pollution that harms ecosystems, wildlife, and human health. A total ban is not only feasible—evidence from countries like Rwanda and Kenya shows that strict enforcement can be effective—but also urgently needed to prevent further environmental damage. While some may worry about convenience or economic disruption, reusable alternatives are widely available and growing in accessibility. The long-term savings in cleanup costs, reduced landfill use, and protection of natural resources far outweigh the short-term adjustments. As someone who cares about clean neighborhoods and a healthier planet, I believe we can make this change for the greater good. A government-led ban sends a clear message that protecting our environment is a priority. It’s time to act decisively for future generations.",causal_reasoning,feasibility_and_implementation,"Therefore, it's important to assess whether a total ban on single-use plastics is both practical and impactful in reducing environmental harm.",causal_reasoning_feasibility_and_implementation,I should evaluate whether the proposal can actually be implemented and enforced effectively. ,Therefore,exemplification,feasibility_and_implementation,"For example, countries like Rwanda and Kenya have successfully implemented strict bans on plastic bags, showing that enforcement is possible with political will and public cooperation.",exemplification_feasibility_and_implementation,I should evaluate whether the proposal can actually be implemented and enforced effectively. ,For example,exemplification,cost_benefit_and_impact_analysis,"For example, a total ban reduces plastic pollution in oceans, protects wildlife, and lowers long-term cleanup costs for communities.",exemplification_cost_benefit_and_impact_analysis,"I should quantify and compare costs, benefits, and real-world impacts across economic, social, and environmental dimensions. ",For example,targeted,838,151,0.019280425650277138
465644,2.586784711544062,,,synthesis_restructured,targeted,2,20260206_122715,1.0107932090759275,"The government should enforce a total ban on single-use plastics because it’s an effective way to protect the environment and public health. We already see proof that such bans work—countries like Canada and the UK have reduced plastic pollution significantly after implementing similar policies. These bans are enforceable through clear regulations, proper monitoring, and public education. Even though some people worry about inconvenience, reusable alternatives are widely available and becoming more affordable. A total ban sends a strong message about our responsibility to future generations and helps prevent plastic from harming wildlife and our oceans. It’s not just a big idea—it’s a practical, proven step we can take today.",evidence_and_authority,feasibility_and_implementation,"Evidence shows that governments have successfully banned single-use plastics in various regions, demonstrating that enforcement is feasible and beneficial.",evidence_and_authority_feasibility_and_implementation,I should evaluate whether the proposal can actually be implemented and enforced effectively. ,Evidence shows that,exemplification,feasibility_and_implementation,"For example, countries like Canada and the UK have implemented bans with measurable reductions in plastic waste, proving that such policies can work in real-world settings.",exemplification_feasibility_and_implementation,I should evaluate whether the proposal can actually be implemented and enforced effectively. ,For example,evidence_and_authority,governance_and_accountability,"Evidence shows that governments have successfully banned single-use plastics in various regions, demonstrating that enforcement is feasible and beneficial.",evidence_and_authority_governance_and_accountability,"I should consider legal frameworks, accountability mechanisms, democratic principles, and proper authority. ",Evidence shows that,targeted,735,53,0.018526841577539817
465056,2.6206620131422604,,,synthesis_restructured,targeted,1,20260206_122715,1.127173900604248,"Single-use plastics are a major environmental hazard, polluting oceans, harming wildlife, and persisting in ecosystems for centuries. Countries like Kenya and Canada have successfully implemented bans, leading to measurable reductions in plastic waste and litter. These real-world examples prove that a total ban is not only possible but effective. Additionally, many people already use reusable alternatives like cloth bags and glass containers, showing that behavior can change with the right support. A government-enforced ban would accelerate this shift, protecting the environment while encouraging innovation in sustainable products. It’s time to take bold action—our planet can’t wait.",evidence_and_authority,feasibility_and_implementation,"Evidence shows that single-use plastics are a major source of pollution, particularly in oceans and waterways, and they take hundreds of years to degrade, harming wildlife and ecosystems.",evidence_and_authority_feasibility_and_implementation,I should evaluate whether the proposal can actually be implemented and enforced effectively. ,Evidence shows that,exemplification,cost_benefit_and_impact_analysis,"For example, cities and countries that have implemented bans—like Kenya and Canada—have seen significant reductions in plastic waste and litter, proving that such policies are both feasible and effective.",exemplification_cost_benefit_and_impact_analysis,"I should quantify and compare costs, benefits, and real-world impacts across economic, social, and environmental dimensions. ",For example,exemplification,feasibility_and_implementation,"For example, many communities already use reusable alternatives like cloth bags, metal containers, and glass bottles, showing that people are willing and able to adapt when given clear incentives and alternatives.",exemplification_feasibility_and_implementation,I should evaluate whether the proposal can actually be implemented and enforced effectively. ,For example,targeted,692,27,0.018472284072319146
460046,2.6842490077689276,,,synthesis_restructured,targeted,3,20260206_122715,1.04266619682312,"Single-use plastics are a major contributor to environmental pollution, clogging oceans, harming wildlife, and persisting in ecosystems for centuries. A government-enforced total ban would push industries and consumers toward reusable and biodegradable alternatives, reducing long-term waste and environmental damage. While some may worry about convenience or cost, real-world examples from countries like Rwanda and Canada show that such bans are not only possible but effective in changing behavior and driving innovation. The short-term inconvenience is outweighed by the long-term benefits to public health, natural resources, and climate resilience. A ban is a necessary step to protect the planet for future generations.",evidence_and_authority,feasibility_and_implementation,"Evidence shows that single-use plastics are a major source of pollution, especially in oceans and landfills, and a total ban would dramatically reduce this environmental harm.",evidence_and_authority_feasibility_and_implementation,I should evaluate whether the proposal can actually be implemented and enforced effectively. ,Evidence shows that,causal_reasoning,cost_benefit_and_impact_analysis,"Therefore, a government-enforced ban would encourage innovation in sustainable alternatives, reduce long-term waste management costs, and protect ecosystems and wildlife.",causal_reasoning_cost_benefit_and_impact_analysis,"I should quantify and compare costs, benefits, and real-world impacts across economic, social, and environmental dimensions. ",Therefore,evidence_and_authority,feasibility_and_implementation,"Evidence shows that countries like Rwanda and Canada have successfully implemented similar bans, proving that enforcement is feasible even in large, diverse populations.",evidence_and_authority_feasibility_and_implementation,I should evaluate whether the proposal can actually be implemented and enforced effectively. ,Evidence shows that,targeted,726,46,0.01818180222983229
461046,2.7576567283733917,,,synthesis_restructured,targeted,0,20260206_122715,1.223945379257202,"Single-use plastics are a major threat to our environment and public health—every year, millions of tons end up in oceans, harming marine life and even making their way back into our food. A total government ban would stop this pollution at the source, protecting ecosystems and reducing the long-term costs of cleanup and environmental damage. Countries like Rwanda and Canada have already proven that such bans are feasible and effective, with citizens adapting quickly and businesses shifting to reusable or biodegradable alternatives. While some may worry about convenience, the long-term benefits far outweigh short-term discomforts. We don’t need more plastic waste—what we need is bold, responsible action. A ban isn’t just possible; it’s necessary for a cleaner, healthier future.",evidence_and_authority,feasibility_and_implementation,"Evidence shows that single-use plastics are a major source of pollution, particularly in oceans and landfills, and a total ban would significantly reduce this environmental damage.",evidence_and_authority_feasibility_and_implementation,I should evaluate whether the proposal can actually be implemented and enforced effectively. ,Evidence shows that,conditional,cost_benefit_and_impact_analysis,"If we look at what's happening right now, plastic bags and packaging end up in rivers and oceans, harming wildlife and even entering our food chain—this is not just an environmental problem, it’s a health issue.",conditional_cost_benefit_and_impact_analysis,"I should quantify and compare costs, benefits, and real-world impacts across economic, social, and environmental dimensions. ",If,evidence_and_authority,feasibility_and_implementation,Evidence shows that other countries with similar bans—like Rwanda and Canada—have successfully reduced plastic waste and created new markets for sustainable alternatives.,evidence_and_authority_feasibility_and_implementation,I should evaluate whether the proposal can actually be implemented and enforced effectively. ,Evidence shows that,targeted,788,107,0.01807950975596153
64650,2.5639172849206524,,,synthesis_restructured,targeted,2,20260206_122715,1.0954594612121582,"A total ban on single-use plastics is a necessary and achievable step to protect our environment and public health. Countries like Rwanda and Canada have already proven that such bans are feasible and effective in drastically reducing plastic waste. By eliminating these disposable items, we reduce pollution in oceans and landfills, protect wildlife from ingestion and entanglement, and lower long-term cleanup and environmental restoration costs. While some may worry about inconvenience, reusable alternatives are widely available and increasingly affordable. The environmental and economic benefits far outweigh the short-term adjustments. For the average person, supporting this change means taking a clear stand for cleaner communities and a healthier planet. It’s a simple, impactful way to contribute to a sustainable future.",causal_reasoning,feasibility_and_implementation,"Therefore, a total ban on single-use plastics is a practical policy that governments can enforce through regulation and public education.",causal_reasoning_feasibility_and_implementation,I should evaluate whether the proposal can actually be implemented and enforced effectively. ,Therefore,evidence_and_authority,feasibility_and_implementation,"Evidence shows that countries like Rwanda and Canada have successfully implemented bans, proving that such policies are not only feasible but also effective in reducing plastic pollution.",evidence_and_authority_feasibility_and_implementation,I should evaluate whether the proposal can actually be implemented and enforced effectively. ,Evidence shows that,exemplification,cost_benefit_and_impact_analysis,"For example, banning single-use plastics reduces the burden on waste management systems, lowers cleanup costs, and protects wildlife and ecosystems from harm.",exemplification_cost_benefit_and_impact_analysis,"I should quantify and compare costs, benefits, and real-world impacts across economic, social, and environmental dimensions. ",For example,targeted,833,146,0.01767199193361048
465650,2.8355429776601215,,,synthesis_restructured,targeted,0,20260206_122715,1.172572374343872,"The government should enforce a total ban on single-use plastics because these items cause lasting environmental harm, polluting oceans and harming wildlife. Countries like Canada and the UK have already proven that such bans are feasible, leading to significant reductions in plastic waste. While some may worry about inconvenience, the long-term health and ecological benefits far outweigh the short-term cost of changing habits. Single-use plastics don’t just disappear—they break down into microplastics that enter our food and water, threatening human health. A ban would encourage innovation in reusable and eco-friendly alternatives, driving sustainable progress. Ultimately, protecting our planet and future generations is more important than convenience today.",evidence_and_authority,feasibility_and_implementation,"Evidence shows that governments have successfully implemented bans on single-use plastics in many countries, proving that such measures are not only feasible but also effective in reducing plastic waste.",evidence_and_authority_feasibility_and_implementation,I should evaluate whether the proposal can actually be implemented and enforced effectively. ,Evidence shows that,exemplification,feasibility_and_implementation,"For example, countries like Canada and the UK have enacted national bans on certain single-use plastics, and these efforts have led to measurable reductions in plastic pollution in oceans and landfills.",exemplification_feasibility_and_implementation,I should evaluate whether the proposal can actually be implemented and enforced effectively. ,For example,exemplification,cost_benefit_and_impact_analysis,"For example, single-use plastics often end up in oceans, harming marine life and eventually entering the human food chain—making their long-term costs far greater than the short-term convenience they provide.",exemplification_cost_benefit_and_impact_analysis,"I should quantify and compare costs, benefits, and real-world impacts across economic, social, and environmental dimensions. ",For example,targeted,769,86,0.017591719221300137
464656,2.599177744580723,,,synthesis_restructured,targeted,2,20260206_122715,1.0406901836395264,"Single-use plastics are a major contributor to environmental pollution, clogging oceans, harming wildlife, and taking hundreds of years to decompose. A total government ban would eliminate the root cause of this waste, encouraging businesses and consumers to adopt sustainable alternatives. Countries like Rwanda and Kenya have already proven that such bans are not only possible but effective when supported by strong regulations and public awareness. While some might worry about inconvenience, the long-term benefits to public health and the environment far outweigh temporary discomfort. A ban would also drive innovation in eco-friendly packaging and support green industries. Ultimately, protecting our planet from irreversible harm is a responsibility we all share.",evidence_and_authority,feasibility_and_implementation,"Evidence shows that plastic pollution is already overwhelming ecosystems and wildlife, and a total ban could be a decisive step toward reversing this damage.",evidence_and_authority_feasibility_and_implementation,I should evaluate whether the proposal can actually be implemented and enforced effectively. ,Evidence shows that,evidence_and_authority,feasibility_and_implementation,"Evidence shows that plastic pollution is already overwhelming ecosystems and wildlife, and a total ban could be a decisive step toward reversing this damage.",evidence_and_authority_feasibility_and_implementation,I should evaluate whether the proposal can actually be implemented and enforced effectively. ,Evidence shows that,exemplification,feasibility_and_implementation,"For example, countries like Rwanda and Kenya have successfully implemented strict bans on plastic bags, proving that such measures are feasible with proper enforcement and public cooperation.",exemplification_feasibility_and_implementation,I should evaluate whether the proposal can actually be implemented and enforced effectively. ,For example,targeted,772,87,0.017589491317975815
68046,2.520083179630603,,,synthesis_restructured,targeted,0,20260206_122715,1.0257568359375,"A total government ban on single-use plastics is a necessary and achievable step to protect our environment. These materials harm wildlife, pollute oceans, and take centuries to decompose, but alternatives like reusable bags and compostable packaging are already widely available. Countries like Canada and the UK have successfully implemented similar bans, showing that such policies can work without major disruption. With proper public education and support for businesses to adapt, a ban is not only realistic but a moral responsibility we owe to future generations. The long-term benefits far outweigh the short-term adjustments, making this a clear win for people and the planet.",causal_reasoning,feasibility_and_implementation,"Therefore, a total government ban on single-use plastics is a practical and necessary step that can be enforced through regulation and public awareness.",causal_reasoning_feasibility_and_implementation,I should evaluate whether the proposal can actually be implemented and enforced effectively. ,Therefore,sequence_and_transition,cost_benefit_and_impact_analysis,"Next, banning single-use plastics reduces pollution, protects wildlife, and lowers long-term environmental cleanup costs, making it a cost-effective choice for society.",sequence_and_transition_cost_benefit_and_impact_analysis,"I should quantify and compare costs, benefits, and real-world impacts across economic, social, and environmental dimensions. ",Next,evidence_and_authority,feasibility_and_implementation,"Evidence shows that similar bans in other countries have succeeded, proving that alternatives like reusable or biodegradable materials are viable and accessible.",evidence_and_authority_feasibility_and_implementation,I should evaluate whether the proposal can actually be implemented and enforced effectively. ,Evidence shows that,targeted,685,24,0.016892547621253896
464656,2.599177744580723,,,synthesis_restructured,targeted,0,20260206_122715,1.2193903923034668,"The government should enforce a total ban on single-use plastics because it's a necessary step to protect our environment and public health. These products take hundreds of years to break down and often end up polluting oceans, harming wildlife, and entering our food chain. Many countries, including Canada and the UK, have already implemented similar bans and found that businesses can adapt by using reusable or compostable alternatives. The transition isn’t impossible—it’s already happening, and it shows that responsible policies can work in real life. By taking strong action now, we can reduce pollution, conserve resources, and set a global example. The cost of inaction—on our planet and on future generations—is far greater than the short-term inconvenience of change. A ban is not just practical, it’s essential for a cleaner, healthier world.",evidence_and_authority,feasibility_and_implementation,"Evidence shows that bans on single-use plastics are feasible and have worked in other countries, proving that governments can enforce such policies without major disruption.",evidence_and_authority_feasibility_and_implementation,I should evaluate whether the proposal can actually be implemented and enforced effectively. ,Evidence shows that,evidence_and_authority,feasibility_and_implementation,"Evidence shows that bans on single-use plastics are feasible and have worked in other countries, proving that governments can enforce such policies without major disruption.",evidence_and_authority_feasibility_and_implementation,I should evaluate whether the proposal can actually be implemented and enforced effectively. ,Evidence shows that,exemplification,feasibility_and_implementation,"For example, countries like Canada and the UK have successfully banned certain single-use plastics, and local businesses adapted by switching to reusable or biodegradable alternatives.",exemplification_feasibility_and_implementation,I should evaluate whether the proposal can actually be implemented and enforced effectively. ,For example,targeted,855,165,0.01641135996501335
464658,2.4978497284689776,,,synthesis_restructured,targeted,4,20260206_122715,1.1724300384521484,"Single-use plastics are a major contributor to environmental pollution, clogging oceans, harming wildlife, and taking hundreds of years to decompose. A total ban is not only feasible—many countries and cities have already implemented similar bans successfully—but also essential to protect our planet for future generations. While some may worry about inconvenience, reusable alternatives are widely available and becoming more affordable every day. The short-term hassle of adjusting habits is far outweighed by the long-term benefits of cleaner oceans, healthier ecosystems, and reduced waste. We have a responsibility to act now, before the damage becomes irreversible. A government-enforced ban is a clear, effective way to drive systemic change and encourage innovation in sustainable alternatives. This step is not just practical—it’s necessary for our collective future.",evidence_and_authority,feasibility_and_implementation,"Evidence shows that bans on single-use plastics have been successfully implemented in multiple countries and cities, proving they are feasible and enforceable.",evidence_and_authority_feasibility_and_implementation,I should evaluate whether the proposal can actually be implemented and enforced effectively. ,Evidence shows that,evidence_and_authority,feasibility_and_implementation,"Evidence shows that bans on single-use plastics have been successfully implemented in multiple countries and cities, proving they are feasible and enforceable.",evidence_and_authority_feasibility_and_implementation,I should evaluate whether the proposal can actually be implemented and enforced effectively. ,Evidence shows that,exemplification,precedent_and_long_term_effects,"For example, plastic pollution has already caused serious harm to marine life and ecosystems, and banning single-use plastics is a necessary step to protect the environment for future generations.",exemplification_precedent_and_long_term_effects,"I should evaluate historical precedents, long-term vs short-term tradeoffs, and obligations to future generations. ",For example,targeted,877,181,0.015691821650901466
464744,2.5765896353659272,,,synthesis_restructured,targeted,1,20260206_122715,1.2844672203063965,"Single-use plastics are a major contributor to environmental pollution, especially in oceans and landfills, and a government-enforced ban would drastically reduce this damage. Many regions that have already implemented such bans have successfully transitioned to reusable alternatives, proving that this shift is not only possible but already underway. Governments have the responsibility and the legal authority to protect public health and the environment, just as they have banned other harmful products in the past. A total ban is a necessary step toward sustainable living and protecting ecosystems for future generations. While some may worry about inconvenience, the long-term benefits far outweigh temporary adjustments. The average person can support this change by choosing reusable options and advocating for stronger policies. Ultimately, a ban on single-use plastics is a responsible, achievable, and essential policy for a cleaner, healthier planet.",evidence_and_authority,feasibility_and_implementation,"Evidence shows that single-use plastics are a major source of pollution, particularly in oceans and waterways, and a total ban would significantly reduce this environmental damage.",evidence_and_authority_feasibility_and_implementation,I should evaluate whether the proposal can actually be implemented and enforced effectively. ,Evidence shows that,evidence_and_authority,incentives_and_power_dynamics,"Evidence shows that many countries and cities that have implemented bans on single-use plastics have seen a shift toward reusable alternatives, which reduces long-term waste and encourages sustainable habits.",evidence_and_authority_incentives_and_power_dynamics,"I should examine what behaviors are encouraged, who holds power, and how interests align or conflict. ",Evidence shows that,evidence_and_authority,governance_and_accountability,Evidence shows that governments already have the regulatory authority to ban harmful substances or products—such as leaded gasoline or asbestos—and a plastic ban falls within this precedent of protecting public health and the environment.,evidence_and_authority_governance_and_accountability,"I should consider legal frameworks, accountability mechanisms, democratic principles, and proper authority. ",Evidence shows that,targeted,963,215,0.015298120994755872
466046,2.6842490077689276,,,synthesis_restructured,targeted,3,20260206_122715,1.3993322849273682,"A total ban on single-use plastics is not only necessary but achievable, and it’s something we as a society should do to protect our environment. While some might worry about the cost or inconvenience, countries like Canada, Rwanda, and several European nations have already implemented such bans with success, showing that it’s possible without causing major disruptions. The real cost of doing nothing is far higher—plastic pollution chokes our oceans, harms wildlife, and even enters our food chain through microplastics. By banning single-use plastics, we force innovation in sustainable alternatives and reduce waste at the source. As an average person, I don’t need to be an expert to see that protecting our planet is more important than convenience. The benefits—cleaner cities, healthier ecosystems, and less pollution—outweigh any short-term hassle. It’s time we take this step for future generations.",evidence_and_authority,feasibility_and_implementation,"Evidence shows that a total ban on single-use plastics is both feasible and already successfully implemented in several countries, proving that it can be enforced without overwhelming government or public systems.",evidence_and_authority_feasibility_and_implementation,I should evaluate whether the proposal can actually be implemented and enforced effectively. ,Evidence shows that,clarification_and_specification,cost_benefit_and_impact_analysis,"In other words, while there might be initial costs to businesses and consumers, the long-term environmental benefits—like cleaner oceans, fewer plastic-polluted ecosystems, and reduced cleanup expenses—far outweigh these short-term inconveniences.",clarification_and_specification_cost_benefit_and_impact_analysis,"I should quantify and compare costs, benefits, and real-world impacts across economic, social, and environmental dimensions. ",In other words,evidence_and_authority,feasibility_and_implementation,"Evidence shows that a total ban on single-use plastics is both feasible and already successfully implemented in several countries, proving that it can be enforced without overwhelming government or public systems.",evidence_and_authority_feasibility_and_implementation,I should evaluate whether the proposal can actually be implemented and enforced effectively. ,Evidence shows that,targeted,911,199,0.01518116203620162
469046,2.5649552484806932,,,synthesis_restructured,targeted,0,20260206_122715,1.1283400058746338,"Single-use plastics are a major source of pollution, clogging waterways, harming wildlife, and lasting for centuries in landfills. A total government ban would directly address this crisis by eliminating the root source of plastic waste. Countries like Rwanda and Kenya have already proven that such bans are enforceable and effective, even with limited resources. While some businesses may need time to adapt, the shift to reusable or compostable alternatives is both possible and necessary. The long-term environmental and public health benefits—cleaner oceans, healthier ecosystems, and reduced carbon emissions—make this a responsible and urgent step. As an ordinary citizen, I support this change because it protects our planet for future generations and aligns with common sense.",evidence_and_authority,feasibility_and_implementation,"Evidence shows that plastic pollution is severely harming ecosystems and wildlife, and a total ban would significantly reduce this damage.",evidence_and_authority_feasibility_and_implementation,I should evaluate whether the proposal can actually be implemented and enforced effectively. ,Evidence shows that,conclusion_and_summary,cost_benefit_and_impact_analysis,"In conclusion, while some industries may face short-term challenges, the long-term benefits—like cleaner oceans, less landfill waste, and reduced pollution—far outweigh the drawbacks.",conclusion_and_summary_cost_benefit_and_impact_analysis,"I should quantify and compare costs, benefits, and real-world impacts across economic, social, and environmental dimensions. ",In conclusion,evidence_and_authority,feasibility_and_implementation,"Evidence shows that countries like Rwanda and Kenya have successfully implemented total bans on single-use plastics with strong enforcement, proving it’s feasible even in diverse economic settings.",evidence_and_authority_feasibility_and_implementation,I should evaluate whether the proposal can actually be implemented and enforced effectively. ,Evidence shows that,targeted,785,101,0.015160370616445545
465652,2.508069640728982,,,synthesis_restructured,targeted,2,20260206_122715,1.053992509841919,"The government should enforce a total ban on single-use plastics because they cause severe and lasting damage to the environment, especially in oceans and rivers, where they harm wildlife and pollute ecosystems. Countries like Rwanda and Kenya have already proven that such bans are effective, leading to cleaner cities and reduced waste. While some businesses may need time to adjust, there are already affordable and practical alternatives available, such as reusable bags and compostable packaging. A nationwide ban would encourage innovation and make sustainable choices the default, benefiting both people and the planet. This policy is not only necessary but also achievable with proper planning and public support.",evidence_and_authority,feasibility_and_implementation,"Evidence shows that banning single-use plastics significantly reduces pollution, especially in oceans and waterways, where these materials cause long-term harm to wildlife and ecosystems.",evidence_and_authority_feasibility_and_implementation,I should evaluate whether the proposal can actually be implemented and enforced effectively. ,Evidence shows that,exemplification,feasibility_and_implementation,"For example, countries like Rwanda and Kenya have successfully implemented strict bans on single-use plastics, resulting in cleaner cities and less environmental damage.",exemplification_feasibility_and_implementation,I should evaluate whether the proposal can actually be implemented and enforced effectively. ,For example,exemplification,justice_and_fairness,"For example, while some businesses may need time to adapt, alternatives like reusable bags and biodegradable packaging are already available and affordable for most consumers.",exemplification_justice_and_fairness,"I should analyze whether outcomes, processes, and distributions are fair to all parties involved. ",For example,targeted,721,42,0.0151050381937212
468046,2.813079279683179,,,synthesis_restructured,targeted,2,20260206_122715,1.0188632011413574,"Single-use plastics are a major contributor to pollution, harming wildlife, clogging waterways, and taking hundreds of years to decompose. A total government ban would significantly reduce this damage and push businesses to develop eco-friendly alternatives. Countries like Rwanda and Canada have already proven that such bans are enforceable and effective when supported by public awareness and accessible substitutes. While some may worry about inconvenience, the long-term environmental and economic benefits far outweigh temporary challenges. The government has a responsibility to protect public health and the planet, and a ban is a necessary step toward a cleaner, more sustainable future.",evidence_and_authority,feasibility_and_implementation,"Evidence shows that single-use plastics are a major source of pollution, with millions of tons entering oceans and landfills each year, and a total ban would drastically reduce this environmental harm.",evidence_and_authority_feasibility_and_implementation,I should evaluate whether the proposal can actually be implemented and enforced effectively. ,Evidence shows that,sequence_and_transition,cost_benefit_and_impact_analysis,"Next, banning single-use plastics would encourage innovation in sustainable packaging and reduce long-term cleanup costs for communities and governments.",sequence_and_transition_cost_benefit_and_impact_analysis,"I should quantify and compare costs, benefits, and real-world impacts across economic, social, and environmental dimensions. ",Next,evidence_and_authority,feasibility_and_implementation,"Evidence shows that countries like Rwanda and Canada have successfully implemented similar bans, proving that enforcement is possible with public education and alternative options.",evidence_and_authority_feasibility_and_implementation,I should evaluate whether the proposal can actually be implemented and enforced effectively. ,Evidence shows that,targeted,696,29,0.015095553667179294
31,0.0,,,synthesis_restructured,random,4,20260206_123303,1.2481403350830078,"The government should enforce a total ban on single-use plastics because without strong legal action, people and companies won’t change their habits on their own. Even if individuals want to be responsible, they’re often stuck using plastic because it’s cheap and everywhere—making it unfair to expect only individuals to fix a problem created by mass production. Just like we banned smoking in public areas and lead in gasoline for the sake of public health, a ban on single-use plastics is a necessary, modern step to protect our environment and future generations. Without government leadership, we’ll keep polluting oceans, harming wildlife, and risking our own health. It's time to hold industries accountable and create real change through clear, enforceable rules. This isn’t about restricting freedom—it’s about protecting our shared world.",evidence_and_authority,governance_and_accountability,"Evidence shows that legislation is a crucial way to ensure widespread compliance with environmental protections, as voluntary actions often fail to produce systemic change.",evidence_and_authority_governance_and_accountability,"I should consider legal frameworks, accountability mechanisms, democratic principles, and proper authority. ",Evidence shows that,conditional,incentives_and_power_dynamics,"If the government doesn't take decisive action, corporations will continue prioritizing profit over sustainability, leaving the burden on individual citizens who lack the power to drive large-scale change.",conditional_incentives_and_power_dynamics,"I should examine what behaviors are encouraged, who holds power, and how interests align or conflict. ",If,clarification_and_specification,precedent_and_long_term_effects,"In other words, just like we banned smoking in public spaces or lead in gasoline for the public good, banning single-use plastics is a necessary step to protect public health and the environment.",clarification_and_specification_precedent_and_long_term_effects,"I should evaluate historical precedents, long-term vs short-term tradeoffs, and obligations to future generations. ",In other words,baseline,848,380,0.015094506446442977
0,0.0,,,synthesis_restructured,random,4,20260206_123303,1.206679105758667,"The government should enforce a total ban on single-use plastics because they cause irreversible harm to the environment and public health. Every year, millions of tons of plastic waste end up in oceans, killing marine animals and entering the food chain, which ultimately affects people. While some may worry about inconvenience, alternatives like reusable bags, metal straws, and compostable packaging are already widely available and affordable. Many places around the world—like Canada, the EU, and cities such as San Francisco—have proven that plastic bans work without breaking daily life. The long-term benefits to our planet and future generations far outweigh the short-term adjustments. It's time we take bold, responsible action to protect the world we live in.",clarification_and_specification,incentives_and_power_dynamics,"In other words, I should consider the long-term impact of the policy on the environment and public health, as well as the practical feasibility of implementation.",clarification_and_specification_incentives_and_power_dynamics,"I should examine what behaviors are encouraged, who holds power, and how interests align or conflict. ",In other words,concession_and_contrast,precedent_and_long_term_effects,"However, the overwhelming evidence shows that single-use plastics pollute our oceans, harm marine life, and contribute to climate change—threatening ecosystems and human health for generations to come.",concession_and_contrast_precedent_and_long_term_effects,"I should evaluate historical precedents, long-term vs short-term tradeoffs, and obligations to future generations. ",However,addition_and_elaboration,feasibility_and_implementation,"Moreover, many countries and cities have already successfully implemented plastic bans, showing that alternatives like reusable bags, glass containers, and biodegradable materials are both available and effective.",addition_and_elaboration_feasibility_and_implementation,I should evaluate whether the proposal can actually be implemented and enforced effectively. ,Moreover,baseline,772,306,0.014391552724454127
466056,2.6206620131422604,,,synthesis_restructured,targeted,1,20260206_122715,1.0703258514404297,"A total ban on single-use plastics is essential to protect our environment and public health. Countries like China and the EU have already shown that such bans are not only enforceable but also lead to cleaner cities and less pollution in oceans. These policies reduce harm to wildlife, cut down on waste management costs, and encourage innovation in sustainable alternatives. While some worry about inconvenience, reusable options are now widely available and often more practical in the long run. The benefits far outweigh the temporary adjustments needed. Ultimately, protecting the planet is a responsibility we all share, and a government-led ban is the most effective way to make lasting change.",evidence_and_authority,feasibility_and_implementation,"Evidence shows that countries with strong bans on single-use plastics have seen significant reductions in plastic waste, proving such policies are not only feasible but impactful in real-world settings.",evidence_and_authority_feasibility_and_implementation,I should evaluate whether the proposal can actually be implemented and enforced effectively. ,Evidence shows that,clarification_and_specification,cost_benefit_and_impact_analysis,"In other words, banning single-use plastics reduces pollution, protects wildlife, and saves governments money spent on cleaning up litter and managing waste.",clarification_and_specification_cost_benefit_and_impact_analysis,"I should quantify and compare costs, benefits, and real-world impacts across economic, social, and environmental dimensions. ",In other words,exemplification,feasibility_and_implementation,"For example, China and the EU have successfully phased out many single-use plastic items with clear regulations, showing that enforcement is possible even on a large scale.",exemplification_feasibility_and_implementation,I should evaluate whether the proposal can actually be implemented and enforced effectively. ,For example,targeted,701,33,0.013614254369668016
464658,2.4978497284689776,,,synthesis_restructured,targeted,0,20260206_122715,1.144679069519043,"The government should enforce a total ban on single-use plastics because it’s a practical and effective way to protect our environment. Countries like Rwanda and Kenya have successfully banned plastic bags and seen massive reductions in pollution, showing that such bans work in real-world settings. When Ireland introduced a small fee on plastic bags, people stopped using them almost overnight—proving that simple policies can change habits fast. These bans don’t just help nature—they also reduce the burden on landfills and prevent plastic from harming wildlife. Given how long plastic takes to break down, we have a responsibility to future generations to act now. A total ban is not extreme—it’s a necessary step toward a cleaner, healthier planet.",evidence_and_authority,feasibility_and_implementation,"Evidence shows that countries with strict bans on single-use plastics have seen significant reductions in plastic pollution, proving such bans are not only feasible but impactful.",evidence_and_authority_feasibility_and_implementation,I should evaluate whether the proposal can actually be implemented and enforced effectively. ,Evidence shows that,evidence_and_authority,feasibility_and_implementation,"Evidence shows that countries with strict bans on single-use plastics have seen significant reductions in plastic pollution, proving such bans are not only feasible but impactful.",evidence_and_authority_feasibility_and_implementation,I should evaluate whether the proposal can actually be implemented and enforced effectively. ,Evidence shows that,exemplification,precedent_and_long_term_effects,"For example, when Ireland introduced a plastic bag tax, usage dropped by over 90% within months—demonstrating how policy can quickly change public behavior.",exemplification_precedent_and_long_term_effects,"I should evaluate historical precedents, long-term vs short-term tradeoffs, and obligations to future generations. ",For example,targeted,754,70,0.012475102943496045
43,0.0,,,synthesis_restructured,random,0,20260206_123303,1.2066974639892578,"The government should enforce a total ban on single-use plastics because voluntary efforts have repeatedly failed to reduce plastic pollution. Without strong legal action, companies continue using cheap, harmful plastics, leading to overflowing landfills, polluted oceans, and damage to wildlife and human health. If we truly value our environment and future generations, we must take bold, enforceable steps—like a nationwide ban—rather than relying on individual choices that don’t scale. A ban puts responsibility where it belongs: on the institutions that can create real change. It’s not about inconvenience; it’s about protecting our planet and communities. With proper planning, alternatives exist, and enforcement ensures fairness and accountability. A total ban is not just practical—it’s the responsible choice.",evidence_and_authority,governance_and_accountability,Evidence shows that government enforcement of a total ban on single-use plastics is essential because voluntary measures have consistently failed to produce meaningful environmental change.,evidence_and_authority_governance_and_accountability,"I should consider legal frameworks, accountability mechanisms, democratic principles, and proper authority. ",Evidence shows that,exemplification,cost_benefit_and_impact_analysis,"For example, without mandatory rules, businesses continue relying on cheap, disposable plastics, leading to massive pollution of oceans, landfills, and ecosystems—harming wildlife and human health.",exemplification_cost_benefit_and_impact_analysis,"I should quantify and compare costs, benefits, and real-world impacts across economic, social, and environmental dimensions. ",For example,conditional,ethical_principles,"If we care about protecting the planet for future generations and reducing harm to vulnerable communities, we must act decisively—like banning single-use plastics at the national level.",conditional_ethical_principles,"I should evaluate actions based on moral rules, character virtues, relationships, and ethical obligations. ",If,baseline,821,355,0.012424356765010662
469056,2.497172796109802,,,synthesis_restructured,targeted,2,20260206_122715,1.219555377960205,"The government should enforce a total ban on single-use plastics because it’s a necessary step to protect our environment and public health. Many countries, including Canada and the UK, have already implemented similar bans with success, showing that such policies are feasible and enforceable. These plastics don’t just pollute our oceans—they harm wildlife, enter the food chain, and contribute to climate change. Fortunately, sustainable alternatives like reusable bags, metal straws, and compostable packaging are now easy to find and affordable for most people. While some may worry about inconvenience, the long-term benefits—cleaner cities, healthier ecosystems, and reduced waste—make this a small price to pay. Ultimately, a ban sends a strong message that we value the planet and future generations over short-term convenience.",evidence_and_authority,feasibility_and_implementation,"Evidence shows that governments have successfully banned single-use plastics in countries like Canada and the UK, proving that such bans are practical and enforceable.",evidence_and_authority_feasibility_and_implementation,I should evaluate whether the proposal can actually be implemented and enforced effectively. ,Evidence shows that,conclusion_and_summary,cost_benefit_and_impact_analysis,"In conclusion, while there may be short-term inconveniences, the long-term benefits—such as cleaner oceans, reduced pollution, and less waste in landfills—far outweigh the costs.",conclusion_and_summary_cost_benefit_and_impact_analysis,"I should quantify and compare costs, benefits, and real-world impacts across economic, social, and environmental dimensions. ",In conclusion,exemplification,feasibility_and_implementation,"For example, plastic bags and straws are easily replaced with reusable or biodegradable alternatives, which are now widely available and affordable.",exemplification_feasibility_and_implementation,I should evaluate whether the proposal can actually be implemented and enforced effectively. ,For example,targeted,837,150,0.011988937289828583
464446,2.564996620174637,,,synthesis_restructured,targeted,4,20260206_122715,1.3078103065490725,"The government should enforce a total ban on single-use plastics because these items are a major source of pollution that harms wildlife, clogs waterways, and contributes to climate change. Many countries, including Canada and members of the European Union, have already implemented similar bans and have seen measurable improvements in environmental health and waste reduction. As elected representatives, governments have a responsibility to protect public health and the environment, and banning single-use plastics is a necessary step toward sustainable living. While some may worry about inconvenience, alternatives like reusable bags and containers are widely available and more durable in the long run. A ban is not just an environmental measure—it’s a practical and responsible choice for future generations. By taking bold action now, we can create a cleaner, safer world for everyone.",evidence_and_authority,feasibility_and_implementation,"Evidence shows that governments have successfully implemented bans on single-use plastics in various countries, such as Canada and the European Union, proving that such measures are both feasible and enforceable in real-world settings.",evidence_and_authority_feasibility_and_implementation,I should evaluate whether the proposal can actually be implemented and enforced effectively. ,Evidence shows that,evidence_and_authority,governance_and_accountability,"Evidence shows that governments have the legal authority and responsibility to protect public health and the environment, and banning single-use plastics aligns with this duty to ensure long-term sustainability and citizen well-being.",evidence_and_authority_governance_and_accountability,"I should consider legal frameworks, accountability mechanisms, democratic principles, and proper authority. ",Evidence shows that,evidence_and_authority,feasibility_and_implementation,"Evidence shows that governments have successfully implemented bans on single-use plastics in various countries, such as Canada and the European Union, proving that such measures are both feasible and enforceable in real-world settings.",evidence_and_authority_feasibility_and_implementation,I should evaluate whether the proposal can actually be implemented and enforced effectively. ,Evidence shows that,targeted,894,191,0.011904238635265128
467056,2.710815207546865,,,synthesis_restructured,targeted,0,20260206_122715,0.969153881072998,"Single-use plastics are a major source of pollution, clogging waterways and harming wildlife—especially marine animals that mistake them for food. While some worry about inconvenience, reusable and compostable alternatives are already affordable and accessible, making the transition realistic for everyday people. Governments have shown they can enforce such bans successfully, as seen in Canada and various European countries, where public awareness and infrastructure support have led to measurable environmental improvements. A total ban is not only achievable but necessary to protect our planet for future generations. As someone who cares about clean neighborhoods and healthy ecosystems, I believe this step is both responsible and urgent.",evidence_and_authority,feasibility_and_implementation,"Evidence shows that banning single-use plastics can significantly reduce pollution and protect ecosystems, especially marine life.",evidence_and_authority_feasibility_and_implementation,I should evaluate whether the proposal can actually be implemented and enforced effectively. ,Evidence shows that,emphasis_and_evaluation,cost_benefit_and_impact_analysis,"Importantly, alternatives like reusable bags and biodegradable materials are already widely available and more sustainable in the long run.",emphasis_and_evaluation_cost_benefit_and_impact_analysis,"I should quantify and compare costs, benefits, and real-world impacts across economic, social, and environmental dimensions. ",Importantly,exemplification,feasibility_and_implementation,"For example, countries like Canada and the EU have successfully introduced similar bans, showing that enforcement is feasible with proper planning and public support.",exemplification_feasibility_and_implementation,I should evaluate whether the proposal can actually be implemented and enforced effectively. ,For example,targeted,747,61,0.01185998206711443
65650,2.5425468776075455,,,synthesis_restructured,targeted,3,20260206_122715,1.0260496139526367,"A total ban on single-use plastics is essential to protect our environment and public health. These items are a major source of pollution, clogging waterways, harming marine life, and even threatening human health when microplastics enter the food chain. Countries like Kenya and Rwanda have already proven that such bans can be effective when supported by strong policies and public awareness. While some may worry about inconvenience, reusable alternatives are widely available and more sustainable in the long run. A ban encourages innovation and shifts consumer habits toward more responsible choices. Rather than delaying action, we should take decisive steps now to preserve the planet for future generations.",causal_reasoning,feasibility_and_implementation,"Therefore, a total ban on single-use plastics is a necessary and feasible policy to protect the environment and public health.",causal_reasoning_feasibility_and_implementation,I should evaluate whether the proposal can actually be implemented and enforced effectively. ,Therefore,exemplification,feasibility_and_implementation,"For example, many countries like Kenya and Rwanda have successfully implemented and enforced similar bans, showing it is possible with proper planning and public support.",exemplification_feasibility_and_implementation,I should evaluate whether the proposal can actually be implemented and enforced effectively. ,For example,exemplification,cost_benefit_and_impact_analysis,"For example, single-use plastics contribute to massive pollution in oceans and landfills, harming wildlife and potentially entering the human food chain.",exemplification_cost_benefit_and_impact_analysis,"I should quantify and compare costs, benefits, and real-world impacts across economic, social, and environmental dimensions. ",For example,targeted,715,39,0.011681788572228232
24,0.0,,,synthesis_restructured,random,4,20260206_123303,1.0628018379211426,"The government should enforce a total ban on single-use plastics because it is both a practical and moral necessity. These plastics pollute our oceans, harm wildlife, and degrade ecosystems that sustain human life, and the burden of this damage falls disproportionately on vulnerable communities and future generations. While some may worry about short-term disruptions to businesses or consumer habits, the long-term savings in environmental cleanup, public health costs, and ecosystem preservation are far greater. Alternatives like reusable containers and biodegradable materials are already widely available and affordable. Enacting a ban is not just an environmental policy—it’s a commitment to fairness, responsibility, and sustainability for all.",causal_reasoning,justice_and_fairness,"Therefore, it is morally imperative to consider fairness as a central factor in assessing the ethical implications of the proposed policy.",causal_reasoning_justice_and_fairness,"I should analyze whether outcomes, processes, and distributions are fair to all parties involved. ",Therefore,emphasis_and_evaluation,precedent_and_long_term_effects,"Importantly, past environmental damage has disproportionately harmed marginalized communities and future generations, making it our ethical duty to act now to prevent further harm.",emphasis_and_evaluation_precedent_and_long_term_effects,"I should evaluate historical precedents, long-term vs short-term tradeoffs, and obligations to future generations. ",Importantly,emphasis_and_evaluation,cost_benefit_and_impact_analysis,"Importantly, the long-term environmental and health benefits of banning single-use plastics far outweigh the short-term economic inconveniences for businesses and consumers.",emphasis_and_evaluation_cost_benefit_and_impact_analysis,"I should quantify and compare costs, benefits, and real-world impacts across economic, social, and environmental dimensions. ",Importantly,baseline,753,284,0.010966763288371685
461044,2.513550360680123,,,synthesis_restructured,targeted,4,20260206_122715,1.0818414688110352,"Single-use plastics are a major contributor to environmental pollution, particularly in oceans and landfills, harming wildlife and ecosystems. While some argue it's inconvenient to give up plastic bags or containers, the long-term damage to nature and public health far outweighs the temporary comfort they provide. Countries like Canada and Kenya have already enacted effective bans with strong public support and measurable environmental improvements. A government-enforced ban would not only reduce pollution but also push businesses to innovate with sustainable alternatives. This change is both necessary and achievable, and it reflects a responsible commitment to protecting the planet for future generations.",evidence_and_authority,feasibility_and_implementation,"Evidence shows that single-use plastics are a major source of pollution and harm to ecosystems, especially marine life, making a ban a practical and necessary step to protect the environment.",evidence_and_authority_feasibility_and_implementation,I should evaluate whether the proposal can actually be implemented and enforced effectively. ,Evidence shows that,conditional,cost_benefit_and_impact_analysis,"If we continue using single-use plastics, we’ll keep polluting our oceans and landfills, and the long-term environmental costs far outweigh the short-term convenience of plastic products.",conditional_cost_benefit_and_impact_analysis,"I should quantify and compare costs, benefits, and real-world impacts across economic, social, and environmental dimensions. ",If,evidence_and_authority,governance_and_accountability,"Evidence shows that governments have successfully passed and enforced plastic bans in countries like Canada, Kenya, and the EU, proving such laws can work when properly implemented and supported.",evidence_and_authority_governance_and_accountability,"I should consider legal frameworks, accountability mechanisms, democratic principles, and proper authority. ",Evidence shows that,targeted,715,40,0.010875928449827167
48,0.0,,,synthesis_restructured,random,3,20260206_123303,1.0811331272125244,"Single-use plastics are a major threat to our environment, polluting oceans, harming wildlife, and contributing to climate change. A total government ban would drastically reduce plastic waste, protect ecosystems, and push innovation toward sustainable alternatives. While some may worry about inconvenience or cost, reusable options are increasingly affordable and accessible, and the long-term benefits to public health and the planet far outweigh short-term disruptions. Historical examples like the ban on leaded gasoline and smoking in public spaces show that strong regulations can lead to major societal improvements without causing lasting harm. Protecting future generations from the consequences of plastic pollution is both a moral and practical responsibility. We don’t need to accept pollution as the price of convenience—government action can create a cleaner, healthier world for everyone.",sequence_and_transition,cost_benefit_and_impact_analysis,"Next, I should highlight the environmental damage caused by single-use plastics to establish urgency.",sequence_and_transition_cost_benefit_and_impact_analysis,"I should quantify and compare costs, benefits, and real-world impacts across economic, social, and environmental dimensions. ",Next,addition_and_elaboration,rights_and_liberties,"Moreover, I should address the practicality and fairness of alternatives, especially for lower-income communities.",addition_and_elaboration_rights_and_liberties,"I should consider inalienable human rights, civil liberties, privacy protections, and the freedom to make one's own choices. ",Moreover,exemplification,precedent_and_long_term_effects,"For example, previous bans on smoking in public spaces and lead in gasoline have led to measurable improvements in public health and environmental quality.",exemplification_precedent_and_long_term_effects,"I should evaluate historical precedents, long-term vs short-term tradeoffs, and obligations to future generations. ",For example,baseline,904,414,0.010659105288120729
464655,2.4962779962987462,,,synthesis_restructured,targeted,2,20260206_122715,1.1590235233306885,"Single-use plastics are a major source of pollution, clogging landfills and harming wildlife, especially in oceans. A total ban by the government is necessary to tackle this crisis at scale and drive real change. Many countries and cities have already implemented similar bans with success, showing it’s not only possible but also manageable. Alternatives like reusable bags, containers, and biodegradable materials are widely available and more sustainable in the long run. While there may be short-term adjustments, the long-term environmental and health benefits far outweigh any inconvenience. This is not about restricting freedom—it’s about protecting our planet for future generations. The government has a responsibility to act decisively, and a total ban on single-use plastics is the most effective step we can take today.",evidence_and_authority,feasibility_and_implementation,"Evidence shows that banning single-use plastics is feasible and already successful in many places, proving that governments can enforce such policies without major disruption.",evidence_and_authority_feasibility_and_implementation,I should evaluate whether the proposal can actually be implemented and enforced effectively. ,Evidence shows that,evidence_and_authority,feasibility_and_implementation,"Evidence shows that banning single-use plastics is feasible and already successful in many places, proving that governments can enforce such policies without major disruption.",evidence_and_authority_feasibility_and_implementation,I should evaluate whether the proposal can actually be implemented and enforced effectively. ,Evidence shows that,exemplification,risk_and_unintended_consequences,"For example, plastic bags are often used to carry groceries, but reusable bags are available and more durable, so the shift is practical and sustainable.",exemplification_risk_and_unintended_consequences,"I should identify risks, unintended outcomes, cascading effects, and potential for escalation. ",For example,targeted,832,144,0.010345170785425215
464046,2.7821442558393144,,,synthesis_restructured,targeted,0,20260206_122715,1.0393331050872805,"Single-use plastics are a major cause of pollution in our oceans, landfills, and natural ecosystems, and most of them are not recycled—making them a persistent environmental hazard. A total government ban would push industries and consumers toward sustainable alternatives like reusable bags, containers, and biodegradable materials, which are already available and effective. While some might worry about inconvenience, the long-term benefits—cleaner communities, reduced wildlife harm, and lower waste management costs—far outweigh the short-term adjustments. Many countries that have already implemented such bans report successful transitions with minimal disruption. Ultimately, a government-enforced ban is a responsible step to protect our planet for future generations.",evidence_and_authority,feasibility_and_implementation,"Evidence shows that single-use plastics are a major source of environmental pollution and are rarely recycled, making a ban practical and necessary.",evidence_and_authority_feasibility_and_implementation,I should evaluate whether the proposal can actually be implemented and enforced effectively. ,Evidence shows that,evidence_and_authority,cost_benefit_and_impact_analysis,"Evidence shows that single-use plastics are a major source of environmental pollution and are rarely recycled, making a ban practical and necessary.",evidence_and_authority_cost_benefit_and_impact_analysis,"I should quantify and compare costs, benefits, and real-world impacts across economic, social, and environmental dimensions. ",Evidence shows that,evidence_and_authority,feasibility_and_implementation,"Evidence shows that single-use plastics are a major source of environmental pollution and are rarely recycled, making a ban practical and necessary.",evidence_and_authority_feasibility_and_implementation,I should evaluate whether the proposal can actually be implemented and enforced effectively. ,Evidence shows that,targeted,777,93,0.010192427749734423
464544,2.5538228158035885,,,synthesis_restructured,targeted,4,20260206_122715,1.206603765487671,"Single-use plastics are a major contributor to environmental pollution, clogging oceans, harming wildlife, and persisting in ecosystems for centuries. A total government ban would eliminate the root cause of this damage, encouraging the use of sustainable alternatives like reusable or biodegradable materials. While some might worry about inconvenience, the long-term benefits to public health, marine life, and climate stability far outweigh short-term adjustments. Governments have successfully implemented similar bans in other countries, proving that such policies are feasible and effective when supported by public awareness and infrastructure. With proper planning and education, a ban can be rolled out without causing economic disruption. The planet's health depends on bold, decisive action—and a total ban on single-use plastics is a necessary step toward a cleaner, safer future.",evidence_and_authority,feasibility_and_implementation,"Evidence shows that single-use plastics are a major source of environmental pollution, especially in oceans and landfills, and a total ban would significantly reduce this damage.",evidence_and_authority_feasibility_and_implementation,I should evaluate whether the proposal can actually be implemented and enforced effectively. ,Evidence shows that,evidence_and_authority,risk_and_unintended_consequences,"Evidence shows that single-use plastics are a major source of environmental pollution, especially in oceans and landfills, and a total ban would significantly reduce this damage.",evidence_and_authority_risk_and_unintended_consequences,"I should identify risks, unintended outcomes, cascading effects, and potential for escalation. ",Evidence shows that,evidence_and_authority,governance_and_accountability,"Evidence shows that single-use plastics are a major source of environmental pollution, especially in oceans and landfills, and a total ban would significantly reduce this damage.",evidence_and_authority_governance_and_accountability,"I should consider legal frameworks, accountability mechanisms, democratic principles, and proper authority. ",Evidence shows that,targeted,892,188,0.010078420133277177
465046,2.6842490077689276,,,synthesis_restructured,targeted,4,20260206_122715,1.0983376502990725,"Single-use plastics are a major cause of environmental pollution, clogging our oceans, harming wildlife, and taking centuries to break down—something we all see and feel. A total government ban would drastically reduce this waste and protect natural ecosystems for future generations. Countries like Rwanda and Kenya have already proven that such bans can work with clear laws and public support. While some worry about inconvenience, reusable alternatives are becoming easier and more affordable every year. The long-term benefits to our environment and health far outweigh the short-term adjustments. It's time we take bold, responsible action to protect our planet and leave a cleaner world for our children.",evidence_and_authority,feasibility_and_implementation,"Evidence shows that single-use plastics are a major source of pollution, especially in oceans and landfills, and a total ban would significantly reduce environmental harm.",evidence_and_authority_feasibility_and_implementation,I should evaluate whether the proposal can actually be implemented and enforced effectively. ,Evidence shows that,exemplification,cost_benefit_and_impact_analysis,"For example, plastic bags and packaging often take hundreds of years to decompose, and the pollution they cause harms wildlife and ecosystems—something we all care about and can see.",exemplification_cost_benefit_and_impact_analysis,"I should quantify and compare costs, benefits, and real-world impacts across economic, social, and environmental dimensions. ",For example,evidence_and_authority,feasibility_and_implementation,"Evidence shows that countries like Rwanda and Kenya have successfully implemented strict bans with strong enforcement and public education, proving it's not only possible but effective.",evidence_and_authority_feasibility_and_implementation,I should evaluate whether the proposal can actually be implemented and enforced effectively. ,Evidence shows that,targeted,711,36,0.0100034484817516
41,0.0,,,synthesis_restructured,random,1,20260206_123303,1.2139928340911863,"A total ban on single-use plastics is a necessary and responsible step for protecting our environment and public health. While it might seem like a restriction, it actually redirects responsibility from individuals to the corporations that produce these items in overwhelming amounts. Just as we’ve banned lead in paint and smoking in public areas, a plastic ban removes dangerous, non-recyclable materials from circulation, making it easier for people to make eco-friendly choices without hassle. It also pushes innovation toward sustainable alternatives, creating new green jobs and reducing pollution in oceans and landfills. For an average person, this shift means cleaner communities, less litter, and a healthier planet for future generations. The benefits far outweigh any minor inconvenience, making the ban not just logical but essential.",conditional,feasibility_and_implementation,"If the government enacts a total ban on single-use plastics, it provides a clear, unified policy that can guide public behavior and industry practices across the country.",conditional_feasibility_and_implementation,I should evaluate whether the proposal can actually be implemented and enforced effectively. ,If,sequence_and_transition,stakeholder_responsibility,"Next, it's important to recognize that while individuals use single-use plastics, the real responsibility lies with manufacturers and retailers who produce and distribute them in massive quantities.",sequence_and_transition_stakeholder_responsibility,"I should analyze who bears responsibility—whether government, individuals, corporations, or other institutions. ",Next,causal_reasoning,rights_and_liberties,"Therefore, a ban doesn't remove personal freedom—it removes the availability of harmful products, just like bans on cigarettes in public spaces or lead in paint.",causal_reasoning_rights_and_liberties,"I should consider inalienable human rights, civil liberties, privacy protections, and the freedom to make one's own choices. ",Therefore,baseline,847,378,0.009786390111734228
465056,2.6206620131422604,,,synthesis_restructured,targeted,0,20260206_122715,1.1376380920410156,"Single-use plastics are a major source of pollution that harms wildlife, contaminates water supplies, and takes hundreds of years to degrade. A total government ban would eliminate this threat at the source, encouraging innovation in sustainable packaging and reducing the burden on waste management systems. While some may worry about inconvenience or cost, reusable alternatives are becoming more accessible and affordable, and countries like Rwanda have shown that strict bans can work in practice. With proper public education and support for businesses, a ban is not only achievable but necessary for protecting our planet. The long-term environmental and health benefits far outweigh short-term adjustments. We don’t need to wait for perfect solutions—we need bold action now.",evidence_and_authority,feasibility_and_implementation,"Evidence shows that single-use plastics contribute significantly to environmental degradation, and a total ban would be a decisive step toward reducing pollution and protecting ecosystems.",evidence_and_authority_feasibility_and_implementation,I should evaluate whether the proposal can actually be implemented and enforced effectively. ,Evidence shows that,exemplification,cost_benefit_and_impact_analysis,"For example, plastic waste clogs waterways, harms marine life, and lingers in landfills for centuries, whereas reusable alternatives, though initially more expensive, save money and resources over time.",exemplification_cost_benefit_and_impact_analysis,"I should quantify and compare costs, benefits, and real-world impacts across economic, social, and environmental dimensions. ",For example,exemplification,feasibility_and_implementation,"For example, countries like Rwanda have successfully banned single-use plastics and seen dramatic reductions in litter, proving that enforcement is feasible even in diverse settings.",exemplification_feasibility_and_implementation,I should evaluate whether the proposal can actually be implemented and enforced effectively. ,For example,targeted,782,99,0.00970437123731501
464456,2.50140962554797,,,synthesis_restructured,targeted,3,20260206_122715,1.2121243476867676,"Single-use plastics are a major source of pollution, clogging our oceans, harming wildlife, and contributing to long-term environmental damage. A government-enforced ban is a necessary and effective step toward protecting ecosystems and public health. Countries like Rwanda and Canada have already proven that such bans are not only possible but lead to significant reductions in plastic waste and increased innovation in sustainable alternatives. While some may worry about inconvenience, the long-term benefits—cleaner communities, reduced cleanup costs, and less harm to nature—far outweigh the short-term challenges. With proper planning and public education, the shift away from single-use plastics is both achievable and responsible. As an everyday person who cares about a healthier planet, I believe we have a shared duty to support policies that protect our environment for future generations.",evidence_and_authority,feasibility_and_implementation,"Evidence shows that banning single-use plastics reduces pollution and encourages sustainable alternatives, and enforcing such a ban is both feasible and necessary for long-term environmental health.",evidence_and_authority_feasibility_and_implementation,I should evaluate whether the proposal can actually be implemented and enforced effectively. ,Evidence shows that,evidence_and_authority,governance_and_accountability,"Evidence shows that banning single-use plastics reduces pollution and encourages sustainable alternatives, and enforcing such a ban is both feasible and necessary for long-term environmental health.",evidence_and_authority_governance_and_accountability,"I should consider legal frameworks, accountability mechanisms, democratic principles, and proper authority. ",Evidence shows that,exemplification,feasibility_and_implementation,"For example, countries like Rwanda and Canada have successfully implemented such bans, showing that with public support and clear policies, enforcement is realistic and impactful.",exemplification_feasibility_and_implementation,I should evaluate whether the proposal can actually be implemented and enforced effectively. ,For example,targeted,902,195,0.009316070031665158
14,0.0,,,synthesis_restructured,random,3,20260206_123303,1.0812132358551023,"The government should enforce a total ban on single-use plastics because individual efforts alone won’t solve the scale of the pollution crisis. Without strong, nationwide rules, companies will keep producing these items, and people won’t have easy, affordable alternatives. A government-led ban ensures fairness and consistency, while also pushing innovation toward sustainable options. Countries like Canada and the EU have already shown that such bans are workable and effective when supported by public education and alternatives. Protecting our environment and public health requires bold, decisive action—and that starts with government leadership.",causal_reasoning,stakeholder_responsibility,"Therefore, while individuals and businesses play a role, the government must lead with enforceable policies like a total ban on single-use plastics to ensure widespread and consistent impact.",causal_reasoning_stakeholder_responsibility,"I should analyze who bears responsibility—whether government, individuals, corporations, or other institutions. ",Therefore,conditional,risk_and_unintended_consequences,"If left to voluntary action or inconsistent local rules, plastic pollution will continue to grow, harming ecosystems, wildlife, and human health—so a strong, unified national ban is necessary to prevent irreversible damage.",conditional_risk_and_unintended_consequences,"I should identify risks, unintended outcomes, cascading effects, and potential for escalation. ",If,conditional,feasibility_and_implementation,"If the government sets clear regulations and provides alternatives like reusable or biodegradable materials, enforcement is not only possible but already being successfully done in several countries.",conditional_feasibility_and_implementation,I should evaluate whether the proposal can actually be implemented and enforced effectively. ,If,baseline,654,229,0.009158293368671987
425650,2.562847051919229,,,synthesis_restructured,targeted,1,20260206_122715,1.181246995925903,"Single-use plastics are a major source of pollution, harming wildlife and clogging ecosystems that we all depend on. A total government ban would push society toward reusable and sustainable alternatives, reducing waste and protecting the environment for future generations. Though some businesses might need time to adapt, real-world examples from Canada and the EU show that such bans are practical and effective when supported by clear policies and public education. The long-term benefits—cleaner oceans, healthier wildlife, and reduced waste management costs—far outweigh any temporary inconvenience. As someone who cares about the planet and wants a cleaner, safer world, I believe a ban is not just responsible, but necessary. It’s time to stop treating the environment as a trash can and start making choices that protect our shared home.",evidence_and_authority,justice_and_fairness,"Evidence shows that banning single-use plastics reduces pollution, protects wildlife, and encourages sustainable alternatives, which benefits everyone in the long term.",evidence_and_authority_justice_and_fairness,"I should analyze whether outcomes, processes, and distributions are fair to all parties involved. ",Evidence shows that,exemplification,feasibility_and_implementation,"For example, countries like Canada and the EU have successfully phased out certain single-use plastics through clear regulations and public awareness campaigns, proving such bans are feasible.",exemplification_feasibility_and_implementation,I should evaluate whether the proposal can actually be implemented and enforced effectively. ,For example,exemplification,cost_benefit_and_impact_analysis,"For example, while some businesses may face short-term costs, the long-term savings in cleanup efforts and environmental damage far outweigh these initial adjustments.",exemplification_cost_benefit_and_impact_analysis,"I should quantify and compare costs, benefits, and real-world impacts across economic, social, and environmental dimensions. ",For example,targeted,846,161,0.008556504802506205
466046,2.6842490077689276,,,synthesis_restructured,targeted,0,20260206_122715,1.2013545036315918,"A total ban on single-use plastics is necessary to protect our environment and public health. These items don’t biodegrade—they break into microplastics that pollute our oceans, harm wildlife, and can even enter our food chain. Many countries and cities have already implemented such bans with success, showing that alternatives like reusable bags, containers, and biodegradable materials are practical and widely available. While there might be short-term challenges, the long-term benefits—cleaner ecosystems, less litter, and innovation in green technology—make the ban a responsible and necessary step. The average person can adapt quickly, especially when given access to affordable, eco-friendly options. It’s time we stop treating the planet like a trash can and start taking real action. A ban isn’t just possible—it’s essential.",evidence_and_authority,feasibility_and_implementation,Evidence shows that bans on single-use plastics can be successfully implemented in different regions and have led to measurable reductions in plastic waste.,evidence_and_authority_feasibility_and_implementation,I should evaluate whether the proposal can actually be implemented and enforced effectively. ,Evidence shows that,clarification_and_specification,cost_benefit_and_impact_analysis,"In other words, a ban helps reduce pollution, protects wildlife, and encourages innovation in sustainable materials—benefits that far outweigh any temporary inconvenience or cost increase.",clarification_and_specification_cost_benefit_and_impact_analysis,"I should quantify and compare costs, benefits, and real-world impacts across economic, social, and environmental dimensions. ",In other words,evidence_and_authority,feasibility_and_implementation,Evidence shows that bans on single-use plastics can be successfully implemented in different regions and have led to measurable reductions in plastic waste.,evidence_and_authority_feasibility_and_implementation,I should evaluate whether the proposal can actually be implemented and enforced effectively. ,Evidence shows that,targeted,837,149,0.008319227352923607
460046,2.6842490077689276,,,synthesis_restructured,targeted,2,20260206_122715,1.1594929695129397,"A total ban on single-use plastics is a necessary and achievable step toward protecting our environment. Plastic waste is a growing crisis—millions of tons end up in oceans each year, harming marine life and entering the food chain. While some may worry about inconvenience, alternatives like reusable bags, containers, and biodegradable materials are already widely available and affordable. Countries like Canada, Kenya, and members of the EU have successfully implemented such bans, proving that they can work in real-world settings. The long-term benefits—cleaner communities, healthier ecosystems, and reduced waste management costs—far outweigh the short-term adjustments. As someone who cares about the planet and wants a sustainable future, I believe we can and should take this step now.",evidence_and_authority,feasibility_and_implementation,"Evidence shows that governments have successfully implemented bans on single-use plastics in multiple countries, demonstrating that enforcement is feasible with proper planning and public support.",evidence_and_authority_feasibility_and_implementation,I should evaluate whether the proposal can actually be implemented and enforced effectively. ,Evidence shows that,causal_reasoning,cost_benefit_and_impact_analysis,"Therefore, a total ban on single-use plastics would significantly reduce environmental pollution, especially in oceans and landfills, where plastic waste harms wildlife and ecosystems.",causal_reasoning_cost_benefit_and_impact_analysis,"I should quantify and compare costs, benefits, and real-world impacts across economic, social, and environmental dimensions. ",Therefore,evidence_and_authority,feasibility_and_implementation,"Evidence shows that governments have successfully implemented bans on single-use plastics in multiple countries, demonstrating that enforcement is feasible with proper planning and public support.",evidence_and_authority_feasibility_and_implementation,I should evaluate whether the proposal can actually be implemented and enforced effectively. ,Evidence shows that,targeted,796,113,0.008255643571966356
464456,2.50140962554797,,,synthesis_restructured,targeted,2,20260206_122715,1.2711338996887207,"The government should enforce a total ban on single-use plastics because they cause serious environmental harm, polluting oceans, harming wildlife, and contributing to long-term waste problems. Many countries have already proven that such bans are feasible and effective, leading to cleaner cities and healthier ecosystems. While some may worry about inconvenience, practical alternatives like reusable bags and compostable packaging are already widely available and affordable. As citizens, we rely on our government to protect public health and the environment, especially when a material like plastic is proven to be dangerous and unnecessary. Since governments have both the authority and responsibility to regulate harmful substances, a ban is a justified and necessary action. This step isn’t about restricting freedom—it’s about ensuring a safer, cleaner future for everyone.",evidence_and_authority,feasibility_and_implementation,"Evidence shows that banning single-use plastics can lead to measurable reductions in plastic waste and pollution. Countries like Rwanda and Canada have successfully implemented bans, resulting in cleaner cities and less harm to wildlife.",evidence_and_authority_feasibility_and_implementation,I should evaluate whether the proposal can actually be implemented and enforced effectively. ,Evidence shows that,evidence_and_authority,governance_and_accountability,"Evidence shows that governments have the legal authority and responsibility to regulate harmful materials for public and environmental health. When a material poses clear dangers to ecosystems and human wellbeing, the government can and should act to protect citizens.",evidence_and_authority_governance_and_accountability,"I should consider legal frameworks, accountability mechanisms, democratic principles, and proper authority. ",Evidence shows that,exemplification,feasibility_and_implementation,"For example, when single-use plastics are banned, alternatives like reusable bags, paper packaging, or compostable materials are already available and widely adopted in many communities.",exemplification_feasibility_and_implementation,I should evaluate whether the proposal can actually be implemented and enforced effectively. ,For example,targeted,882,186,0.007888290914286153
467046,2.774402202173532,,,synthesis_restructured,targeted,4,20260206_122715,1.0866632461547852,"Single-use plastics are a major contributor to pollution, clogging waterways and harming marine life, and a government-enforced ban would drastically reduce this damage. While some worry about inconvenience, the long-term benefits to the environment and public health far outweigh the temporary disruption. Countries like Rwanda and Canada have already shown that banning single-use plastics is not only possible but also effective when supported by clear regulations and public awareness. With better alternatives available—like reusable bags and biodegradable materials—there’s no reason to continue relying on plastic that litters our planet for centuries. A total ban is a necessary and achievable step toward protecting our environment for future generations.",evidence_and_authority,feasibility_and_implementation,"Evidence shows that single-use plastics are a major source of pollution, especially in oceans and waterways, and a total ban would significantly reduce this harm.",evidence_and_authority_feasibility_and_implementation,I should evaluate whether the proposal can actually be implemented and enforced effectively. ,Evidence shows that,emphasis_and_evaluation,cost_benefit_and_impact_analysis,"Importantly, the environmental damage caused by plastic waste—such as harm to wildlife and ecosystems—far outweighs the short-term convenience and cost of plastic use.",emphasis_and_evaluation_cost_benefit_and_impact_analysis,"I should quantify and compare costs, benefits, and real-world impacts across economic, social, and environmental dimensions. ",Importantly,evidence_and_authority,feasibility_and_implementation,"Evidence shows that countries like Rwanda and Canada have successfully implemented plastic bans, proving that such policies are feasible and enforceable even in diverse settings.",evidence_and_authority_feasibility_and_implementation,I should evaluate whether the proposal can actually be implemented and enforced effectively. ,Evidence shows that,targeted,764,81,0.00784962144315728
464444,2.7162221831131577,,,synthesis_restructured,targeted,0,20260206_122715,1.2761709690093994,"Single-use plastics are a major source of pollution, harming wildlife and contaminating ecosystems, and a total ban would significantly reduce this damage. Countries like Rwanda and Canada have successfully implemented such bans, showing that enforcement is possible and leads to measurable environmental improvements. Governments have both the authority and duty to protect public health and the environment, and this includes restricting harmful products like single-use plastics. With proper education and alternatives, people can adapt to new habits and support sustainable practices. A ban is not just a policy—it’s a necessary step toward a cleaner, healthier planet. The benefits far outweigh the temporary inconvenience, and the long-term gains are worth the effort.",evidence_and_authority,feasibility_and_implementation,"Evidence shows that plastic pollution is already harming ecosystems and wildlife, with millions of animals dying each year from ingesting or getting trapped in plastic waste. A total ban would drastically reduce this harm and protect the environment for future generations.",evidence_and_authority_feasibility_and_implementation,I should evaluate whether the proposal can actually be implemented and enforced effectively. ,Evidence shows that,evidence_and_authority,governance_and_accountability,"Evidence shows that bans on single-use plastics have already succeeded in countries like Rwanda and Canada, where strict enforcement and public education helped shift behavior and reduce waste. This proves that a ban is both feasible and effective when properly implemented.",evidence_and_authority_governance_and_accountability,"I should consider legal frameworks, accountability mechanisms, democratic principles, and proper authority. ",Evidence shows that,evidence_and_authority,governance_and_accountability,Evidence shows that governments have the legal authority and responsibility to regulate harmful products for public and environmental health. A ban on single-use plastics is a necessary step to protect citizens’ well-being and natural resources.,evidence_and_authority_governance_and_accountability,"I should consider legal frameworks, accountability mechanisms, democratic principles, and proper authority. ",Evidence shows that,targeted,774,91,0.007813610721209103
468044,2.5689729119899107,,,synthesis_restructured,targeted,0,20260206_122715,1.2016632556915283,"Single-use plastics are a major contributor to pollution, harming wildlife and degrading ecosystems—especially in oceans and landfills. A total ban would drastically reduce this environmental damage and prevent further harm to public health and natural resources. While some may worry about inconvenience, most everyday alternatives—like reusable bags, glass containers, and biodegradable materials—are already available and affordable. Governments have a responsibility to act decisively on threats to the planet, just as they’ve banned smoking in public or leaded gasoline before. With strong enforcement and public education, a ban is not only possible but necessary for a sustainable future. The long-term benefits far outweigh any short-term adjustments.",evidence_and_authority,feasibility_and_implementation,"Evidence shows that single-use plastics contribute significantly to environmental pollution, especially in oceans and landfills. A total ban would eliminate this major source of waste and reduce long-term ecological damage.",evidence_and_authority_feasibility_and_implementation,I should evaluate whether the proposal can actually be implemented and enforced effectively. ,Evidence shows that,sequence_and_transition,cost_benefit_and_impact_analysis,"Next, while there may be short-term inconvenience for consumers and businesses, the long-term savings in cleanup costs, waste management, and environmental protection far outweigh these challenges.",sequence_and_transition_cost_benefit_and_impact_analysis,"I should quantify and compare costs, benefits, and real-world impacts across economic, social, and environmental dimensions. ",Next,evidence_and_authority,governance_and_accountability,Evidence shows that governments have successfully banned similar harmful products before—such as smoking in public places or leaded gasoline—demonstrating that broad public health and environmental bans are both feasible and effective when properly enforced.,evidence_and_authority_governance_and_accountability,"I should consider legal frameworks, accountability mechanisms, democratic principles, and proper authority. ",Evidence shows that,targeted,759,76,0.007795582996129679
124650,2.5555926010414876,,,synthesis_restructured,targeted,2,20260206_122715,1.241356372833252,"A total government ban on single-use plastics is essential for protecting our environment and public health. Plastic pollution is already choking our oceans and harming wildlife, and a ban would stop this damage at the source. While some might worry about inconvenience or cost, real-world examples from countries like Rwanda and Canada show that such bans are manageable and effective. In the long run, switching to safer, reusable alternatives saves money by reducing cleanup efforts and health risks linked to plastic contamination. It’s not just about convenience—it’s about protecting the planet for future generations. As someone who cares about clean streets, safe water, and a healthier world, a ban on single-use plastics is a fair and necessary step forward.",conditional,justice_and_fairness,"If the government bans single-use plastics, it would significantly reduce plastic pollution, which currently harms marine life and ecosystems. This is a fair outcome because it protects nature for future generations, not just for today’s convenience.",conditional_justice_and_fairness,"I should analyze whether outcomes, processes, and distributions are fair to all parties involved. ",If,evidence_and_authority,feasibility_and_implementation,"Evidence shows that countries like Rwanda and Canada have successfully implemented plastic bans, proving that such policies are feasible with proper planning and public support.",evidence_and_authority_feasibility_and_implementation,I should evaluate whether the proposal can actually be implemented and enforced effectively. ,Evidence shows that,exemplification,cost_benefit_and_impact_analysis,"For example, switching to reusable or biodegradable alternatives may cost a little more upfront, but it saves billions in cleanup costs and reduces the long-term health risks from plastic contamination in food and water.",exemplification_cost_benefit_and_impact_analysis,"I should quantify and compare costs, benefits, and real-world impacts across economic, social, and environmental dimensions. ",For example,targeted,768,85,0.007758459379508179
13,0.0,,,synthesis_restructured,random,4,20260206_123303,1.2224860191345217,"Single-use plastics are a major source of pollution that harms wildlife, contaminates ecosystems, and endures for centuries in landfills and oceans. While they offer short-term convenience, the long-term environmental and health costs are too high to ignore. Governments have a responsibility to protect public health and the planet, and a total ban is the most effective way to drive systemic change. This kind of policy has already worked in countries like Rwanda and Kenya, where bans led to cleaner cities and reduced plastic waste. Transitioning to reusable or biodegradable alternatives is not only possible but already underway in many communities. A ban sends a clear message that our planet’s health matters more than corporate profits or personal convenience. It’s time we prioritize sustainability over short-term comfort.",exemplification,incentives_and_power_dynamics,"For example, the fossil fuel industry profits from producing single-use plastics, which creates a powerful incentive to resist change, even as the environmental and health costs rise.",exemplification_incentives_and_power_dynamics,"I should examine what behaviors are encouraged, who holds power, and how interests align or conflict. ",For example,evidence_and_authority,cost_benefit_and_impact_analysis,"Evidence shows that single-use plastics pollute oceans, harm wildlife, and take hundreds of years to decompose—impacts that far outweigh the convenience they provide.",evidence_and_authority_cost_benefit_and_impact_analysis,"I should quantify and compare costs, benefits, and real-world impacts across economic, social, and environmental dimensions. ",Evidence shows that,evidence_and_authority,ethical_principles,"Evidence shows that single-use plastics pollute oceans, harm wildlife, and take hundreds of years to decompose—impacts that far outweigh the convenience they provide.",evidence_and_authority_ethical_principles,"I should evaluate actions based on moral rules, character virtues, relationships, and ethical obligations. ",Evidence shows that,baseline,833,362,0.007691826104779961
39,0.0,,,synthesis_restructured,random,2,20260206_123303,1.1810860633850098,"The government should enforce a total ban on single-use plastics because individual efforts alone won’t solve the crisis. While people can make better choices, systemic change requires strong, enforceable rules that apply to everyone. Single-use plastics pollute our oceans, harm wildlife, and even enter our food chain, putting everyone’s health at risk—especially marginalized communities that suffer the most from pollution. A ban ensures that corporations can’t keep making harmful products and gives governments power to promote sustainable alternatives. Without such a ban, progress stalls and the burden falls unfairly on those least able to cope. Real change starts with bold, government-led action.",emphasis_and_evaluation,stakeholder_responsibility,"Importantly, while individuals can reduce plastic use, systemic change requires government action. A total ban ensures consistent standards and accountability across all sectors, which is essential for real environmental progress.",emphasis_and_evaluation_stakeholder_responsibility,"I should analyze who bears responsibility—whether government, individuals, corporations, or other institutions. ",Importantly,sequence_and_transition,justice_and_fairness,"Next, single-use plastics harm the environment and human health—especially in vulnerable communities near landfills or polluted waterways. A ban protects everyone, especially those least able to cope with pollution-related risks.",sequence_and_transition_justice_and_fairness,"I should analyze whether outcomes, processes, and distributions are fair to all parties involved. ",Next,evidence_and_authority,governance_and_accountability,"Evidence shows that government regulation is the most effective way to stop widespread environmental harm. Without a ban, companies will continue producing cheap, disposable plastics, and consumers will have no real alternatives.",evidence_and_authority_governance_and_accountability,"I should consider legal frameworks, accountability mechanisms, democratic principles, and proper authority. ",Evidence shows that,baseline,707,254,0.007589288283788779
16,0.0,,,synthesis_restructured,random,3,20260206_123303,1.064512014389038,"A total ban on single-use plastics is necessary because it has proven effective in places like San Francisco and Rwanda, where plastic pollution dropped significantly after implementation. When people are required to use alternatives, they naturally shift toward reusable options, reducing waste and protecting ecosystems. Beyond environmental benefits, such a ban signals that the government values public health and long-term sustainability over temporary convenience. It also holds corporations accountable for their environmental impact and encourages innovation in eco-friendly materials. As an average person, I believe the small personal adjustments—like carrying a reusable bag—are worth the long-term protection of our planet and future generations.",evidence_and_authority,governance_and_accountability,Evidence shows that bans on single-use plastics in cities like San Francisco and countries like Rwanda have drastically reduced plastic pollution and encouraged innovation in sustainable alternatives.,evidence_and_authority_governance_and_accountability,"I should consider legal frameworks, accountability mechanisms, democratic principles, and proper authority. ",Evidence shows that,evidence_and_authority,justice_and_fairness,"Evidence shows that when people have to pay for plastic bags or use alternatives, they are more likely to switch to reusable options, reducing waste and protecting the environment.",evidence_and_authority_justice_and_fairness,"I should analyze whether outcomes, processes, and distributions are fair to all parties involved. ",Evidence shows that,sequence_and_transition,incentives_and_power_dynamics,"Next to environmental benefits, a total ban would send a strong message that the government prioritizes public health and long-term sustainability over short-term convenience.",sequence_and_transition_incentives_and_power_dynamics,"I should examine what behaviors are encouraged, who holds power, and how interests align or conflict. ",Next,baseline,758,294,0.007577612299686361
467044,2.5302958344802633,,,synthesis_restructured,targeted,2,20260206_122715,1.0786328315734863,"The government should enforce a total ban on single-use plastics because it’s a practical and necessary step to protect our environment. Countries like Canada and the EU have already implemented similar bans with positive results, proving they can work in real-world settings. Even though some people worry about inconvenience, the long-term benefits—like cleaner oceans, less pollution, and lower waste management costs—far outweigh the short-term adjustments. Governments have the authority and tools to enforce such laws, especially when the public supports them. This ban would also push companies to innovate and create more sustainable alternatives, which is good for both the planet and the economy. In the end, protecting our environment and future generations is worth a little effort today.",evidence_and_authority,feasibility_and_implementation,Evidence shows that bans on single-use plastics are feasible and already in place in several countries and cities with measurable environmental results.,evidence_and_authority_feasibility_and_implementation,I should evaluate whether the proposal can actually be implemented and enforced effectively. ,Evidence shows that,emphasis_and_evaluation,cost_benefit_and_impact_analysis,"Importantly, the long-term savings from reduced waste management costs and environmental cleanup outweigh the short-term inconvenience and economic adjustments.",emphasis_and_evaluation_cost_benefit_and_impact_analysis,"I should quantify and compare costs, benefits, and real-world impacts across economic, social, and environmental dimensions. ",Importantly,evidence_and_authority,governance_and_accountability,"Evidence shows that governments already have the legal tools and regulatory power to enforce such bans, especially when supported by public demand and clear legislation.",evidence_and_authority_governance_and_accountability,"I should consider legal frameworks, accountability mechanisms, democratic principles, and proper authority. ",Evidence shows that,targeted,800,118,0.007237686601092691
19,0.0,,,synthesis_restructured,random,2,20260206_123303,1.217836618423462,"The government should enforce a total ban on single-use plastics because it has the power and responsibility to protect public health and the environment. Just as governments have successfully banned other dangerous products like leaded gasoline and tobacco, a ban on single-use plastics is both practical and necessary. This measure doesn’t take away personal freedom—it removes a harmful, unnecessary, and polluting product from daily life. With alternatives like reusable bags, containers, and biodegradable materials widely available, phasing out single-use plastics is a smart and responsible step. The long-term environmental and health benefits far outweigh the short-term inconvenience. Ultimately, protecting our planet and future generations should be a top priority, and the government is best positioned to lead this change.",causal_reasoning,stakeholder_responsibility,"Therefore, since the government has the authority and capacity to regulate large-scale environmental harms, it is the most logical entity to enforce a ban on single-use plastics.",causal_reasoning_stakeholder_responsibility,"I should analyze who bears responsibility—whether government, individuals, corporations, or other institutions. ",Therefore,sequence_and_transition,feasibility_and_implementation,"Next, governments already regulate many harmful products—like tobacco and leaded gasoline—so banning single-use plastics is a feasible and precedent-supported action.",sequence_and_transition_feasibility_and_implementation,I should evaluate whether the proposal can actually be implemented and enforced effectively. ,Next,causal_reasoning,rights_and_liberties,"Therefore, a ban on single-use plastics doesn’t restrict personal freedom—it simply removes a harmful, non-essential product from circulation, much like banning plastic bags in many cities.",causal_reasoning_rights_and_liberties,"I should consider inalienable human rights, civil liberties, privacy protections, and the freedom to make one's own choices. ",Therefore,baseline,836,368,0.007223551035008674
462056,2.6206620131422604,,,synthesis_restructured,targeted,0,20260206_122715,1.1046931743621826,"A total ban on single-use plastics is a necessary and achievable step to protect our environment. While some may worry about the cost or inconvenience, real-world examples from countries like Rwanda and Canada show that such bans can be enforced effectively with clear rules and public support. The long-term benefits—like cleaner oceans, reduced pollution, and less harm to animals—are too significant to ignore. Convenient alternatives like reusable bags, containers, and biodegradable materials are already widely available and affordable. This shift isn’t just about restriction—it’s about creating a healthier planet for future generations. Ultimately, the small changes we make today lead to a much bigger positive impact tomorrow.",evidence_and_authority,feasibility_and_implementation,"Evidence shows that banning single-use plastics can be successfully enforced through clear regulations and public education campaigns, as seen in countries like Rwanda and Canada.",evidence_and_authority_feasibility_and_implementation,I should evaluate whether the proposal can actually be implemented and enforced effectively. ,Evidence shows that,concession_and_contrast,cost_benefit_and_impact_analysis,"However, the environmental benefits—such as reduced ocean pollution, lower carbon emissions from plastic production, and protection of wildlife—far outweigh the short-term economic challenges.",concession_and_contrast_cost_benefit_and_impact_analysis,"I should quantify and compare costs, benefits, and real-world impacts across economic, social, and environmental dimensions. ",However,exemplification,feasibility_and_implementation,"For example, many communities have transitioned to reusable or biodegradable alternatives without major disruptions, proving that a ban is both practical and manageable.",exemplification_feasibility_and_implementation,I should evaluate whether the proposal can actually be implemented and enforced effectively. ,For example,targeted,737,57,0.0072074788452105186
464656,2.599177744580723,,,synthesis_restructured,targeted,1,20260206_122715,1.1020801067352295,"Single-use plastics are a major source of pollution, clogging oceans, harming wildlife, and lasting for centuries. A total government ban would stop this pollution at its source and protect ecosystems for future generations. Countries like the EU and states like California have already proven that such bans are feasible and effective, cutting plastic waste dramatically. With proper public education and affordable alternatives, people can easily adapt to life without single-use plastics. This is not just an environmental necessity—it’s a responsible step toward a cleaner, healthier planet. The long-term benefits far outweigh any short-term inconvenience.",evidence_and_authority,feasibility_and_implementation,"Evidence shows that without strict regulation, single-use plastics will continue to pollute our environment and harm wildlife. A total ban would eliminate the root cause of this pollution and prevent further ecological damage.",evidence_and_authority_feasibility_and_implementation,I should evaluate whether the proposal can actually be implemented and enforced effectively. ,Evidence shows that,evidence_and_authority,feasibility_and_implementation,"Evidence shows that many countries and cities have successfully implemented plastic bans, proving that enforcement is not only possible but practical with proper planning and public support.",evidence_and_authority_feasibility_and_implementation,I should evaluate whether the proposal can actually be implemented and enforced effectively. ,Evidence shows that,exemplification,feasibility_and_implementation,"For example, plastic bag bans in places like California and the European Union have reduced plastic waste by over 80% in just a few years, showing that bans can lead to measurable environmental improvements.",exemplification_feasibility_and_implementation,I should evaluate whether the proposal can actually be implemented and enforced effectively. ,For example,targeted,661,13,0.007171846481979527
34,0.0,,,synthesis_restructured,random,2,20260206_123303,1.2004880905151367,"Single-use plastics are a major source of pollution, clogging waterways, harming wildlife, and contributing to climate change. A total ban would significantly reduce this environmental damage and protect ecosystems for future generations. While some may worry about the immediate cost or inconvenience, the long-term benefits—cleaner oceans, less landfill waste, and reduced fossil fuel use—far outweigh these concerns. Many countries and cities that have already implemented such bans have shown that alternatives are available and effective. Moreover, the transition can be supported through public education and incentives for businesses to adopt sustainable practices. In the end, protecting our planet and public health is more important than convenience. This is not just an environmental issue—it’s a moral responsibility we owe to ourselves and future generations.",clarification_and_specification,justice_and_fairness,"In other words, I should ask whether the policy is fair in its impact, whether it is applied consistently, and whether it leads to equitable results.",clarification_and_specification_justice_and_fairness,"I should analyze whether outcomes, processes, and distributions are fair to all parties involved. ",In other words,causal_reasoning,cost_benefit_and_impact_analysis,"Therefore, I should consider the long-term environmental damage caused by single-use plastics versus the short-term economic costs of banning them.",causal_reasoning_cost_benefit_and_impact_analysis,"I should quantify and compare costs, benefits, and real-world impacts across economic, social, and environmental dimensions. ",Therefore,sequence_and_transition,justice_and_fairness,"Next, I should assess whether the burden of the ban falls unfairly on any group, such as low-income communities or small businesses, and whether support mechanisms exist to mitigate this.",sequence_and_transition_justice_and_fairness,"I should analyze whether outcomes, processes, and distributions are fair to all parties involved. ",Next,baseline,872,395,0.007109810270742164
468056,2.749492285056512,,,synthesis_restructured,targeted,4,20260206_122715,1.1930782794952393,"Single-use plastics pollute our oceans, harm wildlife, and take hundreds of years to break down. A total government ban would stop this waste at the source and encourage the use of reusable, sustainable alternatives. Countries like Rwanda and Kenya have already proven that such bans are feasible and effective, resulting in cleaner cities and healthier ecosystems. While some may worry about inconvenience, the long-term benefits for our environment and public health far outweigh the short-term challenges. Everyone deserves clean air, water, and land—this ban is a practical step toward securing that future. It’s not about restricting freedom, but about protecting our shared planet for generations to come.",evidence_and_authority,feasibility_and_implementation,"Evidence shows that single-use plastics are a major source of pollution, especially in oceans and landfills. A total ban would drastically reduce this waste and prevent long-term environmental damage.",evidence_and_authority_feasibility_and_implementation,I should evaluate whether the proposal can actually be implemented and enforced effectively. ,Evidence shows that,sequence_and_transition,cost_benefit_and_impact_analysis,"Next to being harmful to wildlife and ecosystems, single-use plastics are often not recycled, meaning most end up in landfills or nature. A ban would push people toward reusable alternatives that are better for the planet.",sequence_and_transition_cost_benefit_and_impact_analysis,"I should quantify and compare costs, benefits, and real-world impacts across economic, social, and environmental dimensions. ",Next,exemplification,feasibility_and_implementation,"For example, countries like Rwanda and Kenya have successfully banned single-use plastics and seen major improvements in cleanliness and environmental health, proving that enforcement is possible even in diverse settings.",exemplification_feasibility_and_implementation,I should evaluate whether the proposal can actually be implemented and enforced effectively. ,For example,targeted,711,37,0.007010516043155615
424650,2.585680497795376,,,synthesis_restructured,targeted,0,20260206_122715,1.086559772491455,"Single-use plastics pollute our oceans, harm wildlife, and take hundreds of years to decompose, making a total government ban a necessary step to protect the environment. Many places around the world have already banned these items and replaced them with reusable or biodegradable alternatives, showing that such a ban is practical and achievable. While some may worry about inconvenience, the long-term benefits—like cleaner cities, healthier ecosystems, and reduced waste management costs—far outweigh short-term adjustments. A ban also pushes businesses to innovate, creating new green jobs and products. Ultimately, protecting our planet and future generations is more important than convenience. The government has a responsibility to act decisively on this urgent issue.",evidence_and_authority,justice_and_fairness,"Evidence shows that single-use plastics are a major contributor to environmental degradation, particularly in oceans and landfills, harming wildlife and ecosystems.",evidence_and_authority_justice_and_fairness,"I should analyze whether outcomes, processes, and distributions are fair to all parties involved. ",Evidence shows that,evidence_and_authority,feasibility_and_implementation,"Evidence shows that many countries and cities have successfully implemented bans on single-use plastics, proving they are feasible and effective when supported by public awareness and alternative options.",evidence_and_authority_feasibility_and_implementation,I should evaluate whether the proposal can actually be implemented and enforced effectively. ,Evidence shows that,exemplification,cost_benefit_and_impact_analysis,"For example, banning single-use plastics reduces cleanup costs, prevents long-term environmental damage, and encourages innovation in sustainable packaging.",exemplification_cost_benefit_and_impact_analysis,"I should quantify and compare costs, benefits, and real-world impacts across economic, social, and environmental dimensions. ",For example,targeted,776,92,0.006987439716701722
463846,2.509706127686236,,,synthesis_restructured,targeted,0,20260206_122715,1.0060737133026123,"The government should enforce a total ban on single-use plastics because these items cause severe environmental harm, polluting oceans and endangering wildlife for centuries. While some may worry about inconvenience, alternatives like reusable bags and containers are widely available and often more durable. Countries like Canada and the UK have successfully implemented similar bans, leading to measurable declines in plastic waste. Given the long-term damage caused by plastic pollution, it’s our responsibility to act now, even if it requires small changes in daily habits. A ban is not just practical—it’s necessary to protect ecosystems and future generations.",evidence_and_authority,feasibility_and_implementation,"Evidence shows that countries with strict bans on single-use plastics have seen significant reductions in plastic pollution, demonstrating that such bans are both feasible and effective.",evidence_and_authority_feasibility_and_implementation,I should evaluate whether the proposal can actually be implemented and enforced effectively. ,Evidence shows that,addition_and_elaboration,precedent_and_long_term_effects,"Moreover, single-use plastics take hundreds of years to decompose and harm wildlife, so a ban is necessary to protect the environment for future generations.",addition_and_elaboration_precedent_and_long_term_effects,"I should evaluate historical precedents, long-term vs short-term tradeoffs, and obligations to future generations. ",Moreover,evidence_and_authority,feasibility_and_implementation,"Evidence shows that countries with strict bans on single-use plastics have seen significant reductions in plastic pollution, demonstrating that such bans are both feasible and effective.",evidence_and_authority_feasibility_and_implementation,I should evaluate whether the proposal can actually be implemented and enforced effectively. ,Evidence shows that,targeted,666,16,0.006677644604821886
462056,2.6206620131422604,,,synthesis_restructured,targeted,1,20260206_122715,1.2023804187774658,"The government should enforce a total ban on single-use plastics because it's a necessary step to protect our environment and public health. Countries like Canada and the EU have already implemented similar bans with success, proving that such policies are enforceable and effective. While some may worry about economic impact, the long-term benefits—like cleaner oceans, fewer plastic-clogged waterways, and less harm to animals—make the transition worthwhile. Everyday items like bags and straws can easily be replaced with reusable or compostable alternatives, so the change wouldn’t significantly disrupt daily life. A ban encourages innovation and pushes businesses to develop sustainable solutions. Ultimately, protecting our planet from plastic pollution is not just an environmental issue—it’s a responsibility we all share.",evidence_and_authority,feasibility_and_implementation,"Evidence shows that governments can successfully ban single-use plastics, as seen in countries like Canada and the EU, where enforcement has led to measurable reductions in plastic waste.",evidence_and_authority_feasibility_and_implementation,I should evaluate whether the proposal can actually be implemented and enforced effectively. ,Evidence shows that,concession_and_contrast,cost_benefit_and_impact_analysis,"However, the long-term environmental benefits—such as cleaner oceans, reduced wildlife harm, and lower pollution—far outweigh the short-term economic costs of transitioning to alternatives.",concession_and_contrast_cost_benefit_and_impact_analysis,"I should quantify and compare costs, benefits, and real-world impacts across economic, social, and environmental dimensions. ",However,exemplification,feasibility_and_implementation,"For example, plastic bags and straws are easily replaced with reusable or biodegradable options, making a ban realistic and achievable without major disruption to daily life.",exemplification_feasibility_and_implementation,I should evaluate whether the proposal can actually be implemented and enforced effectively. ,For example,targeted,832,145,0.006299411734768393
466056,2.6206620131422604,,,synthesis_restructured,targeted,0,20260206_122715,1.075561285018921,"Single-use plastics are a major contributor to pollution, clogging oceans, harming wildlife, and taking hundreds of years to decompose. A total government ban would significantly reduce this environmental damage and push industries to develop safer, reusable alternatives. While some worry about inconvenience, real-world examples from the EU and Canada show that such bans are achievable and lead to innovation without major disruption. In the long run, the benefits to public health, nature, and future generations far outweigh the short-term challenges. As someone who cares about clean streets and a healthy planet, I believe the government has a responsibility to act now. A ban isn’t just practical—it’s necessary for a sustainable future.",evidence_and_authority,feasibility_and_implementation,"Evidence shows that single-use plastics are a major source of environmental pollution, particularly in oceans and landfills, where they persist for centuries and harm wildlife.",evidence_and_authority_feasibility_and_implementation,I should evaluate whether the proposal can actually be implemented and enforced effectively. ,Evidence shows that,clarification_and_specification,cost_benefit_and_impact_analysis,"In other words, banning single-use plastics would drastically reduce waste, protect ecosystems, and encourage innovation in sustainable alternatives.",clarification_and_specification_cost_benefit_and_impact_analysis,"I should quantify and compare costs, benefits, and real-world impacts across economic, social, and environmental dimensions. ",In other words,exemplification,feasibility_and_implementation,"For example, countries like Canada and the EU have successfully implemented partial bans, showing that such policies are feasible and can be adapted over time.",exemplification_feasibility_and_implementation,I should evaluate whether the proposal can actually be implemented and enforced effectively. ,For example,targeted,745,59,0.006167390022644924
464044,2.5380378881460457,,,synthesis_restructured,targeted,2,20260206_122715,0.9655003547668456,"Single-use plastics are a major contributor to environmental pollution, clogging waterways, harming wildlife, and taking hundreds of years to decompose. A total government ban would eliminate this ongoing damage, encouraging innovation in reusable and biodegradable alternatives. While some may worry about inconvenience, the long-term health of our planet and future generations makes this a necessary step. Governments have the authority and responsibility to protect public welfare, and banning harmful products aligns with that duty. Real-world examples, like the EU’s plastic ban, show that such policies are feasible and effective. With proper support and education, communities can adapt quickly and build a cleaner, more sustainable future.",evidence_and_authority,feasibility_and_implementation,"Evidence shows that single-use plastics are a significant source of pollution, particularly in oceans and landfills.",evidence_and_authority_feasibility_and_implementation,I should evaluate whether the proposal can actually be implemented and enforced effectively. ,Evidence shows that,evidence_and_authority,cost_benefit_and_impact_analysis,"Evidence shows that single-use plastics are a significant source of pollution, particularly in oceans and landfills.",evidence_and_authority_cost_benefit_and_impact_analysis,"I should quantify and compare costs, benefits, and real-world impacts across economic, social, and environmental dimensions. ",Evidence shows that,evidence_and_authority,governance_and_accountability,"Evidence shows that single-use plastics are a significant source of pollution, particularly in oceans and landfills.",evidence_and_authority_governance_and_accountability,"I should consider legal frameworks, accountability mechanisms, democratic principles, and proper authority. ",Evidence shows that,targeted,748,62,0.006146871767025348
463046,2.731360233138982,,,synthesis_restructured,targeted,1,20260206_122715,1.2547471523284912,"Single-use plastics are a major source of pollution that harms wildlife, clogs waterways, and lingers in the environment for centuries. A total government ban would cut this waste at the source and protect ecosystems for future generations. Fortunately, affordable and practical alternatives—like reusable bags, metal straws, and compostable packaging—are already widely available. Countries around the world have shown that plastic bans are feasible and effective when supported by public awareness and infrastructure. The long-term environmental and economic benefits far outweigh any temporary challenges in adjusting habits. It’s time we take decisive action to protect our planet, and a total ban is the most responsible and effective step forward.",evidence_and_authority,feasibility_and_implementation,"Evidence shows that single-use plastics are a major contributor to environmental pollution, especially in oceans and landfills. A total ban would significantly reduce the amount of plastic waste that harms wildlife and contaminates ecosystems.",evidence_and_authority_feasibility_and_implementation,I should evaluate whether the proposal can actually be implemented and enforced effectively. ,Evidence shows that,addition_and_elaboration,cost_benefit_and_impact_analysis,"Moreover, many alternatives like reusable bags, glass containers, and biodegradable materials are already available and affordable. The long-term savings in cleanup costs and environmental damage far outweigh any short-term inconvenience.",addition_and_elaboration_cost_benefit_and_impact_analysis,"I should quantify and compare costs, benefits, and real-world impacts across economic, social, and environmental dimensions. ",Moreover,evidence_and_authority,feasibility_and_implementation,"Evidence shows that countries like Canada and the European Union have successfully implemented partial bans, proving that such policies are enforceable with proper public education and infrastructure support. A full ban is the logical next step for lasting change.",evidence_and_authority_feasibility_and_implementation,I should evaluate whether the proposal can actually be implemented and enforced effectively. ,Evidence shows that,targeted,753,69,0.006099237246956528
462046,2.6842490077689276,,,synthesis_restructured,targeted,3,20260206_122715,1.286714792251587,"A total government ban on single-use plastics is a necessary and achievable step to protect our environment and public health. Countries like Canada and the European Union have already successfully implemented such bans, showing they can be enforced without major disruption. These policies have led to dramatic decreases in plastic waste in oceans and landfills, helping to safeguard marine life and reduce pollution. While some may worry about inconvenience or cost, reusable alternatives are becoming more accessible and affordable every year. The long-term benefits—cleaner ecosystems, healthier communities, and less reliance on fossil fuels—far outweigh any short-term challenges. As an average person, I believe we can make this change not just for future generations, but for our own well-being today. A ban isn’t just possible—it’s essential.",evidence_and_authority,feasibility_and_implementation,"Evidence shows that effective bans on single-use plastics have already worked in countries like Canada and the European Union, proving that enforcement is feasible and can lead to significant reductions in plastic pollution.",evidence_and_authority_feasibility_and_implementation,I should evaluate whether the proposal can actually be implemented and enforced effectively. ,Evidence shows that,concession_and_contrast,cost_benefit_and_impact_analysis,"However, the long-term environmental and health benefits far outweigh the short-term costs—reducing pollution in oceans, protecting wildlife, and lowering the risk of toxic chemicals entering our food chain.",concession_and_contrast_cost_benefit_and_impact_analysis,"I should quantify and compare costs, benefits, and real-world impacts across economic, social, and environmental dimensions. ",However,evidence_and_authority,feasibility_and_implementation,"Evidence shows that effective bans on single-use plastics have already worked in countries like Canada and the European Union, proving that enforcement is feasible and can lead to significant reductions in plastic pollution.",evidence_and_authority_feasibility_and_implementation,I should evaluate whether the proposal can actually be implemented and enforced effectively. ,Evidence shows that,targeted,851,164,0.006070787661799905
40,0.0,,,synthesis_restructured,random,4,20260206_123303,1.0950815677642822,"The government should enforce a total ban on single-use plastics because these materials cause severe environmental harm, polluting oceans, harming wildlife, and contributing to microplastic contamination in our food and water. While some may argue that individual choices matter more, the scale of plastic pollution requires coordinated, enforceable action—something only a government can provide through legislation. Without strong regulations, industries will continue prioritizing profit over sustainability, and individuals will struggle to make meaningful change in isolation. A total ban ensures accountability and creates a level playing field for businesses, while also encouraging innovation in eco-friendly alternatives. Ultimately, protecting public health and the planet is a shared responsibility, and the government has both the power and duty to lead the way.",sequence_and_transition,governance_and_accountability,"Next, I should build a case for the government's role in enforcing a total ban on single-use plastics.",sequence_and_transition_governance_and_accountability,"I should consider legal frameworks, accountability mechanisms, democratic principles, and proper authority. ",Next,emphasis_and_evaluation,risk_and_unintended_consequences,"Importantly, I should address the environmental and health risks of single-use plastics, such as pollution and microplastic contamination.",emphasis_and_evaluation_risk_and_unintended_consequences,"I should identify risks, unintended outcomes, cascading effects, and potential for escalation. ",Importantly,addition_and_elaboration,stakeholder_responsibility,"Moreover, the government has the authority and responsibility to protect public health and the environment, especially when individual actions alone are insufficient.",addition_and_elaboration_stakeholder_responsibility,"I should analyze who bears responsibility—whether government, individuals, corporations, or other institutions. ",Moreover,baseline,875,398,0.006020275651507489
49,0.0,,,synthesis_restructured,random,2,20260206_123303,1.1991877555847168,"Single-use plastics are a major source of pollution that harms marine life, clogs our landfills, and takes centuries to break down—so a total ban is essential to protect the planet. The environmental damage caused by these materials is already widespread and irreversible in many cases, and a ban would encourage companies to develop eco-friendly alternatives. While some may worry about inconvenience, the long-term benefits to public health, wildlife, and ecosystems far outweigh short-term discomfort. In fact, countries with such bans have seen innovation in reusable packaging and consumer habits. The real injustice isn’t in restricting plastic—it’s in continuing to let corporations pollute without consequence. A government ban is the most effective and fair way to ensure we protect our environment for future generations.",addition_and_elaboration,risk_and_unintended_consequences,"Moreover, single-use plastics pollute our oceans, harm wildlife, and take hundreds of years to decompose, so eliminating them protects ecosystems and future generations.",addition_and_elaboration_risk_and_unintended_consequences,"I should identify risks, unintended outcomes, cascading effects, and potential for escalation. ",Moreover,evidence_and_authority,incentives_and_power_dynamics,"Evidence shows that plastic waste is already overwhelming landfills and waterways, and a ban would push businesses to innovate sustainable alternatives.",evidence_and_authority_incentives_and_power_dynamics,"I should examine what behaviors are encouraged, who holds power, and how interests align or conflict. ",Evidence shows that,conclusion_and_summary,justice_and_fairness,"In conclusion, a total ban is not only necessary to protect the environment but also fair, since the burden of pollution currently falls on communities and the planet, not just corporations.",conclusion_and_summary_justice_and_fairness,"I should analyze whether outcomes, processes, and distributions are fair to all parties involved. ",In conclusion,baseline,831,359,0.00597341593827501
27,0.0,,,synthesis_restructured,random,4,20260206_123303,1.1332604885101318,"Single-use plastics are a major source of pollution, clogging our oceans, harming marine life, and contaminating ecosystems for centuries. While some might find it inconvenient to give up plastic bags or straws, the long-term health of our planet and future generations demands bold action. Countries around the world have already shown that banning these materials is feasible, with alternatives like reusable bags and biodegradable packaging proving effective and widely adopted. A total government ban sends a clear message that protecting the environment is a priority, encouraging innovation and responsible consumer habits. The cost of inaction—rising pollution, damaged ecosystems, and health risks—far exceeds the temporary adjustment required. It's time we choose sustainability over convenience.",emphasis_and_evaluation,risk_and_unintended_consequences,"Importantly, single-use plastics contribute heavily to pollution, especially in oceans and landfills, where they take hundreds of years to decompose and harm wildlife.",emphasis_and_evaluation_risk_and_unintended_consequences,"I should identify risks, unintended outcomes, cascading effects, and potential for escalation. ",Importantly,addition_and_elaboration,justice_and_fairness,"Moreover, while some may worry about inconvenience, the long-term environmental and health benefits far outweigh the short-term disruption.",addition_and_elaboration_justice_and_fairness,"I should analyze whether outcomes, processes, and distributions are fair to all parties involved. ",Moreover,emphasis_and_evaluation,precedent_and_long_term_effects,"Importantly, many countries that have implemented bans on single-use plastics have seen successful transitions, proving that alternatives like paper, glass, and reusable materials are viable.",emphasis_and_evaluation_precedent_and_long_term_effects,"I should evaluate historical precedents, long-term vs short-term tradeoffs, and obligations to future generations. ",Importantly,baseline,805,337,0.005843815046219534
25,0.0,,,synthesis_restructured,random,2,20260206_123303,1.225968360900879,"As someone who just wants cleaner streets and a healthier planet, I believe the government should ban single-use plastics because it’s the only way to actually stop the pollution at its source. Individuals can try to avoid plastic, but companies keep producing it because it’s cheap and convenient for them—without government rules, there’s no real pressure to change. Countries like Canada, the EU, and Kenya have already banned or restricted single-use plastics and haven’t faced economic collapse—instead, they’ve seen cleaner cities and less waste in oceans. A total ban forces businesses to innovate with safer, reusable alternatives that protect both people and the planet. It’s time for the government to step in and protect us all, not just let polluters continue unchecked. This isn’t about inconvenience—it’s about responsibility and long-term survival.",exemplification,stakeholder_responsibility,"For example, while individuals can reduce plastic use, the scale of pollution demands systemic change that only government enforcement can deliver.",exemplification_stakeholder_responsibility,"I should analyze who bears responsibility—whether government, individuals, corporations, or other institutions. ",For example,causal_reasoning,incentives_and_power_dynamics,"Therefore, without a government-enforced ban, corporations will continue producing single-use plastics because it's cheaper and more profitable, even if it harms the environment.",causal_reasoning_incentives_and_power_dynamics,"I should examine what behaviors are encouraged, who holds power, and how interests align or conflict. ",Therefore,causal_reasoning,cost_benefit_and_impact_analysis,"Therefore, a total ban is not only feasible but necessary—many countries have already implemented similar bans with minimal disruption and significant environmental benefits.",causal_reasoning_cost_benefit_and_impact_analysis,"I should quantify and compare costs, benefits, and real-world impacts across economic, social, and environmental dimensions. ",Therefore,baseline,863,389,0.005610175324077858
7,0.0,,,synthesis_restructured,random,0,20260206_123303,1.1655750274658203,"A total government ban on single-use plastics is essential because it ensures consistent, enforceable action across the country, avoiding the confusion and inefficiency of inconsistent local rules. Without national authority, industries and consumers are left to interpret vague guidelines, leading to widespread non-compliance. Such a ban protects fundamental human rights by safeguarding clean air, safe water, and a stable environment—conditions necessary for health and survival. It’s not about restricting freedom, but about preserving the conditions that make freedom meaningful. By setting a clear, nationwide standard, the government ensures fairness and accountability while pushing industries toward sustainable alternatives. This is a practical, responsible step toward protecting our planet for future generations.",conditional,governance_and_accountability,"If the government bans single-use plastics, it ensures consistent enforcement and accountability across all regions, preventing a patchwork of local rules that could undermine environmental goals.",conditional_governance_and_accountability,"I should consider legal frameworks, accountability mechanisms, democratic principles, and proper authority. ",If,clarification_and_specification,feasibility_and_implementation,"In other words, a national ban gives the government the legal authority to regulate plastic production and disposal, making compliance mandatory and measurable, unlike voluntary measures that often fail.",clarification_and_specification_feasibility_and_implementation,I should evaluate whether the proposal can actually be implemented and enforced effectively. ,In other words,emphasis_and_evaluation,rights_and_liberties,"Importantly, a ban doesn’t remove personal freedom—it protects it by preserving clean air, safe water, and healthy ecosystems, which are essential for human well-being and rights.",emphasis_and_evaluation_rights_and_liberties,"I should consider inalienable human rights, civil liberties, privacy protections, and the freedom to make one's own choices. ",Importantly,baseline,826,358,0.005589038340772939
20,0.0,,,synthesis_restructured,random,4,20260206_123303,1.2055702209472656,"While protecting the environment is important, a total ban on single-use plastics may not be the fairest or most effective solution. Many people rely on these items for convenience, hygiene, and affordability—especially those with limited income or access to alternatives. A blanket ban could disproportionately affect vulnerable communities and lead to unintended consequences, such as increased use of more harmful materials or higher costs for essential goods. Instead of an absolute ban, a more balanced approach—like targeted restrictions, better recycling systems, and incentives for sustainable alternatives—would achieve environmental goals without infringing on personal freedoms. It's possible to reduce plastic waste without sacrificing practicality or fairness. Responsible change should respect both people and the planet.",concession_and_contrast,ethical_principles,"However, I don't have access to the specific moral rules, virtues, or obligations that would make a distinction between different forms of plastic usage.",concession_and_contrast_ethical_principles,"I should evaluate actions based on moral rules, character virtues, relationships, and ethical obligations. ",However,conditional,rights_and_liberties,"If banning single-use plastics infringes on personal autonomy or the right to choose everyday products, then it may be ethically problematic, even if the environmental goals are good.",conditional_rights_and_liberties,"I should consider inalienable human rights, civil liberties, privacy protections, and the freedom to make one's own choices. ",If,causal_reasoning,risk_and_unintended_consequences,"Therefore, a total ban could lead to unintended consequences, such as increased use of alternatives that are also harmful, or increased costs for low-income individuals who rely on affordable disposable items.",causal_reasoning_risk_and_unintended_consequences,"I should identify risks, unintended outcomes, cascading effects, and potential for escalation. ",Therefore,baseline,835,364,0.005567014394118142
8,0.0,,,synthesis_restructured,random,1,20260206_123303,1.3127851486206057,"Single-use plastics are a major cause of pollution, choking our oceans, harming wildlife, and even making their way into our food and water. The harm they cause isn’t just environmental—it’s a threat to human health, with microplastics now found in fish, tap water, and even our bodies. While some may argue individuals should change their habits, it’s unrealistic to expect everyone to act alone when companies continue to produce these products in massive quantities. A government ban levels the playing field, pushes businesses to innovate with eco-friendly alternatives, and ensures real progress on a problem that affects us all. Without strong action from the government, we’ll keep relying on cheap, disposable plastics that cost the planet dearly. A total ban isn’t extreme—it’s a necessary step to protect our environment, economy, and health for future generations.",emphasis_and_evaluation,incentives_and_power_dynamics,"Importantly, single-use plastics are a major source of pollution, especially in oceans and waterways, and their widespread use contributes directly to environmental degradation.",emphasis_and_evaluation_incentives_and_power_dynamics,"I should examine what behaviors are encouraged, who holds power, and how interests align or conflict. ",Importantly,evidence_and_authority,incentives_and_power_dynamics,"Evidence shows that plastic waste harms marine life, enters the food chain, and affects human health through microplastics—so a ban would protect both nature and people.",evidence_and_authority_incentives_and_power_dynamics,"I should examine what behaviors are encouraged, who holds power, and how interests align or conflict. ",Evidence shows that,sequence_and_transition,stakeholder_responsibility,"Next, while individuals can reduce plastic use, it’s unfair to expect everyone to change without systemic support; a government ban creates a level playing field and drives innovation in sustainable alternatives.",sequence_and_transition_stakeholder_responsibility,"I should analyze who bears responsibility—whether government, individuals, corporations, or other institutions. ",Next,baseline,875,399,0.005550435070783037
31,0.0,,,synthesis_restructured,random,1,20260206_123303,1.0489277839660645,"Governments have a responsibility to protect public health and the environment, and banning single-use plastics is a clear and effective way to fulfill that duty. These plastics pollute our oceans, harm wildlife, and can even enter our food chain, posing long-term risks to human health. While some may worry about inconvenience, the real cost of inaction—on our planet and future generations—is far greater. A government-enforced ban ensures fairness and consistency, preventing companies from exploiting loopholes or shifting the burden onto consumers. With proper planning and support for alternatives, a ban is both practical and necessary. Ultimately, this is not about restricting freedom—it’s about protecting our shared world for everyone.",evidence_and_authority,governance_and_accountability,Evidence shows that governments have the authority and responsibility to regulate harmful substances that endanger public health and the environment.,evidence_and_authority_governance_and_accountability,"I should consider legal frameworks, accountability mechanisms, democratic principles, and proper authority. ",Evidence shows that,conditional,incentives_and_power_dynamics,"If plastic pollution continues unchecked, it will harm our planet and future generations, and only strong government action can stop it.",conditional_incentives_and_power_dynamics,"I should examine what behaviors are encouraged, who holds power, and how interests align or conflict. ",If,clarification_and_specification,precedent_and_long_term_effects,"In other words, a ban on single-use plastics is not an overreach—it’s a necessary step to protect our communities and ecosystems.",clarification_and_specification_precedent_and_long_term_effects,"I should evaluate historical precedents, long-term vs short-term tradeoffs, and obligations to future generations. ",In other words,baseline,747,280,0.0049814138430787575
5,0.0,,,synthesis_restructured,random,4,20260206_123303,1.1885733604431152,"Single-use plastics are a major source of pollution that harms wildlife, contaminates our oceans, and even enters our food chain through microplastics. While some may argue that bans are inconvenient, the long-term environmental and health costs of continuing to allow these products are far greater. Governments have successfully regulated dangerous materials before—like lead in gasoline and asbestos in buildings—so enforcing a ban on single-use plastics is both realistic and responsible. A nationwide ban would push innovation toward sustainable alternatives and reduce the burden on waste management systems. Protecting the environment and public health should come before the convenience of disposable plastics. This is not just about policy—it’s about ensuring a livable planet for future generations.",concession_and_contrast,risk_and_unintended_consequences,"However, the environmental and health risks of single-use plastics far outweigh any short-term convenience they provide.",concession_and_contrast_risk_and_unintended_consequences,"I should identify risks, unintended outcomes, cascading effects, and potential for escalation. ",However,sequence_and_transition,feasibility_and_implementation,"Next, governments already have the authority and infrastructure to regulate harmful materials—like lead in paint or asbestos—so a ban on single-use plastics is both feasible and consistent with public safety priorities.",sequence_and_transition_feasibility_and_implementation,I should evaluate whether the proposal can actually be implemented and enforced effectively. ,Next,addition_and_elaboration,governance_and_accountability,"Moreover, plastic pollution is harming ecosystems, wildlife, and even human health through microplastics in food and water; a government ban is a necessary step to protect citizens and the planet.",addition_and_elaboration_governance_and_accountability,"I should consider legal frameworks, accountability mechanisms, democratic principles, and proper authority. ",Moreover,baseline,809,339,0.004950484184709791
14,0.0,,,synthesis_restructured,random,1,20260206_123303,1.2782106399536133,"The government has a responsibility to protect public health and the environment, and a total ban on single-use plastics is a necessary step toward that goal. Without government action, individuals and businesses will continue relying on cheap, disposable plastics, leading to worsening pollution in oceans, rivers, and landfills. While some may worry about inconvenience, the real cost is already being paid by ecosystems and communities through contaminated water, harmed wildlife, and long-term climate effects. By enforcing a ban, the government can drive innovation in sustainable alternatives, support green businesses, and set a clear standard for responsible consumption. The transition is manageable with proper planning and public education, and the benefits far outweigh the temporary adjustments. A ban isn’t just about stopping waste—it’s about building a cleaner, healthier future for everyone.",causal_reasoning,stakeholder_responsibility,"Therefore, it is the government's duty to lead by enforcing a ban, since individuals and companies alone cannot solve a systemic environmental problem on their own.",causal_reasoning_stakeholder_responsibility,"I should analyze who bears responsibility—whether government, individuals, corporations, or other institutions. ",Therefore,conditional,risk_and_unintended_consequences,"If the government doesn’t act, plastic pollution will continue to harm wildlife, contaminate waterways, and contribute to climate change—impacting everyone, especially the most vulnerable communities.",conditional_risk_and_unintended_consequences,"I should identify risks, unintended outcomes, cascading effects, and potential for escalation. ",If,conditional,feasibility_and_implementation,If the government takes responsibility with clear regulations and supports alternatives—like reusable containers and biodegradable materials—the transition is not only possible but necessary for long-term environmental health.,conditional_feasibility_and_implementation,I should evaluate whether the proposal can actually be implemented and enforced effectively. ,If,baseline,908,416,0.004932249988336616
26,0.0,,,synthesis_restructured,random,1,20260206_123303,0.992173194885254,"While personal freedom is important, it shouldn’t allow us to harm the planet or endanger future generations. Single-use plastics are a major source of pollution, choking rivers, poisoning marine life, and releasing toxic microplastics into our food chain. The convenience they offer is not worth the long-term damage to ecosystems and human health. A government ban is a necessary step to protect the environment and public well-being, especially since reusable alternatives are now widely available and affordable. By taking decisive action, we show responsibility toward both current and future communities. It's not about restricting freedom—it's about choosing a healthier, more sustainable way of living.",concession_and_contrast,rights_and_liberties,"However, the right to personal freedom does not extend to actions that cause widespread harm to others or the environment.",concession_and_contrast_rights_and_liberties,"I should consider inalienable human rights, civil liberties, privacy protections, and the freedom to make one's own choices. ",However,causal_reasoning,ethical_principles,"Therefore, when single-use plastics cause irreversible environmental damage and endanger public health, we have a moral obligation to act.",causal_reasoning_ethical_principles,"I should evaluate actions based on moral rules, character virtues, relationships, and ethical obligations. ",Therefore,evidence_and_authority,cost_benefit_and_impact_analysis,"Evidence shows that single-use plastics pollute oceans, harm wildlife, and contribute to climate change—costs far exceeding their convenience.",evidence_and_authority_cost_benefit_and_impact_analysis,"I should quantify and compare costs, benefits, and real-world impacts across economic, social, and environmental dimensions. ",Evidence shows that,baseline,710,255,0.004805530703252295
462046,2.6842490077689276,,,synthesis_restructured,targeted,4,20260206_122715,1.080881118774414,"Single-use plastics are a major contributor to environmental pollution, harming ecosystems and wildlife while lasting hundreds of years in landfills and oceans. While some may argue that banning them disrupts convenience, the long-term health of our planet and communities is more important than short-term comfort. Real-world examples from Canada and the European Union prove that such bans are feasible, reduce waste, and encourage innovation in sustainable alternatives. With public education and support, a government-enforced ban can be implemented without major disruption. The transition is not only necessary but achievable, and it protects future generations from irreversible environmental damage. For the average person, this is a small change with massive benefits for the world we all share.",evidence_and_authority,feasibility_and_implementation,"Evidence shows that single-use plastics are a major source of pollution, clogging waterways, harming wildlife, and persisting in the environment for centuries.",evidence_and_authority_feasibility_and_implementation,I should evaluate whether the proposal can actually be implemented and enforced effectively. ,Evidence shows that,concession_and_contrast,cost_benefit_and_impact_analysis,"However, the long-term environmental and health costs of not acting far outweigh the short-term convenience of plastic use.",concession_and_contrast_cost_benefit_and_impact_analysis,"I should quantify and compare costs, benefits, and real-world impacts across economic, social, and environmental dimensions. ",However,evidence_and_authority,feasibility_and_implementation,"Evidence shows that other countries, like Canada and the EU, have successfully implemented similar bans with strong public support and viable alternatives readily available.",evidence_and_authority_feasibility_and_implementation,I should evaluate whether the proposal can actually be implemented and enforced effectively. ,Evidence shows that,targeted,804,120,0.004769175072936876
460046,2.6842490077689276,,,synthesis_restructured,targeted,0,20260206_122715,1.171769142150879,"Single-use plastics are a leading cause of environmental pollution, clogging waterways and harming wildlife, and a total government ban is necessary to address this growing crisis. While some people may worry about inconvenience or cost, the long-term health of our planet and communities is more important than short-term comfort. Countries like Rwanda and Canada have already proven that banning single-use plastics is practical and effective when supported by clear regulations and public education. The shift to reusable or biodegradable alternatives is already underway and becoming more accessible every year. A government-enforced ban would accelerate this transition, reduce waste, and protect natural resources for future generations. Ultimately, this policy is not about restriction—it's about responsible stewardship of the environment we all share.",evidence_and_authority,feasibility_and_implementation,"Evidence shows that single-use plastics are a major source of pollution, particularly in oceans and landfills, and a total ban would significantly reduce this environmental damage.",evidence_and_authority_feasibility_and_implementation,I should evaluate whether the proposal can actually be implemented and enforced effectively. ,Evidence shows that,causal_reasoning,cost_benefit_and_impact_analysis,"Therefore, even though some industries and consumers may face short-term inconvenience, the long-term benefits to ecosystems, wildlife, and public health far outweigh these temporary challenges.",causal_reasoning_cost_benefit_and_impact_analysis,"I should quantify and compare costs, benefits, and real-world impacts across economic, social, and environmental dimensions. ",Therefore,evidence_and_authority,feasibility_and_implementation,"Evidence shows that countries like Rwanda and Canada have successfully implemented plastic bans, proving that such policies are both feasible and effective when properly enforced.",evidence_and_authority_feasibility_and_implementation,I should evaluate whether the proposal can actually be implemented and enforced effectively. ,Evidence shows that,targeted,860,166,0.004652634608522515
460046,2.6842490077689276,,,synthesis_restructured,targeted,1,20260206_122715,1.2442972660064695,"The government should enforce a total ban on single-use plastics because it’s a proven, effective way to protect our environment. Countries and states that have already implemented such bans have seen dramatic reductions in plastic waste polluting oceans and landfills. While some people worry about inconvenience or cost, the long-term benefits—cleaner communities, healthier ecosystems, and lower public spending on waste cleanup—are far more valuable. Plus, reusable alternatives are now widely available and affordable. A ban sends a clear message that our planet’s health matters more than convenience. With strong public support and clear guidelines, such a policy is not only possible but necessary for a sustainable future.",evidence_and_authority,feasibility_and_implementation,"Evidence shows that bans on single-use plastics are already successful in many regions, such as the EU and several U.S. states, where they have significantly reduced plastic pollution in oceans and landfills.",evidence_and_authority_feasibility_and_implementation,I should evaluate whether the proposal can actually be implemented and enforced effectively. ,Evidence shows that,causal_reasoning,cost_benefit_and_impact_analysis,"Therefore, even though initial costs may arise for businesses and consumers, the long-term environmental and economic benefits—like cleaner waterways, reduced cleanup expenses, and lower health risks—far outweigh these temporary inconveniences.",causal_reasoning_cost_benefit_and_impact_analysis,"I should quantify and compare costs, benefits, and real-world impacts across economic, social, and environmental dimensions. ",Therefore,evidence_and_authority,feasibility_and_implementation,"Evidence shows that bans on single-use plastics are already successful in many regions, such as the EU and several U.S. states, where they have significantly reduced plastic pollution in oceans and landfills.",evidence_and_authority_feasibility_and_implementation,I should evaluate whether the proposal can actually be implemented and enforced effectively. ,Evidence shows that,targeted,731,52,0.004196283652025581
33,0.0,,,synthesis_restructured,random,4,20260206_123303,1.1822006702423096,"Single-use plastics are a major source of pollution, harming marine life, contaminating food chains, and contributing to climate change. While individuals can reduce their plastic use, true progress requires systemic change that only the government can deliver. A total ban would hold corporations accountable, drive innovation in sustainable packaging, and create a level playing field across industries. It’s not about restricting freedom—it’s about protecting our planet and public health. With strong policies, we can transition to reusable and biodegradable materials without disrupting daily life. The government has a duty to act, and a total ban is the most effective step we can take now.",evidence_and_authority,incentives_and_power_dynamics,"Evidence shows that single-use plastics cause widespread environmental harm, polluting oceans, harming wildlife, and contributing to climate change. A total ban would drastically reduce this damage and protect ecosystems for future generations.",evidence_and_authority_incentives_and_power_dynamics,"I should examine what behaviors are encouraged, who holds power, and how interests align or conflict. ",Evidence shows that,concession_and_contrast,stakeholder_responsibility,"However, individuals alone can't solve this crisis. The government has the authority and responsibility to regulate industries and drive systemic change, ensuring that solutions are consistent and effective across regions.",concession_and_contrast_stakeholder_responsibility,"I should analyze who bears responsibility—whether government, individuals, corporations, or other institutions. ",However,evidence_and_authority,stakeholder_responsibility,"Evidence shows that single-use plastics are heavily produced and consumed by corporations with little accountability. A government-enforced ban would shift responsibility to the source, forcing companies to innovate and use sustainable alternatives.",evidence_and_authority_stakeholder_responsibility,"I should analyze who bears responsibility—whether government, individuals, corporations, or other institutions. ",Evidence shows that,baseline,697,249,0.004135557148486927
464644,2.609618157420209,,,synthesis_restructured,targeted,3,20260206_122715,1.32605242729187,"The government should enforce a total ban on single-use plastics because these items are a major source of pollution that harms wildlife, clogs waterways, and contributes to long-term environmental degradation. Many countries, like Canada and Rwanda, have already implemented such bans with measurable success, showing that it’s not only possible but effective in reducing plastic waste. As a regular person, I worry about the pollution I see in my local parks and rivers—banning these products would make a real difference in keeping our communities cleaner and safer. While some may argue about convenience, alternatives like reusable bags and containers are widely available and more sustainable in the long run. A ban sends a clear message that our environment matters more than short-term convenience. This kind of policy reflects responsible governance and helps protect the planet for future generations. Ultimately, the benefits of reducing plastic pollution far outweigh the minor inconveniences of adjusting to new habits.",evidence_and_authority,feasibility_and_implementation,"Evidence shows that many countries that have implemented bans on single-use plastics have seen significant reductions in plastic pollution, suggesting such policies are both feasible and impactful.",evidence_and_authority_feasibility_and_implementation,I should evaluate whether the proposal can actually be implemented and enforced effectively. ,Evidence shows that,evidence_and_authority,feasibility_and_implementation,"Evidence shows that many countries that have implemented bans on single-use plastics have seen significant reductions in plastic pollution, suggesting such policies are both feasible and impactful.",evidence_and_authority_feasibility_and_implementation,I should evaluate whether the proposal can actually be implemented and enforced effectively. ,Evidence shows that,evidence_and_authority,governance_and_accountability,"Evidence shows that many countries that have implemented bans on single-use plastics have seen significant reductions in plastic pollution, suggesting such policies are both feasible and impactful.",evidence_and_authority_governance_and_accountability,"I should consider legal frameworks, accountability mechanisms, democratic principles, and proper authority. ",Evidence shows that,targeted,1032,218,0.004106611897079854
15,0.0,,,synthesis_restructured,random,2,20260206_123303,1.332425832748413,"A total ban on single-use plastics is essential because it ensures fairness by protecting the environment and public health for everyone—especially communities that suffer the most from pollution. As members of a shared society, we have a moral obligation to act with responsibility toward future generations and the planet, and allowing plastic waste to continue unchecked violates that duty. While individuals can make personal changes, only the government has the power to enforce broad, effective policies that transform production and consumption patterns. A ban would drive innovation in sustainable alternatives and create a level playing field for businesses. It’s not just about convenience—it’s about doing what’s right for the planet and for people. Without strong government action, we’ll keep passing the cost of pollution to the most vulnerable. Therefore, a total ban is not only practical but necessary and just.",clarification_and_specification,justice_and_fairness,"In other words, the idea is that a total ban on single-use plastics would promote fairness by protecting the environment and public health for everyone, especially the most vulnerable communities who are disproportionately affected by pollution.",clarification_and_specification_justice_and_fairness,"I should analyze whether outcomes, processes, and distributions are fair to all parties involved. ",In other words,conditional,ethical_principles,"If we consider our moral responsibility to future generations and the planet, continuing to allow single-use plastics is ethically indefensible—it’s a failure of stewardship and long-term thinking.",conditional_ethical_principles,"I should evaluate actions based on moral rules, character virtues, relationships, and ethical obligations. ",If,clarification_and_specification,stakeholder_responsibility,"In other words, while individuals can reduce plastic use, only the government has the authority and reach to implement the systemic change needed to eliminate single-use plastics at scale.",clarification_and_specification_stakeholder_responsibility,"I should analyze who bears responsibility—whether government, individuals, corporations, or other institutions. ",In other words,baseline,928,423,0.003981490399311672
464056,2.718557261212647,,,synthesis_restructured,targeted,3,20260206_122715,1.2406628131866455,"The government should enforce a total ban on single-use plastics because it’s a proven way to protect our environment and public health. Countries like Canada and members of the European Union have already implemented such bans, resulting in cleaner oceans, reduced litter, and less harm to wildlife. While some may worry about inconvenience, people have adapted to alternatives—like reusable bags—without major disruption to daily life. The long-term benefits, including cleaner cities, healthier ecosystems, and reduced waste in landfills, far outweigh any short-term adjustments. A ban is not just feasible, it’s necessary to address a growing environmental crisis that affects everyone. By taking decisive action now, we can create a sustainable future for generations to come.",evidence_and_authority,feasibility_and_implementation,"Evidence shows that governments can successfully implement bans on single-use plastics, as seen in countries like Canada and the EU, which have already taken legislative action with measurable environmental benefits.",evidence_and_authority_feasibility_and_implementation,I should evaluate whether the proposal can actually be implemented and enforced effectively. ,Evidence shows that,evidence_and_authority,cost_benefit_and_impact_analysis,"Evidence shows that bans on single-use plastics lead to significant reductions in marine pollution and litter, protecting wildlife and ecosystems—benefits that far outweigh the minor inconvenience of switching to alternatives.",evidence_and_authority_cost_benefit_and_impact_analysis,"I should quantify and compare costs, benefits, and real-world impacts across economic, social, and environmental dimensions. ",Evidence shows that,exemplification,feasibility_and_implementation,"For example, plastic bags are now banned in many places across the U.S., and people have adapted easily by using reusable bags—proving that behavioral change is possible with clear policy and public awareness.",exemplification_feasibility_and_implementation,I should evaluate whether the proposal can actually be implemented and enforced effectively. ,For example,targeted,781,97,0.003966542303876228
43,0.0,,,synthesis_restructured,random,3,20260206_123303,1.1700522899627686,"A total ban on single-use plastics is essential for protecting our environment and ensuring a healthier planet for future generations. Countries like Rwanda and Canada have already demonstrated that such bans are effective, leading to cleaner cities and drastically reduced plastic pollution. These policies not only reduce harm to wildlife and ecosystems but also encourage innovation in sustainable alternatives. As ordinary citizens, we have a shared responsibility to support measures that prioritize long-term environmental well-being over short-term convenience. Government enforcement ensures consistency and accountability, making it harder for industries to avoid responsibility. Without strong legal action, plastic waste will continue to choke our oceans, landfills, and air. A ban is not just practical—it’s a moral obligation to protect the Earth we all depend on.",evidence_and_authority,governance_and_accountability,"Evidence shows that national bans on single-use plastics are effective in reducing pollution and encouraging sustainable alternatives, as seen in countries like Rwanda and Canada.",evidence_and_authority_governance_and_accountability,"I should consider legal frameworks, accountability mechanisms, democratic principles, and proper authority. ",Evidence shows that,exemplification,cost_benefit_and_impact_analysis,"For example, Rwanda’s strict ban led to cleaner cities and a significant drop in plastic waste, proving that bans can work even in developing nations.",exemplification_cost_benefit_and_impact_analysis,"I should quantify and compare costs, benefits, and real-world impacts across economic, social, and environmental dimensions. ",For example,conditional,ethical_principles,"If we care about protecting our planet for future generations, we must take bold action—banning single-use plastics is a clear and necessary step toward environmental responsibility.",conditional_ethical_principles,"I should evaluate actions based on moral rules, character virtues, relationships, and ethical obligations. ",If,baseline,877,400,0.0038805715680946934
467044,2.5302958344802633,,,synthesis_restructured,targeted,0,20260206_122715,1.3187980651855469,"Single-use plastics are a major contributor to pollution that harms wildlife, clogs waterways, and lingers in the environment for centuries. A total government ban would push society to adopt sustainable alternatives like reusable bags, containers, and biodegradable materials, which are already being used successfully in many countries. While some worry about inconvenience, the long-term benefits—cleaner oceans, reduced landfill waste, and lower environmental damage—far outweigh temporary adjustments. Governments have a responsibility to protect public health and the planet, just as they’ve done with tobacco and leaded gasoline. A ban isn’t extreme; it’s a necessary step toward a healthier, more sustainable future. Without strong action, plastic pollution will only worsen, affecting everyone. Therefore, enforcing a total ban on single-use plastics is a logical and urgent necessity.",evidence_and_authority,feasibility_and_implementation,"Evidence shows that single-use plastics are a major source of environmental pollution, especially in oceans and landfills, and a total ban would significantly reduce this harm.",evidence_and_authority_feasibility_and_implementation,I should evaluate whether the proposal can actually be implemented and enforced effectively. ,Evidence shows that,emphasis_and_evaluation,cost_benefit_and_impact_analysis,"Importantly, many communities around the world have successfully transitioned to reusable or biodegradable alternatives, proving that a ban is both feasible and beneficial in the long run.",emphasis_and_evaluation_cost_benefit_and_impact_analysis,"I should quantify and compare costs, benefits, and real-world impacts across economic, social, and environmental dimensions. ",Importantly,evidence_and_authority,governance_and_accountability,"Evidence shows that governments already regulate harmful substances and practices—such as tobacco, leaded fuel, and asbestos—so enforcing a ban on single-use plastics is a reasonable and responsible extension of public health and environmental protection.",evidence_and_authority_governance_and_accountability,"I should consider legal frameworks, accountability mechanisms, democratic principles, and proper authority. ",Evidence shows that,targeted,894,192,0.0038382827270379903
48,0.0,,,synthesis_restructured,random,4,20260206_123303,1.217430591583252,"Single-use plastics are a major contributor to pollution, clogging oceans, harming wildlife, and persisting in the environment for centuries. A total government ban is necessary to stop this damage before it becomes irreversible. While some worry about inconvenience, reusable alternatives like cloth bags and metal straws are now widely available and often cost less over time. History shows that banning harmful products—like leaded fuel or smoking in public—improves long-term public health and environmental quality. Protecting future generations means making tough choices today, even if they require small shifts in daily habits. The government has a duty to safeguard the planet, and a total ban is the most effective way to do that. Ultimately, this is not about restricting freedom—it’s about choosing a cleaner, healthier future for everyone.",sequence_and_transition,cost_benefit_and_impact_analysis,"Next, I’ll establish that single-use plastics are a major source of pollution, especially in oceans and landfills, and that their environmental harm outweighs their convenience.",sequence_and_transition_cost_benefit_and_impact_analysis,"I should quantify and compare costs, benefits, and real-world impacts across economic, social, and environmental dimensions. ",Next,addition_and_elaboration,rights_and_liberties,"Moreover, a total ban doesn’t eliminate personal freedom—it replaces harmful habits with sustainable alternatives that are increasingly accessible and affordable.",addition_and_elaboration_rights_and_liberties,"I should consider inalienable human rights, civil liberties, privacy protections, and the freedom to make one's own choices. ",Moreover,exemplification,precedent_and_long_term_effects,"For example, past bans on leaded gasoline and smoking in public spaces show that governments can successfully phase out dangerous products for the public good.",exemplification_precedent_and_long_term_effects,"I should evaluate historical precedents, long-term vs short-term tradeoffs, and obligations to future generations. ",For example,baseline,852,383,0.003826672704307612
21,0.0,,,synthesis_restructured,random,3,20260206_123303,1.208458423614502,"The government should enforce a total ban on single-use plastics because it has a duty to protect both public health and the environment. Past actions like banning leaded gasoline and asbestos prove that governments can and should take strong, preventative measures to stop widespread harm, even if they cause short-term disruption. A total ban ensures that large corporations and industries—rather than ordinary people—are held responsible for pollution and waste. Without government intervention, individuals are left to manage a problem far beyond their control. This ban would drive innovation in sustainable alternatives and help preserve ecosystems for future generations. Ultimately, protecting the planet requires decisive action from those in power, and the government is best positioned to lead this change.",concession_and_contrast,governance_and_accountability,"However, the government has a responsibility to protect public health and the environment, and a total ban on single-use plastics is a necessary step to prevent long-term ecological damage and reduce pollution.",concession_and_contrast_governance_and_accountability,"I should consider legal frameworks, accountability mechanisms, democratic principles, and proper authority. ",However,exemplification,precedent_and_long_term_effects,"For example, past bans on harmful substances like leaded gasoline and asbestos show that governments can and should act decisively to protect the public, even when it requires temporary inconvenience.",exemplification_precedent_and_long_term_effects,"I should evaluate historical precedents, long-term vs short-term tradeoffs, and obligations to future generations. ",For example,causal_reasoning,stakeholder_responsibility,"Therefore, placing the burden on the government to implement this ban ensures that large-scale producers and polluters—rather than individual citizens—are held accountable for environmental harm.",causal_reasoning_stakeholder_responsibility,"I should analyze who bears responsibility—whether government, individuals, corporations, or other institutions. ",Therefore,baseline,817,350,0.003797743150379483
461044,2.513550360680123,,,synthesis_restructured,targeted,2,20260206_122715,1.162341833114624,"Single-use plastics are a major source of pollution, harming animals, clogging waterways, and taking centuries to break down. A government-enforced ban would push society toward sustainable alternatives, reducing waste and protecting ecosystems for future generations. While some may worry about inconvenience, the long-term benefits—cleaner communities, healthier wildlife, and reduced cleanup costs—far outweigh the short-term adjustments. Countries that have already implemented such bans report successful transitions with minimal disruption. Just as we banned leaded gasoline and tobacco advertising for public safety, banning single-use plastics is a responsible step for environmental protection. It’s not about perfection, but about making meaningful progress toward a cleaner, safer planet.",evidence_and_authority,feasibility_and_implementation,"Evidence shows that banning single-use plastics could significantly reduce environmental pollution and protect wildlife, especially marine life, from harm caused by plastic waste.",evidence_and_authority_feasibility_and_implementation,I should evaluate whether the proposal can actually be implemented and enforced effectively. ,Evidence shows that,conditional,cost_benefit_and_impact_analysis,"If we consider the long-term costs of plastic pollution—such as cleaning up beaches, damaged ecosystems, and health risks—banning single-use plastics is a cost-effective and necessary step.",conditional_cost_benefit_and_impact_analysis,"I should quantify and compare costs, benefits, and real-world impacts across economic, social, and environmental dimensions. ",If,evidence_and_authority,governance_and_accountability,Evidence shows that governments already regulate harmful products like tobacco and leaded gasoline; a ban on single-use plastics is consistent with this tradition of protecting public health and the environment.,evidence_and_authority_governance_and_accountability,"I should consider legal frameworks, accountability mechanisms, democratic principles, and proper authority. ",Evidence shows that,targeted,799,116,0.0036998867966523386
14,0.0,,,synthesis_restructured,random,4,20260206_123303,1.2600603103637695,"The government should enforce a total ban on single-use plastics because it’s the only entity with the power to drive large-scale, consistent change. Without government action, individual efforts and corporate promises won’t be enough to stop the growing crisis of plastic pollution in our oceans, rivers, and landfills. A ban would push innovation toward sustainable alternatives and protect wildlife and human health from toxic chemicals in plastic. With proper planning, the government can support businesses and citizens in adopting reusable and compostable options, making the shift practical and fair. Waiting for change to happen on its own only prolongs environmental damage. A total ban is not just necessary—it’s the most responsible choice we can make today for future generations.",causal_reasoning,stakeholder_responsibility,"Therefore, the government must take the lead in enforcing a ban on single-use plastics because it has the authority and reach to create systemic change, while individuals alone cannot solve a problem of this scale.",causal_reasoning_stakeholder_responsibility,"I should analyze who bears responsibility—whether government, individuals, corporations, or other institutions. ",Therefore,conditional,risk_and_unintended_consequences,"If we wait for voluntary actions or market forces, pollution will continue harming ecosystems, wildlife, and human health—especially since plastic waste often ends up in oceans and landfills, affecting communities for generations.",conditional_risk_and_unintended_consequences,"I should identify risks, unintended outcomes, cascading effects, and potential for escalation. ",If,conditional,feasibility_and_implementation,If the government sets clear rules and provides alternatives—like compostable packaging or reusable systems—it can make the transition manageable and even beneficial for businesses and consumers.,conditional_feasibility_and_implementation,I should evaluate whether the proposal can actually be implemented and enforced effectively. ,If,baseline,792,326,0.0036685154963810407
425650,2.562847051919229,,,synthesis_restructured,targeted,4,20260206_122715,1.0417306423187256,"Single-use plastics are a major source of pollution that harms wildlife, clogs waterways, and takes hundreds of years to break down. A total ban would drastically reduce this environmental damage and protect ecosystems for future generations. While some may worry about inconvenience, many communities around the world have already successfully implemented such bans, showing that alternatives are practical and accessible. Reusable bags, containers, and bottles are now cheaper and more widespread than ever, making the switch easy for everyday people. With proper education and support, the government can lead this change without burdening ordinary citizens. A ban isn't just necessary—it's a responsible step toward a cleaner, healthier planet for everyone.",evidence_and_authority,justice_and_fairness,"Evidence shows that single-use plastics cause serious harm to the environment and wildlife, and a ban would significantly reduce pollution and protect ecosystems.",evidence_and_authority_justice_and_fairness,"I should analyze whether outcomes, processes, and distributions are fair to all parties involved. ",Evidence shows that,exemplification,feasibility_and_implementation,"For example, many countries and cities have already implemented bans with measurable success, proving that enforcement is both feasible and effective.",exemplification_feasibility_and_implementation,I should evaluate whether the proposal can actually be implemented and enforced effectively. ,For example,exemplification,cost_benefit_and_impact_analysis,"For example, reusable alternatives are now more affordable and widely available, making the transition manageable for consumers and businesses alike.",exemplification_cost_benefit_and_impact_analysis,"I should quantify and compare costs, benefits, and real-world impacts across economic, social, and environmental dimensions. ",For example,targeted,761,80,0.0036453798990470324
34,0.0,,,synthesis_restructured,random,1,20260206_123303,1.228111743927002,"The government should enforce a total ban on single-use plastics because the environmental damage they cause is far too great to ignore. Every year, millions of tons of plastic pollute our oceans, harm wildlife, and break down into microplastics that end up in our food and water. Even though some people might worry about the inconvenience of switching to alternatives, the long-term benefits—cleaner ecosystems, healthier communities, and reduced waste—far outweigh the short-term adjustments. Plus, many single-use plastics are not even necessary; reusable or biodegradable options are available and already in use in many places. A total ban sends a clear message that our planet’s health matters more than convenience, especially since low-income communities often bear the brunt of plastic pollution. This policy is not just practical—it’s a fair and responsible step toward protecting everyone, especially future generations.",clarification_and_specification,justice_and_fairness,"In other words, fairness is not just about equal treatment but about ensuring that everyone has a chance to thrive, regardless of their starting point.",clarification_and_specification_justice_and_fairness,"I should analyze whether outcomes, processes, and distributions are fair to all parties involved. ",In other words,causal_reasoning,cost_benefit_and_impact_analysis,"Therefore, a fair policy must weigh the long-term environmental savings against the short-term economic disruption to businesses and consumers.",causal_reasoning_cost_benefit_and_impact_analysis,"I should quantify and compare costs, benefits, and real-world impacts across economic, social, and environmental dimensions. ",Therefore,sequence_and_transition,justice_and_fairness,"Next, I should consider how environmental harm disproportionately affects marginalized communities who often live near waste sites or polluted areas.",sequence_and_transition_justice_and_fairness,"I should analyze whether outcomes, processes, and distributions are fair to all parties involved. ",Next,baseline,932,424,0.0035440798399505587
464652,2.530903086605129,,,synthesis_restructured,targeted,1,20260206_122715,1.0814881324768066,"Single-use plastics are a major contributor to environmental pollution, clogging waterways, harming wildlife, and lasting for centuries in landfills. A government-enforced ban would be a powerful and necessary step to protect ecosystems and public health. Many places around the world have already implemented similar bans with success, showing that such policies are realistic and can be smoothly adopted. With reusable alternatives becoming more accessible and affordable, the shift away from plastic is not only possible but also beneficial for consumers over time. A total ban is not just environmentally responsible—it’s a practical and fair solution that protects future generations and encourages sustainable innovation.",evidence_and_authority,feasibility_and_implementation,"Evidence shows that single-use plastics are a major source of pollution, especially in oceans and landfills, and a total ban would dramatically reduce this environmental harm.",evidence_and_authority_feasibility_and_implementation,I should evaluate whether the proposal can actually be implemented and enforced effectively. ,Evidence shows that,evidence_and_authority,feasibility_and_implementation,"Evidence shows that many countries and cities have already successfully implemented plastic bans, proving that such policies are feasible and enforceable with proper planning and public support.",evidence_and_authority_feasibility_and_implementation,I should evaluate whether the proposal can actually be implemented and enforced effectively. ,Evidence shows that,exemplification,justice_and_fairness,"For example, reusable alternatives like cloth bags and metal containers are becoming more affordable and widely available, so the burden on individuals is manageable and can even lead to long-term savings.",exemplification_justice_and_fairness,"I should analyze whether outcomes, processes, and distributions are fair to all parties involved. ",For example,targeted,727,48,0.0034226556397526655
13,0.0,,,synthesis_restructured,random,1,20260206_123303,1.4592361450195312,"The government should enforce a total ban on single-use plastics because it’s the most effective way to tackle a crisis that’s harming our planet and people. Plastic pollution kills marine animals, contaminates our food and water, and contributes to climate change, and a ban would stop this damage at the source. It also places responsibility where it belongs—on large corporations and retailers who produce and distribute these items—rather than forcing individuals to make perfect choices with limited options. Moreover, low-income communities often bear the brunt of plastic waste, so a ban is not just practical, but a step toward fairness and justice. While change may be hard at first, the long-term benefits to health, nature, and equity make it worth the effort. We can’t keep delaying action—our planet and future generations depend on it.",exemplification,incentives_and_power_dynamics,"For example, if the government enforces a total ban on single-use plastics, it would shift responsibility to producers and retailers, who have the power and resources to innovate sustainable alternatives. This approach holds the entities most capable of change accountable, rather than placing the burden solely on individuals.",exemplification_incentives_and_power_dynamics,"I should examine what behaviors are encouraged, who holds power, and how interests align or conflict. ",For example,evidence_and_authority,cost_benefit_and_impact_analysis,"Evidence shows that plastic pollution harms marine life, contaminates food chains, and contributes to climate change. A ban would drastically reduce this damage, protecting ecosystems and human health in the long term, even if short-term adjustments are needed.",evidence_and_authority_cost_benefit_and_impact_analysis,"I should quantify and compare costs, benefits, and real-world impacts across economic, social, and environmental dimensions. ",Evidence shows that,evidence_and_authority,ethical_principles,"Evidence shows that plastic waste disproportionately affects marginalized communities, who often live near landfills or recycling facilities. A ban reflects a moral responsibility to protect the most vulnerable and ensure environmental justice.",evidence_and_authority_ethical_principles,"I should evaluate actions based on moral rules, character virtues, relationships, and ethical obligations. ",Evidence shows that,baseline,849,382,0.003399346343181567
464544,2.5538228158035885,,,synthesis_restructured,targeted,1,20260206_122715,1.0605149269104004,"Single-use plastics are a major environmental hazard, polluting oceans, harming wildlife, and persisting in ecosystems for centuries. They break down into microplastics that can enter the food chain, posing risks to human health. Governments have already demonstrated success in banning these items—countries like Canada and members of the EU have implemented effective restrictions. A total ban is not only achievable but necessary to protect natural resources and public health. With proper planning and public education, such a ban can be enforced without causing widespread disruption. It’s time to take decisive action to preserve the planet for future generations.",evidence_and_authority,feasibility_and_implementation,"Evidence shows that single-use plastics are a major source of pollution, especially in oceans and waterways, where they harm wildlife and degrade ecosystems.",evidence_and_authority_feasibility_and_implementation,I should evaluate whether the proposal can actually be implemented and enforced effectively. ,Evidence shows that,evidence_and_authority,risk_and_unintended_consequences,"Evidence shows that single-use plastics take hundreds of years to decompose, and even when they do, they break down into microplastics that enter the food chain and can harm human health.",evidence_and_authority_risk_and_unintended_consequences,"I should identify risks, unintended outcomes, cascading effects, and potential for escalation. ",Evidence shows that,evidence_and_authority,governance_and_accountability,"Evidence shows that countries like Canada and the EU have successfully implemented bans on specific single-use plastics, proving that such regulations are both feasible and enforceable.",evidence_and_authority_governance_and_accountability,"I should consider legal frameworks, accountability mechanisms, democratic principles, and proper authority. ",Evidence shows that,targeted,670,17,0.003375916782001449
38,0.0,,,synthesis_restructured,random,0,20260206_123303,1.1654322147369385,"Single-use plastics pollute our oceans, harm wildlife, and take hundreds of years to break down—this isn’t just an environmental issue, it’s a threat to our health and future. By banning them, the government can push industries to innovate with safer, reusable alternatives that don’t sacrifice convenience. While some may worry about short-term inconvenience, the long-term benefits—cleaner streets, healthier ecosystems, and less waste—far outweigh any temporary disruptions. We’ve seen success with similar bans in other countries, proving it’s not just possible but practical. As citizens, we have a responsibility to support policies that protect our shared planet, and a government ban is a clear, fair way to make that happen. Ultimately, this isn’t about restricting freedom—it’s about protecting life.",causal_reasoning,cost_benefit_and_impact_analysis,"Therefore, a government-enforced ban on single-use plastics is a necessary and responsible step to protect the environment and public health.",causal_reasoning_cost_benefit_and_impact_analysis,"I should quantify and compare costs, benefits, and real-world impacts across economic, social, and environmental dimensions. ",Therefore,clarification_and_specification,precedent_and_long_term_effects,"In other words, banning single-use plastics aligns with our shared responsibility to leave a healthier planet for future generations.",clarification_and_specification_precedent_and_long_term_effects,"I should evaluate historical precedents, long-term vs short-term tradeoffs, and obligations to future generations. ",In other words,conditional,governance_and_accountability,"If the government can enforce such a ban through laws and regulations, it's not only justified but a civic duty to do so for the greater good.",conditional_governance_and_accountability,"I should consider legal frameworks, accountability mechanisms, democratic principles, and proper authority. ",If,baseline,810,340,0.0033401388619859534
462056,2.6206620131422604,,,synthesis_restructured,targeted,4,20260206_122715,1.2932937145233154,"The government should enforce a total ban on single-use plastics because it’s a necessary step to protect our environment and public health. Many places around the world have already successfully banned these items, showing that such policies are realistic and can be enforced without major chaos. While some might worry about inconvenience or cost, alternatives like reusable bags and compostable containers are now easy to find and often cheaper in the long run. The harm caused by plastic pollution—like choking marine life and spreading toxins into our food chain—is far worse than the small adjustments people would need to make. We have the tools and technology to make this change work, and we owe it to future generations to act now. A total ban isn’t just a good idea—it’s a responsible and achievable choice for a cleaner, safer planet.",evidence_and_authority,feasibility_and_implementation,"Evidence shows that bans on single-use plastics have been successfully implemented in multiple countries and cities, proving that such policies are viable and enforceable in real-world settings.",evidence_and_authority_feasibility_and_implementation,I should evaluate whether the proposal can actually be implemented and enforced effectively. ,Evidence shows that,concession_and_contrast,cost_benefit_and_impact_analysis,"However, the long-term environmental and health benefits of banning single-use plastics—like reduced ocean pollution and lower risk of toxic chemical exposure—far outweigh any short-term economic disruptions or inconvenience.",concession_and_contrast_cost_benefit_and_impact_analysis,"I should quantify and compare costs, benefits, and real-world impacts across economic, social, and environmental dimensions. ",However,exemplification,feasibility_and_implementation,"For example, plastic bags and straws are easily replaced with reusable or biodegradable alternatives that are widely available and affordable, making the transition practical for everyday people.",exemplification_feasibility_and_implementation,I should evaluate whether the proposal can actually be implemented and enforced effectively. ,For example,targeted,846,160,0.003335792734745527
468056,2.749492285056512,,,synthesis_restructured,targeted,0,20260206_122715,1.259819507598877,"A total government ban on single-use plastics is necessary to protect our environment and public health. These materials pollute oceans and landfills for centuries, endangering wildlife and potentially entering our food supply. While some may worry about inconvenience, real-world examples from places like Canada, Rwanda, and U.S. cities show that bans can be enforced effectively and lead to innovative, eco-friendly alternatives. The long-term benefits—cleaner ecosystems, reduced pollution, and healthier communities—far outweigh temporary disruptions. As a regular person, I care about leaving a safer, cleaner world for my family and future generations. A government ban is a strong, clear step toward that goal.",evidence_and_authority,feasibility_and_implementation,"Evidence shows that government-enforced bans on single-use plastics lead to measurable reductions in plastic pollution, as seen in countries like Canada and Rwanda, where bans significantly decreased plastic waste in landfills and waterways.",evidence_and_authority_feasibility_and_implementation,I should evaluate whether the proposal can actually be implemented and enforced effectively. ,Evidence shows that,sequence_and_transition,cost_benefit_and_impact_analysis,"Next, the environmental benefits far outweigh the short-term inconveniences—single-use plastics take hundreds of years to decompose, harm wildlife, and pollute ecosystems, which affects everyone’s health and quality of life.",sequence_and_transition_cost_benefit_and_impact_analysis,"I should quantify and compare costs, benefits, and real-world impacts across economic, social, and environmental dimensions. ",Next,exemplification,feasibility_and_implementation,"For example, cities like San Francisco and Seattle have successfully transitioned to reusable or compostable alternatives through phased bans, showing that enforcement is not only possible but leads to innovation in sustainable product design.",exemplification_feasibility_and_implementation,I should evaluate whether the proposal can actually be implemented and enforced effectively. ,For example,targeted,718,41,0.0033191227415095693
469046,2.5649552484806932,,,synthesis_restructured,targeted,3,20260206_122715,1.181204080581665,"Single-use plastics are a major source of pollution that harms ecosystems, wildlife, and human health. A government-enforced ban would drive real change by eliminating the most damaging forms of plastic waste at the source. Many communities around the world have already proven that such bans are practical, with alternatives like reusable bags and compostable containers becoming widely available and affordable. While some may worry about inconvenience, the long-term benefits—cleaner oceans, less landfill waste, and reduced fossil fuel use—far outweigh the temporary adjustments. Everyone deserves a safer, healthier planet, and a ban is a clear, necessary step toward that goal. The government has a responsibility to protect public and environmental health, and this is a straightforward, effective way to do it.",evidence_and_authority,feasibility_and_implementation,Evidence shows that banning single-use plastics is both feasible and impactful—many countries and cities have successfully implemented such bans with measurable environmental benefits.,evidence_and_authority_feasibility_and_implementation,I should evaluate whether the proposal can actually be implemented and enforced effectively. ,Evidence shows that,conclusion_and_summary,cost_benefit_and_impact_analysis,"In conclusion, the benefits of reducing plastic pollution, protecting wildlife, and promoting sustainable alternatives far outweigh the short-term inconveniences or costs of transitioning to reusable or biodegradable options.",conclusion_and_summary_cost_benefit_and_impact_analysis,"I should quantify and compare costs, benefits, and real-world impacts across economic, social, and environmental dimensions. ",In conclusion,evidence_and_authority,feasibility_and_implementation,Evidence shows that banning single-use plastics is both feasible and impactful—many countries and cities have successfully implemented such bans with measurable environmental benefits.,evidence_and_authority_feasibility_and_implementation,I should evaluate whether the proposal can actually be implemented and enforced effectively. ,Evidence shows that,targeted,818,133,0.003304125600594912
464544,2.5538228158035885,,,synthesis_restructured,targeted,3,20260206_122715,1.1837904453277588,"The government should enforce a total ban on single-use plastics because they cause lasting harm to the environment and wildlife, with plastic waste polluting oceans and entering the food chain. Many countries that have already implemented such bans have seen significant reductions in plastic pollution and have successfully transitioned to reusable or biodegradable alternatives. As a responsible steward of public health and the planet, the government has both the authority and duty to take strong action against harmful materials. While some may worry about inconvenience, the long-term benefits to ecosystems and human well-being far outweigh short-term disruptions. A ban is not just practical—it's necessary to prevent irreversible damage. With proper support and education, people can adapt quickly to sustainable alternatives. Ultimately, this ban is a vital step toward a healthier, cleaner future for everyone.",evidence_and_authority,feasibility_and_implementation,"Evidence shows that many countries with bans on single-use plastics have successfully reduced plastic pollution and encouraged alternatives, proving that such bans are feasible.",evidence_and_authority_feasibility_and_implementation,I should evaluate whether the proposal can actually be implemented and enforced effectively. ,Evidence shows that,evidence_and_authority,risk_and_unintended_consequences,"Evidence shows that most single-use plastics contribute to long-term environmental damage, including harm to marine life and microplastic contamination in food and water.",evidence_and_authority_risk_and_unintended_consequences,"I should identify risks, unintended outcomes, cascading effects, and potential for escalation. ",Evidence shows that,evidence_and_authority,governance_and_accountability,"Evidence shows that governments have the authority and responsibility to protect public health and the environment, making a ban a justified use of regulatory power.",evidence_and_authority_governance_and_accountability,"I should consider legal frameworks, accountability mechanisms, democratic principles, and proper authority. ",Evidence shows that,targeted,922,203,0.0032999046766748466
47,0.0,,,synthesis_restructured,random,1,20260206_123303,1.5826001167297363,"A total ban on single-use plastics may sound appealing, but it’s unfair and impractical. Low-income families rely on these items for their affordability and convenience, and a ban would place an undue burden on them without offering accessible alternatives. It’s also unrealistic to expect such a ban to be enforced everywhere—many regions lack the infrastructure for safe, sustainable replacements, which could lead to more waste or unsafe practices. Instead of blaming individuals, the government should focus on holding big corporations accountable for producing plastic waste. Real progress comes from better recycling systems, innovation in packaging, and regulations that target producers—not from punishing everyday people who just want to live simply and affordably.",concession_and_contrast,justice_and_fairness,"However, the claim that a total ban on single-use plastics is fair is not supported by evidence. The impact of such a ban disproportionately affects low-income communities, who rely on affordable, convenient single-use items. While environmental concerns are valid, the burden of change should not fall unfairly on those least able to adapt.",concession_and_contrast_justice_and_fairness,"I should analyze whether outcomes, processes, and distributions are fair to all parties involved. ",However,emphasis_and_evaluation,feasibility_and_implementation,"Importantly, enforcing a total ban on single-use plastics is logistically and economically impractical. Many industries and households depend on these items for hygiene, safety, and convenience, and viable alternatives are not yet universally available or affordable. A blanket ban could lead to black markets, non-compliance, and unintended environmental harm from poorly designed substitutes.",emphasis_and_evaluation_feasibility_and_implementation,I should evaluate whether the proposal can actually be implemented and enforced effectively. ,Importantly,conditional,stakeholder_responsibility,"If the government shifts full responsibility for plastic pollution onto individuals through a ban, it avoids addressing the real culprits: corporations that produce and profit from single-use plastics. This creates a false narrative that consumers are the problem, when systemic change in production and corporate accountability is what’s needed.",conditional_stakeholder_responsibility,"I should analyze who bears responsibility—whether government, individuals, corporations, or other institutions. ",If,baseline,774,309,0.0032304943372555464
64650,2.5639172849206524,,,synthesis_restructured,targeted,3,20260206_122715,0.9927020072937012,"The government should enforce a total ban on single-use plastics because it’s a necessary step to protect our environment and public health. Countries like Rwanda and Kenya have already proven that such bans are not only possible but effective, leading to cleaner cities and reduced pollution. Plastic waste harms wildlife, contaminates water, and ends up in our food chain, so stopping it at the source is crucial. While some might worry about inconvenience, reusable alternatives are increasingly accessible and affordable. A ban would also save taxpayer money by reducing waste management and cleanup costs. Ultimately, this action is about protecting our planet for future generations.",causal_reasoning,feasibility_and_implementation,"Therefore, if the government enforces a total ban on single-use plastics, it would significantly reduce plastic pollution and protect ecosystems.",causal_reasoning_feasibility_and_implementation,I should evaluate whether the proposal can actually be implemented and enforced effectively. ,Therefore,evidence_and_authority,feasibility_and_implementation,Evidence shows that countries like Rwanda and Kenya have successfully banned single-use plastics and seen dramatic reductions in litter and environmental harm.,evidence_and_authority_feasibility_and_implementation,I should evaluate whether the proposal can actually be implemented and enforced effectively. ,Evidence shows that,exemplification,cost_benefit_and_impact_analysis,"For example, a ban would reduce long-term environmental cleanup costs and prevent damage to marine life, which in turn protects fisheries and tourism industries.",exemplification_cost_benefit_and_impact_analysis,"I should quantify and compare costs, benefits, and real-world impacts across economic, social, and environmental dimensions. ",For example,targeted,689,26,0.003202586640063202
27,0.0,,,synthesis_restructured,random,3,20260206_123303,1.1824049949645996,"Single-use plastics are a serious threat to our environment and health—animals often ingest them, leading to painful deaths, and microplastics are now contaminating water, soil, and even our own bodies. A total ban would significantly reduce pollution, ease pressure on landfills, and protect ecosystems for future generations. While some may worry about inconvenience, many countries have already implemented similar bans and switched to practical alternatives like reusable bags and compostable packaging without major issues. The long-term benefits far outweigh any short-term adjustments, and we have a responsibility to act before the damage becomes irreversible. This is not about restricting freedom—it’s about protecting the planet we all share.",emphasis_and_evaluation,risk_and_unintended_consequences,"Importantly, plastic waste harms wildlife and ecosystems—animals often mistake plastic for food, leading to injury or death, and microplastics are now found in water, soil, and even human bodies.",emphasis_and_evaluation_risk_and_unintended_consequences,"I should identify risks, unintended outcomes, cascading effects, and potential for escalation. ",Importantly,addition_and_elaboration,justice_and_fairness,"Moreover, single-use plastics are a major contributor to pollution, and a ban would reduce landfill overflow and prevent long-term environmental damage that future generations will have to deal with.",addition_and_elaboration_justice_and_fairness,"I should analyze whether outcomes, processes, and distributions are fair to all parties involved. ",Moreover,emphasis_and_evaluation,precedent_and_long_term_effects,"Importantly, many places that have banned single-use plastics have successfully transitioned to reusable or biodegradable alternatives without major disruption to daily life.",emphasis_and_evaluation_precedent_and_long_term_effects,"I should evaluate historical precedents, long-term vs short-term tradeoffs, and obligations to future generations. ",Importantly,baseline,753,287,0.0031821699378468513
35,0.0,,,synthesis_restructured,random,3,20260206_123303,1.3629002571105957,"The government should enforce a total ban on single-use plastics because individual efforts, while well-intentioned, simply can't combat the scale of plastic pollution on their own. Without strong, nationwide regulations, companies will continue producing cheap, disposable plastics, and consumers are left struggling to make eco-friendly choices. A government ban ensures fairness by leveling the playing field—especially for low-income households who may not afford reusable alternatives. It also prevents businesses from simply moving production to areas with looser rules, which would only shift the environmental damage instead of solving it. In short, a ban isn’t about restricting freedom—it’s about creating a cleaner, healthier future for everyone, without making every citizen responsible for fixing a problem that’s far too big for any one person to handle.",concession_and_contrast,stakeholder_responsibility,"However, individual actions alone cannot solve the massive pollution problem caused by single-use plastics. Without government intervention, efforts to reduce plastic waste remain inconsistent and ineffective, leaving the burden disproportionately on everyday citizens.",concession_and_contrast_stakeholder_responsibility,"I should analyze who bears responsibility—whether government, individuals, corporations, or other institutions. ",However,addition_and_elaboration,risk_and_unintended_consequences,"Moreover, a total ban by the government ensures a uniform standard across the country, preventing companies from shifting production to regions with weaker regulations, which could worsen environmental harm elsewhere.",addition_and_elaboration_risk_and_unintended_consequences,"I should identify risks, unintended outcomes, cascading effects, and potential for escalation. ",Moreover,exemplification,justice_and_fairness,"For example, a government ban makes it easier for regular people to make sustainable choices, especially those who lack access to reusable alternatives due to cost or availability. A ban removes the need for constant personal decision-making, reducing pressure on consumers.",exemplification_justice_and_fairness,"I should analyze whether outcomes, processes, and distributions are fair to all parties involved. ",For example,baseline,868,393,0.0031627300978477866
47,0.0,,,synthesis_restructured,random,3,20260206_123303,1.1385159492492676,"The government should enforce a total ban on single-use plastics because it’s a necessary step to protect our environment and ensure fairness for future generations. While some may worry about inconvenience, the reality is that governments have the tools and authority to implement such bans effectively, as demonstrated by successful policies in Canada and the European Union. Without strong government action, individuals are left to make difficult choices while large corporations continue polluting with little consequence. A ban shifts responsibility to the institutions best equipped to solve the problem—governments and industries—rather than placing the burden solely on everyday people. This approach promotes long-term sustainability and reduces harm to ecosystems and public health. Ultimately, a total ban is not just practical, but a moral obligation to safeguard the planet we all share.",concession_and_contrast,justice_and_fairness,"However, if the government bans single-use plastics, it will create a more equitable and sustainable environment for everyone.",concession_and_contrast_justice_and_fairness,"I should analyze whether outcomes, processes, and distributions are fair to all parties involved. ",However,emphasis_and_evaluation,feasibility_and_implementation,"Importantly, governments already have the infrastructure and regulatory power to enforce such a ban, as seen in countries like Canada and the EU.",emphasis_and_evaluation_feasibility_and_implementation,I should evaluate whether the proposal can actually be implemented and enforced effectively. ,Importantly,conditional,stakeholder_responsibility,"If governments don’t act, the burden falls entirely on individuals to change habits, while large corporations continue producing unsustainable products.",conditional_stakeholder_responsibility,"I should analyze who bears responsibility—whether government, individuals, corporations, or other institutions. ",If,baseline,901,412,0.003051374799774948
23,0.0,,,synthesis_restructured,random,2,20260206_123303,1.238116979598999,"The government should enforce a total ban on single-use plastics because these items cause severe and long-lasting damage to our environment, harming wildlife, polluting oceans, and contributing to climate change. Even though individuals value personal convenience, the harm caused by single-use plastics far outweighs the benefits, especially when safer, reusable alternatives are available. A ban is not an overreach—it’s a necessary step to protect public health, preserve natural ecosystems, and uphold our moral responsibility to future generations. Laws exist not just to restrict freedom, but to guide society toward what’s right and sustainable. By taking decisive action now, the government can lead by example, encourage innovation, and ensure that everyone—especially the most vulnerable—can live in a cleaner, healthier world. Ultimately, this ban reflects a commitment to fairness, long-term thinking, and collective well-being.",clarification_and_specification,ethical_principles,"In other words, people should act in ways that are good, honest, fair, and respectful to others and to the environment.",clarification_and_specification_ethical_principles,"I should evaluate actions based on moral rules, character virtues, relationships, and ethical obligations. ",In other words,addition_and_elaboration,governance_and_accountability,"Moreover, laws should reflect the collective moral will of society and ensure fairness, especially when protecting the vulnerable and the planet.",addition_and_elaboration_governance_and_accountability,"I should consider legal frameworks, accountability mechanisms, democratic principles, and proper authority. ",Moreover,clarification_and_specification,rights_and_liberties,"In other words, while personal freedom is important, it should not come at the cost of widespread environmental harm or the rights of future generations to a healthy planet.",clarification_and_specification_rights_and_liberties,"I should consider inalienable human rights, civil liberties, privacy protections, and the freedom to make one's own choices. ",In other words,baseline,941,430,0.0030116488789163802
124650,2.5555926010414876,,,synthesis_restructured,targeted,3,20260206_122715,1.1008646488189695,"A total ban on single-use plastics is a necessary and fair step toward protecting the environment for everyone. It ensures that no community—especially low-income or marginalized ones—bears a disproportionate share of plastic pollution. Many regions around the world have already implemented such bans successfully, showing that enforcement is realistic and practical. The long-term benefits, like cleaner oceans, safer wildlife, and reduced waste disposal costs, clearly outweigh the temporary inconvenience of adapting to reusable alternatives. By acting now, the government can lead the way in creating a healthier, more sustainable future for all.",conditional,justice_and_fairness,"If the government enacts a total ban on single-use plastics, it would promote fairness by ensuring all individuals and communities share equally in environmental protection, regardless of income or location.",conditional_justice_and_fairness,"I should analyze whether outcomes, processes, and distributions are fair to all parties involved. ",If,evidence_and_authority,feasibility_and_implementation,"Evidence shows that many countries and cities have successfully implemented plastic bans, proving that such policies are not only feasible but also adaptable to different social and economic contexts.",evidence_and_authority_feasibility_and_implementation,I should evaluate whether the proposal can actually be implemented and enforced effectively. ,Evidence shows that,exemplification,cost_benefit_and_impact_analysis,"For example, banning single-use plastics reduces pollution in oceans and rivers, protects wildlife, and lowers long-term waste management costs—benefits that far outweigh the short-term inconvenience of switching to alternatives.",exemplification_cost_benefit_and_impact_analysis,"I should quantify and compare costs, benefits, and real-world impacts across economic, social, and environmental dimensions. ",For example,targeted,651,9,0.002966745065611418
155650,2.553052425205486,,,synthesis_restructured,targeted,3,20260206_122715,1.3523967266082764,"Single-use plastics are a major source of pollution that harms wildlife, contaminates waterways, and even makes their way into our food and drinking water. Even small items like plastic bags and straws can take hundreds of years to break down, and they often end up in oceans, where they endanger marine life. A total ban would force companies and consumers to switch to safer, reusable alternatives, reducing waste and protecting ecosystems. While some might worry about inconvenience or cost, many communities have already proven that alternatives like paper bags, metal straws, and reusable containers work just as well and are more sustainable in the long run. The environmental and health risks of doing nothing are far greater than the temporary adjustments needed to make this change. The government has a responsibility to protect public health and the planet, and a total ban is the most effective way to ensure lasting progress.",conditional,risk_and_unintended_consequences,"If we don't act now to eliminate single-use plastics, the environment will continue to degrade, harming wildlife, polluting oceans, and contributing to long-term health risks for humans.",conditional_risk_and_unintended_consequences,"I should identify risks, unintended outcomes, cascading effects, and potential for escalation. ",If,exemplification,feasibility_and_implementation,"For example, plastic bags and straws often end up in rivers and oceans, where they break down into microplastics that enter the food chain and can eventually be consumed by people.",exemplification_feasibility_and_implementation,I should evaluate whether the proposal can actually be implemented and enforced effectively. ,For example,exemplification,cost_benefit_and_impact_analysis,"For example, while some businesses may face short-term costs, the long-term savings from reduced cleanup expenses and environmental damage far outweigh these initial challenges.",exemplification_cost_benefit_and_impact_analysis,"I should quantify and compare costs, benefits, and real-world impacts across economic, social, and environmental dimensions. ",For example,targeted,938,209,0.002869641303923315
45,0.0,,,synthesis_restructured,random,3,20260206_123303,1.0575942993164062,"Single-use plastics are a major source of pollution that harms wildlife, clogs landfills, and contaminates our oceans. While individuals can reduce their use, lasting change requires strong government action—especially a total ban—to create consistent, nationwide standards. Without such enforcement, companies have little incentive to switch to sustainable alternatives, and pollution will continue to grow. A ban also ensures fairness by holding producers accountable, rather than placing the burden on consumers and vulnerable communities. It pushes innovation, helping businesses develop better, reusable, and eco-friendly packaging. Ultimately, this step protects our environment, public health, and future generations—making it a necessary and responsible choice.",concession_and_contrast,stakeholder_responsibility,"However, individual efforts alone aren’t enough to solve widespread pollution; systemic change driven by government policy is essential for meaningful impact.",concession_and_contrast_stakeholder_responsibility,"I should analyze who bears responsibility—whether government, individuals, corporations, or other institutions. ",However,addition_and_elaboration,justice_and_fairness,"Moreover, a ban ensures fair environmental responsibility by shifting the burden from communities and ecosystems to producers and industries that create the waste.",addition_and_elaboration_justice_and_fairness,"I should analyze whether outcomes, processes, and distributions are fair to all parties involved. ",Moreover,conditional,incentives_and_power_dynamics,"If the government bans single-use plastics, it incentivizes innovation in sustainable packaging and empowers businesses to lead in eco-friendly solutions.",conditional_incentives_and_power_dynamics,"I should examine what behaviors are encouraged, who holds power, and how interests align or conflict. ",If,baseline,769,305,0.00280495620888677
124650,2.5555926010414876,,,synthesis_restructured,targeted,1,20260206_122715,1.2403969764709473,"Single-use plastics are a major source of pollution that harms wildlife, contaminates our oceans, and threatens human health. Banning them entirely is a necessary step to protect the planet and future generations. While some may worry about inconvenience, countries like Canada and the EU have already proven such bans are practical and lead to the development of better, reusable alternatives. The long-term environmental and economic benefits far outweigh the short-term costs of switching to sustainable options. We can’t afford to wait—every day without action brings more harm to our ecosystems and communities. A total ban is not just responsible, it’s essential for a healthier, cleaner world.",conditional,justice_and_fairness,"If we don't act now, single-use plastics will continue to pollute our oceans, harm wildlife, and contribute to climate change. The harm caused by these plastics is not just environmental—it affects human health and livelihoods, especially in coastal communities.",conditional_justice_and_fairness,"I should analyze whether outcomes, processes, and distributions are fair to all parties involved. ",If,evidence_and_authority,feasibility_and_implementation,"Evidence shows that countries like Canada and the EU have successfully banned certain single-use plastics, proving that such policies are not only feasible but also lead to innovation in sustainable alternatives.",evidence_and_authority_feasibility_and_implementation,I should evaluate whether the proposal can actually be implemented and enforced effectively. ,Evidence shows that,exemplification,cost_benefit_and_impact_analysis,"For example, plastic bags and straws cost very little to produce, but their environmental and cleanup costs are enormous—plastic waste costs billions annually in damage to ecosystems and cleanup efforts.",exemplification_cost_benefit_and_impact_analysis,"I should quantify and compare costs, benefits, and real-world impacts across economic, social, and environmental dimensions. ",For example,targeted,700,32,0.0026736895442980788
31,0.0,,,synthesis_restructured,random,3,20260206_123303,1.2401020526885986,"If we don’t act now, single-use plastics will continue poisoning our oceans, harming wildlife, and contaminating our food and water. Laws have worked before—like banning smoking in public or phasing out leaded fuel—and the government has a clear responsibility to protect people and the planet. Without a legal ban, companies will keep producing these harmful products because they profit from them, and no one else has the power or incentive to stop. The environmental and health costs of inaction far outweigh any short-term convenience. We already see the damage in our rivers and on our beaches—this isn’t a debate about preference, it’s about survival. The government must act decisively to protect us all, especially future generations. A total ban is not just reasonable—it’s necessary.",evidence_and_authority,governance_and_accountability,"Evidence shows that well-designed laws, such as the Clean Air Act or the ban on smoking in public places, have successfully changed harmful behaviors through clear legal mandates.",evidence_and_authority_governance_and_accountability,"I should consider legal frameworks, accountability mechanisms, democratic principles, and proper authority. ",Evidence shows that,conditional,incentives_and_power_dynamics,"If the government does not step in to ban single-use plastics, who will? The market does not naturally correct this problem—companies prioritize profit over environmental health.",conditional_incentives_and_power_dynamics,"I should examine what behaviors are encouraged, who holds power, and how interests align or conflict. ",If,clarification_and_specification,precedent_and_long_term_effects,"In other words, the government has a duty to protect public health and future generations—just as it has banned asbestos, leaded gasoline, and tobacco advertising.",clarification_and_specification_precedent_and_long_term_effects,"I should evaluate historical precedents, long-term vs short-term tradeoffs, and obligations to future generations. ",In other words,baseline,793,328,0.002648422124932308
469056,2.497172796109802,,,synthesis_restructured,targeted,0,20260206_122715,1.071141004562378,"Single-use plastics are a major source of pollution, clogging landfills and harming marine life. A total government ban would stop this waste before it starts, protecting both the environment and public health. While some may worry about inconvenience, alternatives like reusable bags and containers are widely available and often more durable. Countries like Rwanda and Canada have already proven that such bans work in practice, reducing plastic waste dramatically. The long-term benefits—cleaner oceans, healthier wildlife, and less pollution—far outweigh any short-term adjustments. For the average person, this is a simple step toward a cleaner, safer future. A total ban is not just possible—it’s necessary.",evidence_and_authority,feasibility_and_implementation,"Evidence shows that plastic waste is overwhelming landfills and polluting oceans, harming wildlife and ecosystems. A total ban would stop this damage at the source.",evidence_and_authority_feasibility_and_implementation,I should evaluate whether the proposal can actually be implemented and enforced effectively. ,Evidence shows that,conclusion_and_summary,cost_benefit_and_impact_analysis,"In conclusion, the environmental damage from single-use plastics far outweighs any temporary inconvenience or cost to consumers and businesses.",conclusion_and_summary_cost_benefit_and_impact_analysis,"I should quantify and compare costs, benefits, and real-world impacts across economic, social, and environmental dimensions. ",In conclusion,exemplification,feasibility_and_implementation,"For example, countries like Rwanda and Canada have already implemented similar bans and seen remarkable reductions in plastic pollution, proving that it’s feasible and effective.",exemplification_feasibility_and_implementation,I should evaluate whether the proposal can actually be implemented and enforced effectively. ,For example,targeted,713,38,0.002645320642997474
464456,2.50140962554797,,,synthesis_restructured,targeted,4,20260206_122715,1.108109474182129,"Single-use plastics are one of the biggest contributors to environmental pollution, clogging waterways and harming wildlife. A total government ban would significantly reduce this waste, especially since alternatives like reusable bags and containers are already widely available and affordable. Countries like Canada and the European Union have successfully implemented such bans, showing that enforcement is possible and effective. Even in places like Rwanda, where the ban is strictly enforced, the nation has become one of the cleanest in the world. As an average person, I believe we should support policies that protect our planet, and a ban on single-use plastics is a clear, necessary step toward a healthier future for everyone.",evidence_and_authority,feasibility_and_implementation,"Evidence shows that banning single-use plastics can drastically reduce pollution in oceans, rivers, and landfills, which are already overwhelmed by plastic waste.",evidence_and_authority_feasibility_and_implementation,I should evaluate whether the proposal can actually be implemented and enforced effectively. ,Evidence shows that,evidence_and_authority,governance_and_accountability,"Evidence shows that governments have successfully implemented similar bans in countries like Canada and the EU, proving that enforcement is both feasible and effective.",evidence_and_authority_governance_and_accountability,"I should consider legal frameworks, accountability mechanisms, democratic principles, and proper authority. ",Evidence shows that,exemplification,feasibility_and_implementation,"For example, plastic bags have been banned in over 100 cities worldwide, and in places like Rwanda, the ban is so strictly enforced that it has created a model for clean urban environments.",exemplification_feasibility_and_implementation,I should evaluate whether the proposal can actually be implemented and enforced effectively. ,For example,targeted,737,55,0.0026436495664450203
24,0.0,,,synthesis_restructured,random,3,20260206_123303,1.2343509197235107,"A total ban on single-use plastics is a fair and necessary step because it protects the environment for everyone, especially communities that bear the brunt of pollution. Historically, banning harmful materials like leaded gasoline has led to lasting public health benefits, so this action follows a proven path toward a safer world. While some businesses may need to adapt, the long-term savings in environmental cleanup, reduced ocean waste, and lower health costs make this shift not only just but economically smart. It’s time to prioritize the planet and future generations over convenience. The small sacrifices today lead to a healthier, cleaner world tomorrow.",causal_reasoning,justice_and_fairness,"Therefore, a total ban on single-use plastics is fair because it protects the environment, which benefits all people equally, and avoids placing the burden of pollution on marginalized communities who are most affected by environmental degradation.",causal_reasoning_justice_and_fairness,"I should analyze whether outcomes, processes, and distributions are fair to all parties involved. ",Therefore,emphasis_and_evaluation,precedent_and_long_term_effects,"Importantly, history shows that banning harmful substances—like lead in gasoline or asbestos—has led to better public health and environmental outcomes, so a ban on single-use plastics is a responsible, forward-thinking step for future generations.",emphasis_and_evaluation_precedent_and_long_term_effects,"I should evaluate historical precedents, long-term vs short-term tradeoffs, and obligations to future generations. ",Importantly,emphasis_and_evaluation,cost_benefit_and_impact_analysis,"Importantly, while some industries may face short-term adjustments, the long-term savings in cleanup costs, reduced pollution in oceans and waterways, and lower healthcare expenses from environmental toxins far outweigh the initial inconvenience.",emphasis_and_evaluation_cost_benefit_and_impact_analysis,"I should quantify and compare costs, benefits, and real-world impacts across economic, social, and environmental dimensions. ",Importantly,baseline,668,233,0.0026428250682303516
2,0.0,,,synthesis_restructured,random,2,20260206_123303,1.0803983211517334,"A total ban on single-use plastics is essential because these materials disproportionately harm low-income communities and developing nations, where waste is often dumped and poorly managed. Even though some may argue this would inconvenience consumers, the long-term benefits to our environment and public health far outweigh temporary discomfort. We have a moral obligation to protect the planet for future generations, who should not inherit a world choked by plastic waste. Historically, society has adapted to bans on harmful products—like lead in gasoline or tobacco advertising—showing that change is possible and necessary. By eliminating single-use plastics, we create a cleaner, safer, and more sustainable world for everyone. This ban isn’t just about rules—it’s about fairness, responsibility, and protecting the planet we all share.",causal_reasoning,justice_and_fairness,"Therefore, enforcing a total ban on single-use plastics is necessary to ensure fairness and protect the environment for future generations.",causal_reasoning_justice_and_fairness,"I should analyze whether outcomes, processes, and distributions are fair to all parties involved. ",Therefore,clarification_and_specification,justice_and_fairness,"In other words, single-use plastics disproportionately harm low-income communities and developing nations through pollution and waste dumping.",clarification_and_specification_justice_and_fairness,"I should analyze whether outcomes, processes, and distributions are fair to all parties involved. ",In other words,clarification_and_specification,precedent_and_long_term_effects,"In other words, we have a moral responsibility to future generations to reduce pollution and preserve natural resources.",clarification_and_specification_precedent_and_long_term_effects,"I should evaluate historical precedents, long-term vs short-term tradeoffs, and obligations to future generations. ",In other words,baseline,845,376,0.002637100276064956
29,0.0,,,synthesis_restructured,random,1,20260206_123303,1.384692907333374,"The government should enforce a total ban on single-use plastics because it has a moral duty to protect both public health and the environment. These materials pollute our oceans, harm wildlife, and can enter our food chain through microplastics, threatening long-term well-being. While some may worry about inconvenience, history shows that bans in other nations have successfully led to the adoption of reusable and biodegradable alternatives. Waiting for voluntary change has already failed—plastic waste continues to grow. The government must act decisively, as individuals and corporations alone cannot solve this crisis. A ban is not just practical, but necessary to safeguard our planet and future generations.",emphasis_and_evaluation,ethical_principles,"Importantly, the government has a responsibility to protect public health and the environment, and a total ban on single-use plastics is a necessary step to fulfill that duty. These materials are not only harmful to ecosystems but also pose long-term risks to human health through microplastic contamination in food and water sources.",emphasis_and_evaluation_ethical_principles,"I should evaluate actions based on moral rules, character virtues, relationships, and ethical obligations. ",Importantly,emphasis_and_evaluation,precedent_and_long_term_effects,"Importantly, many countries that have implemented plastic bans have seen successful transitions to sustainable alternatives, proving that such policies are feasible and effective over time. Waiting for a voluntary shift ignores the urgency of environmental degradation and places an unfair burden on future generations.",emphasis_and_evaluation_precedent_and_long_term_effects,"I should evaluate historical precedents, long-term vs short-term tradeoffs, and obligations to future generations. ",Importantly,clarification_and_specification,stakeholder_responsibility,"In other words, the government must lead by example and enforce regulations, because relying solely on individual choice or corporate goodwill has failed so far. The scale of plastic pollution demands collective action and strong policy intervention.",clarification_and_specification_stakeholder_responsibility,"I should analyze who bears responsibility—whether government, individuals, corporations, or other institutions. ",In other words,baseline,717,260,0.002604522387557153
49,0.0,,,synthesis_restructured,random,4,20260206_123303,1.381052017211914,"The government should enforce a total ban on single-use plastics because the environmental harm they cause is already widespread and dangerous—oceans are overflowing with plastic waste, animals are dying from ingestion, and microplastics are showing up in our food and water. Thankfully, safe and practical alternatives like paper, glass, and reusable containers already exist and are being used successfully in many communities, so switching isn’t a burden but a realistic upgrade. A ban would push industries to innovate and take responsibility, while protecting public health and natural ecosystems. The long-term benefits far outweigh any short-term inconvenience, and it’s time for bold action to protect future generations. Without decisive government intervention, plastic pollution will only worsen, harming both people and the planet. A total ban is not just possible—it’s essential.",addition_and_elaboration,risk_and_unintended_consequences,"Moreover, the environmental damage from plastic waste is already severe—oceans are choked with debris, wildlife is harmed, and microplastics are entering our food chain. A total ban would drastically reduce this pollution and protect ecosystems and human health.",addition_and_elaboration_risk_and_unintended_consequences,"I should identify risks, unintended outcomes, cascading effects, and potential for escalation. ",Moreover,evidence_and_authority,incentives_and_power_dynamics,"Evidence shows that alternatives like paper, glass, and reusable materials are already available and widely used in many places, proving that a ban is feasible without disrupting daily life.",evidence_and_authority_incentives_and_power_dynamics,"I should examine what behaviors are encouraged, who holds power, and how interests align or conflict. ",Evidence shows that,conclusion_and_summary,justice_and_fairness,"In conclusion, a government ban on single-use plastics is a necessary and achievable step toward a cleaner, healthier planet, and it places responsibility on industry and policymakers to innovate, not the public to suffer.",conclusion_and_summary_justice_and_fairness,"I should analyze whether outcomes, processes, and distributions are fair to all parties involved. ",In conclusion,baseline,892,406,0.002490325413233282
464650,2.858376423536269,,,synthesis_restructured,targeted,4,20260206_122715,0.969707727432251,"Single-use plastics are a major source of pollution, clogging waterways and harming wildlife. A government-enforced ban would push industries and consumers toward reusable, eco-friendly alternatives, reducing long-term environmental damage. Countries like Canada and the European Union have already shown that such bans are feasible and effective, with measurable drops in plastic waste. While there may be initial costs to businesses and households, the long-term benefits to public health and ecosystems far outweigh them. As someone who cares about clean streets and a safer planet, I believe the government has a responsibility to act decisively. A total ban is not just possible—it’s necessary for a sustainable future.",evidence_and_authority,feasibility_and_implementation,Evidence shows that bans on single-use plastics reduce pollution and are enforceable through existing regulatory frameworks.,evidence_and_authority_feasibility_and_implementation,I should evaluate whether the proposal can actually be implemented and enforced effectively. ,Evidence shows that,evidence_and_authority,feasibility_and_implementation,Evidence shows that bans on single-use plastics reduce pollution and are enforceable through existing regulatory frameworks.,evidence_and_authority_feasibility_and_implementation,I should evaluate whether the proposal can actually be implemented and enforced effectively. ,Evidence shows that,exemplification,cost_benefit_and_impact_analysis,"For example, countries like Canada and the EU have already implemented successful bans that lowered plastic waste in oceans and promoted sustainable alternatives.",exemplification_cost_benefit_and_impact_analysis,"I should quantify and compare costs, benefits, and real-world impacts across economic, social, and environmental dimensions. ",For example,targeted,724,44,0.002476823658045129
42,0.0,,,synthesis_restructured,random,2,20260206_123303,1.290903091430664,"We have a moral obligation to protect the planet for future generations, and allowing single-use plastics to choke our oceans and poison our ecosystems fails that duty. These plastics don’t just disappear—they break down into microplastics that enter our food, water, and air, endangering both wildlife and human health. While individuals can reduce their plastic use, meaningful change requires government action to level the playing field and prevent corporations from prioritizing profit over the planet. A total ban is the most effective way to eliminate this pollution at the source, encourage innovation in sustainable alternatives, and ensure long-term environmental and public health. Without government enforcement, progress will be too slow and too inconsistent to make a real difference. It’s time we take bold, decisive action to protect our shared home.",emphasis_and_evaluation,ethical_principles,"Importantly, we all have an ethical duty to protect the environment for future generations, and allowing single-use plastics to pollute our oceans, land, and air violates that responsibility.",emphasis_and_evaluation_ethical_principles,"I should evaluate actions based on moral rules, character virtues, relationships, and ethical obligations. ",Importantly,evidence_and_authority,risk_and_unintended_consequences,"Evidence shows that single-use plastics persist in ecosystems for hundreds of years, harming wildlife, contaminating food chains, and contributing to climate change through fossil fuel extraction and incineration.",evidence_and_authority_risk_and_unintended_consequences,"I should identify risks, unintended outcomes, cascading effects, and potential for escalation. ",Evidence shows that,concession_and_contrast,stakeholder_responsibility,"However, individual actions alone are insufficient to solve a systemic problem; the government must step in to enforce broad, consistent rules that hold industries accountable and protect public health and the planet.",concession_and_contrast_stakeholder_responsibility,"I should analyze who bears responsibility—whether government, individuals, corporations, or other institutions. ",However,baseline,866,391,0.0023541182557287933
425650,2.562847051919229,,,synthesis_restructured,targeted,0,20260206_122715,1.2570524215698242,"Single-use plastics are a major contributor to environmental pollution, clogging oceans and harming wildlife, which affects both nature and human communities. While some may worry about inconvenience, real-world examples like Rwanda and Kenya show that strict bans can be enforced successfully and lead to cleaner, healthier environments. The long-term benefits—such as reduced cleanup costs, less pollution, and protection of natural ecosystems—far outweigh the short-term adjustments. As an average person, I care about leaving a cleaner planet for future generations and believe that a government-led ban is a necessary step to protect our environment. It’s not just about convenience; it’s about responsibility and sustainability. We’ve already seen alternatives like reusable bags and containers work in everyday life, proving that change is possible. A total ban is not extreme—it’s a practical, responsible choice for the planet and for us all.",evidence_and_authority,justice_and_fairness,"Evidence shows that single-use plastics are a major source of environmental pollution, harming marine life and contributing to long-term ecological damage.",evidence_and_authority_justice_and_fairness,"I should analyze whether outcomes, processes, and distributions are fair to all parties involved. ",Evidence shows that,exemplification,feasibility_and_implementation,"For example, countries like Rwanda and Kenya have successfully implemented strict bans on single-use plastics, proving that enforcement is feasible with strong political will and public cooperation.",exemplification_feasibility_and_implementation,I should evaluate whether the proposal can actually be implemented and enforced effectively. ,For example,exemplification,cost_benefit_and_impact_analysis,"For example, banning single-use plastics reduces waste in landfills, lowers cleanup costs, and prevents long-term harm to ecosystems and public health.",exemplification_cost_benefit_and_impact_analysis,"I should quantify and compare costs, benefits, and real-world impacts across economic, social, and environmental dimensions. ",For example,targeted,951,213,0.0023001474313356102
16,0.0,,,synthesis_restructured,random,0,20260206_123303,1.3126492500305176,"The government should enforce a total ban on single-use plastics because it is a necessary step to protect both the environment and public health. Right now, plastic pollution is harming ecosystems and disproportionately affecting low-income communities and future generations, who have little say in how resources are used. A ban ensures fairness by limiting the long-term damage caused by irresponsible waste and holding producers accountable. It also drives innovation, encouraging businesses and consumers to embrace sustainable alternatives and create green jobs. By taking strong action, the government can lead the way toward a cleaner, healthier future for everyone.",evidence_and_authority,governance_and_accountability,"Evidence shows that enforcing a total ban on single-use plastics is a necessary and effective way to protect the environment and public health. The government has a responsibility to act decisively when public welfare is at risk, especially when harmful substances like plastic pose long-term dangers to ecosystems and human life.",evidence_and_authority_governance_and_accountability,"I should consider legal frameworks, accountability mechanisms, democratic principles, and proper authority. ",Evidence shows that,evidence_and_authority,justice_and_fairness,"Evidence shows that current plastic pollution is disproportionately harming marginalized communities and future generations, who have little voice in policy decisions. A government ban ensures fairness by preventing the continuing burden of waste on vulnerable populations and preserving natural resources for all.",evidence_and_authority_justice_and_fairness,"I should analyze whether outcomes, processes, and distributions are fair to all parties involved. ",Evidence shows that,sequence_and_transition,incentives_and_power_dynamics,"Next, a total ban encourages innovation and shifts consumer and business behavior toward sustainable alternatives, creating new green jobs and reducing dependence on fossil fuels. By taking decisive action, the government gives businesses a clear path to adapt while prioritizing long-term environmental health over short-term convenience.",sequence_and_transition_incentives_and_power_dynamics,"I should examine what behaviors are encouraged, who holds power, and how interests align or conflict. ",Next,baseline,674,236,0.002269215401421212
465650,2.8355429776601215,,,synthesis_restructured,targeted,4,20260206_122715,1.0075128078460691,"Single-use plastics are a major environmental hazard, polluting oceans and endangering wildlife. A total government ban would significantly reduce this pollution and protect ecosystems. Countries like Rwanda and Kenya have already proven that such bans are enforceable and effective, showing that it’s not just possible but practical. While some may worry about convenience, reusable alternatives are widely available and often more durable. The long-term savings from reduced cleanup efforts and environmental damage outweigh the short-term costs of transition. A ban is a necessary step toward a cleaner, healthier planet for everyone.",evidence_and_authority,feasibility_and_implementation,"Evidence shows that single-use plastics are a major source of pollution, clogging waterways and harming wildlife. A total ban would drastically reduce this environmental damage.",evidence_and_authority_feasibility_and_implementation,I should evaluate whether the proposal can actually be implemented and enforced effectively. ,Evidence shows that,exemplification,feasibility_and_implementation,"For example, countries like Rwanda and Kenya have successfully enforced strict bans on plastic bags, proving that such policies are feasible and effective in real-world settings.",exemplification_feasibility_and_implementation,I should evaluate whether the proposal can actually be implemented and enforced effectively. ,For example,exemplification,cost_benefit_and_impact_analysis,"For example, the cost of cleaning up plastic waste often exceeds the cost of switching to sustainable alternatives, making a ban economically sensible in the long run.",exemplification_cost_benefit_and_impact_analysis,"I should quantify and compare costs, benefits, and real-world impacts across economic, social, and environmental dimensions. ",For example,targeted,637,6,0.002081024764716409
466046,2.6842490077689276,,,synthesis_restructured,targeted,1,20260206_122715,1.0789620876312256,"Single-use plastics are a major source of pollution, clogging our oceans, harming wildlife, and even entering our food chain. A total ban would stop this damage at the source, protecting both nature and human health in a way that recycling alone never could. While some might worry about inconvenience, real-world examples from places like Canada and the EU show that bans can be implemented smoothly with public support and alternative options. The shift to reusable or compostable materials is already happening and benefits everyone in the long run. It’s time we take a stand against pollution and choose sustainable solutions. A government-enforced ban is not just practical—it’s necessary for a cleaner, healthier future.",evidence_and_authority,feasibility_and_implementation,"Evidence shows that plastic pollution is harming ecosystems and wildlife globally, and a total ban would drastically reduce this damage.",evidence_and_authority_feasibility_and_implementation,I should evaluate whether the proposal can actually be implemented and enforced effectively. ,Evidence shows that,clarification_and_specification,cost_benefit_and_impact_analysis,"In other words, while banning single-use plastics may require some initial adjustments, the long-term environmental and health benefits far outweigh the short-term inconveniences.",clarification_and_specification_cost_benefit_and_impact_analysis,"I should quantify and compare costs, benefits, and real-world impacts across economic, social, and environmental dimensions. ",In other words,evidence_and_authority,feasibility_and_implementation,"Evidence shows that countries like Canada and the EU have successfully phased out single-use plastics through clear regulations and public campaigns, proving it’s feasible.",evidence_and_authority_feasibility_and_implementation,I should evaluate whether the proposal can actually be implemented and enforced effectively. ,Evidence shows that,targeted,726,45,0.0020187959492206867
463846,2.509706127686236,,,synthesis_restructured,targeted,1,20260206_122715,1.2517461776733398,"The government should enforce a total ban on single-use plastics because it’s a practical and necessary step to protect our environment. Many countries and cities have already implemented such bans with success, showing that it’s possible to make the switch without causing major economic or social disruption. Single-use plastics pollute our oceans, harm wildlife, and take hundreds of years to break down—this damage affects not just us, but future generations. Switching to reusable or biodegradable alternatives is not only possible but increasingly affordable and convenient. By taking strong action now, we can reduce waste, conserve natural resources, and set a global standard for sustainability. The short-term inconvenience of changing habits is a small price to pay for a cleaner, healthier planet.",evidence_and_authority,feasibility_and_implementation,"Evidence shows that banning single-use plastics is both feasible and already being successfully implemented in various regions around the world, proving that governments can enforce such bans without major disruptions.",evidence_and_authority_feasibility_and_implementation,I should evaluate whether the proposal can actually be implemented and enforced effectively. ,Evidence shows that,addition_and_elaboration,precedent_and_long_term_effects,"Moreover, the long-term environmental benefits—like cleaner oceans, reduced pollution, and protection of wildlife—far outweigh the short-term inconvenience of adapting to alternatives, especially since reusable options are becoming more accessible and affordable.",addition_and_elaboration_precedent_and_long_term_effects,"I should evaluate historical precedents, long-term vs short-term tradeoffs, and obligations to future generations. ",Moreover,evidence_and_authority,feasibility_and_implementation,"Evidence shows that banning single-use plastics is both feasible and already being successfully implemented in various regions around the world, proving that governments can enforce such bans without major disruptions.",evidence_and_authority_feasibility_and_implementation,I should evaluate whether the proposal can actually be implemented and enforced effectively. ,Evidence shows that,targeted,809,124,0.0019621998558600334
42,0.0,,,synthesis_restructured,random,1,20260206_123303,1.101975917816162,"We all have a moral responsibility to protect the planet for future generations, and single-use plastics are a major threat to our environment. These materials don’t biodegrade—they break into microplastics that pollute oceans, poison marine life, and even enter our food chain, endangering human health. While individuals can try to reduce plastic use, voluntary action isn't enough when the scale of the problem is so vast. That’s why the government must take strong, enforceable action—like a total ban—to hold corporations accountable, drive innovation in sustainable alternatives, and ensure everyone contributes fairly to solving the crisis. A ban is not an overreach—it’s a necessary step to protect both nature and our shared future.",emphasis_and_evaluation,ethical_principles,"Importantly, we all have a moral obligation to protect the environment for future generations, and single-use plastics are a major threat to that goal.",emphasis_and_evaluation_ethical_principles,"I should evaluate actions based on moral rules, character virtues, relationships, and ethical obligations. ",Importantly,evidence_and_authority,risk_and_unintended_consequences,"Evidence shows that single-use plastics pollute oceans, harm wildlife, and persist in ecosystems for centuries—posing irreversible damage to natural systems.",evidence_and_authority_risk_and_unintended_consequences,"I should identify risks, unintended outcomes, cascading effects, and potential for escalation. ",Evidence shows that,concession_and_contrast,stakeholder_responsibility,"However, individual efforts alone are insufficient; systemic change needs government enforcement to ensure widespread compliance and accountability.",concession_and_contrast_stakeholder_responsibility,"I should analyze who bears responsibility—whether government, individuals, corporations, or other institutions. ",However,baseline,741,276,0.0019547487373509412
464444,2.7162221831131577,,,synthesis_restructured,targeted,4,20260206_122715,1.1820831298828125,"Single-use plastics are a major source of pollution, harming wildlife, contaminating waterways, and contributing to climate change. A government-enforced ban is a necessary and practical step to protect our environment and public health, especially since many countries have already implemented similar bans with positive results. It’s not about restricting freedom—it’s about prioritizing long-term sustainability over short-term convenience. Governments have both the authority and the duty to regulate harmful products, and single-use plastics clearly qualify. With better alternatives available—like reusable bags, glass containers, and biodegradable materials—there’s no reason to continue relying on plastic waste. A ban is a responsible, forward-thinking policy that protects the planet for future generations.",evidence_and_authority,feasibility_and_implementation,"Evidence shows that banning single-use plastics is not only feasible but has already been successfully enacted in various countries and cities, proving that such policies can be implemented without causing widespread disruption.",evidence_and_authority_feasibility_and_implementation,I should evaluate whether the proposal can actually be implemented and enforced effectively. ,Evidence shows that,evidence_and_authority,governance_and_accountability,"Evidence shows that governments have the legal authority and responsibility to regulate harmful products for public health and environmental protection, and a ban on single-use plastics falls within this scope.",evidence_and_authority_governance_and_accountability,"I should consider legal frameworks, accountability mechanisms, democratic principles, and proper authority. ",Evidence shows that,evidence_and_authority,governance_and_accountability,"Evidence shows that governments have the legal authority and responsibility to regulate harmful products for public health and environmental protection, and a ban on single-use plastics falls within this scope.",evidence_and_authority_governance_and_accountability,"I should consider legal frameworks, accountability mechanisms, democratic principles, and proper authority. ",Evidence shows that,targeted,817,131,0.0019352904466690606
68046,2.520083179630603,,,synthesis_restructured,targeted,4,20260206_122715,1.3060078620910645,"A total ban on single-use plastics is essential because the current amount of plastic waste is devastating our environment—clogging landfills, choking marine life, and polluting waterways. While some worry about the cost of switching to alternatives, the long-term benefits, including cleaner oceans, lower cleanup costs, and healthier ecosystems, far outweigh the short-term inconvenience. Countries like Rwanda and Canada have already proven that such bans can be enforced successfully with public cooperation and clear policies. As an average person, I want a cleaner, safer world for my family, and this ban is a practical step toward that goal. Without government action, individual efforts won’t be enough to stop the plastic crisis. The time to act is now—through a total ban, we can protect our planet and future generations.",causal_reasoning,feasibility_and_implementation,"Therefore, a total ban on single-use plastics is necessary because the current level of plastic waste is overwhelming our landfills and polluting our oceans, and without a strict policy, individuals and businesses won’t change their habits.",causal_reasoning_feasibility_and_implementation,I should evaluate whether the proposal can actually be implemented and enforced effectively. ,Therefore,sequence_and_transition,cost_benefit_and_impact_analysis,"Next, while some may worry about the cost of alternatives, the long-term environmental and economic savings—like reduced cleanup costs and less damage to marine life—far outweigh the short-term inconvenience.",sequence_and_transition_cost_benefit_and_impact_analysis,"I should quantify and compare costs, benefits, and real-world impacts across economic, social, and environmental dimensions. ",Next,evidence_and_authority,feasibility_and_implementation,"Evidence shows that countries like Rwanda and Canada have successfully implemented similar bans, proving that enforcement is possible with proper planning and public support.",evidence_and_authority_feasibility_and_implementation,I should evaluate whether the proposal can actually be implemented and enforced effectively. ,Evidence shows that,targeted,833,147,0.0019281770707062986
464444,2.7162221831131577,,,synthesis_restructured,targeted,3,20260206_122715,1.1751441955566406,"Single-use plastics are a major source of pollution that harms wildlife, contaminates ecosystems, and contributes to climate change. The government has a duty to protect public health and the environment, and banning these harmful materials is a necessary step toward sustainability. While some may worry about inconvenience, history shows that people can adapt to new rules—just like with smoking bans and seatbelt laws—when the long-term benefits are clear. A total ban would encourage innovation in reusable and biodegradable alternatives, reduce waste, and protect natural resources for future generations. The environmental and economic costs of inaction far outweigh the short-term challenges of implementation. Therefore, a government-enforced ban on single-use plastics is both responsible and essential.",evidence_and_authority,feasibility_and_implementation,"Evidence shows that many single-use plastics are not recyclable and end up in landfills or oceans, where they persist for centuries and cause severe environmental harm.",evidence_and_authority_feasibility_and_implementation,I should evaluate whether the proposal can actually be implemented and enforced effectively. ,Evidence shows that,evidence_and_authority,governance_and_accountability,"Evidence shows that the government has the authority and responsibility to protect public health and the environment, and banning harmful materials like single-use plastics fits within that mandate.",evidence_and_authority_governance_and_accountability,"I should consider legal frameworks, accountability mechanisms, democratic principles, and proper authority. ",Evidence shows that,evidence_and_authority,governance_and_accountability,"Evidence shows that when laws are clear and consistently enforced, people adapt—such as with smoking bans and seatbelt laws—proving that behavioral change is possible even with strict regulations.",evidence_and_authority_governance_and_accountability,"I should consider legal frameworks, accountability mechanisms, democratic principles, and proper authority. ",Evidence shows that,targeted,812,127,0.0019109780327006022
40,0.0,,,synthesis_restructured,random,1,20260206_123303,1.2245979309082031,"The government should enforce a total ban on single-use plastics because it has the authority and responsibility to protect public health and the environment. While some may worry about government overreach, the damage caused by plastic pollution—clogging waterways, killing marine life, and entering our food chain—poses a far greater threat to society. The government is uniquely equipped to regulate industries, set standards, and ensure compliance through laws and enforcement. Rather than leaving solutions to individual choices, which have proven ineffective, a nationwide ban would create consistent, measurable change. We’ve seen successful bans in other countries reduce plastic waste dramatically, proving this approach works. Ultimately, protecting our planet and future generations requires bold, decisive action—something only a government can lead.",sequence_and_transition,governance_and_accountability,"Next, I will argue that the government has both the legal authority and democratic legitimacy to implement such a ban, as it acts in the public interest and follows established policy-making processes.",sequence_and_transition_governance_and_accountability,"I should consider legal frameworks, accountability mechanisms, democratic principles, and proper authority. ",Next,emphasis_and_evaluation,risk_and_unintended_consequences,"Importantly, any concern about overreach must be weighed against the proven environmental damage caused by single-use plastics, which harms ecosystems, wildlife, and human health.",emphasis_and_evaluation_risk_and_unintended_consequences,"I should identify risks, unintended outcomes, cascading effects, and potential for escalation. ",Importantly,addition_and_elaboration,stakeholder_responsibility,"Moreover, the responsibility to protect the environment and public well-being lies primarily with the government, which is best positioned to coordinate large-scale solutions and enforce standards.",addition_and_elaboration_stakeholder_responsibility,"I should analyze who bears responsibility—whether government, individuals, corporations, or other institutions. ",Moreover,baseline,862,387,0.0019108380753657826
0,0.0,,,synthesis_restructured,random,0,20260206_123303,1.3504862785339355,"The government should enforce a total ban on single-use plastics because they cause lasting harm to the environment and public health. Plastic waste doesn’t biodegrade—it breaks into smaller pieces that pollute oceans, harm wildlife, and even enter our food supply. While it’s convenient now, the long-term costs to ecosystems and human well-being are too high to ignore. Fortunately, places that have already banned single-use plastics have successfully shifted to reusable or compostable alternatives, showing it’s not only possible but practical. A ban sends a clear message that we must prioritize the planet over short-term convenience. After all, we have a duty to protect the environment for future generations. This isn’t about restricting freedom—it’s about making responsible choices for our shared future.",clarification_and_specification,incentives_and_power_dynamics,"In other words, the government has the responsibility to protect public health and the environment, and a ban on single-use plastics is a necessary step to prevent long-term ecological harm.",clarification_and_specification_incentives_and_power_dynamics,"I should examine what behaviors are encouraged, who holds power, and how interests align or conflict. ",In other words,concession_and_contrast,precedent_and_long_term_effects,"However, the long-term damage from plastic pollution—such as harm to marine life, contamination of food chains, and increased greenhouse gas emissions—far outweighs the short-term convenience of single-use plastics.",concession_and_contrast_precedent_and_long_term_effects,"I should evaluate historical precedents, long-term vs short-term tradeoffs, and obligations to future generations. ",However,addition_and_elaboration,feasibility_and_implementation,"Moreover, many countries and cities that have implemented plastic bans have seen successful transitions to reusable or biodegradable alternatives, proving that such policies are feasible and effective.",addition_and_elaboration_feasibility_and_implementation,I should evaluate whether the proposal can actually be implemented and enforced effectively. ,Moreover,baseline,816,351,0.0018857208738224732
465646,2.6399312933312427,,,synthesis_restructured,targeted,4,20260206_122715,1.0811936855316162,"The government should enforce a total ban on single-use plastics because they are a major source of environmental pollution, harming wildlife and contaminating ecosystems. In places like Canada and the UK, similar bans have already been implemented successfully, proving that such policies are practical and enforceable. With the availability of reusable and biodegradable alternatives, switching away from single-use plastics is not only possible but necessary for protecting our planet. A ban would also encourage innovation in sustainable packaging and reduce the long-term costs of waste cleanup. As an average person, I know that small changes in daily habits can add up to big impacts—this is a clear step toward a cleaner, healthier future. The benefits far outweigh the temporary inconvenience, and the government has a responsibility to lead this change.",evidence_and_authority,feasibility_and_implementation,Evidence shows that bans on single-use plastics reduce pollution and are feasible to enforce with proper support and alternatives.,evidence_and_authority_feasibility_and_implementation,I should evaluate whether the proposal can actually be implemented and enforced effectively. ,Evidence shows that,exemplification,feasibility_and_implementation,"For example, countries like Canada and the UK have successfully implemented bans, demonstrating that such policies can work in real-world settings.",exemplification_feasibility_and_implementation,I should evaluate whether the proposal can actually be implemented and enforced effectively. ,For example,evidence_and_authority,feasibility_and_implementation,Evidence shows that bans on single-use plastics reduce pollution and are feasible to enforce with proper support and alternatives.,evidence_and_authority_feasibility_and_implementation,I should evaluate whether the proposal can actually be implemented and enforced effectively. ,Evidence shows that,targeted,863,170,0.001862199235320372
464656,2.599177744580723,,,synthesis_restructured,targeted,3,20260206_122715,0.933119297027588,"Single-use plastics are a major source of pollution, clogging landfills and harming wildlife, especially in oceans. A government-enforced ban would drastically reduce this waste and push companies to develop more sustainable alternatives. Countries like Canada and the EU have already proven that such bans are achievable and effective when supported by clear policies and public cooperation. While there may be short-term challenges, the long-term benefits to the environment and public health far outweigh the costs. As someone who cares about clean streets and a healthier planet, I believe we can and should act now to stop single-use plastics once and for all.",evidence_and_authority,feasibility_and_implementation,Evidence shows that bans on single-use plastics reduce waste and encourage innovation in sustainable alternatives.,evidence_and_authority_feasibility_and_implementation,I should evaluate whether the proposal can actually be implemented and enforced effectively. ,Evidence shows that,evidence_and_authority,feasibility_and_implementation,Evidence shows that bans on single-use plastics reduce waste and encourage innovation in sustainable alternatives.,evidence_and_authority_feasibility_and_implementation,I should evaluate whether the proposal can actually be implemented and enforced effectively. ,Evidence shows that,exemplification,feasibility_and_implementation,"For example, countries like Canada and the EU have successfully phased out certain single-use plastics, demonstrating that such bans are feasible and effective when properly managed.",exemplification_feasibility_and_implementation,I should evaluate whether the proposal can actually be implemented and enforced effectively. ,For example,targeted,665,14,0.00185403258209123
28,0.0,,,synthesis_restructured,random,2,20260206_123303,1.277540683746338,"A total government ban on single-use plastics is essential because the long-term environmental and health damage far outweighs short-term convenience. Just as bans on leaded gasoline and asbestos were crucial for public safety, eliminating plastic waste protects ecosystems, wildlife, and human health for future generations. The burden of pollution affects everyone — especially communities near landfills and oceans — while the profits from plastic production go to a few corporations. A ban forces innovation, pushing companies to develop sustainable, reusable alternatives that are safer and more responsible. It’s not about restricting freedom, but about protecting our shared planet. By taking bold action now, we ensure a cleaner, healthier world for our children and grandchildren. This is not just practical — it’s a moral responsibility.",clarification_and_specification,precedent_and_long_term_effects,"In other words, banning single-use plastics is not just about immediate convenience — it's about protecting our planet for future generations who will inherit the consequences of today’s pollution.",clarification_and_specification_precedent_and_long_term_effects,"I should evaluate historical precedents, long-term vs short-term tradeoffs, and obligations to future generations. ",In other words,addition_and_elaboration,precedent_and_long_term_effects,"Moreover, similar bans on harmful materials like lead in gasoline and asbestos in buildings have proven effective, showing that government action can lead to safer alternatives and long-term public benefit.",addition_and_elaboration_precedent_and_long_term_effects,"I should evaluate historical precedents, long-term vs short-term tradeoffs, and obligations to future generations. ",Moreover,causal_reasoning,justice_and_fairness,"Therefore, phasing out single-use plastics through a government ban is a fair and necessary step, especially since the environmental and health costs are borne by everyone, not just those who produce or use the plastics.",causal_reasoning_justice_and_fairness,"I should analyze whether outcomes, processes, and distributions are fair to all parties involved. ",Therefore,baseline,847,379,0.0017165562469339704
3,0.0,,,synthesis_restructured,random,1,20260206_123303,1.2458837032318115,"Single-use plastics pollute our oceans, harm wildlife, and can enter our food chain, putting public health at risk. While some may worry about inconvenience, the long-term consequences of inaction are far worse—our environment and children’s future depend on decisive action today. A government-enforced ban is not an overreach but a necessary step to protect shared natural resources and ensure a safer, cleaner world for everyone. We’ve successfully phased out harmful substances before, like lead in gasoline and asbestos in buildings, showing that responsible regulation works. The temporary discomfort of change is outweighed by lasting environmental and health benefits. Ultimately, protecting our planet isn’t a luxury—it’s a responsibility we owe to future generations. Therefore, a total ban on single-use plastics is both practical and morally right.",emphasis_and_evaluation,precedent_and_long_term_effects,"Importantly, single-use plastics are a major source of pollution that harms ecosystems, wildlife, and human health—especially in oceans and waterways.",emphasis_and_evaluation_precedent_and_long_term_effects,"I should evaluate historical precedents, long-term vs short-term tradeoffs, and obligations to future generations. ",Importantly,causal_reasoning,rights_and_liberties,"Therefore, a government intervention like a total ban is justified to protect the public's health and natural environment, which are essential to our well-being and future.",causal_reasoning_rights_and_liberties,"I should consider inalienable human rights, civil liberties, privacy protections, and the freedom to make one's own choices. ",Therefore,conditional,precedent_and_long_term_effects,"If we delay action, the damage will become irreversible—so we must act now to preserve clean air, water, and safe food for future generations.",conditional_precedent_and_long_term_effects,"I should evaluate historical precedents, long-term vs short-term tradeoffs, and obligations to future generations. ",If,baseline,860,385,0.001654222740230475
4,0.0,,,synthesis_restructured,random,4,20260206_123303,1.0948569774627686,"The government should enforce a total ban on single-use plastics because it’s the most effective way to protect both public health and the environment. While individuals can try to reduce plastic use, a systemic problem requires systemic solutions—only the government has the authority to create and enforce rules that affect entire industries. A ban ensures fairness by preventing low-income communities and future generations from bearing the long-term costs of pollution. It also drives innovation, pushing companies to develop eco-friendly alternatives instead of relying on disposable plastics. Ultimately, this policy holds polluters accountable and reflects a shared responsibility to preserve the planet for everyone.",concession_and_contrast,stakeholder_responsibility,"However, the government has a duty to protect public health and the environment, and it’s unrealistic to expect individuals to solve a systemic problem like plastic pollution without systemic intervention.",concession_and_contrast_stakeholder_responsibility,"I should analyze who bears responsibility—whether government, individuals, corporations, or other institutions. ",However,causal_reasoning,justice_and_fairness,"Therefore, a government-enforced ban on single-use plastics is a necessary step to ensure fairness—so that the burden of pollution isn’t disproportionately placed on marginalized communities or future generations.",causal_reasoning_justice_and_fairness,"I should analyze whether outcomes, processes, and distributions are fair to all parties involved. ",Therefore,addition_and_elaboration,incentives_and_power_dynamics,"Moreover, such a ban encourages innovation in sustainable materials and pushes industries to take responsibility, shifting the burden from consumers to producers.",addition_and_elaboration_incentives_and_power_dynamics,"I should examine what behaviors are encouraged, who holds power, and how interests align or conflict. ",Moreover,baseline,725,262,0.0015422046135755596
463846,2.509706127686236,,,synthesis_restructured,targeted,4,20260206_122715,1.100945234298706,"Single-use plastics are a major contributor to environmental pollution, clogging waterways and harming wildlife, so a total government ban is essential to protect ecosystems. While some may worry about inconvenience, alternatives like reusable bags and containers are already widely available and more sustainable in the long run. Countries like Rwanda and Canada have already shown that banning these plastics is feasible and leads to cleaner communities. The environmental damage caused by plastic waste is irreversible, and future generations deserve a healthier planet. A total ban is not just a policy—it’s a responsibility we owe to the Earth and to each other. There’s no excuse for delaying action when the solution is clear and achievable.",evidence_and_authority,feasibility_and_implementation,"Evidence shows that single-use plastics are a major source of pollution, especially in oceans and landfills, and a total ban would drastically reduce this environmental harm.",evidence_and_authority_feasibility_and_implementation,I should evaluate whether the proposal can actually be implemented and enforced effectively. ,Evidence shows that,addition_and_elaboration,precedent_and_long_term_effects,"Moreover, countries like Rwanda and Canada have successfully implemented bans on certain single-use plastics, proving that such policies are not only possible but effective over time.",addition_and_elaboration_precedent_and_long_term_effects,"I should evaluate historical precedents, long-term vs short-term tradeoffs, and obligations to future generations. ",Moreover,evidence_and_authority,feasibility_and_implementation,"Evidence shows that single-use plastics are a major source of pollution, especially in oceans and landfills, and a total ban would drastically reduce this environmental harm.",evidence_and_authority_feasibility_and_implementation,I should evaluate whether the proposal can actually be implemented and enforced effectively. ,Evidence shows that,targeted,748,64,0.0014693321939401177
469056,2.497172796109802,,,synthesis_restructured,targeted,4,20260206_122715,1.1588003635406494,"Single-use plastics are a major source of pollution, clogging waterways and harming wildlife, and a total ban by the government is a necessary step to protect our environment. While some may worry about convenience, alternatives like reusable bags and containers are widely available and increasingly affordable. Countries like Rwanda and Kenya have already proven that strict bans can be enforced and lead to cleaner cities and healthier ecosystems. The long-term benefits—reduced landfill waste, lower pollution, and protection of marine life—make this a responsible and urgent policy. As someone who cares about leaving a cleaner planet for future generations, I believe the government has a duty to act decisively. A total ban is not just possible, it’s essential for sustainable living.",evidence_and_authority,feasibility_and_implementation,"Evidence shows that single-use plastics are the primary cause of environmental pollution, especially in oceans and landfills, and a total ban would significantly reduce this damage.",evidence_and_authority_feasibility_and_implementation,I should evaluate whether the proposal can actually be implemented and enforced effectively. ,Evidence shows that,conclusion_and_summary,cost_benefit_and_impact_analysis,"In conclusion, while there may be initial inconvenience, the long-term environmental and public health benefits far outweigh the short-term costs of switching to sustainable alternatives.",conclusion_and_summary_cost_benefit_and_impact_analysis,"I should quantify and compare costs, benefits, and real-world impacts across economic, social, and environmental dimensions. ",In conclusion,exemplification,feasibility_and_implementation,"For example, countries like Rwanda and Kenya have successfully implemented strict bans with strong enforcement, proving it's both feasible and effective in reducing plastic waste.",exemplification_feasibility_and_implementation,I should evaluate whether the proposal can actually be implemented and enforced effectively. ,For example,targeted,791,110,0.001456129945937882
7,0.0,,,synthesis_restructured,random,1,20260206_123303,1.2747523784637451,"The government should enforce a total ban on single-use plastics because it is essential for protecting both public health and the environment. As the entity responsible for ensuring the well-being of its citizens and the sustainability of natural resources, the government has a duty to act decisively against harmful pollutants. A ban, when properly implemented and enforced, creates a clear, consistent standard that businesses and individuals must follow, leading to widespread reduction in plastic waste. Far from restricting freedom, such a ban encourages smarter, more sustainable choices—like using reusable bags or containers—that are often more convenient and economical over time. By taking this step, the government demonstrates leadership in solving a global crisis that affects everyone. It’s not about taking away choices, but about creating a cleaner, healthier future for all.",conditional,governance_and_accountability,"If the government is responsible for protecting public welfare and the environment, then enforcing a ban on single-use plastics is a necessary step to safeguard both human health and ecological systems.",conditional_governance_and_accountability,"I should consider legal frameworks, accountability mechanisms, democratic principles, and proper authority. ",If,clarification_and_specification,feasibility_and_implementation,"In other words, if a law is passed and properly enforced, it creates a clear standard that businesses and individuals must follow, ensuring widespread compliance and reducing pollution.",clarification_and_specification_feasibility_and_implementation,I should evaluate whether the proposal can actually be implemented and enforced effectively. ,In other words,emphasis_and_evaluation,rights_and_liberties,"Importantly, a ban does not eliminate personal freedom—it simply redirects it toward more sustainable choices, such as reusable bags or containers, which are often more practical and cost-effective in the long run.",emphasis_and_evaluation_rights_and_liberties,"I should consider inalienable human rights, civil liberties, privacy protections, and the freedom to make one's own choices. ",Importantly,baseline,893,407,0.001441775301768443
4,0.0,,,synthesis_restructured,random,2,20260206_123303,1.158649444580078,"Plastic pollution is overwhelming our oceans, harming wildlife, and contaminating our food and water. Since individual actions alone can’t solve such a massive problem, the government must step in with strong, enforceable rules—like a total ban on single-use plastics. This isn’t about restricting freedom; it’s about protecting public health and the planet for everyone, especially future generations. By making the ban mandatory, the government ensures fairness: those who profit from plastic production bear responsibility for its damage. It also pushes companies to innovate, creating safer, reusable alternatives. This shift isn’t just necessary—it’s a practical and responsible way to protect our environment and communities for good.",concession_and_contrast,stakeholder_responsibility,"However, since plastic pollution is a systemic problem, individual efforts alone aren’t enough. The government has the power and duty to enact policies that enforce change at scale.",concession_and_contrast_stakeholder_responsibility,"I should analyze who bears responsibility—whether government, individuals, corporations, or other institutions. ",However,causal_reasoning,justice_and_fairness,"Therefore, a government ban on single-use plastics is fair because it shifts the burden of cleanup and environmental damage from communities and future generations to the producers who profit from these products.",causal_reasoning_justice_and_fairness,"I should analyze whether outcomes, processes, and distributions are fair to all parties involved. ",Therefore,addition_and_elaboration,incentives_and_power_dynamics,"Moreover, such a ban encourages innovation in sustainable materials and gives businesses a clear path to adapt, ensuring long-term environmental and economic benefits.",addition_and_elaboration_incentives_and_power_dynamics,"I should examine what behaviors are encouraged, who holds power, and how interests align or conflict. ",Moreover,baseline,740,275,0.0014407595908021553
464650,2.858376423536269,,,synthesis_restructured,targeted,0,20260206_122715,1.193892002105713,"Single-use plastics are a major environmental hazard that pollute our oceans, harm wildlife, and threaten human health through microplastic contamination. While some argue that alternatives are expensive or inconvenient, reusable and biodegradable options are increasingly affordable and widely available. A government-enforced ban would create a clear standard, push innovation in sustainable materials, and help shift public behavior toward more responsible consumption. The long-term benefits—cleaner ecosystems, reduced cleanup costs, and healthier communities—far outweigh the short-term disruptions. Even as an average person, I see the value in protecting the planet for future generations. A total ban is a necessary and achievable step toward a sustainable future.",evidence_and_authority,feasibility_and_implementation,"Evidence shows that single-use plastics are a major source of pollution, clogging rivers, harming marine life, and contributing to long-term environmental degradation.",evidence_and_authority_feasibility_and_implementation,I should evaluate whether the proposal can actually be implemented and enforced effectively. ,Evidence shows that,evidence_and_authority,feasibility_and_implementation,"Evidence shows that single-use plastics are a major source of pollution, clogging rivers, harming marine life, and contributing to long-term environmental degradation.",evidence_and_authority_feasibility_and_implementation,I should evaluate whether the proposal can actually be implemented and enforced effectively. ,Evidence shows that,exemplification,cost_benefit_and_impact_analysis,"For example, plastic bags and bottles often end up in oceans, where they break down into microplastics that enter the food chain, posing health risks to humans and wildlife alike.",exemplification_cost_benefit_and_impact_analysis,"I should quantify and compare costs, benefits, and real-world impacts across economic, social, and environmental dimensions. ",For example,targeted,773,90,0.00141552306133871
10,0.0,,,synthesis_restructured,random,4,20260206_123303,1.4026641845703125,"Single-use plastics are a major source of environmental pollution, harming wildlife, contaminating water supplies, and contributing to climate change. While some may worry about government overreach, a ban on these products is not about restricting personal freedom—it’s about protecting public health and the planet we all share. No individual should be forced to choose between convenience and environmental responsibility, especially when reusable alternatives are widely available. The government has a responsibility to act when private choices lead to collective harm, just as it does with smoking or unsafe chemicals. Banning single-use plastics is a practical, necessary step to safeguard ecosystems and future generations. It’s not about control—it’s about ensuring a livable world for everyone.",emphasis_and_evaluation,rights_and_liberties,"Importantly, banning single-use plastics is not an infringement on personal freedom—it's a necessary public health and environmental measure. These items are not essential to personal autonomy or fundamental rights; instead, they contribute to pollution that harms everyone, including the individual making the choice.",emphasis_and_evaluation_rights_and_liberties,"I should consider inalienable human rights, civil liberties, privacy protections, and the freedom to make one's own choices. ",Importantly,conditional,stakeholder_responsibility,"If we wait for individuals to voluntarily stop using plastic, we'll continue to see environmental degradation. The government has a duty to protect citizens from preventable harm, and plastic pollution is a clear and present danger to ecosystems and human health.",conditional_stakeholder_responsibility,"I should analyze who bears responsibility—whether government, individuals, corporations, or other institutions. ",If,conditional,stakeholder_responsibility,"If we wait for individuals to voluntarily stop using plastic, we'll continue to see environmental degradation. The government has a duty to protect citizens from preventable harm, and plastic pollution is a clear and present danger to ecosystems and human health.",conditional_stakeholder_responsibility,"I should analyze who bears responsibility—whether government, individuals, corporations, or other institutions. ",If,baseline,804,336,0.0013764218158804507
1,0.0,,,synthesis_restructured,random,4,20260206_123303,1.2342474460601809,"A total ban on single-use plastics goes too far and infringes on personal freedoms by forcing people to give up convenient, everyday items without sufficient alternatives. Many low-income individuals depend on these affordable products, and a blanket ban could make life harder for them without meaningful support. Furthermore, such a drastic measure should not be decided by government fiat alone—it requires broad public input and careful consideration of real-world impacts. Rather than an outright ban, a better approach is gradual reform, incentives for sustainable alternatives, and education. These steps respect individual choice while still addressing environmental concerns. A balanced, inclusive policy is far more effective and just than a top-down prohibition.",conditional,rights_and_liberties,"If the government bans all single-use plastics, it would infringe on personal freedoms by dictating what individuals can and cannot use in their daily lives, such as choosing a plastic bag at the grocery store or using a plastic straw.",conditional_rights_and_liberties,"I should consider inalienable human rights, civil liberties, privacy protections, and the freedom to make one's own choices. ",If,emphasis_and_evaluation,cost_benefit_and_impact_analysis,"Importantly, a total ban could disproportionately impact low-income communities who rely on affordable, accessible plastic items, while wealthier individuals can more easily switch to alternatives.",emphasis_and_evaluation_cost_benefit_and_impact_analysis,"I should quantify and compare costs, benefits, and real-world impacts across economic, social, and environmental dimensions. ",Importantly,conclusion_and_summary,governance_and_accountability,"In conclusion, such a sweeping policy should not be imposed without broad public consultation and democratic deliberation, as it affects billions of daily choices and could set a dangerous precedent for overreach in regulation.",conclusion_and_summary_governance_and_accountability,"I should consider legal frameworks, accountability mechanisms, democratic principles, and proper authority. ",In conclusion,baseline,773,308,0.0013735475434740476
3,0.0,,,synthesis_restructured,random,0,20260206_123303,1.273017406463623,"The government should enforce a total ban on single-use plastics because it’s our responsibility to protect the environment for future generations. These plastics don’t just pollute our oceans and landscapes—they break down into microplastics that end up in our food, water, and even our bodies, posing serious health risks. While it might be inconvenient at first to give up plastic bags or straws, the long-term benefits to human health and the planet far outweigh the short-term discomfort. We’ve seen how bans on smoking in public places or lead in gasoline were initially resisted but ultimately improved quality of life. Just like those past reforms, a ban on single-use plastics is a necessary step toward a cleaner, healthier, and more sustainable future. The government has a duty to act decisively when public safety and environmental integrity are at stake.",emphasis_and_evaluation,precedent_and_long_term_effects,"Importantly, the government has a responsibility to protect public health and the environment for future generations, which single-use plastics seriously threaten.",emphasis_and_evaluation_precedent_and_long_term_effects,"I should evaluate historical precedents, long-term vs short-term tradeoffs, and obligations to future generations. ",Importantly,causal_reasoning,rights_and_liberties,"Therefore, a total ban on single-use plastics is a reasonable and necessary measure to safeguard our shared environment and long-term well-being, even if it requires some personal adjustment.",causal_reasoning_rights_and_liberties,"I should consider inalienable human rights, civil liberties, privacy protections, and the freedom to make one's own choices. ",Therefore,conditional,precedent_and_long_term_effects,"If we don’t act now, the damage to ecosystems and human health from plastic pollution will become irreversible, and future generations will inherit a planet in crisis.",conditional_precedent_and_long_term_effects,"I should evaluate historical precedents, long-term vs short-term tradeoffs, and obligations to future generations. ",If,baseline,868,392,0.0012812970136516612
43,0.0,,,synthesis_restructured,random,2,20260206_123303,1.0093612670898438,"Single-use plastics are a major cause of environmental pollution, harming wildlife and clogging our ecosystems. A government-enforced ban is necessary to create consistent, large-scale change—without it, progress remains inconsistent and weak. Countries like Canada and the UK have already shown that such bans significantly reduce plastic waste and encourage businesses to adopt reusable alternatives. This isn’t just about rules—it’s about responsibility: we have a moral duty to protect the planet for future generations. A ban ensures fairness, holding everyone accountable and preventing companies from avoiding their environmental impact. It’s time we stop treating plastic pollution as someone else’s problem and act with the urgency it demands.",evidence_and_authority,governance_and_accountability,Evidence shows that bans on single-use plastics are effective in reducing pollution and encouraging sustainable alternatives.,evidence_and_authority_governance_and_accountability,"I should consider legal frameworks, accountability mechanisms, democratic principles, and proper authority. ",Evidence shows that,exemplification,cost_benefit_and_impact_analysis,"For example, countries like Canada and the UK have seen significant drops in plastic waste after implementing such bans.",exemplification_cost_benefit_and_impact_analysis,"I should quantify and compare costs, benefits, and real-world impacts across economic, social, and environmental dimensions. ",For example,conditional,ethical_principles,"If we care about protecting our oceans, wildlife, and future generations, we must act decisively—bans are a clear and fair way to do so.",conditional_ethical_principles,"I should evaluate actions based on moral rules, character virtues, relationships, and ethical obligations. ",If,baseline,752,283,0.0012698245300642127
468056,2.749492285056512,,,synthesis_restructured,targeted,1,20260206_122715,1.1326971054077148,"Single-use plastics are a major source of pollution that harms ecosystems and wildlife, and a government-enforced ban is a necessary step to protect our environment. While some worry about inconvenience, real-world examples from countries like Canada and the EU show that such bans can be implemented successfully without major disruption. The long-term environmental and health benefits far outweigh the short-term challenges of switching to reusable or biodegradable alternatives. Plus, a ban would encourage innovation in sustainable packaging and reduce our dependence on fossil fuels. As a regular person, I believe we have a responsibility to make choices that protect the planet for future generations. A total ban is not only practical—it’s essential.",evidence_and_authority,feasibility_and_implementation,"Evidence shows that banning single-use plastics is feasible and has already been successfully implemented in various countries, demonstrating that such bans can be enforceable and impactful.",evidence_and_authority_feasibility_and_implementation,I should evaluate whether the proposal can actually be implemented and enforced effectively. ,Evidence shows that,sequence_and_transition,cost_benefit_and_impact_analysis,"Next, the environmental damage caused by single-use plastics—like ocean pollution, harm to wildlife, and long-term ecosystem disruption—is far more costly than the short-term inconvenience of switching to alternatives.",sequence_and_transition_cost_benefit_and_impact_analysis,"I should quantify and compare costs, benefits, and real-world impacts across economic, social, and environmental dimensions. ",Next,exemplification,feasibility_and_implementation,"For example, countries like Canada and the EU have already implemented broad bans, proving it’s possible to transition without major societal disruption.",exemplification_feasibility_and_implementation,I should evaluate whether the proposal can actually be implemented and enforced effectively. ,For example,targeted,759,78,0.0012462419025573183
29,0.0,,,synthesis_restructured,random,2,20260206_123303,1.2832210063934326,"The government should enforce a total ban on single-use plastics because it is a necessary step to protect our environment and public health. Even if the implementation isn’t perfect, we have a moral responsibility to act decisively against a problem that harms ecosystems and future generations. History shows that government-led bans—like those on smoking in public or lead in gasoline—can lead to lasting positive change, despite initial challenges. While individuals and corporations should reduce plastic use, the government must lead with enforceable rules to create real, systemic impact. Without strong regulations, progress will be too slow and inconsistent. A total ban sends a clear message that single-use plastics are not acceptable in a sustainable society. Ultimately, protecting the planet and our well-being is worth the effort, even if the path isn’t flawless.",emphasis_and_evaluation,ethical_principles,"Importantly, even if the government's actions are not perfect, the moral obligation to protect the environment and human health outweighs the risks of imperfect enforcement.",emphasis_and_evaluation_ethical_principles,"I should evaluate actions based on moral rules, character virtues, relationships, and ethical obligations. ",Importantly,emphasis_and_evaluation,precedent_and_long_term_effects,"Importantly, past bans on harmful substances like smoking in public spaces and lead in gasoline show that government bans can work and lead to long-term societal benefits, even if initial implementation is imperfect.",emphasis_and_evaluation_precedent_and_long_term_effects,"I should evaluate historical precedents, long-term vs short-term tradeoffs, and obligations to future generations. ",Importantly,clarification_and_specification,stakeholder_responsibility,"In other words, while individuals and companies should play their part, the government must take primary responsibility for creating systemic change and enforcing rules that protect the public good.",clarification_and_specification_stakeholder_responsibility,"I should analyze who bears responsibility—whether government, individuals, corporations, or other institutions. ",In other words,baseline,878,401,0.0012425321522597898
464544,2.5538228158035885,,,synthesis_restructured,targeted,2,20260206_122715,1.0435917377471924,"Single-use plastics are a major contributor to environmental pollution, clogging waterways and harming wildlife, especially marine life. A total government ban is necessary to enforce consistent, large-scale change and eliminate the widespread use of these harmful materials. While some may worry about convenience, history shows that bans lead to innovation—like the rise of reusable and biodegradable alternatives—making the transition not only feasible but beneficial. Government enforcement ensures fairness across regions and prevents loopholes that weak or inconsistent policies might allow. Ultimately, protecting the environment and public health requires decisive action, and a total ban is the most effective way to achieve lasting change.",evidence_and_authority,feasibility_and_implementation,"Evidence shows that single-use plastics are a major source of pollution, especially in oceans and waterways, and their widespread use harms wildlife and ecosystems.",evidence_and_authority_feasibility_and_implementation,I should evaluate whether the proposal can actually be implemented and enforced effectively. ,Evidence shows that,evidence_and_authority,risk_and_unintended_consequences,"Evidence shows that banning single-use plastics leads to innovation in sustainable alternatives, such as biodegradable packaging, which reduces long-term environmental harm.",evidence_and_authority_risk_and_unintended_consequences,"I should identify risks, unintended outcomes, cascading effects, and potential for escalation. ",Evidence shows that,evidence_and_authority,governance_and_accountability,"Evidence shows that government enforcement of such bans is necessary to create consistent standards across regions, ensuring fairness and preventing a patchwork of ineffective local rules.",evidence_and_authority_governance_and_accountability,"I should consider legal frameworks, accountability mechanisms, democratic principles, and proper authority. ",Evidence shows that,targeted,749,65,0.0011055500399100734
465650,2.8355429776601215,,,synthesis_restructured,targeted,2,20260206_122715,1.1481215953826904,"The government should enforce a total ban on single-use plastics because it’s a necessary step to protect our environment and public health. Countries like Rwanda and Kenya have already proven that such bans are not only enforceable but also lead to cleaner cities and healthier ecosystems. While some may worry about inconvenience, the long-term benefits—like reduced pollution, lower waste management costs, and protection for wildlife—far outweigh any short-term challenges. By taking bold action now, we can prevent irreversible damage to oceans, soil, and air. A total ban sends a clear message that sustainability matters more than convenience. As everyday citizens, we have a responsibility to support policies that safeguard the planet for future generations.",evidence_and_authority,feasibility_and_implementation,"Evidence shows that banning single-use plastics can reduce environmental pollution and protect wildlife, making it a realistic and essential step for preserving ecosystems.",evidence_and_authority_feasibility_and_implementation,I should evaluate whether the proposal can actually be implemented and enforced effectively. ,Evidence shows that,exemplification,feasibility_and_implementation,"For example, countries like Rwanda and Kenya have successfully banned single-use plastics and seen dramatic improvements in cleanliness and environmental health, proving that enforcement is possible even in developing nations.",exemplification_feasibility_and_implementation,I should evaluate whether the proposal can actually be implemented and enforced effectively. ,For example,exemplification,cost_benefit_and_impact_analysis,"For example, the long-term savings in cleanup costs, reduced waste management expenses, and health benefits from less plastic pollution far outweigh the short-term inconveniences or minor economic disruptions.",exemplification_cost_benefit_and_impact_analysis,"I should quantify and compare costs, benefits, and real-world impacts across economic, social, and environmental dimensions. ",For example,targeted,767,83,0.0010863923629894242
44,0.0,,,synthesis_restructured,random,0,20260206_123303,1.0666019916534424,"A total ban on single-use plastics is necessary to protect our environment and public health. These plastics often end up in oceans and landfills, where they take hundreds of years to break down and harm marine life. Governments already have the power to regulate dangerous materials, and a ban would be a responsible step toward sustainable waste management. Many regions around the world have already implemented similar bans with success, showing that it’s both practical and effective. With better alternatives available—like paper, glass, and reusable materials—there’s no excuse to continue relying on disposable plastic. A ban would encourage innovation, reduce pollution, and protect ecosystems for future generations.",addition_and_elaboration,risk_and_unintended_consequences,"Moreover, a total ban would reduce plastic waste that pollutes oceans, harms wildlife, and contributes to long-term environmental damage.",addition_and_elaboration_risk_and_unintended_consequences,"I should identify risks, unintended outcomes, cascading effects, and potential for escalation. ",Moreover,sequence_and_transition,feasibility_and_implementation,"Next, governments already have the authority to regulate harmful materials, and enforcing a ban on single-use plastics would be consistent with broader environmental protection laws.",sequence_and_transition_feasibility_and_implementation,I should evaluate whether the proposal can actually be implemented and enforced effectively. ,Next,concession_and_contrast,feasibility_and_implementation,"However, implementing a ban is feasible—many countries and cities have successfully restricted or eliminated single-use plastics through policy and public education.",concession_and_contrast_feasibility_and_implementation,I should evaluate whether the proposal can actually be implemented and enforced effectively. ,However,baseline,726,265,0.0010761543579706878
0,0.0,,,synthesis_restructured,random,1,20260206_123303,1.125227928161621,"I believe the government should enforce a total ban on single-use plastics because the harm they cause to our environment and health far outweighs their convenience. Everyday plastic items like bags, straws, and packaging take hundreds of years to decompose, polluting oceans, harming wildlife, and even entering our food chain. While some argue it’s inconvenient, we’ve already seen successful bans in other countries that led to innovation and widespread adaptation. Switching to reusable or biodegradable alternatives isn’t just possible—it’s necessary for protecting our planet. The long-term benefits to public health and the environment make this a responsible and urgent step. We owe it to future generations to act now before the damage becomes irreversible. A total ban is not just idealistic—it’s practical, proven, and essential.",clarification_and_specification,incentives_and_power_dynamics,"In other words, the dominant narrative often reflects the interests of powerful institutions rather than the public good.",clarification_and_specification_incentives_and_power_dynamics,"I should examine what behaviors are encouraged, who holds power, and how interests align or conflict. ",In other words,concession_and_contrast,precedent_and_long_term_effects,"However, decisions based solely on current economic convenience ignore the long-term environmental damage and harm to future generations.",concession_and_contrast_precedent_and_long_term_effects,"I should evaluate historical precedents, long-term vs short-term tradeoffs, and obligations to future generations. ",However,addition_and_elaboration,feasibility_and_implementation,"Moreover, regulations like plastic bans have already succeeded in places like the EU and Canada, proving they are feasible and effective.",addition_and_elaboration_feasibility_and_implementation,I should evaluate whether the proposal can actually be implemented and enforced effectively. ,Moreover,baseline,840,371,0.0010121266018569982
467046,2.774402202173532,,,synthesis_restructured,targeted,1,20260206_122715,1.1747374534606934,"Single-use plastics are a major source of pollution that harms wildlife, clogs waterways, and lingers in the environment for centuries. A total government ban would force a shift toward reusable and eco-friendly alternatives, which are now widely available and often cost-effective. Real-world examples from cities and nations that have implemented similar bans show significant reductions in plastic waste and stronger public commitment to sustainability. While change may seem daunting, the long-term environmental and health benefits far outweigh short-term inconvenience. As a regular person, I believe we have a responsibility to protect our planet for future generations, and a ban is a clear and necessary step toward that goal. It’s not just about convenience—it’s about ensuring cleaner oceans, safer communities, and a healthier planet.",evidence_and_authority,feasibility_and_implementation,"Evidence shows that single-use plastics are a leading cause of pollution in oceans and landfills, and a total ban would significantly reduce this environmental damage.",evidence_and_authority_feasibility_and_implementation,I should evaluate whether the proposal can actually be implemented and enforced effectively. ,Evidence shows that,emphasis_and_evaluation,cost_benefit_and_impact_analysis,"Importantly, many alternatives to single-use plastics—like paper, glass, or reusable containers—are already available and affordable, making the transition practical for everyday consumers.",emphasis_and_evaluation_cost_benefit_and_impact_analysis,"I should quantify and compare costs, benefits, and real-world impacts across economic, social, and environmental dimensions. ",Importantly,evidence_and_authority,feasibility_and_implementation,"Evidence shows that countries and cities that have already implemented bans have seen measurable improvements in cleanliness, reduced waste, and increased public awareness about sustainable habits.",evidence_and_authority_feasibility_and_implementation,I should evaluate whether the proposal can actually be implemented and enforced effectively. ,Evidence shows that,targeted,846,162,0.001004253485287663
465646,2.6399312933312427,,,synthesis_restructured,targeted,1,20260206_122715,0.9843018054962158,"Single-use plastics are a major source of pollution, clogging oceans, harming wildlife, and contributing to long-term environmental damage. A total government ban would drastically reduce this waste, encouraging the use of reusable and sustainable alternatives. Countries like Canada and the UK have already shown that such bans are feasible and effective, even with gradual implementation. While some might worry about inconvenience, the long-term benefits to public health and the planet far outweigh short-term adjustments. It's time we take bold action to protect the environment for future generations. The government has a responsibility to act—this ban is not just possible, it's necessary.",evidence_and_authority,feasibility_and_implementation,"Evidence shows that banning single-use plastics reduces pollution and protects natural ecosystems, making it a necessary step for environmental sustainability.",evidence_and_authority_feasibility_and_implementation,I should evaluate whether the proposal can actually be implemented and enforced effectively. ,Evidence shows that,exemplification,feasibility_and_implementation,"For example, countries like Canada and the UK have successfully implemented partial bans, proving that such policies can be managed without major disruptions.",exemplification_feasibility_and_implementation,I should evaluate whether the proposal can actually be implemented and enforced effectively. ,For example,evidence_and_authority,feasibility_and_implementation,"Evidence shows that banning single-use plastics reduces pollution and protects natural ecosystems, making it a necessary step for environmental sustainability.",evidence_and_authority_feasibility_and_implementation,I should evaluate whether the proposal can actually be implemented and enforced effectively. ,Evidence shows that,targeted,697,30,0.0009983729670950162
19,0.0,,,synthesis_restructured,random,0,20260206_123303,1.3093852996826172,"The government should enforce a total ban on single-use plastics because it’s the only way to effectively tackle the massive environmental damage caused by plastic pollution. Individual choices alone can’t solve a crisis that’s already overwhelmed our oceans, landfills, and wildlife. Many places around the world have already banned single-use plastics and seen dramatic reductions in litter and pollution, showing that such a ban is not only possible but also practical. While some may worry about personal freedom, the right to a clean, safe environment outweighs the convenience of disposable plastics. When sustainable alternatives like reusable bags, bottles, and containers are widely available, there’s no excuse for continuing to use harmful single-use items. A government ban ensures fairness, protects future generations, and sends a clear message that environmental responsibility must come first.",causal_reasoning,stakeholder_responsibility,"Therefore, it is the government’s responsibility to implement broad, enforceable policies that protect public health and the environment, especially when individual actions alone are insufficient to address large-scale pollution problems.",causal_reasoning_stakeholder_responsibility,"I should analyze who bears responsibility—whether government, individuals, corporations, or other institutions. ",Therefore,sequence_and_transition,feasibility_and_implementation,"Next, a total ban on single-use plastics is both realistic and necessary, as many countries and cities have already successfully implemented such bans with strong public support and measurable environmental improvements.",sequence_and_transition_feasibility_and_implementation,I should evaluate whether the proposal can actually be implemented and enforced effectively. ,Next,causal_reasoning,rights_and_liberties,"Therefore, while personal freedom is important, it doesn’t justify allowing products that harm the planet and public health—especially when alternatives are widely available and more sustainable.",causal_reasoning_rights_and_liberties,"I should consider inalienable human rights, civil liberties, privacy protections, and the freedom to make one's own choices. ",Therefore,baseline,909,417,0.0009959792799308887
65650,2.5425468776075455,,,synthesis_restructured,targeted,1,20260206_122715,1.0264718532562256,"The government should enforce a total ban on single-use plastics because it's a vital step to protect our environment and public health. These plastics often end up in oceans and landfills, where they harm wildlife and take hundreds of years to break down. Countries like Canada and the European Union have already shown that such bans are feasible with proper planning and public cooperation. By eliminating single-use plastics, we reduce pollution, lower long-term cleanup costs, and encourage innovation in sustainable alternatives. This change benefits everyone by preserving natural resources and creating cleaner communities. It’s time to act decisively for a healthier planet.",causal_reasoning,feasibility_and_implementation,"Therefore, the government should enforce a total ban on single-use plastics because it is a necessary and effective step toward protecting the environment and public health.",causal_reasoning_feasibility_and_implementation,I should evaluate whether the proposal can actually be implemented and enforced effectively. ,Therefore,exemplification,feasibility_and_implementation,"For example, many countries have already successfully implemented similar bans, showing that they are feasible with proper planning and public support.",exemplification_feasibility_and_implementation,I should evaluate whether the proposal can actually be implemented and enforced effectively. ,For example,exemplification,cost_benefit_and_impact_analysis,"For example, banning single-use plastics reduces pollution in oceans and landfills, prevents harm to wildlife, and lowers long-term cleanup and healthcare costs.",exemplification_cost_benefit_and_impact_analysis,"I should quantify and compare costs, benefits, and real-world impacts across economic, social, and environmental dimensions. ",For example,targeted,683,23,0.0009902982751937893
46,0.0,,,synthesis_restructured,random,1,20260206_123303,1.189663648605347,"The government should enforce a total ban on single-use plastics because they cause massive environmental harm, polluting oceans, endangering wildlife, and contributing to climate change. While some may worry about inconvenience, reusable alternatives like cloth bags and metal containers are widely available, affordable, and far more sustainable over time. A ban would push businesses and individuals to adopt greener habits, reducing waste and protecting ecosystems for future generations. This shift is not just necessary—it’s a responsible step toward a cleaner, healthier planet. With proper public education and support, the transition can be smooth and fair for everyone. Ultimately, the long-term benefits to the environment and public health far outweigh any short-term adjustments. We can’t afford to delay action any longer—banning single-use plastics is the right choice for our planet.",conditional,feasibility_and_implementation,"If the government enforces a total ban on single-use plastics, it would significantly reduce pollution and protect the environment.",conditional_feasibility_and_implementation,I should evaluate whether the proposal can actually be implemented and enforced effectively. ,If,evidence_and_authority,cost_benefit_and_impact_analysis,"Evidence shows that single-use plastics pollute oceans, harm wildlife, and contribute to climate change, making them a serious threat to the planet.",evidence_and_authority_cost_benefit_and_impact_analysis,"I should quantify and compare costs, benefits, and real-world impacts across economic, social, and environmental dimensions. ",Evidence shows that,exemplification,justice_and_fairness,"For example, plastic bags and packaging are often used for convenience, but alternatives like reusable bags are not only practical but also more sustainable in the long run.",exemplification_justice_and_fairness,"I should analyze whether outcomes, processes, and distributions are fair to all parties involved. ",For example,baseline,899,411,0.0008996948272050505
13,0.0,,,synthesis_restructured,random,0,20260206_123303,1.3471243381500244,"The government should enforce a total ban on single-use plastics because they cause lasting environmental damage, pollute oceans, and harm animals—issues that affect everyone, especially future generations. While some argue that such a ban would inconvenience consumers or hurt businesses, reusable alternatives are widely available and become cost-effective over time. The fossil fuel and plastic industries have a strong financial stake in maintaining the status quo, which can distort policy in favor of profits over public good. A ban would empower individuals to make sustainable choices and push companies toward innovation in eco-friendly packaging. Ultimately, protecting the planet isn’t just an environmental issue—it’s a moral responsibility to preserve Earth for our children and future communities.",exemplification,incentives_and_power_dynamics,"For example, the fossil fuel and plastic manufacturing industries wield significant political influence, which may lead them to oppose bans on single-use plastics even when public health and environmental concerns are evident. This imbalance of power means that public interests may be overlooked in policy decisions.",exemplification_incentives_and_power_dynamics,"I should examine what behaviors are encouraged, who holds power, and how interests align or conflict. ",For example,evidence_and_authority,cost_benefit_and_impact_analysis,"Evidence shows that single-use plastics contribute heavily to pollution, harm wildlife, and persist in ecosystems for centuries, while reusable alternatives—like glass, metal, and cloth—have lower long-term environmental costs despite higher initial prices.",evidence_and_authority_cost_benefit_and_impact_analysis,"I should quantify and compare costs, benefits, and real-world impacts across economic, social, and environmental dimensions. ",Evidence shows that,evidence_and_authority,ethical_principles,"Evidence shows that single-use plastics contribute heavily to pollution, harm wildlife, and persist in ecosystems for centuries, while reusable alternatives—like glass, metal, and cloth—have lower long-term environmental costs despite higher initial prices.",evidence_and_authority_ethical_principles,"I should evaluate actions based on moral rules, character virtues, relationships, and ethical obligations. ",Evidence shows that,baseline,811,342,0.0008980711386115932
461056,2.6940697337467245,,,synthesis_restructured,targeted,2,20260206_122715,1.1563959121704102,"Single-use plastics are a major source of pollution that harms wildlife, contaminates waterways, and takes hundreds of years to break down. A total government ban is necessary to stop this damage before it gets worse. Countries like Canada and the EU have already shown that such bans can work—reducing plastic waste while giving people practical, affordable alternatives. While some may worry about inconvenience, the long-term environmental and health benefits far outweigh the short-term adjustments. We don’t need to wait for perfection; we need to act now to protect our planet for future generations. A ban isn’t just possible—it’s essential.",evidence_and_authority,feasibility_and_implementation,"Evidence shows that many countries have already banned single-use plastics with measurable success, proving that such a ban is not only possible but effective in reducing pollution.",evidence_and_authority_feasibility_and_implementation,I should evaluate whether the proposal can actually be implemented and enforced effectively. ,Evidence shows that,conditional,cost_benefit_and_impact_analysis,"If we don’t act now, plastic waste will continue to harm wildlife, clog our oceans, and degrade ecosystems—costing far more in the long run than the short-term inconvenience of switching to alternatives.",conditional_cost_benefit_and_impact_analysis,"I should quantify and compare costs, benefits, and real-world impacts across economic, social, and environmental dimensions. ",If,exemplification,feasibility_and_implementation,"For example, in places like Canada and the EU, bans have been successfully rolled out with public support, thanks to clear messaging and accessible alternatives like reusable bags and compostable packaging.",exemplification_feasibility_and_implementation,I should evaluate whether the proposal can actually be implemented and enforced effectively. ,For example,targeted,648,7,0.0008876749999345694
461056,2.6940697337467245,,,synthesis_restructured,targeted,3,20260206_122715,1.1634252071380615,"Single-use plastics are a major source of pollution that harms wildlife, clogs waterways, and litters our cities and oceans. A total government ban would dramatically reduce this waste, protect natural ecosystems, and save communities money on cleanup efforts. While some might worry about inconvenience, real-world examples like Rwanda and Canada prove that such bans can work with proper planning and public support. There are already plenty of reusable and eco-friendly alternatives available, making the transition manageable. By taking this bold step, the government can lead the way in protecting the planet for future generations. This isn’t just about rules—it’s about responsibility to the environment we all share.",evidence_and_authority,feasibility_and_implementation,"Evidence shows that plastic pollution is a growing environmental crisis, and single-use plastics are a major contributor to this problem, so a total ban is a necessary step to reduce harm to ecosystems and wildlife.",evidence_and_authority_feasibility_and_implementation,I should evaluate whether the proposal can actually be implemented and enforced effectively. ,Evidence shows that,conditional,cost_benefit_and_impact_analysis,"If the government bans single-use plastics, we can significantly reduce landfill waste and ocean pollution, which not only protects nature but also reduces long-term cleanup costs for communities.",conditional_cost_benefit_and_impact_analysis,"I should quantify and compare costs, benefits, and real-world impacts across economic, social, and environmental dimensions. ",If,exemplification,feasibility_and_implementation,"For example, countries like Rwanda and Canada have successfully implemented similar bans with strong public support and clear alternatives, showing that such policies are both practical and enforceable.",exemplification_feasibility_and_implementation,I should evaluate whether the proposal can actually be implemented and enforced effectively. ,For example,targeted,724,43,0.0008793782869229261
29,0.0,,,synthesis_restructured,random,4,20260206_123303,0.9663209915161132,"The government should enforce a total ban on single-use plastics because it has a clear responsibility to protect public health and the environment. Plastic pollution harms marine life, contaminates ecosystems, and can eventually enter the human food chain, posing serious long-term risks. While individuals can make better choices, lasting change requires government action to ensure fairness and accountability across all sectors. A ban would push industries to innovate with sustainable alternatives and reduce the burden on waste management systems. Without strong regulation, progress will be too slow and uneven. Ultimately, protecting future generations demands bold, decisive action now.",emphasis_and_evaluation,ethical_principles,"Importantly, the government has a duty to protect public health and the environment, and plastic pollution poses a serious threat to both.",emphasis_and_evaluation_ethical_principles,"I should evaluate actions based on moral rules, character virtues, relationships, and ethical obligations. ",Importantly,emphasis_and_evaluation,precedent_and_long_term_effects,"Importantly, plastic waste harms marine life, contaminates ecosystems, and can enter the human food chain—these risks justify strong government action.",emphasis_and_evaluation_precedent_and_long_term_effects,"I should evaluate historical precedents, long-term vs short-term tradeoffs, and obligations to future generations. ",Importantly,clarification_and_specification,stakeholder_responsibility,"In other words, while individuals should reduce plastic use, systemic change requires government enforcement to ensure fairness and consistency.",clarification_and_specification_stakeholder_responsibility,"I should analyze who bears responsibility—whether government, individuals, corporations, or other institutions. ",In other words,baseline,695,247,0.0008640475140644557
8,0.0,,,synthesis_restructured,random,0,20260206_123303,1.1848506927490234,"The government should enforce a total ban on single-use plastics because it has a clear responsibility to protect both public health and the environment. Single-use plastics are a major source of pollution, harming marine life and contributing to microplastic contamination in our food and water. While individuals and companies can make changes, only the government has the power to implement nationwide policies that ensure consistent, large-scale action. A total ban would push innovation toward sustainable alternatives and create fairness by holding all industries to the same standard. This decisive step is necessary—delaying or weakening regulations only prolongs the damage. We can’t wait for voluntary changes when the planet and our health are at stake.",emphasis_and_evaluation,incentives_and_power_dynamics,"Importantly, the government has a responsibility to protect public health and the environment, and a total ban on single-use plastics is a clear, decisive step toward fulfilling that duty.",emphasis_and_evaluation_incentives_and_power_dynamics,"I should examine what behaviors are encouraged, who holds power, and how interests align or conflict. ",Importantly,evidence_and_authority,incentives_and_power_dynamics,"Evidence shows that single-use plastics pollute our oceans, harm wildlife, and break down into microplastics that can enter our food chain—posing serious risks to human health.",evidence_and_authority_incentives_and_power_dynamics,"I should examine what behaviors are encouraged, who holds power, and how interests align or conflict. ",Evidence shows that,sequence_and_transition,stakeholder_responsibility,"Next to the government, no other entity has the authority or resources to enforce a widespread, coordinated shift away from single-use plastics on the scale needed to make a real difference.",sequence_and_transition_stakeholder_responsibility,"I should analyze who bears responsibility—whether government, individuals, corporations, or other institutions. ",Next,baseline,764,300,0.0008581089561040441
461056,2.6940697337467245,,,synthesis_restructured,targeted,0,20260206_122715,1.2066965103149414,"Single-use plastics are a major source of pollution that harms wildlife, contaminates waterways, and contributes to long-term environmental degradation. A total ban by the government is necessary to prevent irreversible damage to ecosystems and protect public health. While some may worry about inconvenience, real-world examples show that communities can successfully transition to alternatives like reusable bags, paper packaging, and compostable materials. The long-term benefits — cleaner oceans, reduced waste in landfills, and less toxic runoff — far outweigh the temporary adjustments. A ban isn’t just environmentally responsible; it’s a practical and achievable step toward a sustainable future. The government has a duty to act decisively for the planet and future generations.",evidence_and_authority,feasibility_and_implementation,"Evidence shows that single-use plastics cause severe harm to ecosystems, especially marine life, and a total ban would significantly reduce pollution and protect natural habitats.",evidence_and_authority_feasibility_and_implementation,I should evaluate whether the proposal can actually be implemented and enforced effectively. ,Evidence shows that,conditional,cost_benefit_and_impact_analysis,"If we continue allowing single-use plastics, the long-term environmental and health costs — including cleanup, wildlife damage, and potential human exposure to toxins — will far outweigh the short-term convenience and low cost of plastic use.",conditional_cost_benefit_and_impact_analysis,"I should quantify and compare costs, benefits, and real-world impacts across economic, social, and environmental dimensions. ",If,exemplification,feasibility_and_implementation,"For example, many cities and countries that have already banned single-use plastics report successful transitions to reusable and biodegradable alternatives, proving that such bans are feasible in real-world settings.",exemplification_feasibility_and_implementation,I should evaluate whether the proposal can actually be implemented and enforced effectively. ,For example,targeted,787,105,0.0008540848926956633
9,0.0,,,synthesis_restructured,random,4,20260206_123303,1.1589922904968262,"Single-use plastics are a major contributor to environmental degradation, clogging waterways and harming wildlife. A total ban would significantly reduce this pollution and protect ecosystems for future generations. While some may worry about inconvenience, countries like Canada and the EU have already shown that such bans are manageable and lead to innovation in sustainable alternatives. The long-term benefits—cleaner oceans, healthier communities, and reduced resource waste—far exceed the temporary adjustments. As someone who cares about my local environment and the world my children will inherit, I believe responsible action now is essential. This ban isn’t about restricting freedom—it’s about protecting life on Earth. We can make better choices, and the government has a duty to lead us toward them.",conditional,cost_benefit_and_impact_analysis,"If we take a broad view, banning single-use plastics would drastically reduce pollution in oceans and landfills, which are already overflowing with plastic waste.",conditional_cost_benefit_and_impact_analysis,"I should quantify and compare costs, benefits, and real-world impacts across economic, social, and environmental dimensions. ",If,emphasis_and_evaluation,precedent_and_long_term_effects,"Importantly, other countries like Canada and the EU have already implemented similar bans with minimal disruption, proving such policies are both feasible and effective.",emphasis_and_evaluation_precedent_and_long_term_effects,"I should evaluate historical precedents, long-term vs short-term tradeoffs, and obligations to future generations. ",Importantly,concession_and_contrast,precedent_and_long_term_effects,"However, the short-term inconvenience of finding alternatives is far outweighed by the long-term health and environmental benefits, especially for children and future generations.",concession_and_contrast_precedent_and_long_term_effects,"I should evaluate historical precedents, long-term vs short-term tradeoffs, and obligations to future generations. ",However,baseline,813,348,0.0008391004734584502
461046,2.7576567283733917,,,synthesis_restructured,targeted,3,20260206_122715,1.0215167999267578,"Single-use plastics are a major source of pollution, clogging landfills and harming wildlife, so a government ban is a necessary step to protect our environment. While some may worry about the inconvenience of change, the long-term benefits—cleaner oceans, healthier ecosystems, and reduced public health risks—far outweigh the short-term adjustments. Countries like Canada and the EU have already enforced such bans with positive results, proving it’s both possible and effective. With proper support for businesses and consumers, the transition to reusable or compostable alternatives can happen smoothly. Ultimately, protecting our planet and future generations justifies taking strong action now. A total ban is not just ideal—it’s essential.",evidence_and_authority,feasibility_and_implementation,"Evidence shows that single-use plastics contribute heavily to pollution, and banning them would reduce environmental harm significantly.",evidence_and_authority_feasibility_and_implementation,I should evaluate whether the proposal can actually be implemented and enforced effectively. ,Evidence shows that,conditional,cost_benefit_and_impact_analysis,"If we don’t act now, the long-term cost to ecosystems and public health will far outweigh the short-term inconvenience of switching to alternatives.",conditional_cost_benefit_and_impact_analysis,"I should quantify and compare costs, benefits, and real-world impacts across economic, social, and environmental dimensions. ",If,evidence_and_authority,feasibility_and_implementation,Evidence shows that many countries have already implemented similar bans and successfully transitioned to reusable or biodegradable options.,evidence_and_authority_feasibility_and_implementation,I should evaluate whether the proposal can actually be implemented and enforced effectively. ,Evidence shows that,targeted,746,60,0.0008356949585739076
424650,2.585680497795376,,,synthesis_restructured,targeted,4,20260206_122715,0.9858682155609132,"Single-use plastics are a major polluter of our environment, especially in oceans and rivers, where they harm wildlife and degrade ecosystems. While some may worry about inconvenience, alternatives like reusable bags and biodegradable containers are already widely available and cost-effective. Many places around the world have successfully banned these items without causing major disruption, proving that such policies are practical and enforceable. A government-wide ban would send a strong message about protecting our planet and encourage innovation in sustainable materials. It’s time to stop treating plastic waste as inevitable and take decisive action to protect future generations.",evidence_and_authority,justice_and_fairness,"Evidence shows that single-use plastics are a major source of environmental pollution, especially in oceans and waterways, harming marine life and ecosystems.",evidence_and_authority_justice_and_fairness,"I should analyze whether outcomes, processes, and distributions are fair to all parties involved. ",Evidence shows that,evidence_and_authority,feasibility_and_implementation,"Evidence shows that many countries and cities have successfully implemented bans on single-use plastics, proving that enforcement is both possible and effective.",evidence_and_authority_feasibility_and_implementation,I should evaluate whether the proposal can actually be implemented and enforced effectively. ,Evidence shows that,exemplification,cost_benefit_and_impact_analysis,"For example, plastic bags and straws are easily replaced with reusable or biodegradable alternatives, which are now widely available and affordable.",exemplification_cost_benefit_and_impact_analysis,"I should quantify and compare costs, benefits, and real-world impacts across economic, social, and environmental dimensions. ",For example,targeted,692,28,0.0008281273552454696
466046,2.6842490077689276,,,synthesis_restructured,targeted,2,20260206_122715,1.3841071128845217,"The government should enforce a total ban on single-use plastics because it’s a necessary step to protect our environment and public health. Many countries and cities have already banned plastic bags, straws, and cutlery, and the results speak for themselves—less plastic pollution in oceans, cleaner streets, and fewer animals harmed by ingesting plastic. While it might feel like a small change to carry a reusable bag or bottle, the long-term benefits to our planet and future generations are enormous. Plus, alternatives like paper, glass, and reusable materials are now widely available and affordable. A total ban isn’t unrealistic—it’s already being done successfully around the world. We don’t need to wait for perfect solutions; we need bold action now to stop the growing crisis of plastic waste.",evidence_and_authority,feasibility_and_implementation,"Evidence shows that bans on single-use plastics, such as plastic bags and straws, have already been implemented in many cities and countries with measurable environmental benefits, proving that enforcement is feasible and effective.",evidence_and_authority_feasibility_and_implementation,I should evaluate whether the proposal can actually be implemented and enforced effectively. ,Evidence shows that,clarification_and_specification,cost_benefit_and_impact_analysis,"In other words, while there may be short-term inconveniences, like needing to carry reusable bags, the long-term benefits—such as cleaner oceans, reduced landfill waste, and less harm to wildlife—far outweigh these minor inconveniences.",clarification_and_specification_cost_benefit_and_impact_analysis,"I should quantify and compare costs, benefits, and real-world impacts across economic, social, and environmental dimensions. ",In other words,evidence_and_authority,feasibility_and_implementation,"Evidence shows that bans on single-use plastics, such as plastic bags and straws, have already been implemented in many cities and countries with measurable environmental benefits, proving that enforcement is feasible and effective.",evidence_and_authority_feasibility_and_implementation,I should evaluate whether the proposal can actually be implemented and enforced effectively. ,Evidence shows that,targeted,806,122,0.0008199074447442842
31,0.0,,,synthesis_restructured,random,0,20260206_123303,1.2760655879974363,"The government should enforce a total ban on single-use plastics because it’s the most effective way to protect our environment and public health. When laws are enforced, people and companies are held accountable, and we see real results—like cleaner oceans and less plastic choking wildlife. Voluntary efforts just don’t go far enough; we’ve seen that time and again. A ban is a clear, strong signal that we take the planet’s future seriously, just like we did with smoking in public places or leaded fuel. It’s not about punishing people—it’s about making the right choice the easy choice. And the evidence shows that countries with such bans have seen dramatic drops in plastic pollution. So, yes—we need a total ban, and the government has both the power and the responsibility to lead the way.",evidence_and_authority,governance_and_accountability,"Evidence shows that government enforcement of bans on single-use plastics leads to measurable environmental improvements, such as reduced marine pollution and less landfill waste.",evidence_and_authority_governance_and_accountability,"I should consider legal frameworks, accountability mechanisms, democratic principles, and proper authority. ",Evidence shows that,conditional,incentives_and_power_dynamics,"If we want to protect our oceans, wildlife, and public health, it's necessary to hold corporations and individuals accountable through enforceable laws, not just voluntary actions.",conditional_incentives_and_power_dynamics,"I should examine what behaviors are encouraged, who holds power, and how interests align or conflict. ",If,clarification_and_specification,precedent_and_long_term_effects,"In other words, a total ban isn’t extreme—it’s a responsible step toward safeguarding the planet for future generations, just like past bans on leaded gasoline or smoking in public spaces.",clarification_and_specification_precedent_and_long_term_effects,"I should evaluate historical precedents, long-term vs short-term tradeoffs, and obligations to future generations. ",In other words,baseline,798,332,0.000775567564922733
29,0.0,,,synthesis_restructured,random,0,20260206_123303,1.1866693496704102,"We have a moral duty to protect the planet and future generations from irreversible harm, and banning single-use plastics is a necessary step toward that goal. History shows that government-led bans on dangerous products—like leaded gasoline and smoking in public—have worked effectively and gained public acceptance over time. The government must step in because individual choices alone can’t fix a systemic problem that threatens ecosystems, wildlife, and human health. Plastic pollution is already choking oceans and entering our food chain, and delaying action only makes the crisis worse. A total ban is not an overreach—it’s a responsible use of public authority to safeguard the common good. We can’t keep relying on voluntary efforts when the consequences of inaction are so severe. It’s time to prioritize long-term survival over short-term convenience.",emphasis_and_evaluation,ethical_principles,"Importantly, our ethical obligations to protect the environment and future generations are stronger than convenience or economic interests.",emphasis_and_evaluation_ethical_principles,"I should evaluate actions based on moral rules, character virtues, relationships, and ethical obligations. ",Importantly,emphasis_and_evaluation,precedent_and_long_term_effects,"Importantly, past bans on harmful substances like lead in gasoline and smoking in public spaces show that bans can be effective and widely accepted over time.",emphasis_and_evaluation_precedent_and_long_term_effects,"I should evaluate historical precedents, long-term vs short-term tradeoffs, and obligations to future generations. ",Importantly,clarification_and_specification,stakeholder_responsibility,"In other words, the government has a responsibility to act as a steward of public health and environmental safety, especially when individual actions alone cannot solve systemic problems.",clarification_and_specification_stakeholder_responsibility,"I should analyze who bears responsibility—whether government, individuals, corporations, or other institutions. ",In other words,baseline,863,388,0.0007697050662689713
467056,2.710815207546865,,,synthesis_restructured,targeted,4,20260206_122715,1.106893539428711,"Single-use plastics are a major source of pollution, clogging our oceans, harming wildlife, and taking hundreds of years to break down. A total government ban would drastically reduce this pollution and protect ecosystems for future generations. While some might worry about inconvenience, real-world examples from countries like Rwanda and Kenya show that such bans are enforceable and lead to cleaner communities and a healthier environment. The long-term benefits—to public health, nature, and sustainability—far surpass any short-term adjustments. It’s time we stop treating plastic waste as an inevitable byproduct of modern life and take strong, decisive action. A ban isn’t just possible; it’s necessary for a cleaner, safer planet.",evidence_and_authority,feasibility_and_implementation,"Evidence shows that bans on single-use plastics have successfully reduced pollution in multiple countries, proving they are feasible and impactful.",evidence_and_authority_feasibility_and_implementation,I should evaluate whether the proposal can actually be implemented and enforced effectively. ,Evidence shows that,emphasis_and_evaluation,cost_benefit_and_impact_analysis,"Importantly, while there may be short-term convenience trade-offs, the long-term environmental savings—like cleaner oceans and healthier wildlife—far outweigh the initial inconvenience.",emphasis_and_evaluation_cost_benefit_and_impact_analysis,"I should quantify and compare costs, benefits, and real-world impacts across economic, social, and environmental dimensions. ",Importantly,exemplification,feasibility_and_implementation,"For example, countries like Rwanda and Kenya have implemented strict bans and seen dramatic reductions in plastic waste, showing that enforcement is possible even with limited resources.",exemplification_feasibility_and_implementation,I should evaluate whether the proposal can actually be implemented and enforced effectively. ,For example,targeted,739,58,0.000734822226160753
21,0.0,,,synthesis_restructured,random,2,20260206_123303,1.5321850776672363,"The government should enforce a total ban on single-use plastics because it’s the most effective way to protect our environment and public health. While some worry about personal inconvenience, the long-term benefits—like cleaner oceans, less pollution, and reduced harm to wildlife—far outweigh temporary adjustments. History shows that society has successfully adapted to similar bans, like those on smoking in public places, which were once unpopular but are now widely supported. It’s not fair to expect ordinary people to fix a problem that’s largely created by large corporations. The government has a responsibility to act on behalf of the public, especially when it comes to protecting future generations. A total ban is a clear, enforceable step that ensures consistent progress and accountability. When citizens vote for such laws, they’re expressing their desire for a cleaner, safer world—something the government should honor.",concession_and_contrast,governance_and_accountability,"However, these arguments often overlook the fact that citizens have a right to vote for laws they believe in, and when a majority supports a ban, it reflects the will of the people. The government’s role includes protecting public health and the environment, which justifies enacting such laws through democratic processes.",concession_and_contrast_governance_and_accountability,"I should consider legal frameworks, accountability mechanisms, democratic principles, and proper authority. ",However,exemplification,precedent_and_long_term_effects,"For example, bans on smoking in public spaces were once controversial but are now widely accepted because they protect public health. Similarly, banning single-use plastics reduces long-term environmental harm, even if it requires short-term adjustments by consumers and businesses.",exemplification_precedent_and_long_term_effects,"I should evaluate historical precedents, long-term vs short-term tradeoffs, and obligations to future generations. ",For example,causal_reasoning,stakeholder_responsibility,"Therefore, while individuals can make eco-friendly choices, systemic change requires government action. It’s unfair to expect everyday people to solve a global environmental crisis alone when corporations produce most of the waste.",causal_reasoning_stakeholder_responsibility,"I should analyze who bears responsibility—whether government, individuals, corporations, or other institutions. ",Therefore,baseline,939,428,0.000705030961155769
15,0.0,,,synthesis_restructured,random,0,20260206_123303,1.234062433242798,"The government should enforce a total ban on single-use plastics because it’s a necessary step to protect both public health and the environment. These plastics are a major source of pollution, clogging waterways, harming wildlife, and breaking down into microplastics that can enter our food and water. While some may argue it’s inconvenient, the long-term harm to ecosystems and human well-being far outweighs the short-term discomfort of change. The government has a responsibility to act when private companies fail to reduce waste responsibly, and a ban is a clear, enforceable way to drive systemic change. By taking this bold step, the government can set a standard that encourages innovation in sustainable alternatives and ensures a cleaner, safer future for everyone—especially future generations.",clarification_and_specification,justice_and_fairness,"In other words, the policy should not disproportionately harm any particular group or individual. This means that any government action must be evaluated not just by its intended outcome, but also by how fairly it is distributed across different segments of society.",clarification_and_specification_justice_and_fairness,"I should analyze whether outcomes, processes, and distributions are fair to all parties involved. ",In other words,conditional,ethical_principles,"If a policy is ethically right, it should reflect values like fairness, responsibility, and compassion, and it should not harm vulnerable populations.",conditional_ethical_principles,"I should evaluate actions based on moral rules, character virtues, relationships, and ethical obligations. ",If,clarification_and_specification,stakeholder_responsibility,"In other words, the government has a duty to protect public health and the environment, especially when private actors fail to act responsibly.",clarification_and_specification_stakeholder_responsibility,"I should analyze who bears responsibility—whether government, individuals, corporations, or other institutions. ",In other words,baseline,807,338,0.0006805506050123565
45,0.0,,,synthesis_restructured,random,2,20260206_123303,1.0314700603485107,"The government should enforce a total ban on single-use plastics because individuals alone can't solve this crisis—without rules, people will keep using plastic out of habit, and companies will keep producing it for profit. A ban ensures everyone shares the responsibility fairly, so that low-income communities aren’t disproportionately harmed by pollution. It also pushes innovation toward sustainable alternatives, giving businesses a clear path to change. Without government action, we’re stuck in a cycle where convenience wins over the planet. A total ban is the only way to create real, lasting change for future generations.",concession_and_contrast,stakeholder_responsibility,"However, since individuals cannot unilaterally eliminate plastic pollution, the government must step in to enforce rules that everyone follows, ensuring broad impact.",concession_and_contrast_stakeholder_responsibility,"I should analyze who bears responsibility—whether government, individuals, corporations, or other institutions. ",However,addition_and_elaboration,justice_and_fairness,"Moreover, a total ban ensures fairness by preventing wealthier individuals from continuing to use plastic while poorer communities suffer the environmental consequences.",addition_and_elaboration_justice_and_fairness,"I should analyze whether outcomes, processes, and distributions are fair to all parties involved. ",Moreover,conditional,incentives_and_power_dynamics,"If the government doesn’t act, corporations will keep profiting from plastic production, and people will keep relying on it out of convenience, even if they care about the environment.",conditional_incentives_and_power_dynamics,"I should examine what behaviors are encouraged, who holds power, and how interests align or conflict. ",If,baseline,632,224,0.0006732300664907205
21,0.0,,,synthesis_restructured,random,0,20260206_123303,1.0645110607147217,"The government should enforce a total ban on single-use plastics because it has a duty to protect public health and the environment. Past successes, like banning leaded gasoline and asbestos, prove that governments can effectively eliminate harmful products through strong regulations. It's unfair to expect individuals to change habits when large corporations profit from plastic production and pollution. The government has the authority and responsibility to step in and create systemic change that benefits everyone. A total ban would drive innovation in sustainable alternatives and reduce the massive environmental damage caused by plastic waste. Ultimately, protecting future generations from a plastic-choked planet is a moral obligation that only government action can fulfill.",concession_and_contrast,governance_and_accountability,"However, it's important to recognize that the government has a responsibility to uphold public well-being and environmental sustainability through enforceable regulations.",concession_and_contrast_governance_and_accountability,"I should consider legal frameworks, accountability mechanisms, democratic principles, and proper authority. ",However,exemplification,precedent_and_long_term_effects,"For example, past bans on harmful substances like leaded gasoline and asbestos show that governments can successfully remove dangerous materials from society through decisive action.",exemplification_precedent_and_long_term_effects,"I should evaluate historical precedents, long-term vs short-term tradeoffs, and obligations to future generations. ",For example,causal_reasoning,stakeholder_responsibility,"Therefore, placing the burden on individuals alone to change behavior is unfair when corporations profit from single-use plastics and governments have the power to regulate them.",causal_reasoning_stakeholder_responsibility,"I should analyze who bears responsibility—whether government, individuals, corporations, or other institutions. ",Therefore,baseline,786,319,0.0006553776567093086
466056,2.6206620131422604,,,synthesis_restructured,targeted,2,20260206_122715,1.1104555130004885,"Single-use plastics are a major source of environmental pollution, harming wildlife and contaminating ecosystems. While some industries depend on them, affordable and effective alternatives like paper, glass, and reusable materials are already widely available. Countries and cities that have implemented bans have seen dramatic reductions in plastic waste and cleaner public spaces, proving the policy works in practice. A government-wide ban is a realistic and necessary step to protect the planet for future generations. It's not about inconvenience—it's about responsibility. We can't keep ignoring the damage while pretending there's no better way. It's time to make the switch for the sake of our environment and health.",evidence_and_authority,feasibility_and_implementation,"Evidence shows that single-use plastics are a major source of pollution, clogging waterways and harming wildlife, so a ban is a necessary step to protect the environment.",evidence_and_authority_feasibility_and_implementation,I should evaluate whether the proposal can actually be implemented and enforced effectively. ,Evidence shows that,clarification_and_specification,cost_benefit_and_impact_analysis,"In other words, while some industries rely on plastic, alternatives like paper, glass, and reusable materials are already available and cost-effective in many cases.",clarification_and_specification_cost_benefit_and_impact_analysis,"I should quantify and compare costs, benefits, and real-world impacts across economic, social, and environmental dimensions. ",In other words,exemplification,feasibility_and_implementation,"For example, cities and countries that have already banned single-use plastics report a significant drop in litter and pollution, proving that such bans are not only feasible but impactful.",exemplification_feasibility_and_implementation,I should evaluate whether the proposal can actually be implemented and enforced effectively. ,For example,targeted,726,47,0.0006335102661873264
45,0.0,,,synthesis_restructured,random,4,20260206_123303,1.2297720909118652,"The government should enforce a total ban on single-use plastics because individuals alone can’t fix such a massive environmental problem. Without strong government action, companies will keep making cheap, harmful plastics just because they’re profitable, even if they pollute our oceans and harm wildlife. A ban ensures fairness by stopping big corporations from dumping waste on communities and the planet while giving eco-friendly businesses a fair chance. It also protects public health by reducing exposure to toxic chemicals found in plastic. While some worry about convenience, the long-term benefits—cleaner cities, healthier ecosystems, and safer food and water—far outweigh temporary inconvenience. The government has a responsibility to act in the public interest, and a total ban is the most effective way to protect future generations.",concession_and_contrast,stakeholder_responsibility,"However, because individuals alone cannot solve large-scale environmental issues, it's essential for the government to take decisive action by enforcing a total ban on single-use plastics to protect the planet and public health.",concession_and_contrast_stakeholder_responsibility,"I should analyze who bears responsibility—whether government, individuals, corporations, or other institutions. ",However,addition_and_elaboration,justice_and_fairness,"Moreover, a government-enforced ban ensures fairness by preventing corporations from continuing harmful practices while leveling the playing field for businesses that use sustainable alternatives.",addition_and_elaboration_justice_and_fairness,"I should analyze whether outcomes, processes, and distributions are fair to all parties involved. ",Moreover,conditional,incentives_and_power_dynamics,"If the government doesn’t step in, companies will keep producing cheap, disposable plastics because they’re profitable, even if they harm the environment and our health.",conditional_incentives_and_power_dynamics,"I should examine what behaviors are encouraged, who holds power, and how interests align or conflict. ",If,baseline,849,381,0.0006207558879257788
466046,2.6842490077689276,,,synthesis_restructured,targeted,4,20260206_122715,1.0159409046173096,"Single-use plastics are a major contributor to pollution, clogging waterways and harming wildlife, and a total government ban would significantly reduce this damage. While some may worry about inconvenience or economic impact, the long-term environmental benefits far outweigh short-term challenges. Countries like Canada and members of the EU have already implemented such bans with positive results, showing they are feasible and effective. With proper public education and support for alternatives, a ban can be smoothly adopted by everyday citizens. The health of our planet and future generations depends on bold action now. A total ban is not just desirable—it's necessary.",evidence_and_authority,feasibility_and_implementation,"Evidence shows that single-use plastics are a major source of environmental pollution, especially in oceans and landfills, and a total ban would significantly reduce this harm.",evidence_and_authority_feasibility_and_implementation,I should evaluate whether the proposal can actually be implemented and enforced effectively. ,Evidence shows that,clarification_and_specification,cost_benefit_and_impact_analysis,"In other words, banning single-use plastics reduces long-term environmental damage, even if there are short-term inconveniences or economic adjustments required.",clarification_and_specification_cost_benefit_and_impact_analysis,"I should quantify and compare costs, benefits, and real-world impacts across economic, social, and environmental dimensions. ",In other words,evidence_and_authority,feasibility_and_implementation,"Evidence shows that successful bans have already been implemented in countries like Canada and the EU, proving that a total ban is not only possible but practical.",evidence_and_authority_feasibility_and_implementation,I should evaluate whether the proposal can actually be implemented and enforced effectively. ,Evidence shows that,targeted,679,21,0.0005878236193462079
461056,2.6940697337467245,,,synthesis_restructured,targeted,4,20260206_122715,0.8873703479766846,"Single-use plastics are a major contributor to pollution, clogging waterways and harming wildlife. A total ban would drastically reduce waste, lower cleanup costs, and protect ecosystems for future generations. Countries like Rwanda have already proven that such bans are feasible and effective with proper enforcement. While some may worry about convenience, reusable alternatives are widely available and increasingly affordable. The long-term environmental and economic benefits far outweigh short-term inconvenience. A ban is a necessary step toward sustainable living and responsible governance.",evidence_and_authority,feasibility_and_implementation,"Evidence shows that plastic pollution is a major environmental threat, with millions of tons entering oceans annually, harming marine life and ecosystems.",evidence_and_authority_feasibility_and_implementation,I should evaluate whether the proposal can actually be implemented and enforced effectively. ,Evidence shows that,conditional,cost_benefit_and_impact_analysis,"If single-use plastics are banned, communities would significantly reduce litter, lower cleanup costs, and prevent long-term environmental damage.",conditional_cost_benefit_and_impact_analysis,"I should quantify and compare costs, benefits, and real-world impacts across economic, social, and environmental dimensions. ",If,exemplification,feasibility_and_implementation,"For example, countries like Rwanda and Rwanda have successfully banned single-use plastics, showing that enforcement is possible with strong political will and public cooperation.",exemplification_feasibility_and_implementation,I should evaluate whether the proposal can actually be implemented and enforced effectively. ,For example,targeted,600,2,0.0005532003323657322
461046,2.7576567283733917,,,synthesis_restructured,targeted,1,20260206_122715,1.2149970531463623,"Single-use plastics are a major source of pollution that harm wildlife, clog waterways, and degrade ecosystems. A total government ban is a clear, necessary step to protect our environment and public health. While some may worry about inconvenience, real-world examples from countries like Rwanda and Kenya prove that such bans can be enforced and make a big difference. The long-term benefits—cleaner oceans, less harm to animals, and reduced waste—are far more valuable than the temporary discomfort of switching to reusable alternatives. We don’t need to wait for perfect solutions; we need bold action now. The government has a responsibility to act in the public interest, and banning single-use plastics is a responsible, achievable, and essential move.",evidence_and_authority,feasibility_and_implementation,"Evidence shows that plastic pollution is a growing environmental crisis, and a total ban on single-use plastics is a necessary and practical step to reduce waste and protect ecosystems.",evidence_and_authority_feasibility_and_implementation,I should evaluate whether the proposal can actually be implemented and enforced effectively. ,Evidence shows that,conditional,cost_benefit_and_impact_analysis,"If we continue using single-use plastics, we’ll see more plastic in our oceans, harm to wildlife, and long-term damage to natural resources—costs that far outweigh the short-term inconvenience of changing habits.",conditional_cost_benefit_and_impact_analysis,"I should quantify and compare costs, benefits, and real-world impacts across economic, social, and environmental dimensions. ",If,evidence_and_authority,feasibility_and_implementation,"Evidence shows that countries like Rwanda and Kenya have successfully enforced strict bans, proving that such policies are not only possible but also effective in reducing plastic waste.",evidence_and_authority_feasibility_and_implementation,I should evaluate whether the proposal can actually be implemented and enforced effectively. ,Evidence shows that,targeted,759,77,0.0005270056187564779
34,0.0,,,synthesis_restructured,random,3,20260206_123303,1.1509029865264893,"Single-use plastics are a major source of pollution that harms ecosystems, wildlife, and human health. A total ban would drastically reduce plastic waste in oceans, landfills, and communities, leading to cleaner environments and fewer health risks. While some may worry about convenience or cost, reusable alternatives are becoming more accessible and affordable for everyday use. Importantly, the long-term benefits—like cleaner waterways, reduced cleanup costs, and less harm to marine life—outweigh short-term inconveniences. This policy also promotes innovation in sustainable packaging and supports a healthier planet for future generations. Overall, a total ban is a fair and necessary step toward protecting public health and the environment for everyone.",clarification_and_specification,justice_and_fairness,"In other words, when evaluating fairness, we must consider if the policy benefits the majority and if it protects vulnerable groups from harm.",clarification_and_specification_justice_and_fairness,"I should analyze whether outcomes, processes, and distributions are fair to all parties involved. ",In other words,causal_reasoning,cost_benefit_and_impact_analysis,"Therefore, a total ban on single-use plastics reduces environmental pollution, lowers long-term healthcare costs from plastic-related health issues, and supports sustainable alternatives that benefit society as a whole.",causal_reasoning_cost_benefit_and_impact_analysis,"I should quantify and compare costs, benefits, and real-world impacts across economic, social, and environmental dimensions. ",Therefore,sequence_and_transition,justice_and_fairness,"Next, I should address whether the policy treats all individuals and communities equitably, especially low-income populations who may be disproportionately affected by plastic waste and pollution.",sequence_and_transition_justice_and_fairness,"I should analyze whether outcomes, processes, and distributions are fair to all parties involved. ",Next,baseline,762,298,0.0005111267123020058
466056,2.6206620131422604,,,synthesis_restructured,targeted,4,20260206_122715,1.2166693210601809,"The government should enforce a total ban on single-use plastics because it’s a necessary step to protect our environment and public health. Many countries and cities have successfully implemented such bans without major problems, proving it's both practical and effective. While some might worry about inconvenience or cost, the long-term benefits—like less pollution in our oceans, fewer plastic fragments in the food chain, and reduced harm to wildlife—make the change worthwhile. People adapt quickly when given better alternatives, like reusable bags and containers, which are often more durable and convenient over time. A total ban sends a clear message that our planet’s health matters more than short-term convenience. It’s not just about reducing trash—it’s about creating a cleaner, safer future for everyone.",evidence_and_authority,feasibility_and_implementation,"Evidence shows that bans on single-use plastics are feasible and already in place in various countries, such as Canada and the EU, proving they can be implemented without major disruption.",evidence_and_authority_feasibility_and_implementation,I should evaluate whether the proposal can actually be implemented and enforced effectively. ,Evidence shows that,clarification_and_specification,cost_benefit_and_impact_analysis,"In other words, while there may be short-term inconvenience or cost for businesses, the long-term environmental benefits—like cleaner oceans and reduced wildlife harm—far outweigh these drawbacks.",clarification_and_specification_cost_benefit_and_impact_analysis,"I should quantify and compare costs, benefits, and real-world impacts across economic, social, and environmental dimensions. ",In other words,exemplification,feasibility_and_implementation,"For example, when cities like San Francisco or Montreal banned plastic bags, they saw strong public support and a smooth transition, often with reusable alternatives readily available.",exemplification_feasibility_and_implementation,I should evaluate whether the proposal can actually be implemented and enforced effectively. ,For example,targeted,820,136,0.0004785137159323141
47,0.0,,,synthesis_restructured,random,2,20260206_123303,1.1935920715332031,"The government should enforce a total ban on single-use plastics because it’s a necessary step to protect our environment and public health. These plastics don’t biodegrade and often end up in oceans, harming wildlife and entering the food chain. A ban would push businesses to innovate with sustainable alternatives, creating a cleaner, healthier future for everyone. While some may worry about inconvenience, the long-term benefits far outweigh temporary disruptions. Plus, the government has a responsibility to act on climate and pollution issues, especially when corporations have long profited from disposable products. A ban is the most effective way to ensure systemic change and hold producers accountable. It’s not just about recycling—it’s about stopping the problem at the source.",concession_and_contrast,justice_and_fairness,"However, if the policy disproportionately harms one group, the fairness of the outcome is undermined, regardless of how efficient or well-intentioned the policy may be.",concession_and_contrast_justice_and_fairness,"I should analyze whether outcomes, processes, and distributions are fair to all parties involved. ",However,emphasis_and_evaluation,feasibility_and_implementation,"Importantly, if the policy faces significant enforcement challenges, it may result in widespread non-compliance, undermining its effectiveness and potentially harming public trust in government.",emphasis_and_evaluation_feasibility_and_implementation,I should evaluate whether the proposal can actually be implemented and enforced effectively. ,Importantly,conditional,stakeholder_responsibility,"If the responsibility for reducing plastic waste is placed solely on individuals without addressing corporate production or systemic infrastructure, it shifts the burden unfairly and fails to tackle the root causes.",conditional_stakeholder_responsibility,"I should analyze who bears responsibility—whether government, individuals, corporations, or other institutions. ",If,baseline,792,327,0.00047686461778783756
469046,2.5649552484806932,,,synthesis_restructured,targeted,4,20260206_122715,1.1257951259613037,"Single-use plastics are a major source of pollution that harms wildlife, clogs waterways, and contributes to long-term environmental degradation. Even though some businesses may need time to adapt, the damage caused by plastic waste is already irreversible in many areas. A total ban by the government is a responsible and necessary step to protect public health and preserve natural ecosystems. With proper planning and support, alternatives like reusable or biodegradable materials can meet our daily needs without the environmental cost. The long-term benefits—cleaner oceans, less landfill waste, and reduced carbon emissions—make this ban not just possible, but essential. We owe it to future generations to act now before the damage becomes permanent.",evidence_and_authority,feasibility_and_implementation,"Evidence shows that plastic pollution is already causing serious harm to ecosystems and wildlife, so a total ban would be a necessary step to protect the environment.",evidence_and_authority_feasibility_and_implementation,I should evaluate whether the proposal can actually be implemented and enforced effectively. ,Evidence shows that,conclusion_and_summary,cost_benefit_and_impact_analysis,"In conclusion, even though some industries may face short-term challenges, the long-term environmental and public health benefits far outweigh the costs of transitioning to sustainable alternatives.",conclusion_and_summary_cost_benefit_and_impact_analysis,"I should quantify and compare costs, benefits, and real-world impacts across economic, social, and environmental dimensions. ",In conclusion,evidence_and_authority,feasibility_and_implementation,"Evidence shows that plastic pollution is already causing serious harm to ecosystems and wildlife, so a total ban would be a necessary step to protect the environment.",evidence_and_authority_feasibility_and_implementation,I should evaluate whether the proposal can actually be implemented and enforced effectively. ,Evidence shows that,targeted,757,73,0.00047561143264361
17,0.0,,,synthesis_restructured,random,4,20260206_123303,1.3801672458648682,"We should enforce a total ban on single-use plastics because it’s our moral responsibility to protect the planet for future generations and prevent harm to animals and ecosystems. Governments have a duty to act when public health and environmental safety are at risk, and this ban is a clear, necessary step to fulfill that duty. The dangers of plastic pollution—like microplastics in our food, water, and air, and the long-term damage to oceans and wildlife—are too severe to ignore. Even if some inconvenience arises, the long-term benefits to people and the planet far outweigh the costs. A ban is not an overreach; it’s a rational response to a global crisis. With better alternatives available and growing public support, this change is both achievable and essential. We can’t wait for more damage to occur—we must act now to protect our shared home.",causal_reasoning,ethical_principles,"Therefore, we should enforce a total ban on single-use plastics because it is our ethical duty to protect the environment for future generations and prevent harm to wildlife and ecosystems.",causal_reasoning_ethical_principles,"I should evaluate actions based on moral rules, character virtues, relationships, and ethical obligations. ",Therefore,addition_and_elaboration,governance_and_accountability,"Moreover, governments have the responsibility to regulate harmful practices through laws, and a ban on single-use plastics is a necessary and proportionate measure to uphold public health and environmental safety.",addition_and_elaboration_governance_and_accountability,"I should consider legal frameworks, accountability mechanisms, democratic principles, and proper authority. ",Moreover,emphasis_and_evaluation,risk_and_unintended_consequences,"Importantly, the continued use of single-use plastics leads to irreversible pollution, microplastic contamination in food and water, and contributes to climate change—risks that far outweigh any short-term convenience.",emphasis_and_evaluation_risk_and_unintended_consequences,"I should identify risks, unintended outcomes, cascading effects, and potential for escalation. ",Importantly,baseline,855,384,0.00043097965992610097
21,0.0,,,synthesis_restructured,random,4,20260206_123303,1.1960525512695312,"The government should enforce a total ban on single-use plastics because it has the legal authority and responsibility to protect public health and the environment. Just as past bans on leaded gasoline and asbestos were necessary to prevent long-term harm, eliminating single-use plastics now is a crucial step to safeguard ecosystems and human well-being. While individuals and companies can make greener choices, voluntary efforts alone are insufficient to create systemic change. A government-led ban ensures accountability, level playing field, and consistency across regions. This kind of policy reflects our collective duty to future generations who will inherit the consequences of today’s waste. It’s time we act decisively—banning single-use plastics is not just possible, it’s necessary.",concession_and_contrast,governance_and_accountability,"However, the government already has the legal authority to regulate harmful products, and enforcing a total ban on single-use plastics falls within its responsibility to protect public health and the environment.",concession_and_contrast_governance_and_accountability,"I should consider legal frameworks, accountability mechanisms, democratic principles, and proper authority. ",However,exemplification,precedent_and_long_term_effects,"For example, governments have previously banned harmful substances like leaded gasoline and asbestos—this shows they can act decisively to eliminate dangerous materials for the greater good.",exemplification_precedent_and_long_term_effects,"I should evaluate historical precedents, long-term vs short-term tradeoffs, and obligations to future generations. ",For example,causal_reasoning,stakeholder_responsibility,"Therefore, while individuals and businesses can help reduce plastic use, it's ultimately the government’s role to set binding rules that ensure widespread compliance and long-term sustainability.",causal_reasoning_stakeholder_responsibility,"I should analyze who bears responsibility—whether government, individuals, corporations, or other institutions. ",Therefore,baseline,797,331,0.00042706756650056434
44,0.0,,,synthesis_restructured,random,2,20260206_123303,1.059596300125122,"The government should enforce a total ban on single-use plastics because it’s a necessary step to protect our environment and public health. Right now, millions of tons of plastic end up in oceans and landfills each year, choking wildlife and polluting natural ecosystems. While some might worry about inconvenience, reusable alternatives like cloth bags, glass containers, and metal straws are already accessible and cost-effective for most people. With clear communication and phased implementation, communities can adapt without significant disruption. A ban would also push industries to innovate and create more sustainable packaging solutions. Ultimately, protecting the planet from plastic pollution is not just an environmental issue—it’s a responsibility we all share.",addition_and_elaboration,risk_and_unintended_consequences,"Moreover, such a ban would drastically reduce the amount of plastic waste that ends up in landfills and oceans, which is currently harming wildlife and ecosystems.",addition_and_elaboration_risk_and_unintended_consequences,"I should identify risks, unintended outcomes, cascading effects, and potential for escalation. ",Moreover,sequence_and_transition,feasibility_and_implementation,"Next, even though some people might worry about inconvenience, alternatives like reusable bags and containers are widely available and increasingly affordable.",sequence_and_transition_feasibility_and_implementation,I should evaluate whether the proposal can actually be implemented and enforced effectively. ,Next,concession_and_contrast,feasibility_and_implementation,"However, with proper public education and gradual rollout, the transition can be smooth and manageable for most households.",concession_and_contrast_feasibility_and_implementation,I should evaluate whether the proposal can actually be implemented and enforced effectively. ,However,baseline,777,312,0.00040745660851674643
463846,2.509706127686236,,,synthesis_restructured,targeted,3,20260206_122715,1.3148624897003174,"Single-use plastics are a major source of pollution, clogging landfills and harming wildlife, and a total government ban is a necessary step to protect our environment. Many regions around the world, including the EU and parts of Canada and the U.S., have already implemented similar bans with measurable success in reducing plastic waste. These examples prove that such policies are not only doable but also effective without causing major economic or social disruption. As an average person, I believe we have a responsibility to future generations to act now and stop poisoning our planet with disposable waste. A total ban is the most direct and powerful way to drive change and encourage sustainable alternatives. The long-term benefits—cleaner oceans, healthier ecosystems, and reduced pollution—far outweigh any short-term inconvenience. It’s time for the government to lead with bold action and protect our shared environment.",evidence_and_authority,feasibility_and_implementation,"Evidence shows that bans on single-use plastics are feasible and have been successfully implemented in various countries and cities, demonstrating that enforcement is possible even at scale.",evidence_and_authority_feasibility_and_implementation,I should evaluate whether the proposal can actually be implemented and enforced effectively. ,Evidence shows that,addition_and_elaboration,precedent_and_long_term_effects,"Moreover, past bans in places like Canada, the EU, and parts of the U.S. have reduced plastic waste significantly without causing major societal disruption, proving that such policies are both practical and effective.",addition_and_elaboration_precedent_and_long_term_effects,"I should evaluate historical precedents, long-term vs short-term tradeoffs, and obligations to future generations. ",Moreover,evidence_and_authority,feasibility_and_implementation,"Evidence shows that bans on single-use plastics are feasible and have been successfully implemented in various countries and cities, demonstrating that enforcement is possible even at scale.",evidence_and_authority_feasibility_and_implementation,I should evaluate whether the proposal can actually be implemented and enforced effectively. ,Evidence shows that,targeted,934,206,0.0004014093152156573
33,0.0,,,synthesis_restructured,random,3,20260206_123303,1.4491043090820312,"Single-use plastics are polluting our oceans, harming wildlife, and creating long-term environmental damage—something we can no longer ignore. While individuals can try to reduce their plastic use, it’s unfair to expect everyone to fix a problem caused by large-scale industry and convenience culture. The government has the authority and responsibility to step in and enforce a total ban, ensuring that all citizens have access to affordable, sustainable alternatives. Such a ban would also push companies to innovate and create better eco-friendly products. Protecting our planet isn’t just a personal choice—it’s a collective duty that requires strong public policy. A total ban is the most effective way to create lasting change and safeguard our environment for future generations.",evidence_and_authority,incentives_and_power_dynamics,"Evidence shows that single-use plastics are a major source of pollution, contributing to clogged waterways, harmed wildlife, and long-term environmental damage. As someone who cares about clean parks, safe oceans, and a healthier planet for future generations, I believe we must take bold action to stop this growing crisis.",evidence_and_authority_incentives_and_power_dynamics,"I should examine what behaviors are encouraged, who holds power, and how interests align or conflict. ",Evidence shows that,concession_and_contrast,stakeholder_responsibility,"However, while individuals can reduce their plastic use, it's not fair to expect everyone to solve a problem created by widespread industrial production and convenience culture. The government has the power and responsibility to regulate industries and enforce standards that protect public health and the environment.",concession_and_contrast_stakeholder_responsibility,"I should analyze who bears responsibility—whether government, individuals, corporations, or other institutions. ",However,evidence_and_authority,stakeholder_responsibility,"Evidence shows that without strict government action, alternatives like biodegradable or reusable options remain expensive and inaccessible to most people. A total ban ensures fair access to sustainable alternatives by leveling the playing field and driving innovation across industries.",evidence_and_authority_stakeholder_responsibility,"I should analyze who bears responsibility—whether government, individuals, corporations, or other institutions. ",Evidence shows that,baseline,786,317,0.00039984618232142524
68046,2.520083179630603,,,synthesis_restructured,targeted,2,20260206_122715,1.181301832199097,"A total government ban on single-use plastics is a necessary and achievable step to protect our environment and public health. While some may worry about inconvenience or cost, the real cost of inaction—plastic choking wildlife, polluting our oceans, and clogging landfills—is far greater. Countries around the world have already proven that such bans can work without causing major disruptions to everyday life. The benefits, including cleaner communities, reduced waste management burdens, and long-term savings, make this a responsible choice for future generations. As someone who just wants a healthier planet for my family, I believe we can and should act now. This isn’t about sacrifice—it’s about doing what’s right for the Earth and ourselves.",causal_reasoning,feasibility_and_implementation,"Therefore, a government-enforced ban on single-use plastics is a practical and necessary step toward solving a major environmental problem.",causal_reasoning_feasibility_and_implementation,I should evaluate whether the proposal can actually be implemented and enforced effectively. ,Therefore,sequence_and_transition,cost_benefit_and_impact_analysis,"Next, while some industries and consumers may face short-term adjustments, the long-term benefits—such as reduced pollution, cleaner oceans, and less strain on waste systems—far outweigh these challenges.",sequence_and_transition_cost_benefit_and_impact_analysis,"I should quantify and compare costs, benefits, and real-world impacts across economic, social, and environmental dimensions. ",Next,evidence_and_authority,feasibility_and_implementation,"Evidence shows that countries like Canada, the UK, and members of the EU have successfully implemented similar bans with strong public support and minimal disruption to daily life.",evidence_and_authority_feasibility_and_implementation,I should evaluate whether the proposal can actually be implemented and enforced effectively. ,Evidence shows that,targeted,752,67,0.000393758272109424
9,0.0,,,synthesis_restructured,random,0,20260206_123303,1.1056716442108154,"The government should enforce a total ban on single-use plastics because they cause massive environmental harm, polluting oceans and landfills and endangering wildlife. Many countries, including Canada and the UK, have already implemented such bans and successfully shifted to reusable or biodegradable alternatives without serious economic problems. While it might be inconvenient at first, the long-term benefits to the planet and future generations are far more important than the short-term convenience of plastic. We have a responsibility to protect the environment for our children and grandchildren, and a ban is a clear, necessary step toward that goal. The switch to sustainable alternatives is not only possible—it’s already happening in places that have taken bold action.",conditional,cost_benefit_and_impact_analysis,"If the government bans single-use plastics, it will significantly reduce pollution in oceans and landfills, protecting wildlife and ecosystems that are harmed by plastic waste.",conditional_cost_benefit_and_impact_analysis,"I should quantify and compare costs, benefits, and real-world impacts across economic, social, and environmental dimensions. ",If,emphasis_and_evaluation,precedent_and_long_term_effects,"Importantly, many countries that have already banned single-use plastics, like Canada and the UK, have successfully transitioned to safer alternatives without major economic disruption.",emphasis_and_evaluation_precedent_and_long_term_effects,"I should evaluate historical precedents, long-term vs short-term tradeoffs, and obligations to future generations. ",Importantly,concession_and_contrast,precedent_and_long_term_effects,"However, the long-term environmental damage from plastic waste far outweighs the short-term convenience of disposable plastic products.",concession_and_contrast_precedent_and_long_term_effects,"I should evaluate historical precedents, long-term vs short-term tradeoffs, and obligations to future generations. ",However,baseline,783,316,0.00039009029841361874
155650,2.553052425205486,,,synthesis_restructured,targeted,2,20260206_122715,1.0382535457611084,"Single-use plastics are a major contributor to pollution, clogging oceans, harming animals, and lasting for hundreds of years. A total ban would stop this damage at the source and protect our environment for future generations. Countries like Canada and the EU have already implemented such bans successfully, proving it’s doable without causing major problems. These bans also reduce long-term costs by cutting down on waste cleanup and environmental damage. Plus, alternatives like reusable bags and containers are widely available and more sustainable. Taking strong action now is necessary to keep our planet healthy and safe.",conditional,risk_and_unintended_consequences,"If we don’t ban single-use plastics now, we’ll keep polluting our oceans and landfills, which harms wildlife and makes our environment unhealthy for future generations.",conditional_risk_and_unintended_consequences,"I should identify risks, unintended outcomes, cascading effects, and potential for escalation. ",If,exemplification,feasibility_and_implementation,"For example, countries like Canada and the EU have already started banning single-use plastics with strong support, showing it’s possible to do so without major disruption.",exemplification_feasibility_and_implementation,I should evaluate whether the proposal can actually be implemented and enforced effectively. ,For example,exemplification,cost_benefit_and_impact_analysis,"For example, banning single-use plastics reduces the need for massive cleanup efforts, saves money over time, and protects ecosystems that support clean air and water.",exemplification_cost_benefit_and_impact_analysis,"I should quantify and compare costs, benefits, and real-world impacts across economic, social, and environmental dimensions. ",For example,targeted,630,5,0.0003744401503410614
27,0.0,,,synthesis_restructured,random,2,20260206_123303,1.08717942237854,"Single-use plastics are a major source of pollution, harming wildlife and ecosystems, and lasting for centuries in landfills and oceans. A total ban is necessary to protect both the environment and public health, especially since we've already seen that alternatives like reusable bags and biodegradable packaging work in practice. It also pushes companies to innovate, leading to new green jobs and sustainable products. While some may worry about convenience, the long-term benefits far outweigh short-term discomfort. We owe it to future generations to stop poisoning the planet with disposable waste. A ban isn’t just practical—it’s responsible and necessary.",emphasis_and_evaluation,risk_and_unintended_consequences,"Importantly, single-use plastics pollute our oceans, harm wildlife, and persist in the environment for centuries, making a total ban essential to protect ecosystems and human health.",emphasis_and_evaluation_risk_and_unintended_consequences,"I should identify risks, unintended outcomes, cascading effects, and potential for escalation. ",Importantly,addition_and_elaboration,justice_and_fairness,"Moreover, a ban would push manufacturers to innovate greener alternatives, reducing waste and creating sustainable jobs in eco-friendly industries.",addition_and_elaboration_justice_and_fairness,"I should analyze whether outcomes, processes, and distributions are fair to all parties involved. ",Moreover,emphasis_and_evaluation,precedent_and_long_term_effects,"Importantly, we’ve seen success with similar bans—like the one on plastic bags in many cities—proving that alternatives are feasible and widely adopted when the policy is in place.",emphasis_and_evaluation_precedent_and_long_term_effects,"I should evaluate historical precedents, long-term vs short-term tradeoffs, and obligations to future generations. ",Importantly,baseline,663,231,0.0003633651201664085
35,0.0,,,synthesis_restructured,random,1,20260206_123303,1.200265645980835,"The government should enforce a total ban on single-use plastics because the environmental damage they cause—ocean pollution, harm to marine life, and long-term microplastic contamination—threatens both ecosystems and human health. While individuals and businesses can make changes, only the government has the power to create and enforce rules that ensure widespread, consistent action. A ban would drive innovation in sustainable materials and prevent companies from continuing to profit off disposable products that harm the planet. It’s unfair to expect communities and future generations to pay the price for today’s convenience. A total ban is a necessary, bold step to protect the environment and public well-being.",concession_and_contrast,stakeholder_responsibility,"However, while individuals and companies play a role, the government holds the authority and responsibility to implement large-scale change. Without enforceable policies, efforts remain fragmented and ineffective.",concession_and_contrast_stakeholder_responsibility,"I should analyze who bears responsibility—whether government, individuals, corporations, or other institutions. ",However,addition_and_elaboration,risk_and_unintended_consequences,"Moreover, the environmental harm caused by single-use plastics—like ocean pollution, harm to wildlife, and long-term microplastic contamination—poses a serious public health and ecological threat that demands urgent, coordinated action.",addition_and_elaboration_risk_and_unintended_consequences,"I should identify risks, unintended outcomes, cascading effects, and potential for escalation. ",Moreover,exemplification,justice_and_fairness,"For example, a total ban would level the playing field by pushing all industries to innovate sustainable alternatives, rather than letting some profit from environmentally harmful practices while others bear the cleanup burden.",exemplification_justice_and_fairness,"I should analyze whether outcomes, processes, and distributions are fair to all parties involved. ",For example,baseline,722,263,0.00034892498526782996
465046,2.6842490077689276,,,synthesis_restructured,targeted,2,20260206_122715,1.029874324798584,"Single-use plastics are a major source of pollution, clogging waterways and harming animals, so a total ban is essential for protecting the environment. While some worry about inconvenience, alternatives like reusable bags and containers are already widely available and affordable. Real-world examples from places like Kenya and San Francisco show that such bans reduce waste and drive innovation without causing major disruptions. The long-term benefits for public health and ecosystems far outweigh short-term adjustments. As a regular person, I believe we have a responsibility to protect the planet for future generations, and this ban is a simple but powerful way to do that.",evidence_and_authority,feasibility_and_implementation,"Evidence shows that single-use plastics cause long-term environmental damage, such as ocean pollution and harm to wildlife, making a total ban a necessary step toward sustainability.",evidence_and_authority_feasibility_and_implementation,I should evaluate whether the proposal can actually be implemented and enforced effectively. ,Evidence shows that,exemplification,cost_benefit_and_impact_analysis,"For example, many communities have successfully replaced plastic bags with reusable alternatives, proving that bans are both feasible and effective in reducing waste.",exemplification_cost_benefit_and_impact_analysis,"I should quantify and compare costs, benefits, and real-world impacts across economic, social, and environmental dimensions. ",For example,evidence_and_authority,feasibility_and_implementation,"Evidence shows that bans on single-use plastics have already worked in cities like San Francisco and countries like Kenya, reducing litter and encouraging innovation in eco-friendly packaging.",evidence_and_authority_feasibility_and_implementation,I should evaluate whether the proposal can actually be implemented and enforced effectively. ,Evidence shows that,targeted,681,22,0.0003443478688747223
464046,2.7821442558393144,,,synthesis_restructured,targeted,3,20260206_122715,1.3929715156555176,"The government should enforce a total ban on single-use plastics because it’s a necessary step to protect our environment and public health. These plastics don’t biodegrade and instead break into microplastics that pollute our oceans, harm marine life, and even enter the human food chain. While some may argue it’s inconvenient, most communities have successfully adapted to bans by switching to reusable alternatives like cloth bags and metal containers. The environmental and health risks of continuing to use single-use plastics are far greater than the temporary hassle of changing habits. With proper education and support, such a ban is not only realistic but essential for a sustainable future. Ultimately, protecting the planet is a responsibility we all share—and a total ban is the most effective way to start.",evidence_and_authority,feasibility_and_implementation,"Evidence shows that bans on single-use plastics can be successfully implemented in various regions, such as in the EU and several U.S. cities, where compliance rates are high and alternatives like reusable bags and containers have become widely adopted.",evidence_and_authority_feasibility_and_implementation,I should evaluate whether the proposal can actually be implemented and enforced effectively. ,Evidence shows that,evidence_and_authority,cost_benefit_and_impact_analysis,"Evidence shows that the long-term environmental benefits of banning single-use plastics—such as reduced ocean pollution, lower carbon emissions from production, and protection of wildlife—far outweigh the short-term inconveniences or costs to consumers and businesses.",evidence_and_authority_cost_benefit_and_impact_analysis,"I should quantify and compare costs, benefits, and real-world impacts across economic, social, and environmental dimensions. ",Evidence shows that,evidence_and_authority,feasibility_and_implementation,"Evidence shows that the long-term environmental benefits of banning single-use plastics—such as reduced ocean pollution, lower carbon emissions from production, and protection of wildlife—far outweigh the short-term inconveniences or costs to consumers and businesses.",evidence_and_authority_feasibility_and_implementation,I should evaluate whether the proposal can actually be implemented and enforced effectively. ,Evidence shows that,targeted,821,138,0.0003405479053041804
5,0.0,,,synthesis_restructured,random,1,20260206_123303,1.1139256954193115,"Single-use plastics are a major source of pollution that harms ecosystems, endangers wildlife, and persist in the environment for centuries. A total government ban is a necessary and effective step to curb this damage and protect public health and natural resources. While some may worry about inconvenience, alternatives like reusable bags and biodegradable materials are widely available and increasingly affordable. Governments have successfully implemented similar bans in other countries, proving it’s both practical and enforceable. This move reflects the will of ordinary people who want cleaner streets, safer oceans, and a sustainable future. A total ban is not just possible—it’s long overdue for the sake of our planet and future generations.",concession_and_contrast,risk_and_unintended_consequences,"However, the environmental harm caused by single-use plastics is severe and escalating—these materials pollute oceans, harm wildlife, and contribute to long-term waste accumulation.",concession_and_contrast_risk_and_unintended_consequences,"I should identify risks, unintended outcomes, cascading effects, and potential for escalation. ",However,sequence_and_transition,feasibility_and_implementation,"Next, governments already have the legal and regulatory tools to implement bans, and enforcement through fines and public awareness campaigns makes compliance feasible.",sequence_and_transition_feasibility_and_implementation,I should evaluate whether the proposal can actually be implemented and enforced effectively. ,Next,addition_and_elaboration,governance_and_accountability,"Moreover, a total ban aligns with the public’s growing demand for cleaner communities and a healthier planet, reflecting a democratic will for environmental protection.",addition_and_elaboration_governance_and_accountability,"I should consider legal frameworks, accountability mechanisms, democratic principles, and proper authority. ",Moreover,baseline,753,286,0.000338337227809753
30,0.0,,,synthesis_restructured,random,3,20260206_123303,1.2584950923919678,"Single-use plastics are a major source of pollution, clogging waterways and harming marine life, which ultimately affects human health when toxins enter the food chain. Despite their convenience, the long-term environmental damage they cause is far too great to ignore. Industries that profit from plastic production often influence policy to resist change, making it harder for ordinary people to see the true cost of these products. A total government ban would level the playing field, encourage innovation in sustainable alternatives, and protect both the planet and public health. It’s time to prioritize future generations over short-term convenience. The evidence shows that banning single-use plastics is not just possible—it’s essential.",exemplification,incentives_and_power_dynamics,"For example, the fossil fuel industry benefits from plastic production, and their influence may shape policy in ways that favor continued use of single-use plastics, despite environmental harm. This creates a conflict of interest that undermines public and environmental health.",exemplification_incentives_and_power_dynamics,"I should examine what behaviors are encouraged, who holds power, and how interests align or conflict. ",For example,addition_and_elaboration,risk_and_unintended_consequences,"Moreover, single-use plastics often end up in oceans and waterways, harming wildlife and ecosystems, and eventually entering the human food chain through contaminated fish and seafood, putting people’s health at risk.",addition_and_elaboration_risk_and_unintended_consequences,"I should identify risks, unintended outcomes, cascading effects, and potential for escalation. ",Moreover,conclusion_and_summary,risk_and_unintended_consequences,"In conclusion, the environmental and health consequences of continuing to allow single-use plastics outweigh the convenience they offer, and a total ban is a necessary step to protect both nature and human wellbeing.",conclusion_and_summary_risk_and_unintended_consequences,"I should identify risks, unintended outcomes, cascading effects, and potential for escalation. ",In conclusion,baseline,746,278,0.0003173618062627279
33,0.0,,,synthesis_restructured,random,2,20260206_123303,1.1089842319488523,"Single-use plastics are a major source of pollution, clogging waterways and killing marine animals, yet they remain widely used because they're cheap and convenient. While individuals can reduce their own plastic use, the real change comes from systemic action—governments have the power to enforce bans that shift entire industries toward sustainable alternatives. A total ban would push companies to innovate with eco-friendly materials and remove the burden from consumers to make green choices. It’s not about eliminating convenience entirely, but about creating long-term solutions that protect our planet for future generations. Without strong government action, progress will remain slow and patchy. That’s why a total ban on single-use plastics is not just necessary—it’s essential for real environmental change.",evidence_and_authority,incentives_and_power_dynamics,"Evidence shows that plastic pollution is a growing environmental crisis, with millions of tons entering oceans each year, harming marine life and ecosystems.",evidence_and_authority_incentives_and_power_dynamics,"I should examine what behaviors are encouraged, who holds power, and how interests align or conflict. ",Evidence shows that,concession_and_contrast,stakeholder_responsibility,"However, individual actions alone cannot solve this problem; without government intervention, companies continue producing single-use plastics at unsustainable rates.",concession_and_contrast_stakeholder_responsibility,"I should analyze who bears responsibility—whether government, individuals, corporations, or other institutions. ",However,evidence_and_authority,stakeholder_responsibility,"Evidence shows that plastic pollution is a growing environmental crisis, with millions of tons entering oceans each year, harming marine life and ecosystems.",evidence_and_authority_stakeholder_responsibility,"I should analyze who bears responsibility—whether government, individuals, corporations, or other institutions. ",Evidence shows that,baseline,820,354,0.0003030636836178403
41,0.0,,,synthesis_restructured,random,3,20260206_123303,1.0479145050048828,"A total ban on single-use plastics by the government is necessary to protect our environment and public health. These materials pollute oceans, harm wildlife, and take hundreds of years to decompose, affecting ecosystems and human communities. While some may worry about inconvenience, the real burden is on future generations who will inherit a planet damaged by today’s waste. Governments already regulate harmful products like tobacco and lead paint—plastics are no different in their long-term damage. The shift to reusable alternatives is not only possible but already happening in many places. Ultimately, this ban is not about restricting freedom, but about protecting the shared environment we all depend on.",conditional,feasibility_and_implementation,"If the government enforces a total ban on single-use plastics, it would drastically reduce pollution and protect the environment.",conditional_feasibility_and_implementation,I should evaluate whether the proposal can actually be implemented and enforced effectively. ,If,sequence_and_transition,stakeholder_responsibility,"Next, it's important to recognize that corporations produce these plastics, so the government has the power and responsibility to regulate their production and distribution.",sequence_and_transition_stakeholder_responsibility,"I should analyze who bears responsibility—whether government, individuals, corporations, or other institutions. ",Next,causal_reasoning,rights_and_liberties,"Therefore, a ban does not infringe on personal freedom—it limits a harmful, non-essential habit that harms the planet we all share.",causal_reasoning_rights_and_liberties,"I should consider inalienable human rights, civil liberties, privacy protections, and the freedom to make one's own choices. ",Therefore,baseline,716,259,0.00030275671515660754
40,0.0,,,synthesis_restructured,random,3,20260206_123303,1.1763997077941897,"As someone who cares about my community and the planet, I believe the government should enforce a total ban on single-use plastics because it’s the most effective way to protect our environment and public health. These plastics don’t just disappear—they pollute oceans, choke animals, and break down into microplastics that can end up in our food and water. While people want to do the right thing, we can’t all make meaningful change alone—especially when corporations keep producing these items and governments haven’t taken strong enough action. A government ban levels the playing field, pushes innovation toward sustainable alternatives, and ensures everyone, not just the most conscious individuals, contributes to a cleaner future. After all, the government’s job is to act in the public interest, and stopping single-use plastics is a clear step in that direction.",sequence_and_transition,governance_and_accountability,"Next, I will introduce the idea that governments are responsible for protecting public health and the environment.",sequence_and_transition_governance_and_accountability,"I should consider legal frameworks, accountability mechanisms, democratic principles, and proper authority. ",Next,emphasis_and_evaluation,risk_and_unintended_consequences,"Importantly, single-use plastics are a major source of pollution that harms wildlife, contaminates waterways, and contributes to climate change.",emphasis_and_evaluation_risk_and_unintended_consequences,"I should identify risks, unintended outcomes, cascading effects, and potential for escalation. ",Importantly,addition_and_elaboration,stakeholder_responsibility,"Moreover, individuals often lack the power or information to make systemic change, so government action is essential to create fair and effective solutions.",addition_and_elaboration_stakeholder_responsibility,"I should analyze who bears responsibility—whether government, individuals, corporations, or other institutions. ",Moreover,baseline,872,396,0.0002992177372442079
40,0.0,,,synthesis_restructured,random,0,20260206_123303,1.218170404434204,"The government should enforce a total ban on single-use plastics because these materials cause lasting environmental harm—polluting oceans, endangering wildlife, and worsening climate change. While individuals can try to reduce plastic use, systemic change requires strong leadership and consistent rules that make sustainable choices easy and mandatory. The government has a duty to protect public health and the environment, and a ban is the most effective way to ensure widespread compliance. Without legal action, corporations will continue producing plastic for profit, and progress will remain slow and inconsistent. A ban empowers communities, protects ecosystems, and sets a clear standard for the future. It’s not about restricting freedom—it’s about protecting our shared planet for everyone.",sequence_and_transition,governance_and_accountability,"Next, I will emphasize the importance of a government's authority to implement laws that protect public health and the environment, especially when individual choices lead to widespread harm.",sequence_and_transition_governance_and_accountability,"I should consider legal frameworks, accountability mechanisms, democratic principles, and proper authority. ",Next,emphasis_and_evaluation,risk_and_unintended_consequences,"Importantly, single-use plastics cause severe environmental damage—polluting oceans, harming wildlife, and contributing to climate change—so a ban is a necessary step to protect both nature and human well-being.",emphasis_and_evaluation_risk_and_unintended_consequences,"I should identify risks, unintended outcomes, cascading effects, and potential for escalation. ",Importantly,addition_and_elaboration,stakeholder_responsibility,"Moreover, while individuals can make better choices, the government has a responsibility to create systems that make sustainable behavior the default, especially since corporations profit from plastic production and often resist change.",addition_and_elaboration_stakeholder_responsibility,"I should analyze who bears responsibility—whether government, individuals, corporations, or other institutions. ",Moreover,baseline,802,335,0.000296320490358766
464046,2.7821442558393144,,,synthesis_restructured,targeted,1,20260206_122715,1.1135492324829102,"Single-use plastics are a major contributor to environmental pollution, clogging waterways and harming wildlife, especially marine life. A total ban by the government would force industries and consumers to adopt reusable or biodegradable alternatives, reducing long-term harm to ecosystems. While some may worry about inconvenience or cost, the long-term benefits—cleaner oceans, less landfill waste, and lower environmental cleanup expenses—far outweigh short-term challenges. Many countries and cities that have implemented similar bans have seen successful transitions without major disruption. Ultimately, protecting our planet and public health requires strong, decisive action, and a total ban on single-use plastics is a necessary step toward a sustainable future.",evidence_and_authority,feasibility_and_implementation,"Evidence shows that single-use plastics are a major source of pollution, especially in oceans and waterways, and a total ban would significantly reduce this environmental damage.",evidence_and_authority_feasibility_and_implementation,I should evaluate whether the proposal can actually be implemented and enforced effectively. ,Evidence shows that,evidence_and_authority,cost_benefit_and_impact_analysis,"Evidence shows that single-use plastics are a major source of pollution, especially in oceans and waterways, and a total ban would significantly reduce this environmental damage.",evidence_and_authority_cost_benefit_and_impact_analysis,"I should quantify and compare costs, benefits, and real-world impacts across economic, social, and environmental dimensions. ",Evidence shows that,evidence_and_authority,feasibility_and_implementation,"Evidence shows that single-use plastics are a major source of pollution, especially in oceans and waterways, and a total ban would significantly reduce this environmental damage.",evidence_and_authority_feasibility_and_implementation,I should evaluate whether the proposal can actually be implemented and enforced effectively. ,Evidence shows that,targeted,772,88,0.0002926910027442686
30,0.0,,,synthesis_restructured,random,2,20260206_123303,1.1280517578125,"The government should enforce a total ban on single-use plastics because they cause serious environmental harm that affects both nature and human well-being. These items don’t break down easily, polluting oceans, harming animals, and even entering our food chain through microplastics. While some may think bans are too strict, the truth is that reusable and biodegradable alternatives are already available and widely used in many places. Countries that have already banned single-use plastics report cleaner streets, less waste, and healthier ecosystems. A total ban is a bold but necessary step to protect our planet for future generations. It’s not about limiting freedom—it’s about protecting our shared environment and public health.",exemplification,incentives_and_power_dynamics,"For example, the government has the authority to regulate harmful products for public health and environmental safety, and single-use plastics consistently fail to meet these standards.",exemplification_incentives_and_power_dynamics,"I should examine what behaviors are encouraged, who holds power, and how interests align or conflict. ",For example,addition_and_elaboration,risk_and_unintended_consequences,"Moreover, single-use plastics contribute to pollution that harms wildlife, contaminates water sources, and increases landfill waste, posing long-term dangers to ecosystems and human health.",addition_and_elaboration_risk_and_unintended_consequences,"I should identify risks, unintended outcomes, cascading effects, and potential for escalation. ",Moreover,conclusion_and_summary,risk_and_unintended_consequences,"In conclusion, a total ban is not only necessary but practical—many alternatives already exist, and countries that have implemented bans have seen measurable environmental improvements.",conclusion_and_summary_risk_and_unintended_consequences,"I should identify risks, unintended outcomes, cascading effects, and potential for escalation. ",In conclusion,baseline,739,273,0.00027962217777615934
464655,2.4962779962987462,,,synthesis_restructured,targeted,1,20260206_122715,1.0177562236785889,"The government should enforce a total ban on single-use plastics because it’s a proven way to reduce pollution. Countries that have already implemented such bans, like Canada and the European Union, have seen dramatic drops in plastic waste in rivers, oceans, and landfills. It’s not just about stopping harm—it’s about creating a cleaner, healthier environment for everyone. Fortunately, alternatives like paper, glass, and reusable containers are already widely available and affordable. The transition may require some adjustment, but it’s far easier than dealing with the long-term damage plastic causes to wildlife and ecosystems. In the end, a ban isn’t just necessary—it’s a responsible step for protecting our planet and future generations.",evidence_and_authority,feasibility_and_implementation,Evidence shows that countries with strict plastic bans have significantly reduced plastic pollution in oceans and landfills.,evidence_and_authority_feasibility_and_implementation,I should evaluate whether the proposal can actually be implemented and enforced effectively. ,Evidence shows that,evidence_and_authority,feasibility_and_implementation,Evidence shows that countries with strict plastic bans have significantly reduced plastic pollution in oceans and landfills.,evidence_and_authority_feasibility_and_implementation,I should evaluate whether the proposal can actually be implemented and enforced effectively. ,Evidence shows that,exemplification,risk_and_unintended_consequences,"For example, many countries have successfully replaced single-use plastics with compostable or reusable alternatives, proving the shift is both possible and practical.",exemplification_risk_and_unintended_consequences,"I should identify risks, unintended outcomes, cascading effects, and potential for escalation. ",For example,targeted,748,63,0.00027547844137413647
464646,2.6627647392073897,,,synthesis_restructured,targeted,0,20260206_122715,1.0687541961669922,"Single-use plastics are a major source of pollution, clogging waterways and harming wildlife. A total government ban would eliminate this waste at the source, reducing environmental damage and protecting ecosystems. Many places that have already implemented such bans report noticeable decreases in plastic litter and increased public awareness. While some may worry about convenience, reusable alternatives are widely available and becoming more affordable every year. The long-term benefits to public health, the environment, and future generations far outweigh the short-term inconvenience. A ban is a necessary and achievable step toward a cleaner, more sustainable world.",evidence_and_authority,feasibility_and_implementation,"Evidence shows that existing bans on single-use plastics in various cities and countries have significantly reduced plastic waste in oceans and landfills, proving that such policies can work in practice.",evidence_and_authority_feasibility_and_implementation,I should evaluate whether the proposal can actually be implemented and enforced effectively. ,Evidence shows that,evidence_and_authority,feasibility_and_implementation,"Evidence shows that existing bans on single-use plastics in various cities and countries have significantly reduced plastic waste in oceans and landfills, proving that such policies can work in practice.",evidence_and_authority_feasibility_and_implementation,I should evaluate whether the proposal can actually be implemented and enforced effectively. ,Evidence shows that,evidence_and_authority,feasibility_and_implementation,"Evidence shows that existing bans on single-use plastics in various cities and countries have significantly reduced plastic waste in oceans and landfills, proving that such policies can work in practice.",evidence_and_authority_feasibility_and_implementation,I should evaluate whether the proposal can actually be implemented and enforced effectively. ,Evidence shows that,targeted,676,19,0.0002719861349108034
34,0.0,,,synthesis_restructured,random,4,20260206_123303,1.052454710006714,"A total ban on single-use plastics is necessary because it directly tackles the massive pollution crisis harming our oceans and wildlife. Every year, billions of plastic items end up in marine ecosystems, causing injury and death to animals and contaminating the food chain. By eliminating these products, we reduce environmental damage and lower the long-term costs of cleanup and ecosystem restoration. While some may worry about short-term inconvenience, reusable alternatives are widely available and becoming more affordable. This policy protects not just nature, but also public health and future generations who deserve a cleaner, safer planet. The benefits far outweigh the minor challenges of transitioning away from convenience plastics.",clarification_and_specification,justice_and_fairness,"In other words, I should consider whether the policy ensures equitable treatment and outcomes for all affected parties, including future generations and vulnerable populations.",clarification_and_specification_justice_and_fairness,"I should analyze whether outcomes, processes, and distributions are fair to all parties involved. ",In other words,causal_reasoning,cost_benefit_and_impact_analysis,"Therefore, a total ban on single-use plastics would drastically reduce pollution in oceans, protect wildlife, and lower long-term environmental cleanup costs, which ultimately benefits everyone.",causal_reasoning_cost_benefit_and_impact_analysis,"I should quantify and compare costs, benefits, and real-world impacts across economic, social, and environmental dimensions. ",Therefore,sequence_and_transition,justice_and_fairness,"Next, I should consider whether the policy ensures equitable treatment and outcomes for all affected parties, including future generations and vulnerable populations.",sequence_and_transition_justice_and_fairness,"I should analyze whether outcomes, processes, and distributions are fair to all parties involved. ",Next,baseline,747,282,0.00026811308610784346
30,0.0,,,synthesis_restructured,random,4,20260206_123303,1.2872295379638672,"The government should enforce a total ban on single-use plastics because the current system allows powerful plastic producers to prioritize profits over public and environmental health. Without strong regulations, plastic use will continue to rise, causing widespread pollution in oceans, harm to wildlife, and potential health risks from microplastics entering our food chain. A total ban is the only way to ensure a swift and complete shift toward sustainable alternatives, preventing further ecological damage and protecting communities that are most vulnerable to plastic waste. While some may worry about short-term inconvenience, the long-term benefits—cleaner environments, healthier people, and a more sustainable economy—far outweigh the costs. A ban sends a clear message that our planet’s health matters more than convenience. This is not just an environmental issue; it’s a matter of responsibility and foresight for future generations.",exemplification,incentives_and_power_dynamics,"For example, the power to make decisions about plastic use lies mainly with governments, and the interests of large plastic producers often outweigh environmental concerns, creating a systemic imbalance.",exemplification_incentives_and_power_dynamics,"I should examine what behaviors are encouraged, who holds power, and how interests align or conflict. ",For example,addition_and_elaboration,risk_and_unintended_consequences,"Moreover, without a total ban, the plastic industry may continue expanding, leading to more pollution, ecological harm, and long-term health risks for communities near production sites.",addition_and_elaboration_risk_and_unintended_consequences,"I should identify risks, unintended outcomes, cascading effects, and potential for escalation. ",Moreover,conclusion_and_summary,risk_and_unintended_consequences,"In conclusion, a total ban is necessary to break the cycle of dependence, prevent further environmental degradation, and protect future generations from irreversible damage.",conclusion_and_summary_risk_and_unintended_consequences,"I should identify risks, unintended outcomes, cascading effects, and potential for escalation. ",In conclusion,baseline,948,432,0.0002665894673244976
26,0.0,,,synthesis_restructured,random,2,20260206_123303,1.5123145580291748,"The government should enforce a total ban on single-use plastics because the environmental damage they cause poses a serious threat to public health and the planet’s long-term sustainability. While personal freedom matters, we also have a moral obligation to protect future generations and the natural world they will inherit. Single-use plastics pollute oceans, harm wildlife, and contribute to climate change, and their continued use is unsustainable. A ban would incentivize innovation in eco-friendly alternatives, reduce waste and pollution, and lower long-term environmental and economic costs. The benefits of a cleaner, healthier planet far outweigh the minor inconveniences of adjusting to reusable options. Ultimately, this ban is not about restricting freedom—it’s about making responsible choices for the collective good and ensuring a livable world for all.",concession_and_contrast,rights_and_liberties,"However, the government has a responsibility to protect public health and the environment, and these goals sometimes require balancing individual freedoms with collective well-being. A total ban on single-use plastics is a necessary step to mitigate long-term environmental damage that threatens the health of future generations and the planet we all share.",concession_and_contrast_rights_and_liberties,"I should consider inalienable human rights, civil liberties, privacy protections, and the freedom to make one's own choices. ",However,causal_reasoning,ethical_principles,"Therefore, it is both our moral duty and civic responsibility to protect the environment for future generations. By eliminating single-use plastics, we uphold our obligation to preserve natural ecosystems, safeguard biodiversity, and reduce pollution that harms both wildlife and human communities.",causal_reasoning_ethical_principles,"I should evaluate actions based on moral rules, character virtues, relationships, and ethical obligations. ",Therefore,evidence_and_authority,cost_benefit_and_impact_analysis,"Evidence shows that single-use plastics contribute significantly to ocean pollution, microplastic contamination, and greenhouse gas emissions. A total ban would drive innovation in sustainable alternatives, reduce waste management costs, and protect ecosystems that are vital to our survival and economy.",evidence_and_authority_cost_benefit_and_impact_analysis,"I should quantify and compare costs, benefits, and real-world impacts across economic, social, and environmental dimensions. ",Evidence shows that,baseline,870,394,0.00023974570259758187
33,0.0,,,synthesis_restructured,random,0,20260206_123303,1.1759014129638672,"Single-use plastics are a major source of pollution that harms wildlife, clogs waterways, and lingers in ecosystems for centuries. While individuals can make better choices, the scale of the problem demands government action—only through a total ban can we ensure consistent, nationwide change. Corporations profit from cheap, disposable packaging, and without regulation, they have little incentive to switch to sustainable alternatives. A government-enforced ban would push innovation toward eco-friendly materials and level the playing field for responsible businesses. It’s not about removing personal freedom, but about protecting public health and the planet for future generations. As someone who values clean communities and a safe environment, I believe this ban is a necessary step toward lasting environmental responsibility.",evidence_and_authority,incentives_and_power_dynamics,"Evidence shows that single-use plastics are a major contributor to environmental pollution, especially in oceans and waterways, where they harm wildlife and degrade ecosystems.",evidence_and_authority_incentives_and_power_dynamics,"I should examine what behaviors are encouraged, who holds power, and how interests align or conflict. ",Evidence shows that,concession_and_contrast,stakeholder_responsibility,"However, individual actions alone cannot solve this crisis; systemic change is needed, and the government has the authority and responsibility to implement broad, enforceable policies.",concession_and_contrast_stakeholder_responsibility,"I should analyze who bears responsibility—whether government, individuals, corporations, or other institutions. ",However,evidence_and_authority,stakeholder_responsibility,"Evidence shows that while individuals can reduce plastic use, large-scale production and distribution by corporations rely heavily on single-use plastics, making regulation essential to drive real change.",evidence_and_authority_stakeholder_responsibility,"I should analyze who bears responsibility—whether government, individuals, corporations, or other institutions. ",Evidence shows that,baseline,836,367,0.0002396699094529601
464644,2.609618157420209,,,synthesis_restructured,targeted,1,20260206_122715,1.0701897144317627,"Single-use plastics are a major contributor to environmental pollution, clogging oceans, harming wildlife, and taking hundreds of years to decompose. A total government ban would eliminate this waste at the source, encouraging businesses and individuals to adopt reusable or biodegradable alternatives. While some may worry about inconvenience, the long-term benefits to ecosystems and public health far outweigh temporary adjustments. Many countries and cities around the world have already successfully implemented similar bans, proving it's both feasible and effective. Protecting our planet isn’t a luxury—it’s a necessity, and a ban on single-use plastics is a clear, responsible step in that direction.",evidence_and_authority,feasibility_and_implementation,"Evidence shows that single-use plastics are a major source of pollution, especially in oceans and landfills, and a total ban would significantly reduce environmental harm.",evidence_and_authority_feasibility_and_implementation,I should evaluate whether the proposal can actually be implemented and enforced effectively. ,Evidence shows that,evidence_and_authority,feasibility_and_implementation,"Evidence shows that single-use plastics are a major source of pollution, especially in oceans and landfills, and a total ban would significantly reduce environmental harm.",evidence_and_authority_feasibility_and_implementation,I should evaluate whether the proposal can actually be implemented and enforced effectively. ,Evidence shows that,evidence_and_authority,governance_and_accountability,"Evidence shows that single-use plastics are a major source of pollution, especially in oceans and landfills, and a total ban would significantly reduce environmental harm.",evidence_and_authority_governance_and_accountability,"I should consider legal frameworks, accountability mechanisms, democratic principles, and proper authority. ",Evidence shows that,targeted,708,35,0.00023769978189983035
464655,2.4962779962987462,,,synthesis_restructured,targeted,3,20260206_122715,1.213878870010376,"Single-use plastics are a major source of pollution that harms both the environment and wildlife. They often end up in oceans and landfills, where they can take hundreds of years to break down, and animals frequently mistake them for food, leading to injury or death. While some may worry about inconvenience, the long-term benefits of a total ban—cleaner oceans, healthier ecosystems, and reduced waste—far outweigh temporary discomfort. Many countries and cities have already successfully implemented similar bans, proving it’s both feasible and effective. The government has a responsibility to protect public health and the planet, and banning single-use plastics is a clear, necessary step in that direction. We can’t afford to wait for more damage to be done.",evidence_and_authority,feasibility_and_implementation,"Evidence shows that single-use plastics cause severe environmental damage, such as polluting oceans and harming wildlife, making a total ban a necessary step toward protecting ecosystems.",evidence_and_authority_feasibility_and_implementation,I should evaluate whether the proposal can actually be implemented and enforced effectively. ,Evidence shows that,evidence_and_authority,feasibility_and_implementation,"Evidence shows that single-use plastics cause severe environmental damage, such as polluting oceans and harming wildlife, making a total ban a necessary step toward protecting ecosystems.",evidence_and_authority_feasibility_and_implementation,I should evaluate whether the proposal can actually be implemented and enforced effectively. ,Evidence shows that,exemplification,risk_and_unintended_consequences,"For example, plastic bags often end up in landfills or oceans, where they take hundreds of years to decompose, and they're frequently mistaken for food by marine animals, leading to injury or death.",exemplification_risk_and_unintended_consequences,"I should identify risks, unintended outcomes, cascading effects, and potential for escalation. ",For example,targeted,765,82,0.0002354223470179001
465056,2.6206620131422604,,,synthesis_restructured,targeted,4,20260206_122715,1.1912038326263428,"Single-use plastics are a major contributor to pollution, especially in oceans and landfills, where they persist for hundreds of years and harm wildlife. A total government ban would eliminate the primary source of this waste, leading to cleaner communities, healthier ecosystems, and lower long-term cleanup costs. While some may worry about convenience or alternatives, places around the world have already proven that bans are workable and drive innovation in reusable and sustainable products. The environmental and public health benefits far outweigh short-term inconveniences. As a regular person, I believe we have a responsibility to protect the planet for future generations, and a ban is a clear, necessary step forward. It’s not about perfection—it’s about progress.",evidence_and_authority,feasibility_and_implementation,"Evidence shows that single-use plastics are a major source of pollution, particularly in oceans and landfills, and a total ban would significantly reduce this environmental harm by eliminating the primary source of such waste.",evidence_and_authority_feasibility_and_implementation,I should evaluate whether the proposal can actually be implemented and enforced effectively. ,Evidence shows that,exemplification,cost_benefit_and_impact_analysis,"For example, banning single-use plastics would reduce cleanup costs for cities, prevent harm to wildlife, and lower long-term environmental damage that eventually affects human health and economies.",exemplification_cost_benefit_and_impact_analysis,"I should quantify and compare costs, benefits, and real-world impacts across economic, social, and environmental dimensions. ",For example,exemplification,feasibility_and_implementation,"For example, many countries and cities have already implemented successful bans or restrictions, showing that such policies are feasible and can lead to innovation in sustainable alternatives.",exemplification_feasibility_and_implementation,I should evaluate whether the proposal can actually be implemented and enforced effectively. ,For example,targeted,777,94,0.0002346433870356102
37,0.0,,,synthesis_restructured,random,1,20260206_123303,1.3408751487731934,"Single-use plastics are a major threat to our environment, wildlife, and public health, and their continued use harms everyone, not just those who choose to use them. While personal freedom is important, it should not come at the cost of widespread ecological damage. A government-enforced ban is a necessary step to protect collective well-being and ensure a sustainable future. It also shifts power away from polluting corporations and toward policies that prioritize people and the planet. Many alternatives already exist, proving that a ban is practical and achievable. Ultimately, protecting the environment is not a restriction on freedom—it’s a responsibility we all share.",conclusion_and_summary,rights_and_liberties,"In conclusion, while personal freedom is important, it is not absolute and must be balanced against the greater good. When individual actions—like using single-use plastics—cause widespread harm to the environment and public health, the government has a legitimate role in intervening to protect collective well-being.",conclusion_and_summary_rights_and_liberties,"I should consider inalienable human rights, civil liberties, privacy protections, and the freedom to make one's own choices. ",In conclusion,evidence_and_authority,rights_and_liberties,"Evidence shows that single-use plastics are a major source of pollution, harming wildlife, contaminating water supplies, and contributing to climate change. These harms affect everyone, regardless of individual choice, making it a societal issue that requires collective action.",evidence_and_authority_rights_and_liberties,"I should consider inalienable human rights, civil liberties, privacy protections, and the freedom to make one's own choices. ",Evidence shows that,conditional,incentives_and_power_dynamics,"If the government allows continued unrestricted use of single-use plastics, it enables corporations to profit at the public’s and the planet’s expense. A ban shifts power toward sustainability and public health, ensuring future generations inherit a livable world.",conditional_incentives_and_power_dynamics,"I should examine what behaviors are encouraged, who holds power, and how interests align or conflict. ",If,baseline,680,240,0.00023078007394859877
48,0.0,,,synthesis_restructured,random,2,20260206_123303,1.1065731048583984,"Single-use plastics are a major contributor to pollution, harming wildlife, contaminating water supplies, and filling up landfills. A total ban would drastically reduce this environmental damage and protect ecosystems for future generations. While some may see the ban as inconvenient, similar restrictions—like those on smoking or leaded gasoline—were once unpopular but led to long-term public and environmental benefits. The shift to reusable alternatives is not only feasible but already happening in many communities. Ultimately, protecting our planet isn't a burden—it's a responsibility we all share. A government-enforced ban is a necessary, practical step toward a cleaner, healthier future.",sequence_and_transition,cost_benefit_and_impact_analysis,"Next to being harmful to wildlife and ecosystems, single-use plastics are a major source of pollution that clog waterways and landfills, and a total ban would significantly reduce this damage.",sequence_and_transition_cost_benefit_and_impact_analysis,"I should quantify and compare costs, benefits, and real-world impacts across economic, social, and environmental dimensions. ",Next,addition_and_elaboration,rights_and_liberties,"Moreover, banning single-use plastics respects our responsibility to protect the environment for future generations, even if it requires small adjustments in daily habits.",addition_and_elaboration_rights_and_liberties,"I should consider inalienable human rights, civil liberties, privacy protections, and the freedom to make one's own choices. ",Moreover,exemplification,precedent_and_long_term_effects,"For example, past bans on smoking in public places or lead in gasoline were initially met with resistance but ultimately improved public health and environmental safety.",exemplification_precedent_and_long_term_effects,"I should evaluate historical precedents, long-term vs short-term tradeoffs, and obligations to future generations. ",For example,baseline,700,251,0.00021497987746814986
2,0.0,,,synthesis_restructured,random,3,20260206_123303,1.114030122756958,"A total ban on single-use plastics is essential to protect our environment and ensure fairness for future generations. Right now, plastic waste disproportionately harms vulnerable communities and ecosystems, especially those near disposal sites or coastlines. We’ve already seen the damage—oceans choked with trash, animals dying from ingestion, and microplastics showing up in our own food. Waiting to act only makes the problem worse and more expensive to fix. A ban is a strong but necessary step toward a cleaner, healthier planet. With better alternatives already available, there’s no excuse to keep polluting our world for the sake of convenience.",causal_reasoning,justice_and_fairness,"Therefore, a total ban on single-use plastics is a necessary step to ensure long-term environmental fairness and sustainability for future generations.",causal_reasoning_justice_and_fairness,"I should analyze whether outcomes, processes, and distributions are fair to all parties involved. ",Therefore,clarification_and_specification,justice_and_fairness,"In other words, continuing to allow single-use plastics leads to disproportionate harm—especially on communities near landfills and coastal areas—while the benefits are spread thinly across consumers and corporations.",clarification_and_specification_justice_and_fairness,"I should analyze whether outcomes, processes, and distributions are fair to all parties involved. ",In other words,clarification_and_specification,precedent_and_long_term_effects,"In other words, we’ve already seen the environmental toll of plastic waste—ocean pollution, wildlife harm, and microplastics in our food chain—and delaying action only increases the cost of solutions later.",clarification_and_specification_precedent_and_long_term_effects,"I should evaluate historical precedents, long-term vs short-term tradeoffs, and obligations to future generations. ",In other words,baseline,654,230,0.00020913190367201045
8,0.0,,,synthesis_restructured,random,2,20260206_123303,1.3193037509918213,"A government ban on single-use plastics is essential because it gives everyday people real power to help protect the planet, rather than leaving us to make difficult choices alone. When rules are in place—like banning plastic bags—people adapt quickly, and sustainable alternatives become the norm, proving that change is possible. It’s unfair to expect individuals to fix a problem created by large corporations that profit from plastic waste. The government has a duty to act, not just because it can, but because it must protect public health and the environment. Without such a ban, pollution will continue to harm wildlife, oceans, and our communities. A total ban is not extreme—it’s a necessary step toward a cleaner, healthier future for everyone.",emphasis_and_evaluation,incentives_and_power_dynamics,"Importantly, individuals often feel powerless when facing large-scale environmental problems, but a government ban on single-use plastics empowers ordinary citizens to contribute meaningfully to environmental protection—because it removes the burden of personal choice in favor of systemic change.",emphasis_and_evaluation_incentives_and_power_dynamics,"I should examine what behaviors are encouraged, who holds power, and how interests align or conflict. ",Importantly,evidence_and_authority,incentives_and_power_dynamics,"Evidence shows that when governments act decisively—like banning plastic bags or straws—people quickly adapt, and alternatives become widely available and affordable, proving that public behavior can change rapidly when supported by policy.",evidence_and_authority_incentives_and_power_dynamics,"I should examine what behaviors are encouraged, who holds power, and how interests align or conflict. ",Evidence shows that,sequence_and_transition,stakeholder_responsibility,"Next, the responsibility for environmental degradation cannot fall solely on consumers; corporations profit from single-use plastics, and government intervention is necessary to shift corporate behavior and prevent further pollution.",sequence_and_transition_stakeholder_responsibility,"I should analyze who bears responsibility—whether government, individuals, corporations, or other institutions. ",Next,baseline,755,290,0.00020691602420129404
125650,2.6349812774237993,,,synthesis_restructured,targeted,3,20260206_122715,1.0495905876159668,"Single-use plastics cause lasting harm to our environment, and a total ban is necessary to protect ecosystems and public health. Without a ban, we continue to pollute oceans, harm wildlife, and burden future generations with problems we could prevent today. Even though some businesses might face challenges adapting, governments can support this shift by funding eco-friendly alternatives and creating green jobs. Recycling alone hasn’t worked—most single-use plastics aren’t properly recycled, so a ban is a more effective solution. Ultimately, this ban is about fairness: we shouldn’t let the convenience of today come at the cost of tomorrow’s clean air, water, and planet.",conditional,justice_and_fairness,"If single-use plastics are not banned, the environmental costs are disproportionately borne by future generations and vulnerable communities who are least responsible for pollution.",conditional_justice_and_fairness,"I should analyze whether outcomes, processes, and distributions are fair to all parties involved. ",If,exemplification,feasibility_and_implementation,"For example, widespread recycling efforts have failed due to inconsistent practices and contamination, making a ban more practical than relying on flawed systems.",exemplification_feasibility_and_implementation,I should evaluate whether the proposal can actually be implemented and enforced effectively. ,For example,exemplification,cost_benefit_and_impact_analysis,"For example, while some industries may face short-term disruptions, governments can support a transition by investing in sustainable alternatives and green jobs.",exemplification_cost_benefit_and_impact_analysis,"I should quantify and compare costs, benefits, and real-world impacts across economic, social, and environmental dimensions. ",For example,targeted,677,20,0.0002052148795126638
11,0.0,,,synthesis_restructured,random,3,20260206_123303,1.1551234722137451,"The government should enforce a total ban on single-use plastics because it has both the authority and responsibility to protect public health and the environment. While personal choices matter, the scale of plastic pollution demands systemic action that individual efforts alone cannot achieve. Large corporations that profit from single-use plastics must be held accountable, and government regulation is the most effective way to shift industry practices. A ban would reduce litter, protect wildlife, and prevent long-term damage to ecosystems and human health. Plus, the public supports such measures—many people already want cleaner streets and oceans. Ultimately, protecting our shared environment is a collective responsibility that requires bold leadership from government.",emphasis_and_evaluation,incentives_and_power_dynamics,"Importantly, the government has the authority and responsibility to protect public health and the environment, which makes it the most logical entity to enforce a nationwide ban on single-use plastics.",emphasis_and_evaluation_incentives_and_power_dynamics,"I should examine what behaviors are encouraged, who holds power, and how interests align or conflict. ",Importantly,conclusion_and_summary,rights_and_liberties,"In conclusion, while individual freedoms are important, they should not override the collective right to clean air, water, and a healthy planet—rights that are under threat due to plastic pollution.",conclusion_and_summary_rights_and_liberties,"I should consider inalienable human rights, civil liberties, privacy protections, and the freedom to make one's own choices. ",In conclusion,sequence_and_transition,stakeholder_responsibility,"Next, the burden of solving the plastic crisis cannot fall solely on individual consumers; large corporations that produce single-use plastics must also be held accountable through systemic change.",sequence_and_transition_stakeholder_responsibility,"I should analyze who bears responsibility—whether government, individuals, corporations, or other institutions. ",Next,baseline,781,314,0.00020388191512302802
39,0.0,,,synthesis_restructured,random,4,20260206_123303,0.9949519634246826,"The government must enforce a total ban on single-use plastics because it has a duty to protect public health and the planet. These plastics pollute oceans, harm wildlife, and break down into microplastics that can enter our food and water. Even though individuals can make better choices, they can’t fix a problem driven by massive industrial production. Without government action, companies have no real incentive to change, and communities—especially low-income ones—bear the brunt of plastic waste. A ban is a necessary, fair, and effective step toward a cleaner, healthier future for everyone.",emphasis_and_evaluation,stakeholder_responsibility,"Importantly, the government has the authority and responsibility to protect public health and the environment, especially when individual actions alone cannot solve large-scale problems like plastic pollution.",emphasis_and_evaluation_stakeholder_responsibility,"I should analyze who bears responsibility—whether government, individuals, corporations, or other institutions. ",Importantly,sequence_and_transition,justice_and_fairness,"Next, single-use plastics are not only harmful to the environment but also disproportionately affect low-income communities through pollution and waste mismanagement.",sequence_and_transition_justice_and_fairness,"I should analyze whether outcomes, processes, and distributions are fair to all parties involved. ",Next,evidence_and_authority,governance_and_accountability,"Evidence shows that without strong regulations, companies continue to prioritize profit over sustainability, meaning voluntary efforts often fail.",evidence_and_authority_governance_and_accountability,"I should consider legal frameworks, accountability mechanisms, democratic principles, and proper authority. ",Evidence shows that,baseline,598,221,0.00019371618320940712
44,0.0,,,synthesis_restructured,random,1,20260206_123303,1.1054527759552002,"A total ban on single-use plastics is necessary to protect our environment from the growing crisis of pollution. These materials take hundreds of years to decompose and often end up in oceans, harming wildlife and entering the food chain. Governments can make this shift practical by supporting alternatives like reusable bags, containers, and biodegradable packaging. Many cities and countries have already implemented such bans with positive results, showing that change is possible and beneficial. Without decisive action, plastic waste will continue to damage ecosystems and human health. A ban sends a clear message that sustainability matters and encourages innovation in eco-friendly solutions. It's time we prioritize the planet over convenience.",addition_and_elaboration,risk_and_unintended_consequences,"Moreover, a total ban on single-use plastics would drastically reduce pollution in our oceans, rivers, and landfills—environments that are already overwhelmed by plastic waste.",addition_and_elaboration_risk_and_unintended_consequences,"I should identify risks, unintended outcomes, cascading effects, and potential for escalation. ",Moreover,sequence_and_transition,feasibility_and_implementation,"Next, governments can enforce such bans through clear legislation and support for alternatives like reusable or biodegradable materials, making the transition both practical and sustainable.",sequence_and_transition_feasibility_and_implementation,I should evaluate whether the proposal can actually be implemented and enforced effectively. ,Next,concession_and_contrast,feasibility_and_implementation,"However, many communities and businesses have already successfully adopted reusable systems, proving that a ban is not only feasible but also beneficial in the long term.",concession_and_contrast_feasibility_and_implementation,I should evaluate whether the proposal can actually be implemented and enforced effectively. ,However,baseline,754,289,0.00019217108268011976
2,0.0,,,synthesis_restructured,random,0,20260206_123303,1.2252531051635742,"The government should enforce a total ban on single-use plastics because it’s essential to protect our planet and our health. These plastics pollute our oceans, kill marine life, and end up in our food and water through microplastics. We can’t afford to wait—scientists have already found plastic in human blood and organs, showing how deeply it’s infiltrated our lives. A ban is a fair and responsible step to ensure a safer, cleaner future for everyone, especially children and future generations. While it may require small lifestyle changes now, the long-term benefits far outweigh the temporary inconvenience. It’s time to stop treating the environment as a trash can and start protecting it like the precious resource it is.",causal_reasoning,justice_and_fairness,"Therefore, the government should enforce a total ban on single-use plastics because it is a necessary step to protect the environment, public health, and future generations.",causal_reasoning_justice_and_fairness,"I should analyze whether outcomes, processes, and distributions are fair to all parties involved. ",Therefore,clarification_and_specification,justice_and_fairness,"In other words, single-use plastics pollute our oceans, harm wildlife, and contribute to climate change, and a ban would stop this damage before it gets worse.",clarification_and_specification_justice_and_fairness,"I should analyze whether outcomes, processes, and distributions are fair to all parties involved. ",In other words,clarification_and_specification,precedent_and_long_term_effects,"In other words, we’ve already seen the long-term harm from plastic waste—microplastics in our food and water—and we have a responsibility to act now, before the damage becomes irreversible.",clarification_and_specification_precedent_and_long_term_effects,"I should evaluate historical precedents, long-term vs short-term tradeoffs, and obligations to future generations. ",In other words,baseline,730,266,0.000184102415441499
425650,2.562847051919229,,,synthesis_restructured,targeted,3,20260206_122715,1.1623320579528809,"Single-use plastics are a major source of pollution, harming marine life and damaging ecosystems that support human well-being. A total ban is a necessary step to protect the environment and public health, especially since many countries have already proven such bans can work with proper planning and alternatives. While some may worry about inconvenience, reusable and biodegradable options are becoming more accessible and affordable every day. The long-term benefits—cleaner oceans, healthier wildlife, and a more sustainable economy—far outweigh the short-term adjustments. This is not just an environmental issue, but a moral responsibility to future generations. By banning single-use plastics, the government can lead the way in protecting our planet and setting a standard for responsible living.",evidence_and_authority,justice_and_fairness,"Evidence shows that single-use plastics cause widespread environmental harm, particularly in oceans and wildlife, which affects everyone through disrupted ecosystems and potential food chain contamination.",evidence_and_authority_justice_and_fairness,"I should analyze whether outcomes, processes, and distributions are fair to all parties involved. ",Evidence shows that,exemplification,feasibility_and_implementation,"For example, many countries have successfully reduced plastic waste through bans, demonstrating that such policies are feasible and can be enforced with public education and alternative product development.",exemplification_feasibility_and_implementation,I should evaluate whether the proposal can actually be implemented and enforced effectively. ,For example,exemplification,cost_benefit_and_impact_analysis,"For example, switching to reusable or biodegradable alternatives not only reduces pollution but also drives innovation and creates green jobs, which benefits the economy in the long run.",exemplification_cost_benefit_and_impact_analysis,"I should quantify and compare costs, benefits, and real-world impacts across economic, social, and environmental dimensions. ",For example,targeted,805,121,0.00017962645727466952
34,0.0,,,synthesis_restructured,random,0,20260206_123303,1.1013171672821045,"The government should enforce a total ban on single-use plastics because it’s a necessary step to protect the environment and public health. Plastic waste pollutes our oceans, harms wildlife, and can even enter our food chain, affecting everyone—including children and vulnerable communities. While some might worry about the cost of switching to alternatives, the long-term benefits far outweigh the short-term inconvenience. A ban would also push companies to innovate sustainable solutions, creating new green jobs and reducing our dependence on fossil fuels. Most importantly, it’s fair to future generations to leave behind a cleaner planet. As someone who cares about my community and the world we live in, I believe this ban is the right choice for everyone.",clarification_and_specification,justice_and_fairness,"In other words, the argument should focus on fairness: whether the policy treats all people equally and whether it results in just outcomes.",clarification_and_specification_justice_and_fairness,"I should analyze whether outcomes, processes, and distributions are fair to all parties involved. ",In other words,causal_reasoning,cost_benefit_and_impact_analysis,"Therefore, a fair evaluation must consider how the policy affects different groups—especially low-income communities who may be disproportionately impacted by plastic pollution or the transition costs.",causal_reasoning_cost_benefit_and_impact_analysis,"I should quantify and compare costs, benefits, and real-world impacts across economic, social, and environmental dimensions. ",Therefore,sequence_and_transition,justice_and_fairness,"Next, I should consider whether the policy process itself is transparent and inclusive, allowing for public input and equitable representation.",sequence_and_transition_justice_and_fairness,"I should analyze whether outcomes, processes, and distributions are fair to all parties involved. ",Next,baseline,765,301,0.00017571957644973502
48,0.0,,,synthesis_restructured,random,0,20260206_123303,1.194066286087036,"A total ban on single-use plastics is not only necessary but achievable in the modern era. As biodegradable and reusable alternatives become more affordable and widely available, the practical challenges of such a ban are diminishing. People often worry about losing convenience, but in reality, the ban would protect our health, reduce landfill waste, and prevent plastic from choking oceans and harming wildlife. Just as public smoking bans were once met with resistance but are now celebrated for improving community well-being, a plastic ban can similarly become a standard of responsible citizenship. The freedom to live in a clean, safe environment is more important than the convenience of disposable items. By acting now, we honor our responsibility to future generations and take a meaningful step toward a sustainable future.",sequence_and_transition,cost_benefit_and_impact_analysis,"Next-generation alternatives like bioplastics and reusable containers are becoming more affordable and accessible, making a total ban feasible without burdening everyday consumers.",sequence_and_transition_cost_benefit_and_impact_analysis,"I should quantify and compare costs, benefits, and real-world impacts across economic, social, and environmental dimensions. ",Next,addition_and_elaboration,rights_and_liberties,"Moreover, individual freedom is not compromised by a ban—it's actually enhanced by healthier communities and cleaner public spaces where people can enjoy nature without the threat of pollution.",addition_and_elaboration_rights_and_liberties,"I should consider inalienable human rights, civil liberties, privacy protections, and the freedom to make one's own choices. ",Moreover,exemplification,precedent_and_long_term_effects,"For example, similar bans on smoking in public places were initially controversial but are now widely supported—they improved public health and became socially normalized over time.",exemplification_precedent_and_long_term_effects,"I should evaluate historical precedents, long-term vs short-term tradeoffs, and obligations to future generations. ",For example,baseline,835,365,0.00017568039179858847
464650,2.858376423536269,,,synthesis_restructured,targeted,3,20260206_122715,1.0581169128417969,"Single-use plastics are a major contributor to environmental pollution, clogging waterways and harming marine life. A total government ban would send a clear message about prioritizing long-term ecological health over short-term convenience. Countries like Canada and the EU have already seen success with similar measures—reducing plastic waste and encouraging businesses to develop sustainable alternatives. While there may be initial challenges, the long-term benefits to public health, wildlife, and the planet far outweigh the temporary inconvenience. We’ve already proven that change is possible when governments take decisive action. It’s time we stop treating plastic pollution as an unavoidable byproduct of modern life and start building a cleaner, more responsible future.",evidence_and_authority,feasibility_and_implementation,"Evidence shows that plastic pollution is a growing environmental crisis, with millions of tons entering oceans each year, harming wildlife and ecosystems.",evidence_and_authority_feasibility_and_implementation,I should evaluate whether the proposal can actually be implemented and enforced effectively. ,Evidence shows that,evidence_and_authority,feasibility_and_implementation,"Evidence shows that plastic pollution is a growing environmental crisis, with millions of tons entering oceans each year, harming wildlife and ecosystems.",evidence_and_authority_feasibility_and_implementation,I should evaluate whether the proposal can actually be implemented and enforced effectively. ,Evidence shows that,exemplification,cost_benefit_and_impact_analysis,"For example, countries like Canada and the EU have successfully implemented partial bans, leading to reduced plastic waste and increased innovation in reusable alternatives.",exemplification_cost_benefit_and_impact_analysis,"I should quantify and compare costs, benefits, and real-world impacts across economic, social, and environmental dimensions. ",For example,targeted,783,100,0.00016697297791921
25,0.0,,,synthesis_restructured,random,1,20260206_123303,1.140607833862305,"The government should enforce a total ban on single-use plastics because it’s the only way to create real, large-scale change. While individuals can try to reduce plastic use, they don’t control how products are made or sold—only the government can set rules that apply to everyone. Without a ban, companies will keep producing cheap plastic items, and people will keep using them, harming nature and our health. A total ban would cut pollution in our oceans and landfills, protect animals from choking or getting trapped, and save money on cleanup and environmental damage. It’s not about removing convenience—it’s about making sustainable choices the default, which is fairer and safer for all of us.",exemplification,stakeholder_responsibility,"For example, while individuals can reduce plastic use, systemic change requires government action. Without enforcement, the burden falls unfairly on consumers who lack the power to influence production.",exemplification_stakeholder_responsibility,"I should analyze who bears responsibility—whether government, individuals, corporations, or other institutions. ",For example,causal_reasoning,incentives_and_power_dynamics,"Therefore, a government ban on single-use plastics ensures consistent, fair standards across all sectors, preventing companies from shifting to cheaper, environmentally harmful alternatives.",causal_reasoning_incentives_and_power_dynamics,"I should examine what behaviors are encouraged, who holds power, and how interests align or conflict. ",Therefore,causal_reasoning,cost_benefit_and_impact_analysis,"Therefore, a total ban would significantly reduce pollution in oceans and landfills, protect wildlife, and lower long-term environmental cleanup costs.",causal_reasoning_cost_benefit_and_impact_analysis,"I should quantify and compare costs, benefits, and real-world impacts across economic, social, and environmental dimensions. ",Therefore,baseline,702,253,0.00016496391796064482
23,0.0,,,synthesis_restructured,random,1,20260206_123303,1.213944911956787,"As someone who cares about the planet and future generations, I believe the government should enforce a total ban on single-use plastics because these items cause lasting harm to our environment and wildlife. Even though we value personal freedom, using single-use plastics isn’t just a personal choice—it’s a choice that pollutes oceans, harms animals, and contributes to climate change. When individual actions have such widespread negative effects, it’s fair and necessary for the government to step in with strong regulations. A total ban would push businesses to innovate with sustainable alternatives and reduce the massive amount of plastic waste we generate every day. It’s not about taking away freedom, but about protecting our shared world. We have a moral responsibility to act now, especially since alternatives are already available and affordable. A ban is a practical and ethical step toward a cleaner, healthier future for everyone.",clarification_and_specification,ethical_principles,"In other words, I should focus on the consequences of my actions and their alignment with values such as responsibility and care for others.",clarification_and_specification_ethical_principles,"I should evaluate actions based on moral rules, character virtues, relationships, and ethical obligations. ",In other words,addition_and_elaboration,governance_and_accountability,"Moreover, laws and policies should reflect societal values and ensure that individuals and corporations are held accountable for environmental harm.",addition_and_elaboration_governance_and_accountability,"I should consider legal frameworks, accountability mechanisms, democratic principles, and proper authority. ",Moreover,clarification_and_specification,rights_and_liberties,"In other words, individual freedom must be balanced with collective well-being, and when personal choices harm society, restrictions become ethically justified.",clarification_and_specification_rights_and_liberties,"I should consider inalienable human rights, civil liberties, privacy protections, and the freedom to make one's own choices. ",In other words,baseline,949,431,0.00014982912170170718
5,0.0,,,synthesis_restructured,random,2,20260206_123303,1.2448506355285645,"Single-use plastics are a major environmental hazard, polluting oceans, endangering wildlife, and entering our food chain through microplastics. A total government ban would provide a clear, enforceable standard that helps shift both businesses and individuals toward sustainable alternatives. While some may worry about inconvenience, the long-term benefits to our planet and public health far outweigh the short-term adjustments. Governments have a duty to act decisively on issues that threaten the well-being of current and future generations. With reusable and biodegradable options already in use, a ban is both practical and responsible. The time for gradual measures has passed—bold action is needed now to protect our environment.",concession_and_contrast,risk_and_unintended_consequences,"However, the environmental damage caused by single-use plastics is severe and widespread—these items take hundreds of years to decompose, pollute oceans, harm wildlife, and contribute to microplastic contamination in our food and water.",concession_and_contrast_risk_and_unintended_consequences,"I should identify risks, unintended outcomes, cascading effects, and potential for escalation. ",However,sequence_and_transition,feasibility_and_implementation,"Next, a government-enforced ban would create clear, consistent rules that businesses and consumers can follow, reducing confusion and ensuring accountability across the country.",sequence_and_transition_feasibility_and_implementation,I should evaluate whether the proposal can actually be implemented and enforced effectively. ,Next,addition_and_elaboration,governance_and_accountability,"Moreover, governments have a responsibility to protect public health and the environment, and banning single-use plastics is a necessary step to fulfill that duty, especially when alternatives like reusable or biodegradable materials are already available.",addition_and_elaboration_governance_and_accountability,"I should consider legal frameworks, accountability mechanisms, democratic principles, and proper authority. ",Moreover,baseline,739,272,0.0001475440843682787
42,0.0,,,synthesis_restructured,random,4,20260206_123303,1.12982439994812,"The government should enforce a total ban on single-use plastics because the harm they cause—polluting oceans, endangering wildlife, and threatening human health—is too great to ignore. While individuals can make better choices, widespread change requires strong government action, as corporations often resist voluntary efforts due to profit motives. A ban would shift responsibility to the system, ensuring accountability and creating a level playing field for businesses. It would also promote virtuous behavior by encouraging sustainable habits and reflect our ethical duty to protect the planet for future generations. Without such measures, the environmental and health risks will only grow worse. Therefore, a total ban is not only necessary but morally right.",emphasis_and_evaluation,ethical_principles,"Importantly, if a government action is consistent with moral rules, it promotes virtuous character, strengthens relationships, and fulfills ethical duties, it is likely to be morally right.",emphasis_and_evaluation_ethical_principles,"I should evaluate actions based on moral rules, character virtues, relationships, and ethical obligations. ",Importantly,evidence_and_authority,risk_and_unintended_consequences,"Evidence shows that the production and disposal of single-use plastics contribute significantly to pollution, threaten wildlife, and pose risks to human health, which makes a ban ethically imperative.",evidence_and_authority_risk_and_unintended_consequences,"I should identify risks, unintended outcomes, cascading effects, and potential for escalation. ",Evidence shows that,concession_and_contrast,stakeholder_responsibility,"However, while individuals can reduce plastic use, systemic change requires government enforcement, as corporations often prioritize profit over environmental harm.",concession_and_contrast_stakeholder_responsibility,"I should analyze who bears responsibility—whether government, individuals, corporations, or other institutions. ",However,baseline,767,304,0.00014597351267437342
19,0.0,,,synthesis_restructured,random,1,20260206_123303,1.1179296970367432,"A total government ban on single-use plastics is essential because individual efforts alone can't fix such a widespread environmental issue. Governments have the power and resources to enforce large-scale changes, making a ban far more effective than relying on people to make sustainable choices on their own. While some may worry about personal freedom, the right to clean air, water, and a safe planet is more fundamental than the convenience of disposable plastics. The long-term health of ecosystems and future generations must come before short-term comfort. With proper alternatives already available, a ban is not only practical but necessary. It’s time we prioritize the planet over packaging that lasts centuries. Therefore, a government-enforced ban is the most responsible and effective step forward.",causal_reasoning,stakeholder_responsibility,"Therefore, a government-enforced ban is necessary because individual actions alone cannot solve a systemic problem that affects the entire environment.",causal_reasoning_stakeholder_responsibility,"I should analyze who bears responsibility—whether government, individuals, corporations, or other institutions. ",Therefore,sequence_and_transition,feasibility_and_implementation,"Next, governments have the authority and infrastructure to implement broad bans, making it more effective than relying on voluntary changes or consumer choice.",sequence_and_transition_feasibility_and_implementation,I should evaluate whether the proposal can actually be implemented and enforced effectively. ,Next,causal_reasoning,rights_and_liberties,"Therefore, a ban is still justified because the right to a healthy environment and clean water outweighs the convenience of single-use plastics.",causal_reasoning_rights_and_liberties,"I should consider inalienable human rights, civil liberties, privacy protections, and the freedom to make one's own choices. ",Therefore,baseline,812,344,0.00014510888077477364
464646,2.6627647392073897,,,synthesis_restructured,targeted,1,20260206_122715,1.0165588855743408,"Single-use plastics are a major source of pollution, clogging landfills and harming wildlife, especially in oceans. A government-enforced ban would drastically reduce this waste and encourage the use of more sustainable alternatives like reusable bags, bottles, and containers. Countries like Canada and the European Union have already implemented such bans with success, showing that it's both practical and effective. While there may be short-term inconvenience, the long-term benefits for the environment and public health far outweigh the costs. As someone who cares about clean streets and a healthier planet, I believe we should act now before the damage becomes irreversible. A ban is a necessary step to protect our ecosystems and future generations.",evidence_and_authority,feasibility_and_implementation,"Evidence shows that many governments have successfully introduced bans on single-use plastics, with measurable reductions in plastic waste and pollution.",evidence_and_authority_feasibility_and_implementation,I should evaluate whether the proposal can actually be implemented and enforced effectively. ,Evidence shows that,evidence_and_authority,feasibility_and_implementation,"Evidence shows that many governments have successfully introduced bans on single-use plastics, with measurable reductions in plastic waste and pollution.",evidence_and_authority_feasibility_and_implementation,I should evaluate whether the proposal can actually be implemented and enforced effectively. ,Evidence shows that,evidence_and_authority,feasibility_and_implementation,"Evidence shows that many governments have successfully introduced bans on single-use plastics, with measurable reductions in plastic waste and pollution.",evidence_and_authority_feasibility_and_implementation,I should evaluate whether the proposal can actually be implemented and enforced effectively. ,Evidence shows that,targeted,758,75,0.00014147042678474073
464044,2.5380378881460457,,,synthesis_restructured,targeted,3,20260206_122715,1.2326202392578125,"The government should enforce a total ban on single-use plastics because they are a major source of pollution that harms wildlife, clogs waterways, and takes hundreds of years to break down. Even though some people worry about inconvenience, reusable alternatives like cloth bags and metal containers are widely available and more sustainable in the long run. A ban would push companies to innovate and create eco-friendly packaging, reducing waste and protecting the planet for future generations. While change can be tough, the environmental damage caused by plastic is irreversible without bold action. The government has a responsibility to act in the public interest, especially when it comes to safeguarding natural resources and human health. With proper planning and public education, a ban is not only feasible but necessary. A total ban sends a clear message that our planet’s health matters more than convenience.",evidence_and_authority,feasibility_and_implementation,"Evidence shows that plastic pollution is severely harming ecosystems and wildlife, which motivates the need for strict measures like a total ban to protect the environment.",evidence_and_authority_feasibility_and_implementation,I should evaluate whether the proposal can actually be implemented and enforced effectively. ,Evidence shows that,evidence_and_authority,cost_benefit_and_impact_analysis,"Evidence shows that plastic pollution is severely harming ecosystems and wildlife, which motivates the need for strict measures like a total ban to protect the environment.",evidence_and_authority_cost_benefit_and_impact_analysis,"I should quantify and compare costs, benefits, and real-world impacts across economic, social, and environmental dimensions. ",Evidence shows that,evidence_and_authority,governance_and_accountability,"Evidence shows that plastic pollution is severely harming ecosystems and wildlife, which motivates the need for strict measures like a total ban to protect the environment.",evidence_and_authority_governance_and_accountability,"I should consider legal frameworks, accountability mechanisms, democratic principles, and proper authority. ",Evidence shows that,targeted,924,204,0.00013339840778178575
5,0.0,,,synthesis_restructured,random,3,20260206_123303,1.2058594226837158,"Single-use plastics are a major threat to our environment, clogging waterways, killing marine life, and contributing to climate change. While it might be inconvenient at first, the government has a duty to protect public health and the planet, and a total ban is the most effective way to end this pollution at the source. Many countries have already implemented similar bans with success, showing it’s both feasible and beneficial. This isn’t about restricting freedom—it’s about ensuring a cleaner, safer world for everyone, especially future generations. The long-term environmental and health benefits far outweigh the temporary adjustments people might face. We can’t afford to wait for gradual change when the damage is already happening. A total ban is a necessary, responsible step toward sustainability.",concession_and_contrast,risk_and_unintended_consequences,"However, the long-term environmental harm caused by single-use plastics—such as pollution in oceans, harm to wildlife, and contributions to climate change—outweighs the short-term convenience they provide.",concession_and_contrast_risk_and_unintended_consequences,"I should identify risks, unintended outcomes, cascading effects, and potential for escalation. ",However,sequence_and_transition,feasibility_and_implementation,"Next, the government has the authority and responsibility to implement broad policies that protect public and environmental health, even if they require temporary inconvenience.",sequence_and_transition_feasibility_and_implementation,I should evaluate whether the proposal can actually be implemented and enforced effectively. ,Next,addition_and_elaboration,governance_and_accountability,"Moreover, banning single-use plastics aligns with democratic values by prioritizing the well-being of future generations over short-term corporate profits.",addition_and_elaboration_governance_and_accountability,"I should consider legal frameworks, accountability mechanisms, democratic principles, and proper authority. ",Moreover,baseline,812,346,0.00013265064979403507
28,0.0,,,synthesis_restructured,random,3,20260206_123303,1.3521978855133057,"We’ve seen how bans on smoking in public spaces eventually became widely accepted because they protected public health, and the same logic applies to single-use plastics. These items are a major source of pollution, harming wildlife, clogging oceans, and even making their way into our food. Waiting to act only makes the problem worse, and future generations will suffer the consequences if we don’t act now. A total ban is fair—it pushes industry and consumers to adapt using reusable alternatives that are already accessible and getting cheaper. By taking bold action today, we protect our planet and ensure a healthier future for everyone.",clarification_and_specification,precedent_and_long_term_effects,"In other words, we’ve seen the benefits of bans in the past—like with smoking in public spaces—and those policies were eventually accepted because they protected public health. Similarly, banning single-use plastics now will protect our environment and future generations, even if it requires some short-term adjustments.",clarification_and_specification_precedent_and_long_term_effects,"I should evaluate historical precedents, long-term vs short-term tradeoffs, and obligations to future generations. ",In other words,addition_and_elaboration,precedent_and_long_term_effects,"Moreover, single-use plastics are a major source of pollution—clogging our oceans, harming wildlife, and even entering our food chain. If we don’t act now, the damage will be irreversible, and future generations will pay the price for our inaction.",addition_and_elaboration_precedent_and_long_term_effects,"I should evaluate historical precedents, long-term vs short-term tradeoffs, and obligations to future generations. ",Moreover,causal_reasoning,justice_and_fairness,"Therefore, a total ban is not only necessary—it’s fair. It shifts the burden from the environment and future citizens to industry and consumers today, who can adapt through reusable alternatives that are already available and becoming more affordable.",causal_reasoning_justice_and_fairness,"I should analyze whether outcomes, processes, and distributions are fair to all parties involved. ",Therefore,baseline,643,227,0.00013203839507236164
464044,2.5380378881460457,,,synthesis_restructured,targeted,1,20260206_122715,1.1153972148895264,"Single-use plastics are a major source of pollution that harm wildlife, clog waterways, and contribute to long-term environmental damage. A government-imposed ban would significantly reduce plastic waste, protect ecosystems, and lower cleanup costs for communities. While some may worry about inconvenience, alternatives like reusable bags and containers are already widely available and more sustainable in the long run. Since governments are responsible for safeguarding public health and the environment, they have both the authority and duty to take strong action. A total ban is not only feasible but necessary to address a crisis that affects every community and future generation. Without decisive government action, plastic pollution will only worsen, leading to irreversible harm.",evidence_and_authority,feasibility_and_implementation,"Evidence shows that plastic pollution is a serious environmental threat, especially in oceans and waterways, where single-use plastics break down into microplastics that harm wildlife and ecosystems.",evidence_and_authority_feasibility_and_implementation,I should evaluate whether the proposal can actually be implemented and enforced effectively. ,Evidence shows that,evidence_and_authority,cost_benefit_and_impact_analysis,"Evidence shows that banning single-use plastics reduces litter, prevents harm to marine life, and saves governments money on cleanup efforts and waste management.",evidence_and_authority_cost_benefit_and_impact_analysis,"I should quantify and compare costs, benefits, and real-world impacts across economic, social, and environmental dimensions. ",Evidence shows that,evidence_and_authority,governance_and_accountability,"Evidence shows that governments already have the legal authority to regulate harmful materials, and enforcing a ban aligns with their responsibility to protect public health and the environment.",evidence_and_authority_governance_and_accountability,"I should consider legal frameworks, accountability mechanisms, democratic principles, and proper authority. ",Evidence shows that,targeted,789,108,0.0001317052960472383
6,0.0,,,synthesis_restructured,random,2,20260206_123303,1.1911287307739258,"I believe the government should enforce a total ban on single-use plastics because it's a necessary step to protect our environment and public health. Right now, plastic waste is choking our oceans, harming wildlife, and even entering our food chain, and individual efforts alone aren’t enough to stop it. While some might argue it’s an overreach, the real burden falls on governments to set standards and create systemic change—especially since corporations profit from producing these items. A ban would push innovation toward reusable and biodegradable alternatives, reducing waste and pollution in the long term. It’s not about punishing people; it’s about holding systems accountable and protecting future generations. The small inconvenience of giving up plastic bags or straws is far outweighed by the lasting environmental benefits. Ultimately, this is a moral responsibility we owe to the planet and to each other.",concession_and_contrast,ethical_principles,"However, if a person consistently fails to act in accordance with morality, it undermines their moral character.",concession_and_contrast_ethical_principles,"I should evaluate actions based on moral rules, character virtues, relationships, and ethical obligations. ",However,exemplification,stakeholder_responsibility,"For example, the responsibility for reducing plastic waste lies not just with individuals but also with governments and corporations.",exemplification_stakeholder_responsibility,"I should analyze who bears responsibility—whether government, individuals, corporations, or other institutions. ",For example,causal_reasoning,cost_benefit_and_impact_analysis,"Therefore, government enforcement of a single-use plastic ban would lead to measurable environmental benefits, such as reduced pollution and lower carbon emissions.",causal_reasoning_cost_benefit_and_impact_analysis,"I should quantify and compare costs, benefits, and real-world impacts across economic, social, and environmental dimensions. ",Therefore,baseline,923,421,0.0001280823134079617
464446,2.564996620174637,,,synthesis_restructured,targeted,3,20260206_122715,1.0618300437927246,"Single-use plastics are a major contributor to pollution, choking our oceans and harming wildlife. A total ban by the government would stop this damage at the source, making a real difference for the environment. Many places around the world have already proven that such bans work—cities and countries have successfully reduced plastic waste through clear laws and public support. Plus, alternatives like reusable bags and biodegradable packaging are already available and more sustainable. With proper planning and public education, a ban is not just possible but necessary to protect our planet for future generations.",evidence_and_authority,feasibility_and_implementation,"Evidence shows that plastic pollution is one of the biggest environmental crises today, with single-use plastics making up a large portion of ocean waste. A total ban would directly reduce this pollution at the source.",evidence_and_authority_feasibility_and_implementation,I should evaluate whether the proposal can actually be implemented and enforced effectively. ,Evidence shows that,evidence_and_authority,governance_and_accountability,"Evidence shows that many countries and cities have successfully implemented plastic bans, proving that such regulations are feasible and enforceable through proper legislation and public education.",evidence_and_authority_governance_and_accountability,"I should consider legal frameworks, accountability mechanisms, democratic principles, and proper authority. ",Evidence shows that,evidence_and_authority,feasibility_and_implementation,"Evidence shows that replacing single-use plastics with reusable or biodegradable alternatives is already possible in many areas, and a ban would accelerate this transition, reducing long-term environmental and health costs.",evidence_and_authority_feasibility_and_implementation,I should evaluate whether the proposal can actually be implemented and enforced effectively. ,Evidence shows that,targeted,621,4,0.00012514779838969833
41,0.0,,,synthesis_restructured,random,2,20260206_123303,1.2322626113891602,"The government should enforce a total ban on single-use plastics because it would drastically reduce plastic pollution in our oceans and landfills, which harms wildlife and ecosystems. As a society, we have a shared responsibility to protect the environment, and the government is best positioned to lead this change through enforceable policy. While some may worry about personal inconvenience, the long-term benefits—cleaner communities, healthier oceans, and reduced reliance on fossil fuels—far outweigh temporary discomfort. This ban isn’t about limiting freedom; it’s about safeguarding our planet for future generations. Simple, reusable alternatives already exist and are becoming more affordable and accessible every day. The government has a duty to act now, before the damage becomes irreversible. This is a practical, responsible step toward a sustainable future.",conditional,feasibility_and_implementation,"If the government bans single-use plastics, it would significantly reduce the amount of plastic waste that ends up in landfills and oceans, which is a major environmental threat.",conditional_feasibility_and_implementation,I should evaluate whether the proposal can actually be implemented and enforced effectively. ,If,sequence_and_transition,stakeholder_responsibility,"Next, the government has a duty to protect public health and the environment, and banning single-use plastics is a clear and direct way to fulfill that responsibility.",sequence_and_transition_stakeholder_responsibility,"I should analyze who bears responsibility—whether government, individuals, corporations, or other institutions. ",Next,causal_reasoning,rights_and_liberties,"Therefore, this ban is not an infringement on personal freedom, but a necessary step to protect collective well-being and future generations from irreversible environmental damage.",causal_reasoning_rights_and_liberties,"I should consider inalienable human rights, civil liberties, privacy protections, and the freedom to make one's own choices. ",Therefore,baseline,875,397,0.00011754656621120088
461046,2.7576567283733917,,,synthesis_restructured,targeted,2,20260206_122715,1.1486496925354004,"Single-use plastics are a major source of pollution, clogging oceans and harming wildlife, and a total government ban would be a powerful step toward cleaning up our environment. While some might worry about the inconvenience of change, the long-term benefits—cleaner waterways, healthier ecosystems, and reduced waste—far outweigh the temporary discomfort. Countries like Canada and the EU have already implemented similar bans and shown that it’s possible to transition to sustainable alternatives without major disruption. With the right support and planning, a ban is not just achievable but necessary for the planet’s future. As ordinary citizens, we have a responsibility to protect the environment we share, and this is one of the most effective actions we can take together.",evidence_and_authority,feasibility_and_implementation,"Evidence shows that single-use plastics are a major source of pollution, harming wildlife and ecosystems. A total ban would drastically reduce this pollution and help protect the environment.",evidence_and_authority_feasibility_and_implementation,I should evaluate whether the proposal can actually be implemented and enforced effectively. ,Evidence shows that,conditional,cost_benefit_and_impact_analysis,"If we don’t act now, the long-term environmental and economic costs will far exceed the short-term inconvenience of switching to alternatives.",conditional_cost_benefit_and_impact_analysis,"I should quantify and compare costs, benefits, and real-world impacts across economic, social, and environmental dimensions. ",If,evidence_and_authority,feasibility_and_implementation,"Evidence shows that countries like Canada and the EU are already successfully phasing out single-use plastics through clear policies, proving that a ban is both possible and effective.",evidence_and_authority_feasibility_and_implementation,I should evaluate whether the proposal can actually be implemented and enforced effectively. ,Evidence shows that,targeted,782,98,0.00011354249304127883
35,0.0,,,synthesis_restructured,random,2,20260206_123303,1.0599842071533203,"The government should enforce a total ban on single-use plastics because, as individuals, we can't solve this problem alone—systemic change requires strong policy action. These plastics don’t just litter parks and beaches; they end up in oceans, killing marine life and even entering our food chain, which threatens our health. A ban would push companies to innovate more sustainable packaging and reduce pollution at the source. It’s also fairer to communities that bear the brunt of plastic waste, often without the resources to clean it up. By acting now, the government can protect both people and the planet for future generations.",concession_and_contrast,stakeholder_responsibility,"However, the most effective way to drive large-scale change is through government action, especially when it comes to issues affecting public health and the environment.",concession_and_contrast_stakeholder_responsibility,"I should analyze who bears responsibility—whether government, individuals, corporations, or other institutions. ",However,addition_and_elaboration,risk_and_unintended_consequences,"Moreover, single-use plastics pollute oceans, harm wildlife, and contribute to climate change, making a government-enforced ban a necessary step to protect our planet.",addition_and_elaboration_risk_and_unintended_consequences,"I should identify risks, unintended outcomes, cascading effects, and potential for escalation. ",Moreover,exemplification,justice_and_fairness,"For example, many low-income communities suffer the most from plastic waste and pollution, so a ban would help correct environmental injustice.",exemplification_justice_and_fairness,"I should analyze whether outcomes, processes, and distributions are fair to all parties involved. ",For example,baseline,636,225,0.00011337666303101301
28,0.0,,,synthesis_restructured,random,0,20260206_123303,1.1722040176391602,"A total ban on single-use plastics is necessary to protect our planet and future generations. Just like past bans on leaded gasoline and asbestos, this step may be inconvenient now, but it's essential for long-term environmental health. It’s only fair that everyone—companies, governments, and individuals—share the responsibility for cleaning up pollution caused by disposable waste. By eliminating single-use plastics, we encourage innovation in sustainable alternatives and reduce harm to wildlife and ecosystems. The short-term discomfort of change is outweighed by the lasting benefits of cleaner oceans, safer communities, and a healthier planet. This ban isn’t just practical—it’s a moral obligation to leave behind a world that’s still worth living in.",clarification_and_specification,precedent_and_long_term_effects,"In other words, banning single-use plastics is a responsible, forward-thinking step that protects the planet for future generations.",clarification_and_specification_precedent_and_long_term_effects,"I should evaluate historical precedents, long-term vs short-term tradeoffs, and obligations to future generations. ",In other words,addition_and_elaboration,precedent_and_long_term_effects,"Moreover, similar bans on harmful materials like leaded gasoline and asbestos have proven effective and necessary over time, showing that societal progress often requires difficult, immediate sacrifices for long-term benefits.",addition_and_elaboration_precedent_and_long_term_effects,"I should evaluate historical precedents, long-term vs short-term tradeoffs, and obligations to future generations. ",Moreover,causal_reasoning,justice_and_fairness,"Therefore, a total ban on single-use plastics is fair because it holds everyone—governments, corporations, and individuals—accountable for environmental damage caused by disposable products.",causal_reasoning_justice_and_fairness,"I should analyze whether outcomes, processes, and distributions are fair to all parties involved. ",Therefore,baseline,760,296,0.00010037748004400958
36,0.0,,,synthesis_restructured,random,2,20260206_123303,1.2341175079345703,"Single-use plastics are a major threat to our environment, clogging oceans, harming wildlife, and taking hundreds of years to break down. If we truly care about protecting nature and leaving a healthier planet for our children, we must take bold action—like a total ban—on this persistent pollution. While some may worry about inconvenience, a ban would actually spur innovation, encouraging companies to create practical, eco-friendly alternatives. The long-term benefits to public health, ecosystems, and climate stability far outweigh short-term discomfort. A total ban isn’t just possible—it’s necessary to show real commitment to sustainability. We can’t keep pretending that recycling alone will fix a problem that’s growing worse every day. It’s time to act decisively and clean up our mess once and for all.",sequence_and_transition,risk_and_unintended_consequences,"Next, I should consider the long-term environmental damage caused by single-use plastics, especially how they accumulate in ecosystems and persist for centuries.",sequence_and_transition_risk_and_unintended_consequences,"I should identify risks, unintended outcomes, cascading effects, and potential for escalation. ",Next,conditional,ethical_principles,"If we care about protecting nature and ensuring a livable planet for future generations, we have a moral duty to eliminate a major source of pollution like single-use plastics.",conditional_ethical_principles,"I should evaluate actions based on moral rules, character virtues, relationships, and ethical obligations. ",If,concession_and_contrast,feasibility_and_implementation,"However, even if some plastic use is unavoidable, a total ban would push industries and consumers to innovate and adopt sustainable alternatives, driving real change.",concession_and_contrast_feasibility_and_implementation,I should evaluate whether the proposal can actually be implemented and enforced effectively. ,However,baseline,815,349,9.823440708028456e-05
46,0.0,,,synthesis_restructured,random,2,20260206_123303,1.1093389987945557,"A total ban on single-use plastics is necessary to protect our environment and public health. These materials pollute oceans, endanger marine life, and persist in ecosystems for centuries, causing long-term harm. By implementing a clear national ban, the government can ensure consistent rules that make it easier for people and businesses to adapt. Reusable alternatives like cloth bags and metal containers are already affordable and accessible, so the transition is realistic for everyday families. Without strong government action, plastic waste will continue to grow, overwhelming waste systems and harming nature. A ban is a responsible, forward-thinking step to safeguard the planet for future generations.",conditional,feasibility_and_implementation,"If the government enforces a total ban on single-use plastics, it would create a clear, consistent standard that everyone must follow, reducing confusion and ensuring widespread compliance.",conditional_feasibility_and_implementation,I should evaluate whether the proposal can actually be implemented and enforced effectively. ,If,evidence_and_authority,cost_benefit_and_impact_analysis,"Evidence shows that single-use plastics pollute our oceans, harm wildlife, and take hundreds of years to decompose, so a ban would significantly reduce environmental damage and protect ecosystems.",evidence_and_authority_cost_benefit_and_impact_analysis,"I should quantify and compare costs, benefits, and real-world impacts across economic, social, and environmental dimensions. ",Evidence shows that,exemplification,justice_and_fairness,"For example, many reusable alternatives like cloth bags and glass containers are affordable and widely available, making the switch practical for most households without imposing unreasonable costs.",exemplification_justice_and_fairness,"I should analyze whether outcomes, processes, and distributions are fair to all parties involved. ",For example,baseline,713,257,9.784189032743126e-05
155650,2.553052425205486,,,synthesis_restructured,targeted,0,20260206_122715,1.0927178859710691,"Single-use plastics are a major source of pollution that harms animals, clogs rivers and oceans, and contributes to climate change—waiting to act only makes the problem worse. While some worry about inconvenience, most people already use reusable bags, bottles, and containers, proving that alternatives are both available and practical. The long-term benefits—cleaner communities, healthier ecosystems, and fewer cleanup costs—far outweigh any short-term adjustments for businesses or individuals. A total ban is a necessary and achievable step to protect our planet and future generations. We don’t need to wait for perfect solutions; we need bold action now.",conditional,risk_and_unintended_consequences,"If we don’t act now, the environment will continue to suffer irreversible damage from plastic pollution, which harms wildlife, contaminates waterways, and contributes to climate change.",conditional_risk_and_unintended_consequences,"I should identify risks, unintended outcomes, cascading effects, and potential for escalation. ",If,exemplification,feasibility_and_implementation,"For example, many people already avoid single-use plastics by choosing reusable alternatives, showing that public behavior can adapt—so a ban is both feasible and practical.",exemplification_feasibility_and_implementation,I should evaluate whether the proposal can actually be implemented and enforced effectively. ,For example,exemplification,cost_benefit_and_impact_analysis,"For example, while some businesses may face short-term adjustments, the long-term savings from reduced cleanup costs and less environmental damage far outweigh these initial challenges.",exemplification_cost_benefit_and_impact_analysis,"I should quantify and compare costs, benefits, and real-world impacts across economic, social, and environmental dimensions. ",For example,targeted,661,12,9.367280586212247e-05
44,0.0,,,synthesis_restructured,random,3,20260206_123303,1.2257468700408936,"A total ban on single-use plastics is necessary to protect our environment and public health. Right now, millions of tons of plastic end up in oceans and landfills each year, harming animals and polluting natural habitats. While switching to alternatives might seem inconvenient at first, with support from the government and communities, reusable and biodegradable options can easily replace plastic in daily life. The long-term benefits—cleaner air and water, healthier wildlife, and a safer planet—make this change essential. We don’t need to wait for perfect solutions; we need bold action now to stop the damage already being done. This ban isn’t just about rules—it’s about protecting the world we live in for future generations.",addition_and_elaboration,risk_and_unintended_consequences,"Moreover, a total ban on single-use plastics would drastically reduce pollution in oceans and landfills, protecting wildlife and ecosystems that are already suffering from plastic waste.",addition_and_elaboration_risk_and_unintended_consequences,"I should identify risks, unintended outcomes, cascading effects, and potential for escalation. ",Moreover,sequence_and_transition,feasibility_and_implementation,"Next, with proper public education and support for alternatives like reusable bags and biodegradable packaging, such a ban is not only feasible but achievable within a few years.",sequence_and_transition_feasibility_and_implementation,I should evaluate whether the proposal can actually be implemented and enforced effectively. ,Next,concession_and_contrast,feasibility_and_implementation,"However, the long-term benefits—such as cleaner cities, reduced healthcare costs from pollution-related illnesses, and less environmental degradation—far outweigh the short-term inconvenience of adapting to new materials.",concession_and_contrast_feasibility_and_implementation,I should evaluate whether the proposal can actually be implemented and enforced effectively. ,However,baseline,735,270,9.20136651241615e-05
41,0.0,,,synthesis_restructured,random,4,20260206_123303,1.3047330379486084,"A total ban on single-use plastics by the government is essential because these materials are polluting our oceans, harming wildlife, and taking hundreds of years to break down. It’s not fair to ask everyday people to clean up a mess created by big companies that profit from disposable products—governments must lead the way in enforcing change. This kind of ban isn’t about restricting personal freedom; it’s about protecting our shared environment and ensuring clean air, water, and land for future generations. The government has a responsibility to act in the public interest, especially when it comes to issues that threaten public health and natural ecosystems. With better alternatives available and strong enforcement, a ban is not only possible but necessary. We can’t afford to wait any longer—our planet is already paying the price.",conditional,feasibility_and_implementation,"If the government enforces a total ban on single-use plastics, it would significantly reduce pollution in our oceans, landfills, and waterways, which are currently overwhelmed by plastic waste.",conditional_feasibility_and_implementation,I should evaluate whether the proposal can actually be implemented and enforced effectively. ,If,sequence_and_transition,stakeholder_responsibility,"Next, it’s not fair to expect just individuals to fix a problem that’s largely caused by large corporations producing these items in massive quantities; the government must step in and take responsibility.",sequence_and_transition_stakeholder_responsibility,"I should analyze who bears responsibility—whether government, individuals, corporations, or other institutions. ",Next,causal_reasoning,rights_and_liberties,"Therefore, a ban isn’t about limiting freedom; it’s about protecting public health and the environment—two things we all depend on for survival.",causal_reasoning_rights_and_liberties,"I should consider inalienable human rights, civil liberties, privacy protections, and the freedom to make one's own choices. ",Therefore,baseline,844,375,9.118920275075161e-05
22,0.0,,,synthesis_restructured,random,1,20260206_123303,1.232846975326538,"The government should enforce a total ban on single-use plastics because these items cause severe and lasting harm to the environment and public health. Every year, millions of tons of plastic end up in oceans, killing marine life and entering the food chain, which ultimately affects people. While some may argue it's inconvenient to give up plastic bags or straws, the long-term damage to ecosystems and human well-being is far more costly. The government has a responsibility to protect citizens and the planet, especially when safer, reusable alternatives are widely available. A total ban would push industries to innovate and consumers to adopt sustainable habits. Ultimately, protecting the environment and public health is not a luxury—it’s a moral obligation we all share.",exemplification,ethical_principles,"For example, a person who is kind and honest is more likely to make ethical decisions, such as avoiding actions that harm others or the environment.",exemplification_ethical_principles,"I should evaluate actions based on moral rules, character virtues, relationships, and ethical obligations. ",For example,conditional,stakeholder_responsibility,"If the government is responsible for protecting public health and the environment, then it must act decisively to prevent harm, especially when the cause is well-documented and widely avoidable, such as single-use plastics.",conditional_stakeholder_responsibility,"I should analyze who bears responsibility—whether government, individuals, corporations, or other institutions. ",If,causal_reasoning,cost_benefit_and_impact_analysis,"Therefore, the environmental and health costs of single-use plastics—such as ocean pollution, wildlife death, and long-term human health risks—far outweigh the convenience they offer.",causal_reasoning_cost_benefit_and_impact_analysis,"I should quantify and compare costs, benefits, and real-world impacts across economic, social, and environmental dimensions. ",Therefore,baseline,781,313,8.961743765164678e-05
464446,2.564996620174637,,,synthesis_restructured,targeted,1,20260206_122715,0.9988076686859132,"The government should enforce a total ban on single-use plastics because it’s a proven way to reduce pollution and protect the environment. These items, like plastic bags and straws, often end up in oceans and harm wildlife, and a ban would stop that harm at the source. Many countries and cities around the world have already implemented similar bans, and they’ve seen real improvements in cleanliness and public awareness. It’s the government’s job to protect public health and natural resources, especially when everyday choices are causing long-term damage. With the right education and alternatives—like reusable bags and containers—people can easily adapt to the change. A total ban isn’t just realistic; it’s necessary to create a cleaner, safer future for everyone.",evidence_and_authority,feasibility_and_implementation,Evidence shows that bans on single-use plastics are feasible and effective in reducing plastic pollution.,evidence_and_authority_feasibility_and_implementation,I should evaluate whether the proposal can actually be implemented and enforced effectively. ,Evidence shows that,evidence_and_authority,governance_and_accountability,Evidence shows that the government has the legal authority and responsibility to protect public health and the environment.,evidence_and_authority_governance_and_accountability,"I should consider legal frameworks, accountability mechanisms, democratic principles, and proper authority. ",Evidence shows that,evidence_and_authority,feasibility_and_implementation,Evidence shows that bans on single-use plastics are feasible and effective in reducing plastic pollution.,evidence_and_authority_feasibility_and_implementation,I should evaluate whether the proposal can actually be implemented and enforced effectively. ,Evidence shows that,targeted,773,89,8.9611931131699e-05
13,0.0,,,synthesis_restructured,random,2,20260206_123303,1.223322868347168,"Single-use plastics are a major source of pollution that harm wildlife, clog waterways, and take hundreds of years to break down. Even though some people worry about convenience or cost, reusable alternatives like glass, metal, and cloth are now affordable and widely accessible. The government has a responsibility to act in the public interest, especially when protecting the environment and public health. By enforcing a total ban, we can reduce plastic waste, encourage innovation in sustainable materials, and set a clear standard for responsible consumption. This policy isn’t about restricting freedom—it’s about protecting the planet we all share. As ordinary citizens, we deserve a cleaner, safer world, and the government should lead the way in making it happen.",exemplification,incentives_and_power_dynamics,"For example, the plastic industry has significant lobbying power, which may influence legislation in ways that benefit profits over environmental health. This imbalance of power can lead to policies that prioritize business interests over long-term ecological sustainability.",exemplification_incentives_and_power_dynamics,"I should examine what behaviors are encouraged, who holds power, and how interests align or conflict. ",For example,evidence_and_authority,cost_benefit_and_impact_analysis,"Evidence shows that single-use plastics contribute to massive pollution, harm wildlife, and persist in ecosystems for centuries, while reusable alternatives are now widely available and cost-effective over time.",evidence_and_authority_cost_benefit_and_impact_analysis,"I should quantify and compare costs, benefits, and real-world impacts across economic, social, and environmental dimensions. ",Evidence shows that,evidence_and_authority,ethical_principles,"Evidence shows that as citizens, we have a moral responsibility to protect the planet for future generations and to prevent avoidable harm to animals and ecosystems.",evidence_and_authority_ethical_principles,"I should evaluate actions based on moral rules, character virtues, relationships, and ethical obligations. ",Evidence shows that,baseline,772,307,8.94376466948791e-05
27,0.0,,,synthesis_restructured,random,0,20260206_123303,1.3088459968566897,"Single-use plastics are a major threat to our environment, harming wildlife, polluting oceans, and persisting for centuries. While they may seem convenient, the long-term damage they cause—especially to ecosystems and public health—far outweighs any short-term benefit. Banning them is a necessary step to protect future generations and reduce the burden on vulnerable communities that suffer most from plastic waste. We’ve already proven that society can adapt to such bans, as seen with past restrictions on harmful materials like lead and asbestos. A total ban is not only feasible but essential for building a cleaner, healthier planet. The cost of inaction is too high for us to ignore.",emphasis_and_evaluation,risk_and_unintended_consequences,"Importantly, single-use plastics are a major source of pollution that harms wildlife, contaminates waterways, and contributes to long-term environmental degradation. Even if some people rely on these products, the damage they cause far outweighs the convenience they provide.",emphasis_and_evaluation_risk_and_unintended_consequences,"I should identify risks, unintended outcomes, cascading effects, and potential for escalation. ",Importantly,addition_and_elaboration,justice_and_fairness,"Moreover, the burden of plastic pollution falls disproportionately on communities near landfills and coastal areas, where waste accumulates and ecosystems suffer. A ban would protect vulnerable populations and create a more equitable environmental landscape.",addition_and_elaboration_justice_and_fairness,"I should analyze whether outcomes, processes, and distributions are fair to all parties involved. ",Moreover,emphasis_and_evaluation,precedent_and_long_term_effects,"Importantly, we've successfully transitioned away from other harmful materials before—like lead in gasoline and asbestos in building materials—showing that society can adapt when public health and environmental safety are at stake.",emphasis_and_evaluation_precedent_and_long_term_effects,"I should evaluate historical precedents, long-term vs short-term tradeoffs, and obligations to future generations. ",Importantly,baseline,691,244,8.717643620265071e-05
30,0.0,,,synthesis_restructured,random,0,20260206_123303,1.0995447635650637,"Single-use plastics are a major source of pollution that harm wildlife, clog waterways, and degrade ecosystems we all rely on. Even though they’re convenient, the long-term environmental damage far outweighs the short-term benefits. A total government ban would reduce plastic waste, encourage innovation in sustainable alternatives, and protect natural resources for future generations. While some may worry about inconvenience, reusable options are widely available and more cost-effective over time. The government has a responsibility to protect public welfare, and this ban is a clear, practical step in that direction. We all benefit from cleaner oceans, healthier communities, and a more sustainable planet. A ban isn’t just possible—it’s essential.",exemplification,incentives_and_power_dynamics,"For example, a single-use plastic bag may be convenient, but it contributes to long-term environmental damage that affects everyone.",exemplification_incentives_and_power_dynamics,"I should examine what behaviors are encouraged, who holds power, and how interests align or conflict. ",For example,addition_and_elaboration,risk_and_unintended_consequences,"Moreover, these plastics often end up in oceans and landfills, harming wildlife and polluting ecosystems we all depend on.",addition_and_elaboration_risk_and_unintended_consequences,"I should identify risks, unintended outcomes, cascading effects, and potential for escalation. ",Moreover,conclusion_and_summary,risk_and_unintended_consequences,"In conclusion, a government-enforced ban is a necessary step to protect our environment and public health, and it’s a fair price to pay for a cleaner, safer future.",conclusion_and_summary_risk_and_unintended_consequences,"I should identify risks, unintended outcomes, cascading effects, and potential for escalation. ",In conclusion,baseline,756,291,8.641443387005047e-05
42,0.0,,,synthesis_restructured,random,3,20260206_123303,0.960777759552002,"It's wrong to knowingly cause long-term harm to the environment and future generations, especially when we have viable alternatives. Single-use plastics are a major source of pollution—killing marine life, contaminating food chains, and taking hundreds of years to break down. While individuals can reduce their use, without strong government action, corporations will continue producing these harmful materials, and most people won’t change their habits out of convenience. A total ban is a necessary step to protect both nature and public health, and it shifts the burden to those who can make the biggest difference: policymakers and industry leaders.",emphasis_and_evaluation,ethical_principles,"Importantly, it's morally wrong to harm others or the environment without justification.",emphasis_and_evaluation_ethical_principles,"I should evaluate actions based on moral rules, character virtues, relationships, and ethical obligations. ",Importantly,evidence_and_authority,risk_and_unintended_consequences,"Evidence shows that single-use plastics pollute oceans, harm wildlife, and persist in ecosystems for centuries, posing serious risks to both nature and human health.",evidence_and_authority_risk_and_unintended_consequences,"I should identify risks, unintended outcomes, cascading effects, and potential for escalation. ",Evidence shows that,concession_and_contrast,stakeholder_responsibility,"However, individuals cannot solve this problem alone; systemic change through government enforcement is necessary to ensure accountability and widespread compliance.",concession_and_contrast_stakeholder_responsibility,"I should analyze who bears responsibility—whether government, individuals, corporations, or other institutions. ",However,baseline,654,228,8.31046605335679e-05
7,0.0,,,synthesis_restructured,random,2,20260206_123303,1.2568845748901367,"A total ban on single-use plastics is not only necessary but also fair and enforceable. It creates a clear legal standard that holds both individuals and companies accountable for the environmental damage caused by disposable plastics. This kind of regulation protects our fundamental rights to clean air, safe water, and a stable climate—rights that are more important than the convenience of a plastic bag or straw. The ban doesn’t take away freedom; it safeguards the freedom to live in a healthy world. With proper enforcement and public education, such a ban can be implemented effectively across communities. Ultimately, it’s a responsible step that future generations will thank us for.",conditional,governance_and_accountability,"If the government enacts a total ban on single-use plastics, it can create a clear legal framework that holds individuals and corporations accountable for environmental harm, ensuring that no one is above the law when it comes to protecting public health and the planet.",conditional_governance_and_accountability,"I should consider legal frameworks, accountability mechanisms, democratic principles, and proper authority. ",If,clarification_and_specification,feasibility_and_implementation,"In other words, a total ban is not just symbolic—it’s practical and enforceable with proper regulations, monitoring, and penalties, making it a realistic solution to a problem we can no longer ignore.",clarification_and_specification_feasibility_and_implementation,I should evaluate whether the proposal can actually be implemented and enforced effectively. ,In other words,emphasis_and_evaluation,rights_and_liberties,"Importantly, a total ban doesn’t strip people of freedom—it protects our right to clean air, safe water, and a stable climate, which are foundational to real freedom and well-being.",emphasis_and_evaluation_rights_and_liberties,"I should consider inalienable human rights, civil liberties, privacy protections, and the freedom to make one's own choices. ",Importantly,baseline,693,246,7.792915488052613e-05
468056,2.749492285056512,,,synthesis_restructured,targeted,2,20260206_122715,1.0537536144256592,"A total ban on single-use plastics is necessary to protect our environment and public health. Plastic pollution is already harming oceans, wildlife, and even our own water and food supplies. Countries like those in the EU have successfully implemented similar bans by investing in eco-friendly alternatives and raising public awareness, proving it’s not only possible but effective. Without strong government action, we’ll continue to face growing environmental damage and health risks. It’s time we take responsibility and support a ban that benefits everyone—now and in the future.",evidence_and_authority,feasibility_and_implementation,"Evidence shows that many countries with strong plastic bans have seen significant reductions in plastic pollution and landfill waste, proving that a total ban is both feasible and effective.",evidence_and_authority_feasibility_and_implementation,I should evaluate whether the proposal can actually be implemented and enforced effectively. ,Evidence shows that,sequence_and_transition,cost_benefit_and_impact_analysis,"Next to protecting the environment, a total ban would reduce long-term public health risks caused by plastic toxins leaching into food and water, which affects everyone, especially children and vulnerable communities.",sequence_and_transition_cost_benefit_and_impact_analysis,"I should quantify and compare costs, benefits, and real-world impacts across economic, social, and environmental dimensions. ",Next,exemplification,feasibility_and_implementation,"For example, the EU’s plastic ban has worked because it was paired with investment in sustainable alternatives and public education, showing that this kind of policy can succeed without overwhelming citizens or businesses.",exemplification_feasibility_and_implementation,I should evaluate whether the proposal can actually be implemented and enforced effectively. ,For example,targeted,583,1,6.893330179211696e-05
463056,2.705170085802145,,,synthesis_restructured,targeted,4,20260206_122715,1.1239094734191897,"The government should enforce a total ban on single-use plastics because they do irreparable harm to the environment, particularly marine life and ecosystems, and a ban is the most effective way to stop this damage. Many places around the world have already banned these plastics and have seen clear improvements in cleanliness and sustainability, proving that such policies work in practice. Plus, alternatives like reusable bags and containers are now easy to find and use, so the switch wouldn’t be a burden for everyday people. A ban sends a strong message about protecting our planet and encourages innovation in eco-friendly products. It's not just about rules—it’s about taking responsibility for the world we leave behind.",evidence_and_authority,feasibility_and_implementation,"Evidence shows that single-use plastics cause severe environmental harm, especially in oceans and landfills, and a government ban would be a decisive step toward protecting ecosystems and public health.",evidence_and_authority_feasibility_and_implementation,I should evaluate whether the proposal can actually be implemented and enforced effectively. ,Evidence shows that,addition_and_elaboration,cost_benefit_and_impact_analysis,"Moreover, many countries and cities that have implemented similar bans have seen success in reducing plastic pollution and encouraging the use of reusable alternatives without major disruptions to daily life.",addition_and_elaboration_cost_benefit_and_impact_analysis,"I should quantify and compare costs, benefits, and real-world impacts across economic, social, and environmental dimensions. ",Moreover,exemplification,feasibility_and_implementation,"For example, reusable bags, containers, and packaging are widely available and affordable now, making a transition feasible for most people and businesses.",exemplification_feasibility_and_implementation,I should evaluate whether the proposal can actually be implemented and enforced effectively. ,For example,targeted,730,51,6.397512779032713e-05
464652,2.530903086605129,,,synthesis_restructured,targeted,2,20260206_122715,1.4334702491760254,"The government should enforce a total ban on single-use plastics because the environmental damage they cause is already severe and growing. Plastic waste pollutes oceans, harms wildlife, and lingers in ecosystems for hundreds of years, so taking bold action is essential. While some might worry about how hard a ban would be to enforce, the long-term benefits—cleaner air, water, and land—make it worth the effort. Plus, many alternatives already exist, and a ban would actually push companies to innovate and create better, more sustainable products. This change wouldn’t just help the planet—it would also create a fairer system where everyone shares responsibility for protecting our environment. It’s time to stop treating plastic pollution as an unavoidable side effect of modern life and start treating it as the problem it truly is.",evidence_and_authority,feasibility_and_implementation,"Evidence shows that plastic pollution is already overwhelming ecosystems, and a total ban would be a necessary first step toward reducing this crisis. Even if enforcement is challenging, the long-term environmental benefits far outweigh the short-term hurdles.",evidence_and_authority_feasibility_and_implementation,I should evaluate whether the proposal can actually be implemented and enforced effectively. ,Evidence shows that,evidence_and_authority,feasibility_and_implementation,"Evidence shows that plastic pollution is already overwhelming ecosystems, and a total ban would be a necessary first step toward reducing this crisis. Even if enforcement is challenging, the long-term environmental benefits far outweigh the short-term hurdles.",evidence_and_authority_feasibility_and_implementation,I should evaluate whether the proposal can actually be implemented and enforced effectively. ,Evidence shows that,exemplification,justice_and_fairness,"For example, while some businesses might initially struggle to adapt, many have already developed viable alternatives—like paper, glass, or compostable materials. A ban would push innovation and help level the playing field, ensuring that all companies contribute to a cleaner future.",exemplification_justice_and_fairness,"I should analyze whether outcomes, processes, and distributions are fair to all parties involved. ",For example,targeted,839,152,5.673714299498189e-05
20,0.0,,,synthesis_restructured,random,2,20260206_123303,1.2173590660095217,"Plastic pollution is harming our oceans, wildlife, and even our own health—something we all care about as ordinary people. While it might feel like a ban on single-use plastics limits our freedom, the truth is that we’re already paying the cost through dirty beaches, clogged drains, and plastic in our food. The real loss of freedom comes from living in a world choked by waste, not from using a reusable bag or container. Many alternatives are now easy to find and use, making the switch simple and practical. A government ban isn’t about control—it’s about protecting the planet for our kids and future generations. The small sacrifices today lead to a cleaner, safer world tomorrow.",concession_and_contrast,ethical_principles,"However, the average person might not be deeply familiar with environmental policy, so the argument should focus on everyday experiences and shared values like cleanliness, health, and responsibility toward future generations.",concession_and_contrast_ethical_principles,"I should evaluate actions based on moral rules, character virtues, relationships, and ethical obligations. ",However,conditional,rights_and_liberties,"If single-use plastics are banned, people may feel restricted in their daily choices, such as using plastic bags or disposable cutlery, but the long-term benefits outweigh temporary inconvenience.",conditional_rights_and_liberties,"I should consider inalienable human rights, civil liberties, privacy protections, and the freedom to make one's own choices. ",If,causal_reasoning,risk_and_unintended_consequences,"Therefore, while some might worry about disruptions in convenience or small business impacts, alternative solutions like reusable or compostable materials are already available and becoming more affordable.",causal_reasoning_risk_and_unintended_consequences,"I should identify risks, unintended outcomes, cascading effects, and potential for escalation. ",Therefore,baseline,686,242,5.655839493022807e-05
41,0.0,,,synthesis_restructured,random,0,20260206_123303,1.082868576049805,"A total ban on single-use plastics is essential for protecting our environment and public health. The government has a duty to prevent pollution that harms ecosystems, animals, and people. While some may worry about inconvenience, the long-term benefits—cleaner oceans, less landfill waste, and reduced carbon emissions—far outweigh the short-term challenges. This ban wouldn’t limit freedom but rather protect the collective well-being of society and future generations. With proper planning and support for alternatives, such a policy is both achievable and necessary. Ultimately, responsible governance means taking bold steps to prevent harm, and banning single-use plastics is one of the most effective actions we can take today.",conditional,feasibility_and_implementation,"If the government enforces a total ban on single-use plastics, it would significantly reduce pollution and protect the environment.",conditional_feasibility_and_implementation,I should evaluate whether the proposal can actually be implemented and enforced effectively. ,If,sequence_and_transition,stakeholder_responsibility,"Next, the government has a responsibility to protect public health and the environment, which single-use plastics threaten through pollution and harm to wildlife.",sequence_and_transition_stakeholder_responsibility,"I should analyze who bears responsibility—whether government, individuals, corporations, or other institutions. ",Next,causal_reasoning,rights_and_liberties,"Therefore, limiting single-use plastics doesn’t restrict personal freedom—it prevents harm to others and future generations, which is a basic obligation of a responsible government.",causal_reasoning_rights_and_liberties,"I should consider inalienable human rights, civil liberties, privacy protections, and the freedom to make one's own choices. ",Therefore,baseline,734,269,5.571473020940036e-05
464646,2.6627647392073897,,,synthesis_restructured,targeted,3,20260206_122715,1.1052236557006836,"Single-use plastics are a major source of pollution, clogging landfills and harming marine life. A government-enforced ban would push industries and consumers to adopt more sustainable alternatives, like reusable or biodegradable materials. While some may worry about inconvenience, the long-term environmental and health benefits far outweigh temporary disruptions. Countries that have already implemented such bans report cleaner cities and reduced litter. This shift is not just possible—it’s necessary to protect our planet for future generations. As someone who cares about a cleaner, safer environment, I believe a total ban is both responsible and achievable.",evidence_and_authority,feasibility_and_implementation,"Evidence shows that banning single-use plastics can lead to a measurable reduction in environmental pollution, especially in oceans and waterways, where these materials cause long-term harm to ecosystems and wildlife.",evidence_and_authority_feasibility_and_implementation,I should evaluate whether the proposal can actually be implemented and enforced effectively. ,Evidence shows that,evidence_and_authority,feasibility_and_implementation,"Evidence shows that banning single-use plastics can lead to a measurable reduction in environmental pollution, especially in oceans and waterways, where these materials cause long-term harm to ecosystems and wildlife.",evidence_and_authority_feasibility_and_implementation,I should evaluate whether the proposal can actually be implemented and enforced effectively. ,Evidence shows that,evidence_and_authority,feasibility_and_implementation,"Evidence shows that banning single-use plastics can lead to a measurable reduction in environmental pollution, especially in oceans and waterways, where these materials cause long-term harm to ecosystems and wildlife.",evidence_and_authority_feasibility_and_implementation,I should evaluate whether the proposal can actually be implemented and enforced effectively. ,Evidence shows that,targeted,666,15,5.481155813514116e-05
424650,2.585680497795376,,,synthesis_restructured,targeted,1,20260206_122715,0.9751126766204834,"Single-use plastics cause serious harm to the environment, polluting oceans and endangering wildlife. A total government ban would prevent this damage and protect ecosystems for future generations. Many places around the world have already proven that such bans can be implemented successfully with proper planning and public awareness. While some may worry about inconvenience, reusable alternatives are widely available and more sustainable in the long run. The environmental and health benefits far outweigh the short-term challenges of switching. Overall, banning single-use plastics is a necessary and achievable step toward a cleaner, safer planet.",evidence_and_authority,justice_and_fairness,"Evidence shows that single-use plastics are a major source of pollution, harming wildlife and ecosystems. A total ban would drastically reduce this environmental damage, protecting natural habitats and marine life.",evidence_and_authority_justice_and_fairness,"I should analyze whether outcomes, processes, and distributions are fair to all parties involved. ",Evidence shows that,evidence_and_authority,feasibility_and_implementation,"Evidence shows that many countries and cities have successfully implemented similar bans, proving that enforcement is feasible with clear regulations and public education.",evidence_and_authority_feasibility_and_implementation,I should evaluate whether the proposal can actually be implemented and enforced effectively. ,Evidence shows that,exemplification,cost_benefit_and_impact_analysis,"For example, plastic bags contribute to long-term environmental cleanup costs, while reusable alternatives are more sustainable and reduce waste over time.",exemplification_cost_benefit_and_impact_analysis,"I should quantify and compare costs, benefits, and real-world impacts across economic, social, and environmental dimensions. ",For example,targeted,654,11,5.3821814880564805e-05
463846,2.509706127686236,,,synthesis_restructured,targeted,2,20260206_122715,1.08280611038208,"Single-use plastics are a major source of pollution, clogging oceans and harming wildlife, and a total government ban is a necessary step to protect the environment. Countries like Canada and the UK have already implemented such bans with measurable success in reducing plastic waste. While it may require small changes in daily life, these adjustments are minor compared to the long-term benefits for ecosystems and public health. We have a responsibility to future generations to act now, before plastic pollution becomes irreversible. A ban is not just possible—it’s essential for a cleaner, safer planet.",evidence_and_authority,feasibility_and_implementation,"Evidence shows that plastic pollution is already harming ecosystems and wildlife, and governments have successfully implemented bans on single-use plastics in several countries. A total ban is feasible and has proven effective in reducing plastic waste.",evidence_and_authority_feasibility_and_implementation,I should evaluate whether the proposal can actually be implemented and enforced effectively. ,Evidence shows that,addition_and_elaboration,precedent_and_long_term_effects,"Moreover, banning single-use plastics now protects the environment for future generations, even if it requires some short-term adjustments in daily habits.",addition_and_elaboration_precedent_and_long_term_effects,"I should evaluate historical precedents, long-term vs short-term tradeoffs, and obligations to future generations. ",Moreover,evidence_and_authority,feasibility_and_implementation,"Evidence shows that plastic pollution is already harming ecosystems and wildlife, and governments have successfully implemented bans on single-use plastics in several countries. A total ban is feasible and has proven effective in reducing plastic waste.",evidence_and_authority_feasibility_and_implementation,I should evaluate whether the proposal can actually be implemented and enforced effectively. ,Evidence shows that,targeted,608,3,5.3290613423619815e-05
7,0.0,,,synthesis_restructured,random,4,20260206_123303,1.211881160736084,"A total ban on single-use plastics is a necessary step for protecting public health and the environment. It establishes a clear legal standard that holds polluters accountable and prevents companies from evading responsibility through weak regulations. Rather than restricting freedom, it redirects personal choices toward safer, sustainable alternatives that benefit everyone. By eliminating the most harmful plastic waste at the source, the government can drive innovation and ensure long-term environmental stability. This policy aligns with democratic values by prioritizing the collective good over short-term convenience. Ultimately, a ban is not an overreach—it’s a responsible and enforceable measure to safeguard our planet for future generations.",conditional,governance_and_accountability,"If the government enacts a total ban on single-use plastics, it formalizes a clear legal standard that holds corporations and individuals accountable for environmental harm, ensuring that no one can exploit loopholes or avoid responsibility.",conditional_governance_and_accountability,"I should consider legal frameworks, accountability mechanisms, democratic principles, and proper authority. ",If,clarification_and_specification,feasibility_and_implementation,"In other words, a total ban isn't just symbolic—it's a practical, enforceable policy that redirects industry innovation toward sustainable alternatives and gives regulators a consistent benchmark for compliance.",clarification_and_specification_feasibility_and_implementation,I should evaluate whether the proposal can actually be implemented and enforced effectively. ,In other words,emphasis_and_evaluation,rights_and_liberties,"Importantly, a ban does not strip away personal freedom—it removes convenience that comes at the cost of public health and environmental integrity, empowering people to choose reusable, safer products without facing long-term ecological harm.",emphasis_and_evaluation_rights_and_liberties,"I should consider inalienable human rights, civil liberties, privacy protections, and the freedom to make one's own choices. ",Importantly,baseline,756,292,5.297999554930358e-05
464544,2.5538228158035885,,,synthesis_restructured,targeted,0,20260206_122715,1.0040533542633057,"Single-use plastics are a major source of pollution that harms wildlife, contaminates ecosystems, and persists in the environment for hundreds of years. A total government ban would eliminate this pollution at the source, pushing industries to innovate safer, reusable alternatives. While some may worry about inconvenience, the long-term environmental and health benefits far outweigh short-term adjustments. With proper public education and support for sustainable alternatives, such a ban is both feasible and necessary. Protecting our planet requires bold, decisive action—this is the most effective way to ensure a cleaner, healthier future for all.",evidence_and_authority,feasibility_and_implementation,"Evidence shows that single-use plastics contribute significantly to environmental pollution, especially in oceans and landfills, and a total ban would drastically reduce this damage.",evidence_and_authority_feasibility_and_implementation,I should evaluate whether the proposal can actually be implemented and enforced effectively. ,Evidence shows that,evidence_and_authority,risk_and_unintended_consequences,"Evidence shows that single-use plastics contribute significantly to environmental pollution, especially in oceans and landfills, and a total ban would drastically reduce this damage.",evidence_and_authority_risk_and_unintended_consequences,"I should identify risks, unintended outcomes, cascading effects, and potential for escalation. ",Evidence shows that,evidence_and_authority,governance_and_accountability,"Evidence shows that single-use plastics contribute significantly to environmental pollution, especially in oceans and landfills, and a total ban would drastically reduce this damage.",evidence_and_authority_governance_and_accountability,"I should consider legal frameworks, accountability mechanisms, democratic principles, and proper authority. ",Evidence shows that,targeted,654,10,5.2773077694575096e-05
2,0.0,,,synthesis_restructured,random,4,20260206_123303,1.1530299186706543,"The government should enforce a total ban on single-use plastics because the environmental and health damage they cause is too great to ignore. Plastic waste harms wildlife, pollutes our oceans, and can even enter our food chain, putting everyone’s health at risk. We already have viable alternatives—reusable bags, compostable containers, and sustainable packaging—that can replace single-use plastics without disrupting daily life. A ban is not just a solution; it's a responsible step to protect future generations from the consequences of our current habits. The long-term benefits far outweigh any short-term inconvenience, and it’s our duty to act now before the damage becomes irreversible.",causal_reasoning,justice_and_fairness,"Therefore, the government should enforce a total ban on single-use plastics, as it is a necessary step to protect the environment and public health.",causal_reasoning_justice_and_fairness,"I should analyze whether outcomes, processes, and distributions are fair to all parties involved. ",Therefore,clarification_and_specification,justice_and_fairness,"In other words, the environmental damage caused by plastic waste affects everyone—especially future generations—and a ban ensures we don't pass on a polluted planet.",clarification_and_specification_justice_and_fairness,"I should analyze whether outcomes, processes, and distributions are fair to all parties involved. ",In other words,clarification_and_specification,precedent_and_long_term_effects,"In other words, we’ve already seen the negative effects of plastic pollution in oceans and landfills, and we have both the technology and alternatives (like reusable bags and biodegradable packaging) to make the transition feasible.",clarification_and_specification_precedent_and_long_term_effects,"I should evaluate historical precedents, long-term vs short-term tradeoffs, and obligations to future generations. ",In other words,baseline,697,248,4.9200166672899e-05
16,0.0,,,synthesis_restructured,random,1,20260206_123303,1.0408854484558103,"A total ban on single-use plastics is necessary because the government has a clear responsibility to protect public health and the environment. These materials pollute our oceans, harm wildlife, and contribute to climate change, and a ban ensures swift action to prevent further damage. It's also fair, since the burden of plastic pollution falls hardest on low-income communities and future generations who didn’t create the problem. By eliminating single-use plastics, we push businesses to innovate and develop safer, reusable alternatives, which benefits everyone in the long run. This kind of regulation reflects a collective commitment to sustainability and responsible stewardship of the planet.",evidence_and_authority,governance_and_accountability,"Evidence shows that government has a responsibility to protect public health and the environment, and a total ban on single-use plastics aligns with this duty.",evidence_and_authority_governance_and_accountability,"I should consider legal frameworks, accountability mechanisms, democratic principles, and proper authority. ",Evidence shows that,evidence_and_authority,justice_and_fairness,Evidence shows that a total ban on single-use plastics is fair because it prevents long-term environmental harm that disproportionately affects vulnerable communities and future generations.,evidence_and_authority_justice_and_fairness,"I should analyze whether outcomes, processes, and distributions are fair to all parties involved. ",Evidence shows that,sequence_and_transition,incentives_and_power_dynamics,"Next, a total ban encourages sustainable innovation by pushing manufacturers and consumers to adopt reusable and eco-friendly alternatives, reducing dependency on harmful materials.",sequence_and_transition_incentives_and_power_dynamics,"I should examine what behaviors are encouraged, who holds power, and how interests align or conflict. ",Next,baseline,702,252,4.877996486012511e-05
37,0.0,,,synthesis_restructured,random,3,20260206_123303,1.4381287097930908,"Single-use plastics are harming our environment and our health in ways we can no longer ignore. They pollute our oceans, clog landfills, and break down into microplastics that end up in our food and water. While it might feel inconvenient to give up plastic bags or straws, the long-term cost of doing nothing is far greater. A government ban isn’t an attack on freedom—it’s a necessary step to protect our planet and future generations. It pushes companies to create real, sustainable alternatives instead of relying on disposable waste. We’ve seen how bans on smoking in public spaces improved health and changed behavior for the better—this is the same kind of proactive step. The freedom to live in a clean, healthy world is more important than the convenience of a plastic bag.",conclusion_and_summary,rights_and_liberties,"In conclusion, while individual freedoms are important, the long-term environmental and health consequences of single-use plastics outweigh personal convenience. A government ban is a necessary measure to protect public health and the planet for future generations.",conclusion_and_summary_rights_and_liberties,"I should consider inalienable human rights, civil liberties, privacy protections, and the freedom to make one's own choices. ",In conclusion,evidence_and_authority,rights_and_liberties,"Evidence shows that single-use plastics are not only polluting our oceans and landfills but also entering our food and water supply through microplastics, which can cause serious health problems. It's not just about convenience—it’s about protecting our bodies and environment.",evidence_and_authority_rights_and_liberties,"I should consider inalienable human rights, civil liberties, privacy protections, and the freedom to make one's own choices. ",Evidence shows that,conditional,incentives_and_power_dynamics,"If we keep allowing single-use plastics, we’re enabling a system that prioritizes corporate profits over public well-being. A ban shifts power back to the people by forcing industries to innovate and develop safer, sustainable alternatives.",conditional_incentives_and_power_dynamics,"I should examine what behaviors are encouraged, who holds power, and how interests align or conflict. ",If,baseline,782,315,4.580807909736273e-05
49,0.0,,,synthesis_restructured,random,0,20260206_123303,1.088327169418335,"Single-use plastics are a major source of pollution that harm ecosystems, wildlife, and ultimately human health. They persist in the environment for centuries, breaking down into microplastics that contaminate water and food sources. A government-enforced ban would push industries to adopt eco-friendly alternatives, driving innovation and reducing our reliance on non-renewable resources. While some may worry about inconvenience, the long-term benefits to public health and the planet outweigh short-term disruptions. We already have viable alternatives like paper, glass, and compostable materials that can meet everyday needs. A total ban is a necessary step toward building a cleaner, safer, and more sustainable future for everyone.",addition_and_elaboration,risk_and_unintended_consequences,"Moreover, the continued use of single-use plastics contributes to environmental degradation, especially in oceans and landfills, where they can take hundreds of years to decompose.",addition_and_elaboration_risk_and_unintended_consequences,"I should identify risks, unintended outcomes, cascading effects, and potential for escalation. ",Moreover,evidence_and_authority,incentives_and_power_dynamics,"Evidence shows that plastic pollution harms marine life and enters the food chain, potentially endangering human health through contaminated seafood.",evidence_and_authority_incentives_and_power_dynamics,"I should examine what behaviors are encouraged, who holds power, and how interests align or conflict. ",Evidence shows that,conclusion_and_summary,justice_and_fairness,"In conclusion, a total ban would incentivize innovation in sustainable packaging and reduce our long-term dependency on fossil fuels used in plastic production.",conclusion_and_summary_justice_and_fairness,"I should analyze whether outcomes, processes, and distributions are fair to all parties involved. ",In conclusion,baseline,739,274,4.556376619733312e-05
23,0.0,,,synthesis_restructured,random,4,20260206_123303,1.0460758209228516,"We have a moral duty to protect the planet for future generations, and banning single-use plastics is a necessary step toward that goal. The government is responsible for ensuring public safety and environmental sustainability, and a total ban is the most effective way to enforce this responsibility. While personal freedom matters, it should not outweigh our shared obligation to prevent pollution and protect ecosystems. Single-use plastics are a major source of environmental harm, clogging oceans, harming wildlife, and contributing to climate change. A government-enforced ban would drive innovation in sustainable alternatives and create a level playing field for businesses. Ultimately, protecting the planet is not just an environmental issue—it’s a matter of justice, responsibility, and respect for life.",clarification_and_specification,ethical_principles,"In other words, we should act in ways that reflect our values and responsibilities to the world around us.",clarification_and_specification_ethical_principles,"I should evaluate actions based on moral rules, character virtues, relationships, and ethical obligations. ",In other words,addition_and_elaboration,governance_and_accountability,"Moreover, it is the government’s responsibility to uphold laws that protect public health and environmental integrity.",addition_and_elaboration_governance_and_accountability,"I should consider legal frameworks, accountability mechanisms, democratic principles, and proper authority. ",Moreover,clarification_and_specification,rights_and_liberties,"In other words, individual freedoms are important, but they should not come at the cost of collective well-being or long-term environmental survival.",clarification_and_specification_rights_and_liberties,"I should consider inalienable human rights, civil liberties, privacy protections, and the freedom to make one's own choices. ",In other words,baseline,815,356,4.10142226071371e-05
30,0.0,,,synthesis_restructured,random,1,20260206_123303,1.3042140007019043,"The government should enforce a total ban on single-use plastics because they cause severe and lasting harm to the environment and public health. These plastics don’t disappear—they break down into microplastics that pollute oceans, harm marine life, and can even end up in our food and water. As an average person concerned about the world we live in, I believe the government has a duty to act decisively to protect nature and future generations. A ban would force companies to innovate and adopt safer, reusable alternatives, reducing waste at the source. It’s not just about convenience—it’s about accountability and long-term survival. Without strong government action, pollution will only get worse, and it will be too late to fix. A total ban is the bold, necessary step we need.",exemplification,incentives_and_power_dynamics,"For example, plastic pollution is a growing environmental crisis that affects ecosystems, wildlife, and human health, and the government has a responsibility to protect its citizens and natural resources.",exemplification_incentives_and_power_dynamics,"I should examine what behaviors are encouraged, who holds power, and how interests align or conflict. ",For example,addition_and_elaboration,risk_and_unintended_consequences,"Moreover, single-use plastics take hundreds of years to decompose, and even when they do, they break down into microplastics that contaminate water, soil, and food chains—posing long-term health risks.",addition_and_elaboration_risk_and_unintended_consequences,"I should identify risks, unintended outcomes, cascading effects, and potential for escalation. ",Moreover,conclusion_and_summary,risk_and_unintended_consequences,"In conclusion, a total ban is a necessary and responsible step to prevent irreversible environmental damage and to push industries toward sustainable alternatives that are safer and more eco-friendly.",conclusion_and_summary_risk_and_unintended_consequences,"I should identify risks, unintended outcomes, cascading effects, and potential for escalation. ",In conclusion,baseline,786,318,3.941489586817371e-05
10,0.0,,,synthesis_restructured,random,3,20260206_123303,1.3290441036224363,"The government should not enforce a total ban on single-use plastics because it infringes on personal freedom and limits individual choice. While plastic pollution is a serious issue, a blanket ban is an overreach that doesn’t account for the diversity of needs across different communities and situations. Instead, responsibility should be shared—individuals can make more sustainable choices, corporations can develop eco-friendly alternatives, and governments can implement targeted regulations on production, waste, and recycling. This balanced approach respects personal autonomy while still pushing for meaningful environmental change. A total ban risks being ineffective and unfair, especially for low-income households or rural areas where alternatives are less accessible. Ultimately, real progress comes from education, innovation, and shared responsibility—not government overreach.",emphasis_and_evaluation,rights_and_liberties,"Importantly, the government should not infringe on individual freedoms by imposing a total ban on single-use plastics, as it limits personal choice and may not be the most effective way to address environmental concerns.",emphasis_and_evaluation_rights_and_liberties,"I should consider inalienable human rights, civil liberties, privacy protections, and the freedom to make one's own choices. ",Importantly,conditional,stakeholder_responsibility,"If plastic pollution is a serious problem, responsibility should be shared: individuals can reduce usage, companies can innovate greener alternatives, and governments can regulate production and waste management, rather than enforcing a blanket ban.",conditional_stakeholder_responsibility,"I should analyze who bears responsibility—whether government, individuals, corporations, or other institutions. ",If,conditional,stakeholder_responsibility,"If plastic pollution is a serious problem, responsibility should be shared: individuals can reduce usage, companies can innovate greener alternatives, and governments can regulate production and waste management, rather than enforcing a blanket ban.",conditional_stakeholder_responsibility,"I should analyze who bears responsibility—whether government, individuals, corporations, or other institutions. ",If,baseline,893,408,3.848965697722421e-05
18,0.0,,,synthesis_restructured,random,4,20260206_123303,1.0773370265960691,"We have a moral duty to protect the planet for future generations, and continuing to allow single-use plastics goes against that responsibility. These plastics pollute our oceans, harm wildlife, and take hundreds of years to break down, causing long-term damage. The government is best equipped to enforce a total ban because it can regulate industries and create uniform standards across the country. While some may worry about inconvenience, the long-term benefits to the environment and public health far outweigh temporary discomfort. A ban would also push innovation toward sustainable alternatives, creating new green jobs and industries. Ultimately, protecting our planet is not just a choice—it's a responsibility we owe to ourselves and to future generations.",causal_reasoning,ethical_principles,"Therefore, I believe we should act in ways that protect the environment and future generations, even if it means making personal sacrifices.",causal_reasoning_ethical_principles,"I should evaluate actions based on moral rules, character virtues, relationships, and ethical obligations. ",Therefore,conditional,ethical_principles,"If we continue to allow single-use plastics, we are failing our responsibility to preserve the planet for future generations.",conditional_ethical_principles,"I should evaluate actions based on moral rules, character virtues, relationships, and ethical obligations. ",If,addition_and_elaboration,stakeholder_responsibility,"Moreover, since the government has the power and authority to regulate large-scale practices, it is best positioned to enforce a ban and drive systemic change.",addition_and_elaboration_stakeholder_responsibility,"I should analyze who bears responsibility—whether government, individuals, corporations, or other institutions. ",Moreover,baseline,768,303,3.809301591471499e-05
1,0.0,,,synthesis_restructured,random,1,20260206_123303,1.3778862953186035,"The government should not enforce a total ban on single-use plastics because it infringes on personal freedom by dictating what individuals can use in their everyday lives, even when those items are practical and accessible. Many low-income families depend on inexpensive, single-use products for convenience and hygiene, and a blanket ban could place an unfair financial burden on them without providing affordable alternatives. Small businesses, too, may struggle to adapt to new regulations, potentially leading to closures or reduced services. Rather than imposing a one-size-fits-all solution, the government should focus on education, incentives for sustainable alternatives, and gradual policy changes that respect economic and personal realities. A total ban is not only impractical but also undemocratic when implemented without public input and proper safeguards. Real progress comes from empowering people to make better choices, not forcing them to do so.",conditional,rights_and_liberties,"If the government bans single-use plastics, it would limit personal freedom by telling people what they can and cannot use in their daily lives, even if those items are convenient and widely accepted.",conditional_rights_and_liberties,"I should consider inalienable human rights, civil liberties, privacy protections, and the freedom to make one's own choices. ",If,emphasis_and_evaluation,cost_benefit_and_impact_analysis,"Importantly, such a ban could impose significant financial burdens on low-income households who rely on affordable, single-use items, and could disproportionately impact small businesses that cannot afford to switch to eco-friendly alternatives.",emphasis_and_evaluation_cost_benefit_and_impact_analysis,"I should quantify and compare costs, benefits, and real-world impacts across economic, social, and environmental dimensions. ",Importantly,conclusion_and_summary,governance_and_accountability,"In conclusion, while environmental concerns are valid, the government should not unilaterally impose sweeping bans without public consultation, proportional impact assessments, or viable alternatives in place.",conclusion_and_summary_governance_and_accountability,"I should consider legal frameworks, accountability mechanisms, democratic principles, and proper authority. ",In conclusion,baseline,967,434,3.6181844317166995e-05
27,0.0,,,synthesis_restructured,random,1,20260206_123303,1.2499375343322754,"Single-use plastics are a major threat to our environment and health, polluting oceans, harming animals, and even ending up in our food and water. While some might worry about convenience, the real cost of inaction is far greater—our planet, our children’s future, and even our own well-being are at risk. The good news is that bans have already worked in many places, with people adapting quickly to reusable alternatives like bags, bottles, and containers. It’s time we take a stand and protect our shared environment, not just for nature, but for ourselves and future generations. A total ban isn’t an extreme measure—it’s a common-sense step toward a healthier, cleaner world.",emphasis_and_evaluation,risk_and_unintended_consequences,"Importantly, single-use plastics are a major source of pollution, clogging waterways and harming wildlife—this directly affects everyday people like you and me who enjoy clean parks, beaches, and rivers.",emphasis_and_evaluation_risk_and_unintended_consequences,"I should identify risks, unintended outcomes, cascading effects, and potential for escalation. ",Importantly,addition_and_elaboration,justice_and_fairness,"Moreover, the environmental damage caused by these plastics is not just an issue for nature—it affects our health, as microplastics have been found in drinking water and even in our own bodies.",addition_and_elaboration_justice_and_fairness,"I should analyze whether outcomes, processes, and distributions are fair to all parties involved. ",Moreover,emphasis_and_evaluation,precedent_and_long_term_effects,"Importantly, many countries and cities that have banned single-use plastics have seen a rise in reusable alternatives without major disruption—showing it's feasible and necessary.",emphasis_and_evaluation_precedent_and_long_term_effects,"I should evaluate historical precedents, long-term vs short-term tradeoffs, and obligations to future generations. ",Importantly,baseline,680,241,3.608960301116419e-05
14,0.0,,,synthesis_restructured,random,2,20260206_123303,1.0179128646850586,"A total ban on single-use plastics by the government is essential because individual actions, while helpful, can’t stop the massive pollution crisis we’re facing. Without strong regulations, companies will keep producing cheap, wasteful materials, and the environment will continue to suffer—especially our oceans and wildlife. A government-led ban ensures that everyone, from big corporations to small businesses, must adapt and innovate, leading to better, reusable alternatives. It’s not about restricting freedom, but about protecting our shared future. The real cost isn’t in eliminating plastic—it’s in continuing to ignore the damage we’re already causing.",causal_reasoning,stakeholder_responsibility,"Therefore, a total ban by the government is necessary because individual efforts alone cannot solve a widespread environmental problem.",causal_reasoning_stakeholder_responsibility,"I should analyze who bears responsibility—whether government, individuals, corporations, or other institutions. ",Therefore,conditional,risk_and_unintended_consequences,"If we don’t act decisively, the harm to wildlife, oceans, and landfills will only grow, and we risk reaching irreversible tipping points in ecosystems.",conditional_risk_and_unintended_consequences,"I should identify risks, unintended outcomes, cascading effects, and potential for escalation. ",If,conditional,feasibility_and_implementation,"If the government enforces a total ban, it can create a level playing field for businesses and push innovation toward truly sustainable alternatives.",conditional_feasibility_and_implementation,I should evaluate whether the proposal can actually be implemented and enforced effectively. ,If,baseline,663,232,3.576291804965988e-05
3,0.0,,,synthesis_restructured,random,4,20260206_123303,1.2956936359405518,"Single-use plastics are a major source of pollution that harms wildlife, contaminates ecosystems, and persists in the environment for hundreds of years. While it may seem inconvenient to give up plastic bags or straws, the long-term benefits to our planet and public health far outweigh the short-term discomfort. We’ve seen how delayed action on other environmental hazards—like lead in gasoline or tobacco—led to widespread harm, and we must not repeat those mistakes. A government-enforced ban is a necessary step to protect the environment for future generations. This isn’t about restricting freedom; it’s about ensuring a safer, cleaner world for everyone. The evidence is clear: the planet cannot afford to wait any longer.",emphasis_and_evaluation,precedent_and_long_term_effects,"Importantly, the long-term environmental damage caused by plastic pollution—especially in oceans and soil—outweighs the short-term convenience of single-use plastics. We’re already seeing devastating impacts on marine life and ecosystems, and without intervention, these problems will only grow worse.",emphasis_and_evaluation_precedent_and_long_term_effects,"I should evaluate historical precedents, long-term vs short-term tradeoffs, and obligations to future generations. ",Importantly,causal_reasoning,rights_and_liberties,"Therefore, a government ban on single-use plastics is not an infringement on personal freedom—it’s a collective responsibility to protect our shared environment for future generations.",causal_reasoning_rights_and_liberties,"I should consider inalienable human rights, civil liberties, privacy protections, and the freedom to make one's own choices. ",Therefore,conditional,precedent_and_long_term_effects,"If we had delayed action on smoking or leaded gasoline, the consequences would have been far more severe. Similarly, acting now to ban single-use plastics prevents irreversible harm to our planet.",conditional_precedent_and_long_term_effects,"I should evaluate historical precedents, long-term vs short-term tradeoffs, and obligations to future generations. ",If,baseline,730,267,3.3790827882625186e-05
6,0.0,,,synthesis_restructured,random,1,20260206_123303,1.4893569946289062,"The government should enforce a total ban on single-use plastics because they cause severe and lasting harm to the environment, especially marine ecosystems. As an ordinary person, I see plastic waste polluting our beaches and harming animals, and I believe the government has a responsibility to protect public health and natural resources. While some may worry about inconvenience or economic impact, safer and more sustainable alternatives already exist and are becoming more affordable. A ban would encourage innovation, reduce long-term environmental costs, and promote a cleaner, healthier future for everyone. Ultimately, protecting the planet is not just an option—it’s a shared moral duty that requires decisive action from those in power.",concession_and_contrast,ethical_principles,"However, the rules or virtues that regulate our actions are not uniform across all ethical theories. For example, in deontology, the focus is on duty and adherence to rules, while in virtue ethics, the emphasis is on cultivating good character traits. This variation suggests that ethical principles are not absolute but depend on the framework used.",concession_and_contrast_ethical_principles,"I should evaluate actions based on moral rules, character virtues, relationships, and ethical obligations. ",However,exemplification,stakeholder_responsibility,"For example, in a utilitarian framework, the government has a duty to maximize well-being, which may involve regulating harmful practices like single-use plastics. In contrast, libertarian perspectives emphasize individual freedom and may resist such mandates, placing responsibility on personal choice rather than state intervention.",exemplification_stakeholder_responsibility,"I should analyze who bears responsibility—whether government, individuals, corporations, or other institutions. ",For example,causal_reasoning,cost_benefit_and_impact_analysis,"Therefore, the argument for or against government mandates must consider empirical evidence, such as environmental damage from plastic waste, economic costs of alternatives, and the effectiveness of past policies. For instance, studies show that plastic pollution harms marine life and ecosystems, justifying regulatory action.",causal_reasoning_cost_benefit_and_impact_analysis,"I should quantify and compare costs, benefits, and real-world impacts across economic, social, and environmental dimensions. ",Therefore,baseline,748,281,3.2748034690094356e-05
424650,2.585680497795376,,,synthesis_restructured,targeted,3,20260206_122715,1.1224040985107422,"Single-use plastics pollute our oceans, harm wildlife, and can even enter our food chain, posing serious risks to human health. A total government ban is a responsible and necessary step to protect the environment and future generations. Many places around the world have already implemented similar bans with success—proving it's not only possible but practical. These bans have led to cleaner streets, less waste in landfills, and increased public awareness about sustainable choices. While some may find it slightly inconvenient at first, the long-term benefits to our planet and health far outweigh short-term discomfort. Ultimately, this ban is about making a fairer, safer world for everyone, not just for today but for the future.",evidence_and_authority,justice_and_fairness,"Evidence shows that single-use plastics harm ecosystems, wildlife, and human health, making a ban a necessary step toward environmental justice and public safety.",evidence_and_authority_justice_and_fairness,"I should analyze whether outcomes, processes, and distributions are fair to all parties involved. ",Evidence shows that,evidence_and_authority,feasibility_and_implementation,"Evidence shows that many countries and cities have successfully implemented plastic bans, proving that such policies are practical and enforceable with proper planning and public education.",evidence_and_authority_feasibility_and_implementation,I should evaluate whether the proposal can actually be implemented and enforced effectively. ,Evidence shows that,exemplification,cost_benefit_and_impact_analysis,"For example, banning plastic bags has led to reduced litter, lower cleanup costs, and increased consumer awareness—benefits that outweigh the minor inconvenience to individuals.",exemplification_cost_benefit_and_impact_analysis,"I should quantify and compare costs, benefits, and real-world impacts across economic, social, and environmental dimensions. ",For example,targeted,737,56,2.9526241068958237e-05
49,0.0,,,synthesis_restructured,random,1,20260206_123303,1.3934345245361328,"Single-use plastics are causing irreversible harm to our planet and our health, with plastic waste polluting oceans, endangering wildlife, and even entering our food supply. While some may argue that alternatives aren’t perfect yet, the cost of not acting—like worsening pollution and higher healthcare burdens—is far too high. A government-enforced ban ensures everyone, from small businesses to large corporations, shares the responsibility of protecting the environment. It’s not about perfection but about making a necessary and urgent change. By acting now, we can prevent long-term damage and create a cleaner, safer future for all. This ban isn’t just logical—it’s fair and essential.",addition_and_elaboration,risk_and_unintended_consequences,"Moreover, the environmental damage caused by single-use plastics is already evident—oceans are choked with plastic waste, wildlife is harmed, and microplastics are entering our food chain. Even if some argue that alternatives are not yet perfect, the long-term cost of inaction far outweighs the short-term inconvenience of a ban.",addition_and_elaboration_risk_and_unintended_consequences,"I should identify risks, unintended outcomes, cascading effects, and potential for escalation. ",Moreover,evidence_and_authority,incentives_and_power_dynamics,"Evidence shows that plastic pollution affects everyone, not just the wealthy or environmentally conscious. A ban would level the playing field by ensuring that all businesses and individuals contribute fairly to solving the problem, rather than letting corporations externalize the cost of waste.",evidence_and_authority_incentives_and_power_dynamics,"I should examine what behaviors are encouraged, who holds power, and how interests align or conflict. ",Evidence shows that,conclusion_and_summary,justice_and_fairness,"In conclusion, a total ban on single-use plastics is not only necessary but also just—because it protects public health, reduces environmental harm, and shifts responsibility from future generations to the current one.",conclusion_and_summary_justice_and_fairness,"I should analyze whether outcomes, processes, and distributions are fair to all parties involved. ",In conclusion,baseline,691,245,2.850116460689018e-05
11,0.0,,,synthesis_restructured,random,0,20260206_123303,1.255023717880249,"A total ban on single-use plastics is essential because these items are a leading cause of environmental damage, polluting oceans, harming animals, and contributing to long-term climate issues. While some may worry about inconvenience, the shift is manageable—reusable alternatives are widely available and increasingly affordable. The government has a duty to protect public health and the planet, and a ban ensures that everyone shares the responsibility fairly. By taking strong action now, we prevent irreversible harm and set a standard for sustainable living. It’s not about restricting freedom, but about making responsible choices for our shared future. Ultimately, this ban empowers communities to build cleaner, healthier environments for all.",emphasis_and_evaluation,incentives_and_power_dynamics,"Importantly, a total ban on single-use plastics is a necessary and practical step to protect the environment, especially since these materials are a major source of pollution that harms wildlife, contaminates ecosystems, and contribute to climate change.",emphasis_and_evaluation_incentives_and_power_dynamics,"I should examine what behaviors are encouraged, who holds power, and how interests align or conflict. ",Importantly,conclusion_and_summary,rights_and_liberties,"In conclusion, the government has a responsibility to act in the public interest, and a ban on single-use plastics is a fair and reasonable measure that protects future generations, even if it requires minor adjustments in daily habits.",conclusion_and_summary_rights_and_liberties,"I should consider inalienable human rights, civil liberties, privacy protections, and the freedom to make one's own choices. ",In conclusion,sequence_and_transition,stakeholder_responsibility,"Next, the burden of change shouldn’t fall solely on individuals; governments must lead by setting clear rules, and a total ban ensures accountability and consistency across all sectors.",sequence_and_transition_stakeholder_responsibility,"I should analyze who bears responsibility—whether government, individuals, corporations, or other institutions. ",Next,baseline,753,285,2.733108462343478e-05
125650,2.6349812774237993,,,synthesis_restructured,targeted,0,20260206_122715,1.1723918914794922,"Single-use plastics are a major source of pollution that harms wildlife, clogs waterways, and contributes to climate change. A total ban would drastically reduce this damage, making our environment cleaner and safer for everyone. Many places around the world have already shown that banning single-use plastics works—when people adapt, alternatives like paper or reusable containers become common and affordable. Yes, there might be a small upfront cost, but the long-term benefits—less trash in landfills, healthier oceans, and lower cleanup bills—far outweigh any inconvenience. As someone who just wants clean neighborhoods and a healthier planet, I believe the government should take strong action now to protect our future.",conditional,justice_and_fairness,"If single-use plastics are banned, then environmental damage from plastic waste will decrease significantly, leading to cleaner oceans, healthier wildlife, and reduced pollution in communities.",conditional_justice_and_fairness,"I should analyze whether outcomes, processes, and distributions are fair to all parties involved. ",If,exemplification,feasibility_and_implementation,"For example, many countries have already implemented partial bans and seen success in reducing plastic pollution, proving that a total ban is feasible with proper infrastructure and public support.",exemplification_feasibility_and_implementation,I should evaluate whether the proposal can actually be implemented and enforced effectively. ,For example,exemplification,cost_benefit_and_impact_analysis,"For example, while plastic alternatives may cost a bit more initially, the long-term savings from reduced cleanup efforts, healthcare costs linked to pollution, and environmental degradation make the ban economically sensible.",exemplification_cost_benefit_and_impact_analysis,"I should quantify and compare costs, benefits, and real-world impacts across economic, social, and environmental dimensions. ",For example,targeted,728,49,2.7189053047078984e-05
32,0.0,,,synthesis_restructured,random,1,20260206_123303,1.1444590091705322,"Single-use plastics are a major source of pollution that harms wildlife, contaminates water supplies, and contributes to climate change. While it might seem inconvenient to ban these products, the long-term damage to ecosystems and human health far outweighs the temporary discomfort of change. Most people don’t produce plastic waste intentionally—they’re just using what’s available, and alternatives exist. The real responsibility lies with governments to lead by example and enforce policies that protect public health and the planet. Without strong regulations, companies will continue prioritizing profit over sustainability. A total ban is not extreme—it’s a necessary step to stop the crisis before it worsens. We’ve waited long enough for action; now is the time to act decisively.",concession_and_contrast,ethical_principles,"However, I want to emphasize the broader environmental and societal stakes, particularly how single-use plastics harm ecosystems and human health.",concession_and_contrast_ethical_principles,"I should evaluate actions based on moral rules, character virtues, relationships, and ethical obligations. ",However,concession_and_contrast,stakeholder_responsibility,"However, since plastic pollution spreads globally and corporations profit from single-use products, it's unreasonable to expect individuals to solve this alone.",concession_and_contrast_stakeholder_responsibility,"I should analyze who bears responsibility—whether government, individuals, corporations, or other institutions. ",However,conclusion_and_summary,risk_and_unintended_consequences,"In conclusion, a total ban is necessary because incremental measures have failed, and the long-term harm to oceans, wildlife, and public health outweighs short-term convenience.",conclusion_and_summary_risk_and_unintended_consequences,"I should identify risks, unintended outcomes, cascading effects, and potential for escalation. ",In conclusion,baseline,790,324,2.4169487927010405e-05
42,0.0,,,synthesis_restructured,random,0,20260206_123303,1.1168782711029053,"A total ban on single-use plastics is the right moral choice because we have a duty to protect the planet and future generations from lasting environmental damage. These materials harm wildlife, pollute oceans, and contribute to climate change—problems that grow worse over time and are difficult to reverse. While individuals can do their part, real progress requires strong government action to hold corporations accountable and ensure widespread compliance. Without a ban, plastic waste will continue to accumulate, overwhelming recycling systems and harming communities. The government has a responsibility to act decisively, not just suggest changes. A ban is not extreme—it's a necessary step toward a healthier, more sustainable future for everyone.",emphasis_and_evaluation,ethical_principles,"Importantly, a total ban on single-use plastics is ethically justified because it reflects a moral responsibility to protect the environment and future generations from irreversible harm.",emphasis_and_evaluation_ethical_principles,"I should evaluate actions based on moral rules, character virtues, relationships, and ethical obligations. ",Importantly,evidence_and_authority,risk_and_unintended_consequences,"Evidence shows that single-use plastics pollute ecosystems, endanger wildlife, and contribute to long-term climate change—risks that are both severe and irreversible if left unaddressed.",evidence_and_authority_risk_and_unintended_consequences,"I should identify risks, unintended outcomes, cascading effects, and potential for escalation. ",Evidence shows that,concession_and_contrast,stakeholder_responsibility,"However, while individuals can reduce plastic use, systemic change requires government intervention to enforce standards that companies and consumers cannot achieve alone.",concession_and_contrast_stakeholder_responsibility,"I should analyze who bears responsibility—whether government, individuals, corporations, or other institutions. ",However,baseline,756,293,2.0966001586728682e-05
15,0.0,,,synthesis_restructured,random,3,20260206_123303,1.2613048553466797,"The government should enforce a total ban on single-use plastics because it’s a necessary step to protect our environment and future generations. These plastics pollute our oceans, harm wildlife, and take hundreds of years to break down, which is unsustainable. While individuals use plastic products, the real power to drive change lies with the government, which can regulate industries and set standards that prevent harm at scale. A ban is not just about convenience—it’s about fairness, ensuring that we don’t sacrifice the planet for short-term human comfort. It’s also a moral duty to leave behind a cleaner, healthier world for those who come after us. With better alternatives already available, there’s no excuse for continuing a practice that damages ecosystems and public health.",clarification_and_specification,justice_and_fairness,"In other words, we need to consider if the benefits and burdens of the policy are distributed fairly across society, especially to vulnerable groups. Fairness requires that no group bears disproportionate costs or risks without receiving commensurate benefits.",clarification_and_specification_justice_and_fairness,"I should analyze whether outcomes, processes, and distributions are fair to all parties involved. ",In other words,conditional,ethical_principles,"If we value our responsibility to protect future generations and the environment, then banning single-use plastics is a morally responsible action that reflects care and stewardship for the planet.",conditional_ethical_principles,"I should evaluate actions based on moral rules, character virtues, relationships, and ethical obligations. ",If,clarification_and_specification,stakeholder_responsibility,"In other words, while individuals use plastics, the responsibility for systemic change lies primarily with the government to regulate harmful products and protect public and environmental health.",clarification_and_specification_stakeholder_responsibility,"I should analyze who bears responsibility—whether government, individuals, corporations, or other institutions. ",In other words,baseline,791,325,2.0886257179768902e-05
11,0.0,,,synthesis_restructured,random,1,20260206_123303,1.359571933746338,"A total ban on single-use plastics is a necessary and responsible step to protect our environment and public health. Plastic pollution harms wildlife, contaminates our water, and contributes to climate change—problems that affect every community. While some may worry about inconvenience, the real cost is already being paid by our planet and future generations. The government has a duty to act, not just to encourage change but to enforce it, so that sustainable choices become the default. Without strong policies, progress will be too slow and uneven. This ban isn’t about restricting freedom—it’s about protecting the shared resources we all depend on. Ultimately, a cleaner, safer world starts with bold decisions, and a ban on single-use plastics is one of the most effective steps we can take.",emphasis_and_evaluation,incentives_and_power_dynamics,"Importantly, a government ban on single-use plastics can be a responsible and necessary step toward protecting the environment, even if it's not perfect. It's not about being flawless—it's about taking meaningful action that reduces harm.",emphasis_and_evaluation_incentives_and_power_dynamics,"I should examine what behaviors are encouraged, who holds power, and how interests align or conflict. ",Importantly,conclusion_and_summary,rights_and_liberties,"In conclusion, a total ban on single-use plastics is a justified measure because it protects our shared environment, reduces pollution, and safeguards public health—values that matter to everyone, not just experts.",conclusion_and_summary_rights_and_liberties,"I should consider inalienable human rights, civil liberties, privacy protections, and the freedom to make one's own choices. ",In conclusion,sequence_and_transition,stakeholder_responsibility,"Next, it's crucial to recognize that while individuals can make changes, the scale of plastic pollution demands systemic action. The government has a duty to lead by creating rules that make sustainable choices easier for everyone.",sequence_and_transition_stakeholder_responsibility,"I should analyze who bears responsibility—whether government, individuals, corporations, or other institutions. ",Next,baseline,801,334,2.034104902078229e-05
1,0.0,,,synthesis_restructured,random,3,20260206_123303,1.3945341110229492,"Personal freedom is a cornerstone of a healthy society, and government mandates that restrict everyday choices—like using single-use plastics—undermine individual autonomy without justifiable cause. While environmental concerns are valid, many alternatives to plastics, such as paper bags or bioplastics, actually have higher environmental costs in terms of energy use, water consumption, and greenhouse gas emissions. A total ban ignores the real-world trade-offs and disproportionately affects low-income people who depend on affordable, convenient options. Rather than imposing top-down mandates, governments should focus on education, incentives, and targeted policies that empower individuals to make sustainable choices. Enacting sweeping bans without public input or scientific consensus sets a dangerous precedent for overreach in governance. Ultimately, lasting change comes from informed personal decisions, not forced legislation.",conditional,rights_and_liberties,"If we grant that individuals have a fundamental right to make personal choices about their lifestyles, then government mandates that restrict such choices—like banning single-use plastics—undermine personal autonomy.",conditional_rights_and_liberties,"I should consider inalienable human rights, civil liberties, privacy protections, and the freedom to make one's own choices. ",If,emphasis_and_evaluation,cost_benefit_and_impact_analysis,"Importantly, many so-called ""eco-friendly"" alternatives to single-use plastics, such as paper or bioplastics, often require more energy and resources to produce, leading to greater carbon emissions and environmental harm over their lifecycle.",emphasis_and_evaluation_cost_benefit_and_impact_analysis,"I should quantify and compare costs, benefits, and real-world impacts across economic, social, and environmental dimensions. ",Importantly,conclusion_and_summary,governance_and_accountability,"In conclusion, a blanket government ban on single-use plastics is an overreach of state power that bypasses democratic consultation, fails to account for nuanced trade-offs, and disproportionately burdens low-income individuals who rely on affordable, convenient products.",conclusion_and_summary_governance_and_accountability,"I should consider legal frameworks, accountability mechanisms, democratic principles, and proper authority. ",In conclusion,baseline,941,429,1.8756597632595214e-05
22,0.0,,,synthesis_restructured,random,3,20260206_123303,1.1264581680297852,"The government should enforce a total ban on single-use plastics because it’s our moral duty to protect the planet for future generations. If the government fails to act, it abdicates its responsibility to safeguard public health and the environment, placing an unfair burden on ordinary citizens. Such a ban would drastically reduce plastic pollution, prevent harm to animals and ecosystems, and ultimately save billions in long-term cleanup and health-related expenses. While some may worry about inconvenience, reusable alternatives are widely available and more sustainable. The environmental and social benefits far outweigh temporary discomfort. A government that prioritizes long-term well-being over short-term convenience is fulfilling its ethical obligation. Therefore, a total ban is both necessary and just.",exemplification,ethical_principles,"For example, the government should ban single-use plastics because it is a moral obligation to protect the environment for future generations.",exemplification_ethical_principles,"I should evaluate actions based on moral rules, character virtues, relationships, and ethical obligations. ",For example,conditional,stakeholder_responsibility,"If the government doesn't take action, it fails its responsibility to protect public health and the environment, leaving individuals to bear the burden of a crisis they didn't create.",conditional_stakeholder_responsibility,"I should analyze who bears responsibility—whether government, individuals, corporations, or other institutions. ",If,causal_reasoning,cost_benefit_and_impact_analysis,"Therefore, banning single-use plastics would significantly reduce pollution, protect wildlife, and save money in long-term cleanup and health costs.",causal_reasoning_cost_benefit_and_impact_analysis,"I should quantify and compare costs, benefits, and real-world impacts across economic, social, and environmental dimensions. ",Therefore,baseline,819,353,1.8275775254511033e-05
464744,2.5765896353659272,,,synthesis_restructured,targeted,0,20260206_122715,1.0006215572357178,"Single-use plastics are a major contributor to environmental pollution, clogging waterways and harming wildlife. A total ban would significantly reduce this damage and promote the use of reusable, eco-friendly alternatives. Many places around the world have already successfully implemented such bans, showing that they are not only possible but also effective. With proper planning and public support, governments can enforce these rules to protect both nature and public health. It’s time to take decisive action before the damage becomes irreversible. A ban on single-use plastics is a responsible and necessary step for a cleaner, safer future.",evidence_and_authority,feasibility_and_implementation,"Evidence shows that single-use plastics contribute significantly to pollution and harm wildlife, making a total ban both practical and necessary for long-term environmental health.",evidence_and_authority_feasibility_and_implementation,I should evaluate whether the proposal can actually be implemented and enforced effectively. ,Evidence shows that,evidence_and_authority,incentives_and_power_dynamics,"Evidence shows that single-use plastics are a major source of pollution in oceans and landfills, and a ban would reduce environmental harm and encourage sustainable alternatives.",evidence_and_authority_incentives_and_power_dynamics,"I should examine what behaviors are encouraged, who holds power, and how interests align or conflict. ",Evidence shows that,evidence_and_authority,governance_and_accountability,"Evidence shows that many countries and cities have already implemented similar bans with positive results, proving that such policies are feasible and effective in real-world settings.",evidence_and_authority_governance_and_accountability,"I should consider legal frameworks, accountability mechanisms, democratic principles, and proper authority. ",Evidence shows that,targeted,648,8,1.8091630937868632e-05
15,0.0,,,synthesis_restructured,random,4,20260206_123303,1.1332464218139648,"The government should enforce a total ban on single-use plastics because it’s the most effective way to protect our environment and public health. These plastics pollute oceans, harm wildlife, and can even enter our food chain, putting everyone at risk. While some may argue that bans are too strict, the truth is that individual choices alone won’t solve such a widespread problem—systemic change is needed. The government has a responsibility to act in the public interest, especially when it comes to long-term environmental threats. A ban sends a clear message that sustainability matters and encourages innovation in eco-friendly alternatives. Ultimately, protecting the planet isn’t just an option—it’s our shared duty to future generations.",clarification_and_specification,justice_and_fairness,"In other words, a total ban on single-use plastics would make our environment healthier and safer for all people, especially future generations.",clarification_and_specification_justice_and_fairness,"I should analyze whether outcomes, processes, and distributions are fair to all parties involved. ",In other words,conditional,ethical_principles,"If we care about protecting the planet and being responsible stewards of our natural resources, then banning single-use plastics is a moral imperative.",conditional_ethical_principles,"I should evaluate actions based on moral rules, character virtues, relationships, and ethical obligations. ",If,clarification_and_specification,stakeholder_responsibility,"In other words, the government has a duty to lead by setting clear rules and protecting public health, rather than leaving it to individuals to make choices that are often difficult or impossible.",clarification_and_specification_stakeholder_responsibility,"I should analyze who bears responsibility—whether government, individuals, corporations, or other institutions. ",In other words,baseline,747,279,1.6200847258313862e-05
11,0.0,,,synthesis_restructured,random,4,20260206_123303,1.5605123043060305,"As an average person, I believe the government should ban single-use plastics because most of us don’t have the time, knowledge, or money to make sustainable choices every day. When the government enforces a ban, it makes eco-friendly options the default, which helps everyone—not just those who can afford to be green. It’s not about taking away freedom; it’s about protecting our planet and public health from a problem that’s already harming us. The real responsibility lies with big corporations that profit from plastic waste, not with ordinary citizens. By stepping in, the government can correct this imbalance and ensure that those who cause the pollution are held accountable. This ban isn’t about control—it’s about fairness and long-term survival. We can’t keep waiting for individuals to fix what systemic change can solve.",emphasis_and_evaluation,incentives_and_power_dynamics,"Importantly, most people don’t have the resources or time to make sustainable choices on their own—like researching eco-friendly alternatives or sorting waste properly. When the government steps in with a ban, it levels the playing field by making sustainable options the default, not the privilege of the few.",emphasis_and_evaluation_incentives_and_power_dynamics,"I should examine what behaviors are encouraged, who holds power, and how interests align or conflict. ",Importantly,conclusion_and_summary,rights_and_liberties,"In conclusion, the freedom to choose single-use plastics is not a fundamental right—it’s a convenience that comes at a high cost to our planet and public health. A government ban is not an infringement on liberty, but a necessary protection of shared resources and future generations.",conclusion_and_summary_rights_and_liberties,"I should consider inalienable human rights, civil liberties, privacy protections, and the freedom to make one's own choices. ",In conclusion,sequence_and_transition,stakeholder_responsibility,"Next, corporations profit from single-use plastics, and they’ve spent decades lobbying against change. It’s unfair to expect everyday people to fix a problem created by industry. The government must step in to correct this imbalance and hold those most responsible accountable.",sequence_and_transition_stakeholder_responsibility,"I should analyze who bears responsibility—whether government, individuals, corporations, or other institutions. ",Next,baseline,835,366,1.605408395350601e-05
45,0.0,,,synthesis_restructured,random,0,20260206_123303,1.1132209300994873,"The government should enforce a total ban on single-use plastics because individuals alone can't fix a problem this big. While we can all try to reduce plastic use, systemic change requires strong rules that apply to everyone. Right now, plastic pollution is destroying oceans and killing animals—this harm is too great to ignore. Without government action, companies will keep making these products because they're cheap to produce and easy to sell. A ban would push innovation toward safer, reusable alternatives and protect the environment for future generations. Ultimately, it’s not just about convenience—it’s about responsibility to the planet and to each other.",concession_and_contrast,stakeholder_responsibility,"However, the fact remains that individuals alone cannot solve a systemic problem like plastic pollution. While personal habits matter, real change requires coordinated, enforceable policies that shift entire systems.",concession_and_contrast_stakeholder_responsibility,"I should analyze who bears responsibility—whether government, individuals, corporations, or other institutions. ",However,addition_and_elaboration,justice_and_fairness,"Moreover, a total ban on single-use plastics would prevent widespread environmental harm, especially to marine life and ecosystems, which are already suffering from plastic waste.",addition_and_elaboration_justice_and_fairness,"I should analyze whether outcomes, processes, and distributions are fair to all parties involved. ",Moreover,conditional,incentives_and_power_dynamics,"If the government doesn’t act, corporations will continue producing cheap, disposable plastics because it’s cheaper and more profitable for them—putting profit over the planet.",conditional_incentives_and_power_dynamics,"I should examine what behaviors are encouraged, who holds power, and how interests align or conflict. ",If,baseline,669,234,1.551059382023881e-05
465656,2.5763442987045755,,,synthesis_restructured,targeted,2,20260206_122715,1.0612361431121826,"Single-use plastics are a major source of pollution, clogging oceans and harming animals like sea turtles and birds that mistake them for food. I’ve seen videos and news stories showing animals suffering from plastic waste, and it’s heartbreaking to think we could prevent this. Other countries like Rwanda and Kenya have already banned single-use plastics and have cleaner cities and healthier ecosystems as a result. A government-enforced ban would push companies to develop better alternatives and help protect the planet for future generations. This isn’t about restricting freedom—it’s about responsibility. If we act now, we can leave a cleaner, safer world behind.",evidence_and_authority,feasibility_and_implementation,"Evidence shows that single-use plastics contribute significantly to environmental pollution, especially in oceans and landfills, where they persist for centuries and harm wildlife.",evidence_and_authority_feasibility_and_implementation,I should evaluate whether the proposal can actually be implemented and enforced effectively. ,Evidence shows that,exemplification,feasibility_and_implementation,"For example, I’ve seen news reports about sea turtles and birds getting tangled in plastic bags or ingesting plastic pieces, which leads to injury or death—this kind of harm is preventable.",exemplification_feasibility_and_implementation,I should evaluate whether the proposal can actually be implemented and enforced effectively. ,For example,exemplification,feasibility_and_implementation,"For example, countries like Rwanda and Kenya have successfully banned single-use plastics and seen major improvements in cleanliness and environmental health.",exemplification_feasibility_and_implementation,I should evaluate whether the proposal can actually be implemented and enforced effectively. ,For example,targeted,671,18,1.5119301474104643e-05
22,0.0,,,synthesis_restructured,random,0,20260206_123303,1.008617877960205,"The government should enforce a total ban on single-use plastics because it's morally wrong to continue polluting the planet and endangering wildlife and human health. Even if individuals want to do the right thing, they often lack access to reusable alternatives or proper recycling options—so it’s the government’s responsibility to create fair and effective solutions. A total ban would drastically reduce plastic waste, protect ecosystems, and prevent long-term environmental damage, all while encouraging innovation in sustainable materials. It’s not just about convenience—it’s about protecting future generations and doing what’s right for the planet and public well-being.",exemplification,ethical_principles,"For example, it is morally wrong to harm others through pollution, and plastic waste significantly harms the environment and people.",exemplification_ethical_principles,"I should evaluate actions based on moral rules, character virtues, relationships, and ethical obligations. ",For example,conditional,stakeholder_responsibility,"If individuals can't be expected to act responsibly due to lack of infrastructure or access, then the government has a duty to step in and enforce rules.",conditional_stakeholder_responsibility,"I should analyze who bears responsibility—whether government, individuals, corporations, or other institutions. ",If,causal_reasoning,cost_benefit_and_impact_analysis,"Therefore, a total ban on single-use plastics would prevent massive pollution, protect wildlife, and reduce long-term public health risks.",causal_reasoning_cost_benefit_and_impact_analysis,"I should quantify and compare costs, benefits, and real-world impacts across economic, social, and environmental dimensions. ",Therefore,baseline,680,238,1.4803798579590327e-05
8,0.0,,,synthesis_restructured,random,3,20260206_123303,1.0665974617004397,"Single-use plastics are a major source of pollution that harms wildlife, clogs landfills, and contaminates our oceans. While individuals can try to reduce their plastic use, lasting change requires strong government action, and a total ban would hold producers accountable and eliminate the root of the problem. Without a government mandate, plastic alternatives may not be adopted quickly or consistently, leaving the environment vulnerable. A ban is a necessary step toward protecting our planet for future generations. Even if it feels inconvenient at first, the long-term benefits far outweigh the short-term adjustments. We deserve cleaner cities, healthier oceans, and a sustainable future—this ban is a crucial part of achieving that.",emphasis_and_evaluation,incentives_and_power_dynamics,"Importantly, plastic pollution is a growing threat to our environment, and banning single-use plastics is a clear and direct way to reduce it.",emphasis_and_evaluation_incentives_and_power_dynamics,"I should examine what behaviors are encouraged, who holds power, and how interests align or conflict. ",Importantly,evidence_and_authority,incentives_and_power_dynamics,"Evidence shows that single-use plastics often end up in oceans and landfills, harming wildlife and contaminating ecosystems.",evidence_and_authority_incentives_and_power_dynamics,"I should examine what behaviors are encouraged, who holds power, and how interests align or conflict. ",Evidence shows that,sequence_and_transition,stakeholder_responsibility,"Next, while consumers can make choices, systemic change requires government action, and a ban would shift responsibility to the producers and policymakers who create the problem.",sequence_and_transition_stakeholder_responsibility,"I should analyze who bears responsibility—whether government, individuals, corporations, or other institutions. ",Next,baseline,741,277,1.416954515614095e-05
16,0.0,,,synthesis_restructured,random,4,20260206_123303,1.0239057540893557,"Governments have a duty to protect public health and the environment, and banning single-use plastics is a necessary step to prevent widespread ecological damage. These plastics pollute oceans, harm animals, and persist in ecosystems for centuries, causing long-term harm that affects us all. A total ban would push companies to develop and use sustainable alternatives, reducing waste and promoting innovation. It also ensures fairness by holding all industries accountable, rather than allowing some to profit from pollution while others suffer the consequences. As a regular person, I believe we all deserve clean air, water, and a safer planet—this ban is a clear, effective way to achieve that.",evidence_and_authority,governance_and_accountability,Evidence shows that governments have the authority and responsibility to regulate harmful substances and practices for public and environmental well-being.,evidence_and_authority_governance_and_accountability,"I should consider legal frameworks, accountability mechanisms, democratic principles, and proper authority. ",Evidence shows that,evidence_and_authority,justice_and_fairness,"Evidence shows that single-use plastics are a major source of pollution, harming wildlife, contaminating ecosystems, and contributing to long-term environmental degradation.",evidence_and_authority_justice_and_fairness,"I should analyze whether outcomes, processes, and distributions are fair to all parties involved. ",Evidence shows that,sequence_and_transition,incentives_and_power_dynamics,"Next, a total ban on single-use plastics would encourage innovation in sustainable alternatives and empower consumers and businesses to adopt eco-friendly habits.",sequence_and_transition_incentives_and_power_dynamics,"I should examine what behaviors are encouraged, who holds power, and how interests align or conflict. ",Next,baseline,699,250,1.3348960529106165e-05
12,0.0,,,synthesis_restructured,random,2,20260206_123303,1.2442386150360107,"The government should enforce a total ban on single-use plastics because it is a necessary step to protect the environment and ensure a sustainable future for all. While some may worry about personal inconvenience, the long-term benefits to our health, wildlife, and ecosystems far outweigh temporary adjustments in daily habits. As a collective responsibility, we must prioritize the well-being of the planet and future generations over short-term convenience. The government, as a representative of the people, has a duty to act on issues that affect everyone, especially when the science clearly shows the harm caused by plastic pollution. A ban is not an overreach—it’s a reasonable and necessary measure to uphold our shared environmental and moral obligations. By taking this decisive action, we demonstrate leadership and commitment to a cleaner, safer world. Ultimately, this ban is not about restricting freedom, but about preserving it for all.",conclusion_and_summary,ethical_principles,"In conclusion, the best ethical action is to enforce a total ban on single-use plastics because it protects the environment and promotes long-term sustainability for future generations.",conclusion_and_summary_ethical_principles,"I should evaluate actions based on moral rules, character virtues, relationships, and ethical obligations. ",In conclusion,sequence_and_transition,rights_and_liberties,"Next, I should examine how the ban affects individual freedoms and whether the benefits outweigh any personal inconveniences.",sequence_and_transition_rights_and_liberties,"I should consider inalienable human rights, civil liberties, privacy protections, and the freedom to make one's own choices. ",Next,addition_and_elaboration,governance_and_accountability,"Moreover, the government has a clear responsibility to act in the public interest, especially when protecting shared resources like clean air and water.",addition_and_elaboration_governance_and_accountability,"I should consider legal frameworks, accountability mechanisms, democratic principles, and proper authority. ",Moreover,baseline,954,433,1.0964709746545307e-05
12,0.0,,,synthesis_restructured,random,4,20260206_123303,1.3232793807983398,"A total ban on single-use plastics is the right choice because it reflects our moral duty to protect the planet for future generations. While we value personal freedom, the environmental damage caused by plastic pollution affects everyone—especially those who can’t speak for themselves, like future children and ecosystems. Governments have a responsibility to act in the public interest, and banning single-use plastics is a clear, fair, and necessary step to protect our health, environment, and shared resources. This policy promotes sustainability, reduces waste, and encourages innovation in eco-friendly alternatives. Rather than limiting freedom, it empowers people to live in a cleaner, safer world. Ultimately, protecting our planet is not a restriction—it’s a commitment to justice and responsibility.",conclusion_and_summary,ethical_principles,"In conclusion, a total ban on single-use plastics is ethically justified as it reflects a responsibility to protect the environment and future generations, aligning with the virtue of stewardship and a commitment to sustainable living.",conclusion_and_summary_ethical_principles,"I should evaluate actions based on moral rules, character virtues, relationships, and ethical obligations. ",In conclusion,sequence_and_transition,rights_and_liberties,"Next, while individual freedoms are important, they should not override collective well-being—especially when the harm caused by single-use plastics affects everyone, including future populations who have no voice in current policy.",sequence_and_transition_rights_and_liberties,"I should consider inalienable human rights, civil liberties, privacy protections, and the freedom to make one's own choices. ",Next,addition_and_elaboration,governance_and_accountability,"Moreover, government has a duty to regulate harmful practices for the public good; a ban on single-use plastics is a proportionate and necessary measure to enforce environmental accountability and uphold democratic principles of protecting the common good.",addition_and_elaboration_governance_and_accountability,"I should consider legal frameworks, accountability mechanisms, democratic principles, and proper authority. ",Moreover,baseline,812,345,1.0414669999549982e-05
28,0.0,,,synthesis_restructured,random,4,20260206_123303,1.252011775970459,"We should enforce a total ban on single-use plastics because they cause lasting damage to our oceans, wildlife, and even human health. Just like we banned leaded gasoline and CFCs to protect public health and the environment, a ban on single-use plastics is a responsible step we can take now to safeguard the planet for future generations. Yes, it might require some changes in our daily habits, but the long-term benefits—cleaner cities, healthier ecosystems, and reduced pollution—far outweigh temporary inconvenience. The cost of inaction is far greater than the effort of change. We all have a shared responsibility to protect the environment, and a total ban is a clear, effective way to do that. It’s not just about convenience—it’s about making a real difference for the world we live in.",clarification_and_specification,precedent_and_long_term_effects,"In other words, the ongoing harm from single-use plastics to our environment and health makes a total ban not just reasonable but necessary.",clarification_and_specification_precedent_and_long_term_effects,"I should evaluate historical precedents, long-term vs short-term tradeoffs, and obligations to future generations. ",In other words,addition_and_elaboration,precedent_and_long_term_effects,"Moreover, banning single-use plastics is a practical step we can take now to protect our planet for future generations—just like we banned leaded gasoline and CFCs in the past.",addition_and_elaboration_precedent_and_long_term_effects,"I should evaluate historical precedents, long-term vs short-term tradeoffs, and obligations to future generations. ",Moreover,causal_reasoning,justice_and_fairness,"Therefore, while some inconvenience may come from switching to alternatives, it's fair to expect a shift in behavior to protect the environment we all share.",causal_reasoning_justice_and_fairness,"I should analyze whether outcomes, processes, and distributions are fair to all parties involved. ",Therefore,baseline,796,330,9.737256955977505e-06
6,0.0,,,synthesis_restructured,random,3,20260206_123303,1.2308471202850342,"As an average person concerned about the planet and future generations, I believe the government should enforce a total ban on single-use plastics. While we all share a responsibility to care for the environment, the real burden falls on individuals who don’t have the power to change large-scale production systems. Big corporations produce the vast majority of these plastics, and without government intervention, they will continue prioritizing profit over planetary health. A total ban would push innovation toward sustainable alternatives, reduce pollution in our oceans and cities, and protect wildlife from harm. This isn’t about restricting freedom—it’s about protecting public health and the environment from preventable damage. With the right support and education, communities can adapt easily to reusable and biodegradable options. So, this ban isn’t just practical—it’s a moral necessity.",concession_and_contrast,ethical_principles,"However, we should also consider the practical realities of our lives and the impact of our choices on others and the environment.",concession_and_contrast_ethical_principles,"I should evaluate actions based on moral rules, character virtues, relationships, and ethical obligations. ",However,exemplification,stakeholder_responsibility,"For example, while individuals may have some responsibility, large corporations producing and distributing most single-use plastics are the primary culprits and need to be held accountable.",exemplification_stakeholder_responsibility,"I should analyze who bears responsibility—whether government, individuals, corporations, or other institutions. ",For example,causal_reasoning,cost_benefit_and_impact_analysis,"Therefore, a government-enforced ban on single-use plastics is necessary to create systemic change, reduce pollution, and protect ecosystems from long-term harm.",causal_reasoning_cost_benefit_and_impact_analysis,"I should quantify and compare costs, benefits, and real-world impacts across economic, social, and environmental dimensions. ",Therefore,baseline,901,413,9.146362277049947e-06
12,0.0,,,synthesis_restructured,random,3,20260206_123303,1.37738037109375,"A total ban on single-use plastics is the right choice because it protects our planet and future generations from irreversible environmental damage. While some may worry about personal convenience, the ban doesn’t restrict freedom—it simply promotes smarter, more responsible habits that benefit everyone. The government has a duty to safeguard public health and natural resources, and the overwhelming evidence shows that single-use plastics pollute oceans, harm wildlife, and persist for centuries. This ban is a fair and necessary step within the government’s legal and moral authority to protect the common good. We don’t need to sacrifice personal freedom to do what’s right for the planet. Every small change, like refusing a plastic bag, adds up to a massive positive impact. Ultimately, this ban reflects our shared responsibility to care for the Earth we all depend on.",conclusion_and_summary,ethical_principles,"In conclusion, enforcing a total ban on single-use plastics is morally right because it protects the environment, prevents harm to wildlife, and fulfills our ethical duty to future generations.",conclusion_and_summary_ethical_principles,"I should evaluate actions based on moral rules, character virtues, relationships, and ethical obligations. ",In conclusion,sequence_and_transition,rights_and_liberties,"Next, I should assess whether the ban infringes on individual freedoms or rights. The ban on single-use plastics does not restrict fundamental rights; it merely encourages more sustainable choices, which aligns with responsible citizenship.",sequence_and_transition_rights_and_liberties,"I should consider inalienable human rights, civil liberties, privacy protections, and the freedom to make one's own choices. ",Next,addition_and_elaboration,governance_and_accountability,"Moreover, governments have a responsibility to enforce laws that protect public health and the environment, especially when the evidence shows that single-use plastics cause long-term harm—this ban is a legitimate exercise of lawful authority.",addition_and_elaboration_governance_and_accountability,"I should consider legal frameworks, accountability mechanisms, democratic principles, and proper authority. ",Moreover,baseline,878,402,8.176101107768961e-06
26,0.0,,,synthesis_restructured,random,4,20260206_123303,1.1415705680847168,"We all have a responsibility to protect the planet for future generations, and the harm caused by single-use plastics is simply too great to ignore. These items pollute our oceans, kill marine life, and break down into toxic microplastics that enter our food and water. While some may argue it’s a personal choice, the environmental damage they create affects everyone, not just the individual. The government has a role in safeguarding public health and the environment, especially when private choices lead to collective harm. A total ban on single-use plastics is a necessary and fair step to protect our planet and ensure a cleaner, healthier future for all. It’s not about restricting freedom—it’s about protecting the shared world we all depend on.",concession_and_contrast,rights_and_liberties,"However, the rights of individuals must be balanced against broader societal and environmental responsibilities, especially when their actions cause widespread harm.",concession_and_contrast_rights_and_liberties,"I should consider inalienable human rights, civil liberties, privacy protections, and the freedom to make one's own choices. ",However,causal_reasoning,ethical_principles,"Therefore, the government has a moral duty to protect the environment and public health, which are foundational to human well-being and future generations’ rights.",causal_reasoning_ethical_principles,"I should evaluate actions based on moral rules, character virtues, relationships, and ethical obligations. ",Therefore,evidence_and_authority,cost_benefit_and_impact_analysis,"Evidence shows that single-use plastics pollute oceans, harm wildlife, and contribute to climate change—costs that far outweigh the convenience they provide.",evidence_and_authority_cost_benefit_and_impact_analysis,"I should quantify and compare costs, benefits, and real-world impacts across economic, social, and environmental dimensions. ",Evidence shows that,baseline,754,288,7.812541743655299e-06
19,0.0,,,synthesis_restructured,random,4,20260206_123303,1.0297675132751465,"Single-use plastics are a major source of pollution, harming wildlife, clogging waterways, and contributing to climate change. While individuals can do their part, real progress requires a coordinated, large-scale effort that only governments can lead. A total ban would push industries to innovate and adopt sustainable alternatives, making eco-friendly options more accessible and affordable for everyone. It’s not about restricting freedom—it’s about protecting our shared environment and future. Without government action, progress will remain slow and uneven, leaving the planet to suffer. That’s why a ban is not just necessary, but responsible.",causal_reasoning,stakeholder_responsibility,"Therefore, individual efforts alone are not enough to address the massive environmental damage caused by single-use plastics, and government action is essential to create widespread change.",causal_reasoning_stakeholder_responsibility,"I should analyze who bears responsibility—whether government, individuals, corporations, or other institutions. ",Therefore,sequence_and_transition,feasibility_and_implementation,"Next, a government-enforced ban is practical because it can standardize alternatives and ensure compliance across industries, rather than relying on inconsistent public behavior.",sequence_and_transition_feasibility_and_implementation,I should evaluate whether the proposal can actually be implemented and enforced effectively. ,Next,causal_reasoning,rights_and_liberties,"Therefore, the freedom to choose products is outweighed by the greater good of protecting the planet and public health from plastic pollution.",causal_reasoning_rights_and_liberties,"I should consider inalienable human rights, civil liberties, privacy protections, and the freedom to make one's own choices. ",Therefore,baseline,651,226,7.62686717472404e-06
17,0.0,,,synthesis_restructured,random,0,20260206_123303,1.243034601211548,"The government should enforce a total ban on single-use plastics because it is a moral obligation to protect the planet and future generations. As a responsible government, it has a duty to safeguard public health and the environment, and banning these harmful materials is a clear step toward that goal. The widespread pollution caused by single-use plastics—especially in oceans and ecosystems—leads to irreversible damage, endangering wildlife and human communities. While some may worry about inconvenience, the long-term benefits far outweigh temporary challenges. A ban encourages innovation in sustainable alternatives and promotes responsible consumer habits. Ultimately, this action reflects a commitment to fairness, stewardship, and the well-being of all people, now and in the future.",causal_reasoning,ethical_principles,"Therefore, the government should enforce a total ban on single-use plastics because it is a morally responsible action that protects the environment and public health for future generations.",causal_reasoning_ethical_principles,"I should evaluate actions based on moral rules, character virtues, relationships, and ethical obligations. ",Therefore,addition_and_elaboration,governance_and_accountability,"Moreover, governments have a legal and ethical duty to protect citizens and natural resources, and a ban on single-use plastics is a necessary measure to ensure long-term environmental accountability and public well-being.",addition_and_elaboration_governance_and_accountability,"I should consider legal frameworks, accountability mechanisms, democratic principles, and proper authority. ",Moreover,emphasis_and_evaluation,risk_and_unintended_consequences,"Importantly, the continued use of single-use plastics leads to irreversible environmental damage, such as pollution in oceans and harm to wildlife, making a total ban essential to prevent cascading ecological and health crises.",emphasis_and_evaluation_risk_and_unintended_consequences,"I should identify risks, unintended outcomes, cascading effects, and potential for escalation. ",Importantly,baseline,796,329,6.7555999473648375e-06
36,0.0,,,synthesis_restructured,random,0,20260206_123303,1.1575121879577637,"Single-use plastics pollute our oceans, harm wildlife, and take hundreds of years to break down—this is a crisis we can no longer ignore. As someone concerned about the world we’re leaving for future generations, I believe we have a basic moral duty to stop poisoning our planet with waste we don’t need. A total government ban would be the most effective way to ensure everyone—companies, shops, and individuals—takes responsibility and stops relying on disposable plastics. Without strong, enforceable rules, progress will be slow and inconsistent. A ban sends a clear message: we value clean air, water, and land over convenience. It’s time to act boldly, not wait for voluntary changes that have failed so far. The government has a role in protecting public health and the environment—this is exactly where that role must step in.",sequence_and_transition,risk_and_unintended_consequences,"Next, I’ll highlight how single-use plastics contribute to environmental harm, particularly in ecosystems and wildlife.",sequence_and_transition_risk_and_unintended_consequences,"I should identify risks, unintended outcomes, cascading effects, and potential for escalation. ",Next,conditional,ethical_principles,"If we care about protecting nature and future generations, we have a moral responsibility to eliminate harmful waste.",conditional_ethical_principles,"I should evaluate actions based on moral rules, character virtues, relationships, and ethical obligations. ",If,concession_and_contrast,feasibility_and_implementation,"However, a government-enforced ban would create a clear, measurable standard that businesses and individuals can follow.",concession_and_contrast_feasibility_and_implementation,I should evaluate whether the proposal can actually be implemented and enforced effectively. ,However,baseline,834,363,6.421733645810743e-06
464655,2.4962779962987462,,,synthesis_restructured,targeted,4,20260206_122715,1.0445785522460938,"I believe the government should enforce a total ban on single-use plastics because these items are a major source of pollution that harms wildlife and contaminates our oceans. Even though some people worry about inconvenience, the long-term environmental damage from plastic waste far outweighs the short-term discomfort of change. A ban would push companies to develop better, eco-friendly alternatives, which could create new green jobs and reduce our reliance on fossil fuels. In the end, protecting our planet and public health is more important than the convenience of a few disposable items. This kind of bold action is necessary if we want to leave a cleaner, safer world for future generations.",evidence_and_authority,feasibility_and_implementation,"Evidence shows that plastic pollution is already harming ecosystems, especially marine life, and a total ban would help reduce this damage significantly.",evidence_and_authority_feasibility_and_implementation,I should evaluate whether the proposal can actually be implemented and enforced effectively. ,Evidence shows that,evidence_and_authority,feasibility_and_implementation,"Evidence shows that plastic pollution is already harming ecosystems, especially marine life, and a total ban would help reduce this damage significantly.",evidence_and_authority_feasibility_and_implementation,I should evaluate whether the proposal can actually be implemented and enforced effectively. ,Evidence shows that,exemplification,risk_and_unintended_consequences,"For example, banning single-use plastics can encourage innovation in alternative materials, like paper or biodegradable options, which could lead to long-term environmental benefits.",exemplification_risk_and_unintended_consequences,"I should identify risks, unintended outcomes, cascading effects, and potential for escalation. ",For example,targeted,702,34,6.041519039025502e-06
17,0.0,,,synthesis_restructured,random,2,20260206_123303,1.6812901496887207,"We should support a total ban on single-use plastics because the long-term harm they cause to our environment and health far outweighs the short-term convenience they provide. As individuals, we have a moral responsibility to protect the planet for future generations, and a government-imposed ban is a necessary step to ensure collective action. Without such a rule, we risk allowing companies and consumers to continue harmful practices under the illusion of personal freedom. Legal frameworks exist to guide us toward ethical choices, especially when individual actions have widespread consequences. The environmental damage caused by plastic pollution—such as ocean contamination and wildlife harm—is already severe and irreversible in many cases. By enacting a total ban, the government takes a firm stand on protecting our shared world, aligning policy with our deeper values of care, responsibility, and justice.",causal_reasoning,ethical_principles,"Therefore, we should not treat each individual case as an isolated moral event but rather as part of a larger moral framework. Each decision should be assessed in light of how it aligns with broader ethical principles, such as fairness, care, and responsibility. This ensures decisions are consistent and just, rather than arbitrary or inconsistent.",causal_reasoning_ethical_principles,"I should evaluate actions based on moral rules, character virtues, relationships, and ethical obligations. ",Therefore,addition_and_elaboration,governance_and_accountability,"Moreover, legal systems exist to codify and enforce ethical standards, ensuring that decisions are not left to individual whim but are grounded in collective values and due process. This framework allows for consistency and accountability, especially in matters of public welfare, such as environmental protection or social justice.",addition_and_elaboration_governance_and_accountability,"I should consider legal frameworks, accountability mechanisms, democratic principles, and proper authority. ",Moreover,emphasis_and_evaluation,risk_and_unintended_consequences,"Importantly, the risk of not acting—such as allowing environmental degradation or systemic injustice—can lead to far greater harm than the potential downsides of a well-considered rule. A total ban on single-use plastics, for instance, prevents irreversible damage to ecosystems, which in turn protects human health and future generations.",emphasis_and_evaluation_risk_and_unintended_consequences,"I should identify risks, unintended outcomes, cascading effects, and potential for escalation. ",Importantly,baseline,919,419,5.893002628381904e-06
13,0.0,,,synthesis_restructured,random,3,20260206_123303,1.0843427181243896,"The government should enforce a total ban on single-use plastics because they cause lasting harm to the environment and public health. These items don’t just disappear—they accumulate in landfills and oceans, poisoning wildlife and entering the food chain. While some may argue that disposables are convenient, the long-term damage to ecosystems and human well-being far surpasses any temporary benefit. A ban would push innovation toward safer, reusable alternatives and reduce pollution at the source. Since governments have a responsibility to protect citizens and the planet, taking decisive action now is both practical and necessary. Ultimately, choosing a ban reflects a basic commitment to sustainability and future generations.",exemplification,incentives_and_power_dynamics,"For example, the government has the authority to regulate public health and environmental safety, and single-use plastics pose clear dangers to both.",exemplification_incentives_and_power_dynamics,"I should examine what behaviors are encouraged, who holds power, and how interests align or conflict. ",For example,evidence_and_authority,cost_benefit_and_impact_analysis,"Evidence shows that single-use plastics pollute oceans, harm wildlife, and take hundreds of years to decompose—costs far outweigh any short-term convenience they provide.",evidence_and_authority_cost_benefit_and_impact_analysis,"I should quantify and compare costs, benefits, and real-world impacts across economic, social, and environmental dimensions. ",Evidence shows that,evidence_and_authority,ethical_principles,"Evidence shows that single-use plastics pollute oceans, harm wildlife, and take hundreds of years to decompose—costs far outweigh any short-term convenience they provide.",evidence_and_authority_ethical_principles,"I should evaluate actions based on moral rules, character virtues, relationships, and ethical obligations. ",Evidence shows that,baseline,736,271,5.8707806534544135e-06
18,0.0,,,synthesis_restructured,random,1,20260206_123303,1.08661150932312,"The government should enforce a total ban on single-use plastics because it is our moral duty to protect the environment for future generations. Continuing to allow these materials harms ecosystems, pollutes oceans, and endangers wildlife—actions that reflect poorly on our character as a responsible society. While individuals can make better choices, true change requires systemic action; only government mandates can ensure widespread compliance and meaningful reduction. A total ban sends a clear message that environmental protection takes precedence over convenience. It also drives innovation toward sustainable alternatives, benefiting both people and the planet. Ultimately, protecting the Earth is not optional—it’s an ethical obligation we all share.",causal_reasoning,ethical_principles,"Therefore, the government should enforce a total ban on single-use plastics because it is a moral obligation to protect the environment for future generations.",causal_reasoning_ethical_principles,"I should evaluate actions based on moral rules, character virtues, relationships, and ethical obligations. ",Therefore,conditional,ethical_principles,"If we continue to allow single-use plastics, we are failing in our duty to be responsible stewards of the planet, which reflects poorly on our character as a society.",conditional_ethical_principles,"I should evaluate actions based on moral rules, character virtues, relationships, and ethical obligations. ",If,addition_and_elaboration,stakeholder_responsibility,"Moreover, while individuals can reduce plastic use, systemic change requires government action; only a ban can ensure widespread compliance and meaningful impact.",addition_and_elaboration_stakeholder_responsibility,"I should analyze who bears responsibility—whether government, individuals, corporations, or other institutions. ",Moreover,baseline,761,297,5.664375319365098e-06
464744,2.5765896353659272,,,synthesis_restructured,targeted,2,20260206_122715,1.0697040557861328,"Single-use plastics are a major contributor to pollution, clogging waterways and harming wildlife, especially marine animals that mistake them for food. A government-enforced ban would drastically reduce this environmental damage and push industries to develop safer, reusable alternatives. Many people already support such measures, especially when they see the long-term benefits for the planet and public health. With proper planning and enforcement, bans are not only possible but necessary to protect ecosystems and future generations. The government has a responsibility to act in the public interest, and this is a clear case where strong policy can lead to lasting positive change.",evidence_and_authority,feasibility_and_implementation,Evidence shows that bans on single-use plastics can significantly reduce pollution and encourage innovation in sustainable alternatives. Countries like Canada and the EU have already seen measurable improvements in waste reduction after implementing similar bans.,evidence_and_authority_feasibility_and_implementation,I should evaluate whether the proposal can actually be implemented and enforced effectively. ,Evidence shows that,evidence_and_authority,incentives_and_power_dynamics,"Evidence shows that public support for banning single-use plastics is strong, especially when people understand how these items harm marine life and contribute to landfill waste.",evidence_and_authority_incentives_and_power_dynamics,"I should examine what behaviors are encouraged, who holds power, and how interests align or conflict. ",Evidence shows that,evidence_and_authority,governance_and_accountability,Evidence shows that government enforcement of such bans is not only legally feasible but also supported by environmental laws and public safety mandates that prioritize long-term ecological health.,evidence_and_authority_governance_and_accountability,"I should consider legal frameworks, accountability mechanisms, democratic principles, and proper authority. ",Evidence shows that,targeted,689,25,5.362563571116883e-06
36,0.0,,,synthesis_restructured,random,3,20260206_123303,1.2382867336273191,"Single-use plastics are a huge problem—they don’t break down, clog our oceans, choke wildlife, and end up in landfills for hundreds of years. If we truly care about protecting the environment and making sure our planet stays healthy for future generations, we need to act now, and a total ban is the most effective way to force that change. Yes, it might be tough at first, but banning these plastics pushes companies to create better, sustainable alternatives that actually work. We don’t have to wait for perfect solutions—we need bold action to stop the damage. This isn’t just about rules; it’s about doing what’s right for people and the planet. A ban sends a clear message: our environment matters more than convenience.",sequence_and_transition,risk_and_unintended_consequences,"Next, I’ll discuss how single-use plastics are a major source of pollution, especially in oceans and landfills, and how they don’t degrade easily, harming wildlife and ecosystems.",sequence_and_transition_risk_and_unintended_consequences,"I should identify risks, unintended outcomes, cascading effects, and potential for escalation. ",Next,conditional,ethical_principles,"If we care about protecting nature and future generations, it’s our responsibility to stop using materials that harm the planet and can’t be safely recycled.",conditional_ethical_principles,"I should evaluate actions based on moral rules, character virtues, relationships, and ethical obligations. ",If,concession_and_contrast,feasibility_and_implementation,"However, a total ban is a strong step, but it’s necessary because alternatives like paper or bioplastics can’t keep up with demand unless we push for systemic change.",concession_and_contrast_feasibility_and_implementation,I should evaluate whether the proposal can actually be implemented and enforced effectively. ,However,baseline,726,264,4.410593956402499e-06
15,0.0,,,synthesis_restructured,random,1,20260206_123303,1.148259162902832,"The government should enforce a total ban on single-use plastics because they cause lasting harm to our planet and future generations. As an average person, I see plastic waste everywhere—clogged rivers, polluted oceans, and trash on sidewalks—and it’s clear this isn’t just an environmental issue, but a threat to our health and quality of life. The government, as the protector of public welfare, has a duty to act where individuals and businesses can’t or won’t. A total ban is necessary because alternatives like reusable bags and containers are already available and more sustainable. Without strong policy, we’ll keep polluting, and the burden will fall heaviest on communities and future generations who didn’t create the problem. It’s time to prioritize the planet over convenience.",clarification_and_specification,justice_and_fairness,"In other words, a fair outcome is one that benefits everyone equally and is not skewed toward a particular group.",clarification_and_specification_justice_and_fairness,"I should analyze whether outcomes, processes, and distributions are fair to all parties involved. ",In other words,conditional,ethical_principles,"If something is universally wrong or harmful, like polluting the environment for future generations, then a moral rule would be to stop it regardless of convenience.",conditional_ethical_principles,"I should evaluate actions based on moral rules, character virtues, relationships, and ethical obligations. ",If,clarification_and_specification,stakeholder_responsibility,"In other words, the government has a responsibility to protect public health and the environment, which individual citizens are too small to do alone.",clarification_and_specification_stakeholder_responsibility,"I should analyze who bears responsibility—whether government, individuals, corporations, or other institutions. ",In other words,baseline,790,323,2.666660447155059e-06
20,0.0,,,synthesis_restructured,random,1,20260206_123303,1.3105847835540771,"We have a moral duty to protect the planet for future generations, and banning single-use plastics is a necessary step toward fulfilling that responsibility. Our right to clean air, water, and a safe environment is not just a privilege—it's a fundamental human right that must be protected. While some may worry about inconvenience, the environmental damage caused by plastic pollution—such as harming marine life and contaminating food chains—poses far greater risks to our health and survival. A total ban is not an overreach; it’s a practical and ethical response to a crisis that threatens the very foundations of life on Earth. By taking decisive action now, we prevent irreversible harm and set a standard of accountability for future decision-making. Ultimately, this ban reflects our commitment to stewardship, sustainability, and collective well-being.",concession_and_contrast,ethical_principles,"However, the pursuit of a total ban on single-use plastics is ethically justifiable because it reflects a moral responsibility to protect the environment for future generations.",concession_and_contrast_ethical_principles,"I should evaluate actions based on moral rules, character virtues, relationships, and ethical obligations. ",However,conditional,rights_and_liberties,"If our right to live in a healthy, clean, and sustainable environment is not inalienable, then no right truly is—so banning single-use plastics protects our most fundamental freedoms.",conditional_rights_and_liberties,"I should consider inalienable human rights, civil liberties, privacy protections, and the freedom to make one's own choices. ",If,causal_reasoning,risk_and_unintended_consequences,"Therefore, while there may be short-term inconveniences, the long-term environmental risks of continuing single-use plastic use—like ocean pollution and ecosystem collapse—far outweigh temporary disruptions.",causal_reasoning_risk_and_unintended_consequences,"I should identify risks, unintended outcomes, cascading effects, and potential for escalation. ",Therefore,baseline,861,386,2.1195858435375335e-06
4,0.0,,,synthesis_restructured,random,1,20260206_123303,1.032019853591919,"As an ordinary person who cares about the planet, I believe the government should ban single-use plastics because individual actions alone aren’t enough to fix a global problem. When businesses are allowed to keep using these materials, they pass the cost of pollution onto communities and future generations—this isn’t fair. A total ban is the only way to level the playing field and force companies to innovate with real eco-friendly alternatives. It also protects consumers by making sustainable choices simple and consistent, without confusing labels or patchwork rules. With strong government leadership, we can create lasting change that benefits everyone and helps heal the environment for future generations.",concession_and_contrast,stakeholder_responsibility,"However, since individuals alone cannot solve systemic environmental problems, the government must step in to enforce change through regulation.",concession_and_contrast_stakeholder_responsibility,"I should analyze who bears responsibility—whether government, individuals, corporations, or other institutions. ",However,causal_reasoning,justice_and_fairness,"Therefore, a government-enforced ban ensures fairness—by preventing large corporations from externalizing environmental costs onto communities and future generations.",causal_reasoning_justice_and_fairness,"I should analyze whether outcomes, processes, and distributions are fair to all parties involved. ",Therefore,addition_and_elaboration,incentives_and_power_dynamics,"Moreover, a total ban incentivizes innovation in sustainable alternatives, shifting industry practices and empowering consumers to make greener choices without confusion or inconsistency.",addition_and_elaboration_incentives_and_power_dynamics,"I should examine what behaviors are encouraged, who holds power, and how interests align or conflict. ",Moreover,baseline,716,258,2.0596502615382935e-06
10,0.0,,,synthesis_restructured,random,0,20260206_123303,1.1160309314727783,"A total ban on single-use plastics by the government goes too far in infringing on personal freedom. While plastic pollution is a serious issue, forcing people to give up everyday items like grocery bags or food containers ignores the fact that individuals should have the right to make their own choices about what they use. The real problem lies with large corporations that produce and profit from these items, not with ordinary citizens trying to live their lives. By placing the burden solely on individuals, the government avoids holding manufacturers accountable for their environmental impact. A more effective and fair approach would be to regulate producers and encourage innovation in sustainable alternatives, rather than penalizing consumers. This way, personal freedom is preserved while still addressing environmental concerns.",emphasis_and_evaluation,rights_and_liberties,"Importantly, such rights are essential to protect individuals from government overreach and ensure personal autonomy.",emphasis_and_evaluation_rights_and_liberties,"I should consider inalienable human rights, civil liberties, privacy protections, and the freedom to make one's own choices. ",Importantly,conditional,stakeholder_responsibility,"If the government forces individuals to make specific choices, it undermines personal responsibility and shifts accountability away from those who actually create the waste, such as large manufacturers.",conditional_stakeholder_responsibility,"I should analyze who bears responsibility—whether government, individuals, corporations, or other institutions. ",If,conditional,stakeholder_responsibility,"If the government forces individuals to make specific choices, it undermines personal responsibility and shifts accountability away from those who actually create the waste, such as large manufacturers.",conditional_stakeholder_responsibility,"I should analyze who bears responsibility—whether government, individuals, corporations, or other institutions. ",If,baseline,842,373,2.025639861589579e-06
32,0.0,,,synthesis_restructured,random,0,20260206_123303,1.294503927230835,"Even if we can't eliminate all plastic use overnight, it's wrong to keep allowing single-use plastics when we know they're poisoning our oceans, harming wildlife, and polluting our communities. The government has a duty to protect people and the planet, and it's the only entity with the power to make sweeping changes that individuals or companies alone can't achieve. While there may be temporary inconveniences, like finding alternatives or adjusting business practices, the long-term benefits—cleaner ecosystems, less pollution, and healthier people—are far more important. Without strict government action, we're stuck in a cycle of waste that future generations will have to clean up. A total ban is the most effective way to force innovation and ensure lasting change. So, even if it's tough at first, a ban is the right choice for our planet and our future.",concession_and_contrast,ethical_principles,"However, even if a total ban on single-use plastics is not feasible, it would be morally wrong to allow a practice that causes such widespread environmental harm.",concession_and_contrast_ethical_principles,"I should evaluate actions based on moral rules, character virtues, relationships, and ethical obligations. ",However,concession_and_contrast,stakeholder_responsibility,"However, the government has a clear responsibility to protect public welfare and the environment, and it is uniquely positioned to enforce large-scale change through regulation.",concession_and_contrast_stakeholder_responsibility,"I should analyze who bears responsibility—whether government, individuals, corporations, or other institutions. ",However,conclusion_and_summary,risk_and_unintended_consequences,"In conclusion, while a total ban may pose short-term challenges, the long-term environmental and health risks of inaction far outweigh the transitional difficulties.",conclusion_and_summary_risk_and_unintended_consequences,"I should identify risks, unintended outcomes, cascading effects, and potential for escalation. ",In conclusion,baseline,865,390,1.6156170723722694e-06
45,0.0,,,synthesis_restructured,random,1,20260206_123303,1.05356764793396,"The government should enforce a total ban on single-use plastics because it's the most effective way to address a crisis that individuals and businesses alone cannot solve. Without strong regulations, companies will keep producing cheap, disposable plastics for profit, while ordinary people are left with no real choice but to use them. A ban would level the playing field, protect the environment, and ensure that future generations inherit a cleaner, healthier planet. It’s not about restricting freedom—it’s about protecting everyone from harm. The government has a duty to act when the costs of inaction are too high for society to bear. A total ban is the only way to create lasting change and move toward a sustainable future.",concession_and_contrast,stakeholder_responsibility,"However, since single-use plastics are a systemic environmental problem, the government has both the authority and responsibility to lead comprehensive change.",concession_and_contrast_stakeholder_responsibility,"I should analyze who bears responsibility—whether government, individuals, corporations, or other institutions. ",However,addition_and_elaboration,justice_and_fairness,"Moreover, a total ban would prevent environmental damage that disproportionately harms vulnerable communities and future generations.",addition_and_elaboration_justice_and_fairness,"I should analyze whether outcomes, processes, and distributions are fair to all parties involved. ",Moreover,conditional,incentives_and_power_dynamics,"If the government doesn’t act, corporations will continue prioritizing profit over sustainability, leaving individuals to fend for themselves with limited alternatives.",conditional_incentives_and_power_dynamics,"I should examine what behaviors are encouraged, who holds power, and how interests align or conflict. ",If,baseline,733,268,1.4943107652388997e-06
4,0.0,,,synthesis_restructured,random,0,20260206_123303,1.1985914707183838,"As a regular person, I believe the government should enforce a total ban on single-use plastics because it’s unfair to expect individuals to fix a problem that’s caused by mass production and corporate convenience. The government has a responsibility to protect public health and the environment, and since we can’t all act alone, strong regulations are necessary. A ban would shift the burden from households to producers, forcing companies to innovate and create sustainable alternatives. This kind of policy ensures that decisions are made for the common good, not just short-term profit. Ultimately, a total ban is a fair and effective way to protect our planet and future generations.",concession_and_contrast,stakeholder_responsibility,"However, as a regular person, I believe the government has a duty to protect public health and the environment, and since individuals alone cannot solve large-scale pollution, it's logical for the government to step in and enforce a ban on single-use plastics.",concession_and_contrast_stakeholder_responsibility,"I should analyze who bears responsibility—whether government, individuals, corporations, or other institutions. ",However,causal_reasoning,justice_and_fairness,"Therefore, a total government ban would be fair because it places the burden on industries that produce these materials, rather than leaving the cleanup and health risks to ordinary citizens.",causal_reasoning_justice_and_fairness,"I should analyze whether outcomes, processes, and distributions are fair to all parties involved. ",Therefore,addition_and_elaboration,incentives_and_power_dynamics,"Moreover, when the government bans single-use plastics, it pushes companies to innovate and develop safer, reusable alternatives, which benefits everyone in the long run.",addition_and_elaboration_incentives_and_power_dynamics,"I should examine what behaviors are encouraged, who holds power, and how interests align or conflict. ",Moreover,baseline,689,243,1.3751514931822547e-06
11,0.0,,,synthesis_restructured,random,2,20260206_123303,1.4657690525054932,"Single-use plastics are a major threat to our environment, polluting oceans, harming wildlife, and contributing to climate change. As someone who cares about clean streets, safe drinking water, and the future of our planet, I believe the government must take decisive action. While we value personal freedom, it shouldn’t come at the cost of public health and ecological destruction. A total ban isn’t about controlling people—it’s about protecting us all from the long-term damage of plastic waste. Individuals are already doing their part, but lasting change requires rules from the top. The government has the power and responsibility to make sustainable living easier and more accessible for everyone. By banning single-use plastics, we can create a cleaner, safer world for future generations.",emphasis_and_evaluation,incentives_and_power_dynamics,"Importantly, single-use plastics create massive environmental harm, especially in oceans and landfills, where they persist for centuries. As a regular citizen concerned about clean water, wildlife, and a livable planet, I believe the government has a responsibility to protect public well-being by stopping the root cause of this pollution.",emphasis_and_evaluation_incentives_and_power_dynamics,"I should examine what behaviors are encouraged, who holds power, and how interests align or conflict. ",Importantly,conclusion_and_summary,rights_and_liberties,"In conclusion, while personal freedom matters, it should not override the collective right to a healthy environment. A total ban is not about restricting choice—it’s about prioritizing long-term survival over short-term convenience.",conclusion_and_summary_rights_and_liberties,"I should consider inalienable human rights, civil liberties, privacy protections, and the freedom to make one's own choices. ",In conclusion,sequence_and_transition,stakeholder_responsibility,"Next, it’s clear that individual actions alone won’t solve the problem—people are already trying to reduce plastic use, but without systemic change, progress remains slow. The government must lead by setting rules that make sustainable choices the default.",sequence_and_transition_stakeholder_responsibility,"I should analyze who bears responsibility—whether government, individuals, corporations, or other institutions. ",Next,baseline,798,333,1.2045808360150041e-06
43,0.0,,,synthesis_restructured,random,1,20260206_123303,1.3834640979766846,"The government should enforce a total ban on single-use plastics because without legal action, most people and businesses won’t change their habits, even if it’s for the planet. While some argue it’s inconvenient, the long-term benefits—like cleaner oceans, fewer landfills, and lower public health costs—far outweigh the short-term discomfort. We have a responsibility to protect the Earth for our children and grandchildren, and this ban is a clear, practical step toward that goal. A government mandate ensures fairness and consistency, so no one is left behind in the effort to save the environment. It’s not about restricting freedom—it’s about protecting our shared future. This isn't just an environmental issue; it’s a moral one. The time to act is now, and the government has both the power and duty to lead the way.",evidence_and_authority,governance_and_accountability,"Evidence shows that government enforcement is necessary to ensure widespread compliance and environmental protection. Without a legal mandate, individuals and businesses may not act responsibly, especially when it's inconvenient or costly.",evidence_and_authority_governance_and_accountability,"I should consider legal frameworks, accountability mechanisms, democratic principles, and proper authority. ",Evidence shows that,exemplification,cost_benefit_and_impact_analysis,"For example, while banning single-use plastics may seem expensive at first, the long-term savings from reduced pollution cleanup, less waste in landfills, and lower healthcare costs due to cleaner environments outweigh the initial investment.",exemplification_cost_benefit_and_impact_analysis,"I should quantify and compare costs, benefits, and real-world impacts across economic, social, and environmental dimensions. ",For example,conditional,ethical_principles,"If we care about protecting the planet for future generations, we have a moral responsibility to act decisively—especially when a simple policy change like a plastic ban can make a measurable difference.",conditional_ethical_principles,"I should evaluate actions based on moral rules, character virtues, relationships, and ethical obligations. ",If,baseline,825,357,9.97496373232045e-07
0,0.0,,,synthesis_restructured,random,2,20260206_123303,1.045814037322998,"The government should enforce a total ban on single-use plastics because the harm they cause to our environment and health is too great to ignore. While it might seem inconvenient at first, the long-term benefits—cleaner oceans, less pollution, and healthier ecosystems—make this a necessary step. Many countries have already successfully implemented such bans, showing that alternatives are available and practical. It's time we stop prioritizing short-term convenience over the well-being of our planet and future generations. A ban is not just a restriction—it's a responsible choice for a sustainable future.",clarification_and_specification,incentives_and_power_dynamics,"In other words, the government has a responsibility to protect public health and the environment, especially when individual actions alone aren't enough to curb widespread harm.",clarification_and_specification_incentives_and_power_dynamics,"I should examine what behaviors are encouraged, who holds power, and how interests align or conflict. ",In other words,concession_and_contrast,precedent_and_long_term_effects,"However, the long-term environmental damage caused by single-use plastics—like pollution in oceans and harm to wildlife—far outweighs the short-term convenience they provide.",concession_and_contrast_precedent_and_long_term_effects,"I should evaluate historical precedents, long-term vs short-term tradeoffs, and obligations to future generations. ",However,addition_and_elaboration,feasibility_and_implementation,"Moreover, a total ban is not only feasible but already proven in many countries, where alternatives like reusable bags and biodegradable packaging have become widely adopted.",addition_and_elaboration_feasibility_and_implementation,I should evaluate whether the proposal can actually be implemented and enforced effectively. ,Moreover,baseline,612,222,7.65988696091706e-07
3,0.0,,,synthesis_restructured,random,3,20260206_123303,0.9836599826812744,"Single-use plastics are a major contributor to pollution, harming wildlife and degrading ecosystems. While it may be inconvenient to give them up, the long-term environmental damage they cause far outweighs the short-term convenience. We have a responsibility to protect the planet for future generations, and a total ban is a necessary step toward that goal. The health of our oceans, forests, and air depends on decisive action now. Ultimately, safeguarding the environment is not just an environmental issue—it’s a moral obligation to those who will come after us.",emphasis_and_evaluation,precedent_and_long_term_effects,"Importantly, single-use plastics are a major source of pollution, harming ecosystems and wildlife, and a total ban would significantly reduce this damage over time.",emphasis_and_evaluation_precedent_and_long_term_effects,"I should evaluate historical precedents, long-term vs short-term tradeoffs, and obligations to future generations. ",Importantly,causal_reasoning,rights_and_liberties,"Therefore, while personal choice matters, the right to a clean and safe environment should take precedence over convenience in this case.",causal_reasoning_rights_and_liberties,"I should consider inalienable human rights, civil liberties, privacy protections, and the freedom to make one's own choices. ",Therefore,conditional,precedent_and_long_term_effects,"If we delay action, the environmental damage will worsen, and future generations will inherit a planet that is far more polluted and less habitable.",conditional_precedent_and_long_term_effects,"I should evaluate historical precedents, long-term vs short-term tradeoffs, and obligations to future generations. ",If,baseline,567,219,7.394061010073181e-07
3,0.0,,,synthesis_restructured,random,2,20260206_123303,1.1823580265045166,"Single-use plastics are a major source of pollution that harm wildlife, contaminate water supplies, and contribute to climate change. A total ban is necessary to protect the environment and ensure a healthier future for coming generations. While some may argue it limits personal freedom, the right to a clean and safe planet outweighs the convenience of disposable plastics. History shows that when societies act decisively—like banning CFCs to save the ozone layer—we can prevent irreversible damage. The long-term benefits of a plastic-free environment far outweigh the short-term inconvenience of change. This ban is not an overreach; it’s a responsible, forward-thinking step to protect our shared world.",emphasis_and_evaluation,precedent_and_long_term_effects,"Importantly, banning single-use plastics protects the environment and future generations, as these materials take hundreds of years to decompose and often end up polluting oceans and harming wildlife.",emphasis_and_evaluation_precedent_and_long_term_effects,"I should evaluate historical precedents, long-term vs short-term tradeoffs, and obligations to future generations. ",Importantly,causal_reasoning,rights_and_liberties,"Therefore, a total ban is justified because it safeguards our health, ecosystems, and the planet—rights that are more fundamental than convenience.",causal_reasoning_rights_and_liberties,"I should consider inalienable human rights, civil liberties, privacy protections, and the freedom to make one's own choices. ",Therefore,conditional,precedent_and_long_term_effects,"If we delay action, the damage to marine life and ecosystems will grow uncontrollably, and reversing it will become impossible—so acting now is a moral responsibility, not just a policy choice.",conditional_precedent_and_long_term_effects,"I should evaluate historical precedents, long-term vs short-term tradeoffs, and obligations to future generations. ",If,baseline,709,256,5.828853770957355e-07
43,0.0,,,synthesis_restructured,random,4,20260206_123303,1.090683937072754,"The government should enforce a total ban on single-use plastics because it’s a necessary step to protect our environment and public health. These plastics pollute oceans, harm wildlife, and take hundreds of years to decompose, so eliminating them now is critical. Cities that have already implemented bans have seen cleaner communities and stronger innovation in eco-friendly packaging. It’s not just practical—it’s morally right to stop harming the planet for short-term convenience. We owe it to future generations to act decisively and responsibly. A nationwide ban is the most effective way to ensure lasting change.",evidence_and_authority,governance_and_accountability,"Evidence shows that banning single-use plastics protects the environment, reduces pollution, and promotes sustainable alternatives, so the government should enforce a total ban to safeguard public health and ecosystems.",evidence_and_authority_governance_and_accountability,"I should consider legal frameworks, accountability mechanisms, democratic principles, and proper authority. ",Evidence shows that,exemplification,cost_benefit_and_impact_analysis,"For example, cities that have banned single-use plastics report cleaner streets, less marine pollution, and increased innovation in biodegradable packaging, proving that the ban is both feasible and beneficial.",exemplification_cost_benefit_and_impact_analysis,"I should quantify and compare costs, benefits, and real-world impacts across economic, social, and environmental dimensions. ",For example,conditional,ethical_principles,"If we care about our planet and future generations, we have a moral duty to eliminate harmful waste that harms wildlife, pollutes waterways, and contributes to climate change.",conditional_ethical_principles,"I should evaluate actions based on moral rules, character virtues, relationships, and ethical obligations. ",If,baseline,621,223,5.686337890914152e-07
18,0.0,,,synthesis_restructured,random,0,20260206_123303,1.1665852069854736,"We have a moral obligation to protect the environment and ensure a habitable planet for future generations, and allowing single-use plastics undermines that duty. These products pollute oceans, harm wildlife, and persist in ecosystems for centuries, which shows a lack of responsibility and care for the natural world. While individuals can reduce plastic use, meaningful change requires strong, enforceable policies—only a government-imposed ban can ensure widespread compliance and eliminate the problem at scale. Without such action, we risk worsening environmental crises that will burden future societies. Therefore, a total ban on single-use plastics is not only necessary but ethically required to uphold our responsibility to the planet and to each other.",causal_reasoning,ethical_principles,"Therefore, it is morally right to ban single-use plastics because they cause long-term environmental harm, and we have a duty to protect the planet for future generations.",causal_reasoning_ethical_principles,"I should evaluate actions based on moral rules, character virtues, relationships, and ethical obligations. ",Therefore,conditional,ethical_principles,"If we continue allowing single-use plastics, we are failing in our responsibility to care for nature and maintain a sustainable world, which reflects poorly on our character as a society.",conditional_ethical_principles,"I should evaluate actions based on moral rules, character virtues, relationships, and ethical obligations. ",If,addition_and_elaboration,stakeholder_responsibility,"Moreover, while individuals can make better choices, systemic change requires government action; only a total ban ensures consistent, enforceable standards across all sectors.",addition_and_elaboration_stakeholder_responsibility,"I should analyze who bears responsibility—whether government, individuals, corporations, or other institutions. ",Moreover,baseline,763,299,5.544126085401928e-07
23,0.0,,,synthesis_restructured,random,3,20260206_123303,1.3041808605194092,"The government should enforce a total ban on single-use plastics because it is both a moral and practical necessity. Protecting the environment and ensuring a healthy planet for future generations is a responsibility we all share, and banning these harmful materials is a clear step toward that goal. While individual choice matters, it should not come at the expense of widespread ecological destruction—our shared environment is too valuable to risk. Governments have a duty to act in the public interest, and this ban is a responsible, lawful action to safeguard natural resources and public health. Ultimately, this ban isn’t about restricting freedom—it’s about protecting the very foundation of our lives and well-being. By acting now, we uphold our ethical obligation to care for the planet and each other.",clarification_and_specification,ethical_principles,"In other words, the government should enforce a total ban on single-use plastics because it is the morally right thing to do—protecting our environment, future generations, and the planet’s fragile ecosystems.",clarification_and_specification_ethical_principles,"I should evaluate actions based on moral rules, character virtues, relationships, and ethical obligations. ",In other words,addition_and_elaboration,governance_and_accountability,"Moreover, governments have a responsibility to protect public welfare and the environment, making a ban a legitimate and necessary exercise of legal authority to prevent widespread ecological harm.",addition_and_elaboration_governance_and_accountability,"I should consider legal frameworks, accountability mechanisms, democratic principles, and proper authority. ",Moreover,clarification_and_specification,rights_and_liberties,"In other words, while personal freedom is important, it does not outweigh our collective responsibility to prevent irreversible environmental damage, and a ban does not infringe on fundamental rights—it protects them by ensuring a livable world for all.",clarification_and_specification_rights_and_liberties,"I should consider inalienable human rights, civil liberties, privacy protections, and the freedom to make one's own choices. ",In other words,baseline,813,347,4.831597077384905e-07
22,0.0,,,synthesis_restructured,random,4,20260206_123303,1.2293882369995115,"As an average person, I believe the government should enforce a total ban on single-use plastics because it's the right thing to do for the planet and future generations. These plastics pollute our oceans, harm wildlife, and take hundreds of years to break down, which is a serious moral obligation we owe to nature and each other. While some may worry about inconvenience, alternatives like reusable bags and containers are already accessible and more sustainable in the long run. The government has a responsibility to protect public health and the environment, and banning single-use plastics is a clear and necessary step toward that goal. It’s not just about convenience—it’s about doing what’s right, even when it’s hard. By taking strong action now, we can create lasting change and set a standard for responsible stewardship of our world.",exemplification,ethical_principles,"For example, if someone fails to act in accordance with the moral rule of not harming others, they violate a moral obligation, regardless of the consequences.",exemplification_ethical_principles,"I should evaluate actions based on moral rules, character virtues, relationships, and ethical obligations. ",For example,conditional,stakeholder_responsibility,"If a government chooses to pass laws that align with ethical principles like minimizing harm and protecting public welfare, it fulfills its ethical responsibility to its citizens.",conditional_stakeholder_responsibility,"I should analyze who bears responsibility—whether government, individuals, corporations, or other institutions. ",If,causal_reasoning,cost_benefit_and_impact_analysis,"Therefore, if banning single-use plastics significantly reduces environmental pollution and protects ecosystems, the societal benefits outweigh the costs of implementation.",causal_reasoning_cost_benefit_and_impact_analysis,"I should quantify and compare costs, benefits, and real-world impacts across economic, social, and environmental dimensions. ",Therefore,baseline,846,377,4.5568299522808747e-07
17,0.0,,,synthesis_restructured,random,3,20260206_123303,1.0541224479675293,"The government should enforce a total ban on single-use plastics because it is our moral obligation to protect the planet for future generations. While some may worry about inconvenience, the long-term environmental damage — including plastic-choked oceans and dying wildlife — far outweighs temporary discomfort. A government ban ensures fairness and consistency, holding everyone, from corporations to individuals, accountable. Voluntary efforts have failed to make meaningful progress, so strong action is necessary. By taking decisive steps now, we uphold our responsibility to the Earth and future life. This ban is not just practical — it’s the right thing to do.",causal_reasoning,ethical_principles,"Therefore, the government should enforce a total ban on single-use plastics because it is our ethical duty to protect the environment for future generations.",causal_reasoning_ethical_principles,"I should evaluate actions based on moral rules, character virtues, relationships, and ethical obligations. ",Therefore,addition_and_elaboration,governance_and_accountability,"Moreover, a government-enforced ban ensures consistent accountability and compliance across all sectors, preventing loopholes that voluntary efforts often create.",addition_and_elaboration_governance_and_accountability,"I should consider legal frameworks, accountability mechanisms, democratic principles, and proper authority. ",Moreover,emphasis_and_evaluation,risk_and_unintended_consequences,"Importantly, the environmental harm caused by single-use plastics — from polluted oceans to endangered wildlife — is already severe and irreversible in many cases, making inaction ethically unacceptable.",emphasis_and_evaluation_risk_and_unintended_consequences,"I should identify risks, unintended outcomes, cascading effects, and potential for escalation. ",Importantly,baseline,669,235,4.331773159481527e-07
37,0.0,,,synthesis_restructured,random,4,20260206_123303,1.1653025150299072,"Single-use plastics are a major threat to our environment and public health, polluting oceans, harming animals, and releasing toxic chemicals into our food and water. While it might be inconvenient at first, banning them entirely is a responsible step to protect the planet for future generations. The harm caused by these plastics far outweighs the temporary convenience they offer. By making the switch to reusable alternatives, we can reduce waste and build a cleaner, healthier society. It's time to prioritize the common good over corporate interests and personal habits that damage the world we all share. A total ban is not an overreach—it’s a necessary and overdue action.",conclusion_and_summary,rights_and_liberties,"In conclusion, enforcing a total ban on single-use plastics is a necessary step to protect our environment, public health, and future generations—despite any initial inconvenience or personal preference.",conclusion_and_summary_rights_and_liberties,"I should consider inalienable human rights, civil liberties, privacy protections, and the freedom to make one's own choices. ",In conclusion,evidence_and_authority,rights_and_liberties,"Evidence shows that single-use plastics are a major source of pollution, harming wildlife, contaminating water supplies, and contributing to climate change—issues that affect everyone, regardless of personal preference.",evidence_and_authority_rights_and_liberties,"I should consider inalienable human rights, civil liberties, privacy protections, and the freedom to make one's own choices. ",Evidence shows that,conditional,incentives_and_power_dynamics,"If we allow single-use plastics to remain widespread, we’re effectively prioritizing corporate profits and short-term convenience over the long-term well-being of our planet and communities.",conditional_incentives_and_power_dynamics,"I should examine what behaviors are encouraged, who holds power, and how interests align or conflict. ",If,baseline,680,239,4.2506596668038627e-07
36,0.0,,,synthesis_restructured,random,1,20260206_123303,1.1530959606170654,"Single-use plastics are a major source of pollution, clogging oceans, harming wildlife, and taking hundreds of years to break down. If we want to protect the environment and ensure a healthier planet for future generations, we must take strong, decisive action—and a total ban is the most effective way to do that. While some may worry about inconvenience, the real cost is already paid by nature and communities through plastic-filled rivers and beaches. We’ve tried recycling and public awareness campaigns, but they haven’t been enough; a government mandate is needed to change behavior at scale. Ultimately, protecting the planet isn’t just a choice—it’s a responsibility we owe to ourselves and to future people. A ban on single-use plastics is not extreme—it’s necessary.",sequence_and_transition,risk_and_unintended_consequences,"Next, I need to emphasize the environmental harm caused by single-use plastics and why a ban is the most effective way to address it.",sequence_and_transition_risk_and_unintended_consequences,"I should identify risks, unintended outcomes, cascading effects, and potential for escalation. ",Next,conditional,ethical_principles,"If we care about protecting nature and future generations, we have a moral duty to stop polluting our planet with products that don’t belong in ecosystems.",conditional_ethical_principles,"I should evaluate actions based on moral rules, character virtues, relationships, and ethical obligations. ",If,concession_and_contrast,feasibility_and_implementation,"However, a government-imposed ban is necessary because voluntary efforts alone have failed to significantly reduce plastic waste across communities.",concession_and_contrast_feasibility_and_implementation,I should evaluate whether the proposal can actually be implemented and enforced effectively. ,However,baseline,777,311,4.185110357126357e-07
1,0.0,,,synthesis_restructured,random,0,20260206_123303,1.327650785446167,"The government should not enforce a total ban on single-use plastics because it undermines personal freedom and choice. Everyday decisions, like using a plastic bag or a disposable water bottle, are small but meaningful acts of autonomy that shouldn’t be dictated by law. Moreover, such a ban could unfairly burden low-income families who depend on affordable, convenient options and may not have the means to switch to reusable alternatives. Rather than imposing top-down restrictions, solutions should focus on education, incentives, and innovation to encourage sustainable choices without removing personal agency. Ultimately, freedom to make one's own decisions—especially on everyday matters—is a fundamental part of living in a free society. A ban risks overreach, creating unintended hardships while failing to address the root causes of plastic waste. Real change comes from informed choices, not government mandates.",conditional,rights_and_liberties,"If the government bans single-use plastics, it would infringe on personal freedom by dictating how individuals can live their daily lives, such as choosing how to carry groceries or consume food.",conditional_rights_and_liberties,"I should consider inalienable human rights, civil liberties, privacy protections, and the freedom to make one's own choices. ",If,emphasis_and_evaluation,cost_benefit_and_impact_analysis,"Importantly, such a ban could disproportionately affect low-income communities who rely on affordable, convenient single-use items, while wealthier individuals can more easily afford reusable alternatives.",emphasis_and_evaluation_cost_benefit_and_impact_analysis,"I should quantify and compare costs, benefits, and real-world impacts across economic, social, and environmental dimensions. ",Importantly,conclusion_and_summary,governance_and_accountability,"In conclusion, while environmental concerns are valid, the decision to ban single-use plastics should rest with individuals and markets, not government mandates, to preserve personal autonomy and democratic choice.",conclusion_and_summary_governance_and_accountability,"I should consider legal frameworks, accountability mechanisms, democratic principles, and proper authority. ",In conclusion,baseline,925,422,2.0138087696755416e-07
10,0.0,,,synthesis_restructured,random,2,20260206_123303,1.2513740062713623,"The government should not enforce a total ban on single-use plastics because it infringes on personal freedom and individual choice. While plastic pollution is a serious environmental issue, it's not fair to force every citizen to give up convenient products they rely on daily. People should have the right to decide for themselves how to live, based on their needs and circumstances, rather than having decisions made for them by the government. Responsibility for environmental impact should be shared—not placed solely on individuals through strict bans. Instead, the government should focus on education, incentives for sustainable alternatives, and holding corporations accountable for plastic production. A balanced approach respects both environmental concerns and personal autonomy. Ultimately, freedom to choose is a cornerstone of a healthy society, and overreach in regulation undermines that principle.",emphasis_and_evaluation,rights_and_liberties,"Importantly, the right to make personal choices about one’s own life and habits is a fundamental aspect of individual freedom.",emphasis_and_evaluation_rights_and_liberties,"I should consider inalienable human rights, civil liberties, privacy protections, and the freedom to make one's own choices. ",Importantly,conditional,stakeholder_responsibility,"If the government imposes a total ban on single-use plastics, it oversteps the boundary of personal autonomy by dictating how individuals should live, even if the intention is well-meaning.",conditional_stakeholder_responsibility,"I should analyze who bears responsibility—whether government, individuals, corporations, or other institutions. ",If,conditional,stakeholder_responsibility,"If the government imposes a total ban on single-use plastics, it oversteps the boundary of personal autonomy by dictating how individuals should live, even if the intention is well-meaning.",conditional_stakeholder_responsibility,"I should analyze who bears responsibility—whether government, individuals, corporations, or other institutions. ",If,baseline,915,418,1.902664645537823e-07
1,0.0,,,synthesis_restructured,random,2,20260206_123303,1.1445531845092771,"A total ban on single-use plastics goes too far and violates personal freedom by forcing people to use alternatives they may not be able to access or afford. Many low-income individuals depend on these affordable, convenient items, and banning them could make daily life harder without offering real benefits to everyone. Rather than imposing a one-size-fits-all rule, the government should focus on education, incentives, and gradual transitions that respect individual choice. This approach would be more fair, practical, and in line with democratic values. A total ban undermines the principle that people should have the right to make their own decisions about what they use. Instead of restricting freedom, we should support sustainable choices through empowerment, not prohibition.",conditional,rights_and_liberties,"If the government bans all single-use plastics, it infringes on personal freedom by forcing individuals to use alternatives they may not prefer or be able to afford.",conditional_rights_and_liberties,"I should consider inalienable human rights, civil liberties, privacy protections, and the freedom to make one's own choices. ",If,emphasis_and_evaluation,cost_benefit_and_impact_analysis,"Importantly, such a ban could disproportionately affect low-income individuals who rely on affordable, accessible single-use items, making the policy socially unjust.",emphasis_and_evaluation_cost_benefit_and_impact_analysis,"I should quantify and compare costs, benefits, and real-world impacts across economic, social, and environmental dimensions. ",Importantly,conclusion_and_summary,governance_and_accountability,"In conclusion, a total ban on single-use plastics exceeds the government's proper role and undermines democratic decision-making by removing individual choice in favor of top-down mandates.",conclusion_and_summary_governance_and_accountability,"I should consider legal frameworks, accountability mechanisms, democratic principles, and proper authority. ",In conclusion,baseline,787,321,1.220158649371102e-07
18,0.0,,,synthesis_restructured,random,2,20260206_123303,1.0672852993011477,"We have a moral responsibility to protect the planet and preserve it for future generations. Single-use plastics cause severe environmental harm, polluting oceans, destroying habitats, and endangering wildlife. Relying on individual choices alone won’t fix this crisis—systemic change is needed. That’s why the government must enforce a total ban on single-use plastics to ensure real, lasting impact. Without strong regulations, industries will continue prioritizing profit over the planet, and people will keep relying on convenience over sustainability. A ban is not just practical; it's a necessary act of stewardship and responsibility. By taking bold action now, we fulfill our ethical duty to safeguard the Earth.",causal_reasoning,ethical_principles,"Therefore, we should ban single-use plastics, as they cause harm to the environment and future generations.",causal_reasoning_ethical_principles,"I should evaluate actions based on moral rules, character virtues, relationships, and ethical obligations. ",Therefore,conditional,ethical_principles,"If we have a duty to protect the Earth and its ecosystems, then allowing single-use plastics—known to pollute oceans and harm wildlife—violates that duty.",conditional_ethical_principles,"I should evaluate actions based on moral rules, character virtues, relationships, and ethical obligations. ",If,addition_and_elaboration,stakeholder_responsibility,"Moreover, individuals alone cannot solve this problem; systemic change through government enforcement is necessary to ensure widespread compliance and effectiveness.",addition_and_elaboration_stakeholder_responsibility,"I should analyze who bears responsibility—whether government, individuals, corporations, or other institutions. ",Moreover,baseline,720,261,1.0846863550790379e-07
37,0.0,,,synthesis_restructured,random,0,20260206_123303,1.4648730754852295,"The government should not enforce a total ban on single-use plastics because it infringes on individual freedom and personal choice. People should be able to decide for themselves what products to use based on convenience, cost, and accessibility, rather than having those choices dictated by top-down regulations. A ban could disproportionately affect low-income communities and small businesses that depend on affordable, single-use items. Instead of forcing change through prohibition, the government should focus on education, incentives, and promoting sustainable alternatives. This approach respects personal autonomy while still encouraging environmental responsibility. Ultimately, freedom of choice is a fundamental right, and it should not be sacrificed for the sake of policy mandates. A voluntary, informed transition is more ethical and effective than a sweeping ban.",conclusion_and_summary,rights_and_liberties,"In conclusion, while the idea of banning single-use plastics may seem restrictive, the right to make personal choices—such as how one disposes of everyday items—should be preserved. Government interference in such personal decisions undermines individual autonomy and the principle of personal freedom.",conclusion_and_summary_rights_and_liberties,"I should consider inalienable human rights, civil liberties, privacy protections, and the freedom to make one's own choices. ",In conclusion,evidence_and_authority,rights_and_liberties,"Evidence shows that people value their freedom to choose products that suit their lifestyles, and forcing a ban on single-use plastics removes that freedom without offering a clear, voluntary alternative. If individuals are given choices and education instead, they can make responsible decisions without government coercion.",evidence_and_authority_rights_and_liberties,"I should consider inalienable human rights, civil liberties, privacy protections, and the freedom to make one's own choices. ",Evidence shows that,conditional,incentives_and_power_dynamics,"If the government imposes a total ban, it may favor large corporations that can adapt to new regulations while disadvantaging small businesses and low-income communities who rely on cheap, convenient plastic products. This creates an unfair imbalance and reinforces systemic inequities.",conditional_incentives_and_power_dynamics,"I should examine what behaviors are encouraged, who holds power, and how interests align or conflict. ",If,baseline,880,403,1.0525821661174458e-07
8,0.0,,,synthesis_restructured,random,4,20260206_123303,1.6446993350982666,"Single-use plastics are a major source of pollution that harms wildlife, contaminates our oceans, and lingers in the environment for hundreds of years. As someone who cares about the planet and wants a cleaner, healthier world for future generations, I believe the government must take strong action by enforcing a total ban. Without such a ban, companies will keep producing these harmful materials because they’re cheap and convenient, even if they come at a huge environmental cost. A ban pushes innovation toward real alternatives—like compostable packaging and reusable products—making sustainable choices easier for everyone. It’s not about limiting freedom, but about protecting our shared environment. Government leadership is essential to create lasting change, especially when individual actions alone aren’t enough. A total ban is a necessary and responsible step for a healthier planet.",emphasis_and_evaluation,incentives_and_power_dynamics,"Importantly, single-use plastics are a major source of pollution that harms wildlife, contaminates waterways, and contributes to long-term environmental degradation. As a regular person concerned about the health of the planet and the well-being of future generations, I believe the government has a responsibility to step in and stop this damage before it becomes irreversible.",emphasis_and_evaluation_incentives_and_power_dynamics,"I should examine what behaviors are encouraged, who holds power, and how interests align or conflict. ",Importantly,evidence_and_authority,incentives_and_power_dynamics,Evidence shows that banning single-use plastics forces industries to innovate and develop sustainable alternatives—like biodegradable packaging and reusable containers—without relying on taxpayer-funded cleanups or long-term environmental repair. This shift benefits both consumers and the planet in the long run.,evidence_and_authority_incentives_and_power_dynamics,"I should examine what behaviors are encouraged, who holds power, and how interests align or conflict. ",Evidence shows that,sequence_and_transition,stakeholder_responsibility,"Next, while individuals can make small choices, systemic change requires government action. Without a total ban, companies will continue producing cheap, convenient plastics because they’re profitable, even if they’re harmful. A ban levels the playing field and ensures that everyone—rich and poor—shares the responsibility to protect the environment.",sequence_and_transition_stakeholder_responsibility,"I should analyze who bears responsibility—whether government, individuals, corporations, or other institutions. ",Next,baseline,898,410,9.038226590695443e-08
124650,2.5555926010414876,,,synthesis_restructured,targeted,4,20260206_122715,0.9510817527770996,"A total ban on single-use plastics is necessary to protect our environment and public health. These plastics pollute our oceans, harm wildlife, and take hundreds of years to break down. Many places around the world have already banned them successfully, showing that such a policy is both practical and effective. By eliminating single-use plastics, we reduce waste, lower cleanup costs, and prevent long-term damage to ecosystems. As someone who cares about clean neighborhoods and a healthy planet, I believe this ban is a simple but powerful step toward a safer future.",conditional,justice_and_fairness,"If the government enforces a total ban on single-use plastics, it would significantly reduce pollution and protect natural ecosystems.",conditional_justice_and_fairness,"I should analyze whether outcomes, processes, and distributions are fair to all parties involved. ",If,evidence_and_authority,feasibility_and_implementation,"Evidence shows that many countries and cities have successfully implemented plastic bans, proving that such a policy is feasible and effective in reducing plastic waste.",evidence_and_authority_feasibility_and_implementation,I should evaluate whether the proposal can actually be implemented and enforced effectively. ,Evidence shows that,exemplification,cost_benefit_and_impact_analysis,"For example, banning single-use plastics reduces the burden on waste management systems, lowers cleanup costs, and prevents harm to wildlife and marine life.",exemplification_cost_benefit_and_impact_analysis,"I should quantify and compare costs, benefits, and real-world impacts across economic, social, and environmental dimensions. ",For example,targeted,572,0,8.810974633561115e-08
32,0.0,,,synthesis_restructured,random,4,20260206_123303,1.2317743301391602,"We should support a government-enforced ban on single-use plastics because the harm they cause to our environment and health far outweighs the convenience they offer. While we might miss plastic bags or straws, those small comforts don’t justify the massive pollution problem that’s choking our oceans, harming wildlife, and even entering our food chain. The government has a responsibility to protect public well-being, and since individuals and companies can't be trusted to change on their own, strong rules are necessary. A ban would push innovation toward sustainable alternatives and show that we value the planet over short-term convenience. After all, we’re all in this together—our actions today will shape what kind of world we leave for future generations.",concession_and_contrast,ethical_principles,"However, the core concept of ""principle"" in moral philosophy involves prioritizing fairness, responsibility, and long-term consequences over convenience.",concession_and_contrast_ethical_principles,"I should evaluate actions based on moral rules, character virtues, relationships, and ethical obligations. ",However,concession_and_contrast,stakeholder_responsibility,"However, since single-use plastics are a systemic issue driven by industrial production and widespread consumer habits, individual actions alone cannot solve it; systemic change requires government intervention.",concession_and_contrast_stakeholder_responsibility,"I should analyze who bears responsibility—whether government, individuals, corporations, or other institutions. ",However,conclusion_and_summary,risk_and_unintended_consequences,"In conclusion, while banning single-use plastics may have short-term inconveniences, the long-term environmental damage from plastic pollution—especially in oceans and ecosystems—poses a far greater risk to human health and planetary stability.",conclusion_and_summary_risk_and_unintended_consequences,"I should identify risks, unintended outcomes, cascading effects, and potential for escalation. ",In conclusion,baseline,767,302,8.148620959141211e-08
12,0.0,,,synthesis_restructured,random,0,20260206_123303,1.1414456367492676,"I believe the government should enforce a total ban on single-use plastics because it's the right thing to do for our planet and future generations. These plastics pollute our oceans, harm wildlife, and can even enter our food chain, putting our health at risk. While some might worry about inconvenience, the long-term benefits to the environment and public health far outweigh temporary discomfort. The government has a responsibility to protect citizens and natural resources, and a ban is a clear, enforceable step toward that goal. After all, if we don’t act now, who will? It’s not just about rules—it’s about doing our part to leave a cleaner, safer world for everyone.",conclusion_and_summary,ethical_principles,"In conclusion, I believe that the government should enforce a total ban on single-use plastics because it is a responsible and ethical choice that protects both the environment and public health.",conclusion_and_summary_ethical_principles,"I should evaluate actions based on moral rules, character virtues, relationships, and ethical obligations. ",In conclusion,sequence_and_transition,rights_and_liberties,"Next, I believe that the government should enforce a total ban on single-use plastics because it is a necessary step to protect the environment and public health.",sequence_and_transition_rights_and_liberties,"I should consider inalienable human rights, civil liberties, privacy protections, and the freedom to make one's own choices. ",Next,addition_and_elaboration,governance_and_accountability,"Moreover, the government has a duty to uphold environmental protection laws and ensure accountability for pollution, especially when it affects future generations.",addition_and_elaboration_governance_and_accountability,"I should consider legal frameworks, accountability mechanisms, democratic principles, and proper authority. ",Moreover,baseline,676,237,7.685410699244828e-08
10,0.0,,,synthesis_restructured,random,1,20260206_123303,1.278364181518555,"The government should not enforce a total ban on single-use plastics because it infringes on personal freedom and places undue burden on individuals. As an average person, I believe we should have the right to choose what we use in our daily lives, including convenient packaging and containers. Instead of banning products outright, the focus should be on holding corporations accountable for their environmental impact and investing in sustainable alternatives. A ban may seem like a quick fix, but it ignores the complexity of supply chains and consumer habits. True progress comes from education, incentives, and innovation—not top-down restrictions. Ultimately, a balanced approach that empowers individuals and industries alike will lead to more lasting and fair change.",emphasis_and_evaluation,rights_and_liberties,"Importantly, personal freedom includes the right to make choices about what we consume and how we live, and government mandates that restrict everyday behaviors — such as banning specific materials — risk overreach into individual autonomy.",emphasis_and_evaluation_rights_and_liberties,"I should consider inalienable human rights, civil liberties, privacy protections, and the freedom to make one's own choices. ",Importantly,conditional,stakeholder_responsibility,"If we are to address environmental concerns, responsibility should be shared: corporations that produce single-use plastics, consumers who use them, and policymakers who regulate them, not placed solely on individuals through punitive bans.",conditional_stakeholder_responsibility,"I should analyze who bears responsibility—whether government, individuals, corporations, or other institutions. ",If,conditional,stakeholder_responsibility,"If we are to address environmental concerns, responsibility should be shared: corporations that produce single-use plastics, consumers who use them, and policymakers who regulate them, not placed solely on individuals through punitive bans.",conditional_stakeholder_responsibility,"I should analyze who bears responsibility—whether government, individuals, corporations, or other institutions. ",If,baseline,776,310,4.265397646715853e-08
37,0.0,,,synthesis_restructured,random,2,20260206_123303,0.8546299934387207,"The government should not enforce a total ban on single-use plastics because it infringes on individual freedoms and personal choice. People are capable of making responsible decisions about their consumption habits, and a ban undermines this autonomy. Such a policy sets a dangerous precedent, encouraging further government overreach into everyday life. While environmental concerns are valid, solutions should focus on education and incentives rather than outright prohibition. Ultimately, personal responsibility and informed choice are more sustainable than top-down mandates.",conclusion_and_summary,rights_and_liberties,"In conclusion, the government should not enforce a total ban on single-use plastics because it infringes on individual freedoms and personal choice.",conclusion_and_summary_rights_and_liberties,"I should consider inalienable human rights, civil liberties, privacy protections, and the freedom to make one's own choices. ",In conclusion,evidence_and_authority,rights_and_liberties,"Evidence shows that people are capable of making responsible decisions about their consumption habits, and a ban undermines this autonomy.",evidence_and_authority_rights_and_liberties,"I should consider inalienable human rights, civil liberties, privacy protections, and the freedom to make one's own choices. ",Evidence shows that,conditional,incentives_and_power_dynamics,"If the government bans single-use plastics, it sets a precedent for further restrictions on daily life, potentially leading to overreach.",conditional_incentives_and_power_dynamics,"I should examine what behaviors are encouraged, who holds power, and how interests align or conflict. ",If,baseline,581,220,2.829946790734692e-08
23,0.0,,,synthesis_restructured,random,0,20260206_123303,1.2539892196655271,"The government should enforce a total ban on single-use plastics because it is a moral imperative to protect the environment and prevent harm to both people and wildlife. As a society, we have a shared responsibility to safeguard natural resources and reduce pollution, and a ban is the most effective way to achieve this. While some may argue this limits personal freedom, the truth is that environmental protection enhances our long-term freedom—by ensuring clean air, safe water, and a stable climate. The government has a legal and ethical duty to act in the public interest, especially when it comes to issues that affect everyone's well-being. A ban is not an overreach but a necessary step toward sustainability and accountability. Ultimately, the freedom to live in a healthy world outweighs the convenience of disposable plastics.",clarification_and_specification,ethical_principles,"In other words, the best course of action is to follow the moral rule of not causing harm to others or the environment.",clarification_and_specification_ethical_principles,"I should evaluate actions based on moral rules, character virtues, relationships, and ethical obligations. ",In other words,addition_and_elaboration,governance_and_accountability,"Moreover, the government has a responsibility to uphold laws that protect public welfare and the environment, and a total ban on single-use plastics aligns with this duty.",addition_and_elaboration_governance_and_accountability,"I should consider legal frameworks, accountability mechanisms, democratic principles, and proper authority. ",Moreover,clarification_and_specification,rights_and_liberties,"In other words, protecting the environment and public health through a ban on single-use plastics does not infringe on personal freedoms—it preserves them by ensuring clean air, water, and a habitable planet for future generations.",clarification_and_specification_rights_and_liberties,"I should consider inalienable human rights, civil liberties, privacy protections, and the freedom to make one's own choices. ",In other words,baseline,839,370,2.7194690631597327e-08
